timestamp,ear,perclos,blink_rate,blink_duration,pitch,yaw,roll,mar,label
1779201951.052,0.2596,0.0000,0.00,250.0,3.11,18.96,-0.43,0.1640,0.1000
1779201951.116,0.2653,0.0000,0.00,250.0,2.82,18.85,-0.71,0.1631,0.1000
1779201951.150,0.2749,0.0000,0.00,250.0,2.16,20.19,-1.15,0.1630,0.1000
1779201951.183,0.2716,0.0000,0.00,250.0,2.49,21.64,-1.26,0.1643,0.1000
1779201951.217,0.2709,0.0000,0.00,250.0,2.48,21.72,-1.31,0.1660,0.1000
1779201951.250,0.2655,0.0000,0.00,250.0,2.31,21.51,-1.38,0.1647,0.1000
1779201951.283,0.2654,0.0000,0.00,250.0,2.27,21.07,-1.36,0.1638,0.1000
1779201951.317,0.2653,0.0000,0.00,250.0,2.27,21.26,-1.29,0.1655,0.1000
1779201951.350,0.2630,0.0000,0.00,250.0,2.14,20.95,-1.16,0.1640,0.1000
1779201951.383,0.2630,0.0000,0.00,250.0,2.26,21.03,-1.13,0.1660,0.1000
1779201951.417,0.2628,0.0000,0.00,250.0,1.83,21.31,-1.13,0.1743,0.1000
1779201951.450,0.2674,0.0000,0.00,250.0,2.19,21.18,-1.30,0.1655,0.1000
1779201951.484,0.2663,0.0000,0.00,250.0,2.21,21.23,-1.53,0.1657,0.1000
1779201951.517,0.2661,0.0000,0.00,250.0,2.27,21.15,-1.79,0.1633,0.1000
1779201951.550,0.2653,0.0000,0.00,250.0,2.47,21.51,-1.95,0.1722,0.1000
1779201951.583,0.2630,0.0000,0.00,250.0,2.43,21.82,-2.11,0.1768,0.1000
1779201951.617,0.2639,0.0000,0.00,250.0,2.36,21.18,-2.12,0.1744,0.1000
1779201951.650,0.2733,0.0000,0.00,250.0,2.57,20.92,-1.90,0.1789,0.1000
1779201951.684,0.2783,0.0000,0.00,250.0,3.08,20.52,-1.72,0.1732,0.1000
1779201951.717,0.2738,0.0000,0.00,250.0,3.15,20.21,-1.68,0.1678,0.1000
1779201951.751,0.2661,0.0000,0.00,250.0,3.45,19.69,-1.61,0.1640,0.1000
1779201951.784,0.2671,0.0000,0.00,250.0,3.49,18.73,-1.75,0.1657,0.1000
1779201951.817,0.2691,0.0000,0.00,250.0,3.56,18.59,-2.01,0.1660,0.1000
1779201951.851,0.2628,0.0000,0.00,250.0,3.33,18.37,-2.28,0.1644,0.1000
1779201951.884,0.2166,0.0000,0.00,250.0,2.68,17.96,-2.47,0.1669,0.1000
1779201951.917,0.1802,0.0385,0.00,250.0,2.52,18.04,-2.63,0.1679,0.1000
1779201951.951,0.1879,0.0370,0.00,250.0,2.55,18.08,-2.68,0.1655,0.1000
1779201951.984,0.2093,0.0357,0.00,250.0,2.93,17.81,-2.84,0.1683,0.1000
1779201952.018,0.2427,0.0345,0.00,250.0,3.37,17.03,-2.93,0.1623,0.1000
1779201952.051,0.2515,0.0333,0.00,250.0,3.36,15.70,-2.85,0.1550,0.1000
1779201952.084,0.2587,0.0323,0.00,250.0,3.49,14.55,-2.82,0.1497,0.1000
1779201952.118,0.2602,0.0312,0.00,250.0,3.25,14.33,-2.84,0.1551,0.1000
1779201952.151,0.2647,0.0303,0.00,250.0,3.44,14.28,-2.97,0.1535,0.1000
1779201952.185,0.2623,0.0294,0.00,250.0,3.50,13.99,-2.90,0.1537,0.1000
1779201952.218,0.2628,0.0286,0.00,250.0,3.29,14.33,-2.85,0.1525,0.1000
1779201952.251,0.2590,0.0278,0.00,250.0,2.76,14.45,-2.91,0.1548,0.1000
1779201952.284,0.2722,0.0270,0.00,250.0,2.98,14.49,-2.81,0.1526,0.1000
1779201952.318,0.2883,0.0263,0.00,250.0,3.03,13.65,-2.66,0.1541,0.1000
1779201952.351,0.2955,0.0256,0.00,250.0,2.76,12.79,-2.44,0.1539,0.1000
1779201952.385,0.2908,0.0250,0.00,250.0,2.54,12.29,-2.39,0.1521,0.1000
1779201952.418,0.2888,0.0244,0.00,250.0,2.43,12.79,-2.15,0.1537,0.1000
1779201952.451,0.2860,0.0238,0.00,250.0,2.38,13.38,-1.92,0.1558,0.1000
1779201952.484,0.2833,0.0233,0.00,250.0,2.05,13.20,-1.63,0.1584,0.1000
1779201952.518,0.2827,0.0227,0.00,250.0,1.78,13.29,-1.44,0.1589,0.1000
1779201952.551,0.2851,0.0222,0.00,250.0,1.64,13.43,-1.15,0.1623,0.1000
1779201952.584,0.2855,0.0217,0.00,250.0,1.50,13.31,-0.95,0.1613,0.1000
1779201952.618,0.2852,0.0213,0.00,250.0,1.33,13.56,-0.81,0.1601,0.1000
1779201952.651,0.2895,0.0208,0.00,250.0,1.37,14.25,-0.87,0.1639,0.1000
1779201952.685,0.2911,0.0204,0.00,250.0,1.44,13.62,-0.89,0.1654,0.1000
1779201952.718,0.2952,0.0200,0.00,250.0,1.40,13.52,-1.03,0.1653,0.1000
1779201952.751,0.2958,0.0196,0.00,250.0,1.50,13.70,-1.22,0.1655,0.1000
1779201952.785,0.2935,0.0192,0.00,250.0,1.52,14.13,-1.43,0.1651,0.1000
1779201952.818,0.2886,0.0189,0.00,250.0,1.48,13.75,-1.58,0.1640,0.1000
1779201952.851,0.2873,0.0185,0.00,250.0,1.80,14.87,-1.80,0.1668,0.1000
1779201952.885,0.2891,0.0182,0.00,250.0,1.64,15.41,-1.77,0.1654,0.1000
1779201952.918,0.2884,0.0179,0.00,250.0,1.44,15.09,-1.79,0.1694,0.1000
1779201952.951,0.2896,0.0175,0.00,250.0,1.30,14.51,-1.74,0.1688,0.1000
1779201952.985,0.2920,0.0172,0.00,250.0,1.17,13.30,-1.31,0.1721,0.1000
1779201953.018,0.2964,0.0169,0.00,250.0,1.22,13.48,-1.11,0.1738,0.1000
1779201953.051,0.2970,0.0167,0.00,250.0,0.84,13.26,-1.17,0.1732,0.1000
1779201953.085,0.2950,0.0164,0.00,250.0,0.85,13.06,-1.20,0.1757,0.1000
1779201953.118,0.2933,0.0161,0.00,250.0,0.81,13.03,-1.36,0.1773,0.1000
1779201953.154,0.2933,0.0159,0.00,250.0,1.00,12.99,-1.46,0.1764,0.1000
1779201953.185,0.2921,0.0156,0.00,250.0,1.07,13.24,-1.56,0.1752,0.1000
1779201953.218,0.2913,0.0154,0.00,250.0,1.09,12.86,-1.59,0.1749,0.1000
1779201953.251,0.2923,0.0152,0.00,250.0,1.11,12.97,-1.74,0.1763,0.1000
1779201953.318,0.2964,0.0149,0.00,250.0,1.07,12.13,-1.92,0.1761,0.1000
1779201953.352,0.2910,0.0147,0.00,250.0,1.00,11.61,-1.97,0.1788,0.1000
1779201953.385,0.2931,0.0145,0.00,250.0,0.67,11.65,-2.26,0.1791,0.1000
1779201953.419,0.2896,0.0143,0.00,250.0,0.43,11.44,-2.37,0.1737,0.1000
1779201953.452,0.2908,0.0141,0.00,250.0,0.53,11.46,-2.26,0.1711,0.1000
1779201953.485,0.2923,0.0139,0.00,250.0,0.65,11.32,-2.11,0.1684,0.1000
1779201953.519,0.2918,0.0137,0.00,250.0,0.60,10.63,-1.89,0.1719,0.1000
1779201953.552,0.2929,0.0135,0.00,250.0,0.54,10.20,-1.72,0.1762,0.1000
1779201953.586,0.2929,0.0133,0.00,250.0,0.73,10.00,-1.57,0.1774,0.1000
1779201953.619,0.2912,0.0132,0.00,250.0,0.70,9.60,-1.47,0.1762,0.1000
1779201953.652,0.2893,0.0130,0.00,250.0,0.65,9.50,-1.45,0.1751,0.1000
1779201953.685,0.2884,0.0128,0.00,250.0,0.76,9.67,-1.45,0.1748,0.1000
1779201953.718,0.2893,0.0127,0.00,250.0,0.81,9.89,-1.46,0.1714,0.1000
1779201953.751,0.2893,0.0125,0.00,250.0,0.78,9.82,-1.46,0.1689,0.1000
1779201953.785,0.2896,0.0123,0.00,250.0,0.89,10.08,-1.47,0.1672,0.1000
1779201953.818,0.2896,0.0122,0.00,250.0,1.28,10.61,-1.44,0.1627,0.1000
1779201953.852,0.2883,0.0120,0.00,250.0,1.50,10.93,-1.43,0.1621,0.1000
1779201953.886,0.2885,0.0119,0.00,250.0,1.65,10.95,-1.37,0.1623,0.1000
1779201953.919,0.2871,0.0118,0.00,250.0,1.94,11.08,-1.30,0.1599,0.1000
1779201953.952,0.2902,0.0116,0.00,250.0,1.97,11.02,-1.24,0.1635,0.1000
1779201953.985,0.2912,0.0115,0.00,250.0,1.97,10.92,-1.20,0.1639,0.1000
1779201954.019,0.2929,0.0114,0.00,250.0,1.83,11.23,-1.20,0.1665,0.1000
1779201954.051,0.2933,0.0112,0.00,250.0,1.64,11.37,-1.22,0.1665,0.1000
1779201954.085,0.2920,0.0111,0.00,250.0,1.51,11.24,-1.20,0.1665,0.1000
1779201954.118,0.2920,0.0110,0.00,250.0,1.48,11.21,-1.23,0.1667,0.1000
1779201954.152,0.2913,0.0109,0.00,250.0,1.48,11.30,-1.21,0.1682,0.1000
1779201954.186,0.2916,0.0108,0.00,250.0,1.45,11.37,-1.15,0.1720,0.1000
1779201954.218,0.2927,0.0106,0.00,250.0,1.33,11.41,-1.15,0.1707,0.1000
1779201954.252,0.2952,0.0105,0.00,250.0,1.37,11.39,-1.17,0.1702,0.1000
1779201954.285,0.2951,0.0104,0.00,250.0,1.36,12.53,-1.22,0.1716,0.1000
1779201954.319,0.2943,0.0103,0.00,250.0,1.26,12.35,-1.27,0.1746,0.1000
1779201954.352,0.2943,0.0102,0.00,250.0,1.51,12.54,-1.24,0.1723,0.1000
1779201954.385,0.2940,0.0101,0.00,250.0,1.65,12.45,-1.25,0.1710,0.1000
1779201954.418,0.2939,0.0100,0.00,250.0,1.72,12.43,-1.22,0.1697,0.1000
1779201954.453,0.2935,0.0099,0.00,250.0,1.77,12.43,-1.18,0.1690,0.1000
1779201954.486,0.2943,0.0098,0.00,250.0,1.86,12.56,-1.18,0.1677,0.1000
1779201954.519,0.2970,0.0097,0.00,250.0,2.50,12.80,-1.11,0.1637,0.1000
1779201954.555,0.2966,0.0096,0.00,250.0,2.58,12.96,-1.10,0.1628,0.1000
1779201954.588,0.2916,0.0095,0.00,250.0,2.54,12.66,-1.09,0.1609,0.1000
1779201954.620,0.2911,0.0094,0.00,250.0,2.25,12.86,-1.15,0.1574,0.1000
1779201954.653,0.2896,0.0093,0.00,250.0,2.11,12.83,-1.18,0.1604,0.1000
1779201954.686,0.2906,0.0093,0.00,250.0,2.13,12.35,-1.19,0.1626,0.1000
1779201954.719,0.2916,0.0092,0.00,250.0,2.19,12.31,-1.15,0.1643,0.1000
1779201954.753,0.2928,0.0091,0.00,250.0,2.32,12.75,-1.06,0.1658,0.1000
1779201954.787,0.2943,0.0090,0.00,250.0,2.31,12.76,-1.06,0.1663,0.1000
1779201954.820,0.2939,0.0089,0.00,250.0,2.33,12.84,-0.93,0.1647,0.1000
1779201954.854,0.2927,0.0088,0.00,250.0,2.29,12.58,-0.83,0.1613,0.1000
1779201954.887,0.2907,0.0088,0.00,250.0,2.26,12.45,-0.70,0.1593,0.1000
1779201954.921,0.2918,0.0087,0.00,250.0,2.31,12.26,-0.67,0.1580,0.1000
1779201954.954,0.2928,0.0086,0.00,250.0,2.52,12.25,-0.66,0.1573,0.1000
1779201954.988,0.2968,0.0085,0.00,250.0,2.36,12.52,-0.69,0.1601,0.1000
1779201955.021,0.2930,0.0085,0.00,250.0,2.07,12.81,-0.83,0.1631,0.1000
1779201955.054,0.2858,0.0084,0.00,250.0,1.87,12.50,-0.79,0.1632,0.1000
1779201955.087,0.2807,0.0083,0.00,250.0,1.81,12.83,-0.77,0.1650,0.1000
1779201955.120,0.2780,0.0083,0.00,250.0,1.76,13.22,-0.85,0.1671,0.1000
1779201955.153,0.2750,0.0082,0.00,250.0,1.69,13.34,-0.93,0.1670,0.1000
1779201955.187,0.2729,0.0081,0.00,250.0,1.51,13.04,-0.90,0.1678,0.1000
1779201955.220,0.2737,0.0081,0.00,250.0,1.54,12.80,-0.91,0.1657,0.1000
1779201955.254,0.2751,0.0080,0.00,250.0,1.76,13.05,-0.87,0.1662,0.1000
1779201955.287,0.2760,0.0079,0.00,250.0,1.79,13.04,-0.84,0.1669,0.1000
1779201955.321,0.2757,0.0079,0.00,250.0,1.75,12.93,-0.72,0.1679,0.1000
1779201955.355,0.2762,0.0078,0.00,250.0,1.63,12.89,-0.70,0.1679,0.1000
1779201955.387,0.2759,0.0078,0.00,250.0,1.62,13.10,-0.74,0.1685,0.1000
1779201955.421,0.2762,0.0077,0.00,250.0,1.63,13.09,-0.74,0.1690,0.1000
1779201955.454,0.2763,0.0076,0.00,250.0,1.60,13.09,-0.71,0.1697,0.1000
1779201955.488,0.2761,0.0076,0.00,250.0,1.52,13.12,-0.77,0.1689,0.1000
1779201955.521,0.2757,0.0075,0.00,250.0,1.53,13.18,-0.76,0.1685,0.1000
1779201955.555,0.2749,0.0075,0.00,250.0,1.67,13.43,-0.73,0.1694,0.1000
1779201955.588,0.2739,0.0074,0.00,250.0,1.75,13.19,-0.70,0.1674,0.1000
1779201955.621,0.2733,0.0074,0.00,250.0,1.78,13.03,-0.72,0.1665,0.1000
1779201955.656,0.2726,0.0073,0.00,250.0,1.81,13.06,-0.70,0.1666,0.1000
1779201955.691,0.2724,0.0072,0.00,250.0,1.78,13.28,-0.74,0.1664,0.1000
1779201955.722,0.2720,0.0072,0.00,250.0,1.77,13.46,-0.77,0.1670,0.1000
1779201955.754,0.2720,0.0071,0.00,250.0,1.74,13.47,-0.72,0.1673,0.1000
1779201955.787,0.2715,0.0071,0.00,250.0,1.73,13.57,-0.71,0.1679,0.1000
1779201955.821,0.2723,0.0070,0.00,250.0,1.77,13.54,-0.72,0.1663,0.1000
1779201955.855,0.2728,0.0070,0.00,250.0,1.76,13.43,-0.74,0.1660,0.1000
1779201955.889,0.2724,0.0069,0.00,250.0,1.78,13.45,-0.76,0.1666,0.1000
1779201955.925,0.2730,0.0069,0.00,250.0,1.87,13.47,-0.76,0.1673,0.1000
1779201955.955,0.2726,0.0068,0.00,250.0,1.86,13.50,-0.75,0.1682,0.1000
1779201955.992,0.2716,0.0068,0.00,250.0,1.92,13.54,-0.74,0.1678,0.1000
1779201956.022,0.2709,0.0068,0.00,250.0,1.92,13.61,-0.74,0.1680,0.1000
1779201956.058,0.2707,0.0067,0.00,250.0,1.90,13.62,-0.72,0.1683,0.1000
1779201956.092,0.2704,0.0067,0.00,250.0,1.87,13.58,-0.72,0.1686,0.1000
1779201956.127,0.2695,0.0066,0.00,250.0,1.86,13.54,-0.71,0.1688,0.1000
1779201956.197,0.2692,0.0066,0.00,250.0,1.87,13.47,-0.66,0.1684,0.1000
1779201956.262,0.2684,0.0065,0.00,250.0,1.90,13.36,-0.60,0.1673,0.1000
1779201956.327,0.2668,0.0065,0.00,250.0,1.80,13.42,-0.58,0.1686,0.1000
1779201956.395,0.2662,0.0065,0.00,250.0,1.87,13.43,-0.55,0.1697,0.1000
1779201956.463,0.2653,0.0064,0.00,250.0,1.85,13.28,-0.57,0.1679,0.1000
1779201956.528,0.2647,0.0064,0.00,250.0,1.86,13.39,-0.55,0.1682,0.1000
1779201956.600,0.2656,0.0063,0.00,250.0,1.77,13.38,-0.54,0.1690,0.1000
1779201956.664,0.2643,0.0063,0.00,250.0,1.73,13.54,-0.60,0.1689,0.1000
1779201956.735,0.2649,0.0063,0.00,250.0,1.76,13.31,-0.62,0.1687,0.1000
1779201956.798,0.2657,0.0062,0.00,250.0,1.78,13.66,-0.64,0.1696,0.1000
1779201956.861,0.0522,0.0123,0.00,250.0,0.68,12.30,-0.85,0.1733,0.1000
1779201956.928,0.1140,0.0184,0.00,250.0,0.84,12.27,-0.91,0.1743,0.1000
1779201956.996,0.1412,0.0244,0.00,250.0,1.07,12.81,-0.99,0.1732,0.1000
1779201957.066,0.1673,0.0303,0.00,250.0,1.20,13.91,-1.02,0.1682,0.1000
1779201957.132,0.1945,0.0301,1.00,270.7,1.45,14.18,-1.01,0.1674,0.1000
1779201957.196,0.2138,0.0299,1.00,270.7,1.37,13.93,-1.00,0.1683,0.1000
1779201957.261,0.2234,0.0298,1.00,270.7,0.96,14.75,-1.19,0.1710,0.1000
1779201957.327,0.2309,0.0296,1.00,270.7,0.15,16.08,-1.48,0.1735,0.1000
1779201957.395,0.2387,0.0294,1.00,270.7,0.18,17.85,-1.54,0.1698,0.1000
1779201957.462,0.2522,0.0292,1.00,270.7,0.13,20.10,-1.73,0.1778,0.1000
1779201957.529,0.2575,0.0291,1.00,270.7,0.24,20.87,-1.78,0.1725,0.1000
1779201957.601,0.2611,0.0289,1.00,270.7,0.24,19.94,-1.61,0.1655,0.1000
1779201957.663,0.2628,0.0287,1.00,270.7,0.15,19.40,-1.53,0.1649,0.1000
1779201957.728,0.2648,0.0286,1.00,270.7,0.81,18.14,-1.35,0.1741,0.1000
1779201957.799,0.2707,0.0284,1.00,270.7,1.12,16.57,-1.43,0.2074,0.1000
1779201957.867,0.2734,0.0282,1.00,270.7,0.69,15.13,-1.33,0.2813,0.1000
1779201957.934,0.2724,0.0281,1.00,270.7,0.46,15.10,-1.54,0.3086,0.1000
1779201958.008,0.2728,0.0279,1.00,270.7,0.66,15.21,-1.73,0.2814,0.1000
1779201958.064,0.2743,0.0278,1.00,270.7,-0.24,15.70,-2.02,0.1830,0.1000
1779201958.129,0.2704,0.0276,1.00,270.7,-0.40,15.37,-2.43,0.1469,0.1000
1779201958.198,0.2611,0.0275,1.00,270.7,-0.93,13.07,-2.17,0.1277,0.1000
1779201958.267,0.2573,0.0273,1.00,270.7,-1.14,12.25,-2.20,0.1449,0.1000
1779201958.331,0.2577,0.0272,1.00,270.7,-1.83,12.15,-1.83,0.1546,0.1000
1779201958.399,0.2517,0.0270,1.00,270.7,-2.25,12.25,-1.66,0.1695,0.1000
1779201958.466,0.2714,0.0269,1.00,270.7,-1.62,13.10,-1.25,0.1655,0.1000
1779201958.530,0.2773,0.0267,1.00,270.7,-0.94,12.00,-0.94,0.1650,0.1000
1779201958.602,0.2793,0.0266,1.00,270.7,-0.78,12.40,-1.08,0.1619,0.1000
1779201958.667,0.2761,0.0265,1.00,270.7,-0.78,12.35,-1.05,0.1617,0.1000
1779201958.733,0.2761,0.0263,1.00,270.7,-1.33,12.36,-0.73,0.1616,0.1000
1779201958.800,0.2782,0.0262,1.00,270.7,-2.21,11.30,-0.52,0.1549,0.1000
1779201958.867,0.2780,0.0260,1.00,270.7,-2.97,12.10,-1.00,0.1556,0.1000
1779201958.935,0.2766,0.0259,1.00,270.7,-2.14,10.84,-0.49,0.1583,0.1000
1779201958.999,0.2737,0.0258,1.00,270.7,-1.56,10.14,-0.73,0.1609,0.1000
1779201959.067,0.2703,0.0256,1.00,270.7,-1.51,9.62,-0.88,0.1584,0.1000
1779201959.133,0.2751,0.0255,1.00,270.7,-1.32,10.97,-0.65,0.1629,0.1000
1779201959.199,0.2778,0.0254,1.00,270.7,-0.83,11.28,-0.47,0.1653,0.1000
1779201959.263,0.2778,0.0253,1.00,270.7,-0.33,11.90,-0.53,0.1681,0.1000
1779201959.331,0.2857,0.0251,1.00,270.7,0.00,12.25,-0.55,0.1689,0.1000
1779201959.398,0.2890,0.0250,1.00,270.7,0.19,12.91,-0.66,0.1697,0.1000
1779201959.467,0.2873,0.0249,1.00,270.7,0.42,13.25,-0.75,0.1676,0.1000
1779201959.533,0.2813,0.0248,1.00,270.7,0.87,13.34,-0.61,0.1619,0.1000
1779201959.600,0.2821,0.0246,1.00,270.7,1.10,13.45,-0.53,0.1618,0.1000
1779201959.667,0.2852,0.0245,1.00,270.7,1.42,13.31,-0.33,0.1574,0.1000
1779201959.733,0.2862,0.0244,1.00,270.7,1.54,12.78,-0.15,0.1618,0.1000
1779201959.799,0.2838,0.0243,1.00,270.7,1.54,12.73,0.03,0.1610,0.1000
1779201959.867,0.2834,0.0242,1.00,270.7,1.45,11.82,0.14,0.1607,0.1000
1779201959.932,0.2822,0.0240,1.00,270.7,1.39,11.59,0.18,0.1604,0.1000
1779201960.000,0.2809,0.0239,1.00,270.7,1.16,11.58,0.18,0.1613,0.1000
1779201960.066,0.2789,0.0238,1.00,270.7,1.04,11.41,0.16,0.1627,0.1000
1779201960.137,0.2787,0.0237,1.00,270.7,0.93,11.61,0.13,0.1661,0.1000
1779201960.197,0.2785,0.0236,1.00,270.7,0.83,11.55,0.12,0.1687,0.1000
1779201960.266,0.2805,0.0235,1.00,270.7,1.25,11.54,0.17,0.1661,0.1000
1779201960.332,0.2828,0.0234,1.00,270.7,1.37,10.95,0.20,0.1672,0.1000
1779201960.404,0.2882,0.0233,1.00,270.7,1.35,10.79,0.06,0.1688,0.1000
1779201960.467,0.2744,0.0231,1.00,270.7,1.10,11.21,-0.09,0.1706,0.1000
1779201960.534,0.2677,0.0230,1.00,270.7,0.88,11.18,-0.06,0.1720,0.1000
1779201960.599,0.2652,0.0229,1.00,270.7,0.76,11.24,-0.03,0.1728,0.1000
1779201960.668,0.2640,0.0228,1.00,270.7,0.69,11.08,0.01,0.1728,0.1000
1779201960.732,0.2634,0.0227,1.00,270.7,0.63,11.06,0.05,0.1730,0.1000
1779201960.800,0.2637,0.0226,1.00,270.7,0.59,11.00,0.05,0.1733,0.1000
1779201960.866,0.2631,0.0225,1.00,270.7,0.59,10.94,0.01,0.1731,0.1000
1779201960.934,0.2628,0.0224,1.00,270.7,0.61,11.14,-0.00,0.1727,0.1000
1779201961.000,0.2629,0.0223,1.00,270.7,0.59,11.16,0.05,0.1720,0.1000
1779201961.071,0.2623,0.0222,1.00,270.7,0.60,11.13,0.03,0.1698,0.1000
1779201961.133,0.2615,0.0221,1.00,270.7,0.54,10.94,0.03,0.1692,0.1000
1779201961.200,0.2603,0.0220,1.00,270.7,0.57,11.35,-0.03,0.1692,0.1000
1779201961.268,0.2658,0.0219,1.00,270.7,0.77,11.59,-0.22,0.1623,0.1000
1779201961.337,0.2844,0.0218,1.00,270.7,0.88,10.69,-0.25,0.1673,0.1000
1779201961.401,0.2899,0.0217,1.00,270.7,0.66,9.91,-0.33,0.1725,0.1000
1779201961.474,0.2887,0.0216,1.00,270.7,0.75,10.72,-0.60,0.1722,0.1000
1779201961.532,0.2909,0.0216,1.00,270.7,0.77,12.27,-0.93,0.1719,0.1000
1779201961.604,0.2908,0.0215,1.00,270.7,0.71,13.35,-1.11,0.1724,0.1000
1779201961.666,0.2922,0.0214,1.00,270.7,0.55,12.83,-1.35,0.1766,0.1000
1779201961.735,0.2848,0.0213,1.00,270.7,-0.02,10.99,-1.22,0.1729,0.1000
1779201961.801,0.2847,0.0212,1.00,270.7,0.01,10.30,-1.05,0.1705,0.1000
1779201961.870,0.2858,0.0211,1.00,270.7,0.44,10.75,-1.12,0.1651,0.1000
1779201961.933,0.2869,0.0210,1.00,270.7,0.41,10.49,-1.05,0.1644,0.1000
1779201961.999,0.2932,0.0209,1.00,270.7,0.39,10.74,-1.05,0.1642,0.1000
1779201962.068,0.2943,0.0208,1.00,270.7,0.13,9.90,-0.95,0.1721,0.1000
1779201962.134,0.2920,0.0207,1.00,270.7,-1.26,9.13,-1.23,0.1799,0.1000
1779201962.199,0.2859,0.0207,1.00,270.7,-2.09,8.34,-1.49,0.1765,0.1000
1779201962.271,0.2849,0.0206,1.00,270.7,-2.57,9.88,-1.64,0.1763,0.1000
1779201962.337,0.2850,0.0205,1.00,270.7,-2.78,8.61,-1.38,0.1752,0.1000
1779201962.399,0.2898,0.0204,1.00,270.7,-3.20,7.03,-1.19,0.1651,0.1000
1779201962.465,0.2865,0.0203,1.00,270.7,-3.26,6.82,-1.07,0.1669,0.1000
1779201962.531,0.2873,0.0202,1.00,270.7,-3.60,7.20,-1.26,0.1730,0.1000
1779201962.600,0.2837,0.0202,1.00,270.7,-3.27,8.58,-1.62,0.1761,0.1000
1779201962.666,0.2814,0.0201,1.00,270.7,-3.10,9.52,-1.71,0.1763,0.1000
1779201962.733,0.2750,0.0200,1.00,270.7,-1.65,11.32,-1.89,0.1735,0.1000
1779201962.800,0.2711,0.0199,1.00,270.7,-1.78,11.55,-2.08,0.1742,0.1000
1779201962.867,0.2736,0.0198,1.00,270.7,-1.74,12.06,-2.20,0.1762,0.1000
1779201962.937,0.2750,0.0198,1.00,270.7,-1.57,12.53,-2.27,0.1772,0.1000
1779201963.000,0.2807,0.0197,1.00,270.7,-1.35,13.99,-2.13,0.1799,0.1000
1779201963.069,0.2770,0.0196,1.00,270.7,-1.37,12.23,-1.62,0.1728,0.1000
1779201963.135,0.2783,0.0195,1.00,270.7,-0.97,11.95,-1.54,0.1767,0.1000
1779201963.201,0.2779,0.0195,1.00,270.7,-0.76,12.42,-1.40,0.1755,0.1000
1779201963.267,0.2787,0.0194,1.00,270.7,-0.67,12.33,-1.28,0.1767,0.1000
1779201963.331,0.2782,0.0193,1.00,270.7,-0.68,12.63,-1.28,0.1791,0.1000
1779201963.400,0.2819,0.0192,1.00,270.7,-0.81,12.28,-1.22,0.1799,0.1000
1779201963.469,0.2839,0.0192,1.00,270.7,-0.54,12.31,-1.16,0.1782,0.1000
1779201963.533,0.2812,0.0191,1.00,270.7,-0.55,12.50,-1.08,0.1770,0.1000
1779201963.600,0.2842,0.0190,1.00,270.7,-0.47,12.16,-0.98,0.1764,0.1000
1779201963.667,0.2845,0.0189,1.00,270.7,-0.49,12.23,-0.96,0.1763,0.1000
1779201963.736,0.2839,0.0189,1.00,270.7,-0.43,12.43,-0.95,0.1748,0.1000
1779201963.802,0.2831,0.0188,1.00,270.7,-0.25,12.10,-0.85,0.1716,0.1000
1779201963.867,0.2806,0.0187,1.00,270.7,-0.17,11.77,-0.79,0.1730,0.1000
1779201963.933,0.2807,0.0187,1.00,270.7,-0.15,11.55,-0.83,0.1735,0.1000
1779201964.003,0.2796,0.0186,1.00,270.7,-0.09,11.85,-0.94,0.1742,0.1000
1779201964.068,0.2779,0.0185,1.00,270.7,0.00,11.84,-1.02,0.1753,0.1000
1779201964.136,0.2789,0.0185,1.00,270.7,0.17,13.13,-1.19,0.1706,0.1000
1779201964.199,0.2820,0.0184,1.00,270.7,0.01,13.55,-1.18,0.1724,0.1000
1779201964.269,0.2830,0.0183,1.00,270.7,0.07,14.24,-1.18,0.1728,0.1000
1779201964.335,0.2847,0.0182,1.00,270.7,0.09,14.15,-1.17,0.1723,0.1000
1779201964.403,0.2886,0.0182,1.00,270.7,0.16,14.10,-1.12,0.1739,0.1000
1779201964.467,0.2907,0.0181,1.00,270.7,0.13,13.60,-0.92,0.1734,0.1000
1779201964.533,0.2911,0.0181,1.00,270.7,0.15,12.93,-0.77,0.1729,0.1000
1779201964.604,0.2905,0.0180,1.00,270.7,0.08,12.37,-0.62,0.1719,0.1000
1779201964.670,0.2908,0.0179,1.00,270.7,0.15,12.49,-0.58,0.1728,0.1000
1779201964.738,0.2914,0.0179,1.00,270.7,0.14,12.48,-0.56,0.1733,0.1000
1779201964.801,0.2929,0.0178,1.00,270.7,0.13,12.32,-0.56,0.1744,0.1000
1779201964.872,0.2919,0.0177,1.00,270.7,0.07,12.36,-0.54,0.1743,0.1000
1779201964.939,0.2886,0.0177,1.00,270.7,-0.08,12.31,-0.50,0.1735,0.1000
1779201964.982,0.2867,0.0176,1.00,270.7,-0.14,12.38,-0.50,0.1732,0.1000
1779201965.028,0.2853,0.0175,1.00,270.7,-0.19,12.35,-0.51,0.1733,0.1000
1779201965.060,0.2842,0.0175,1.00,270.7,-0.20,12.24,-0.48,0.1741,0.1000
1779201965.097,0.2855,0.0174,1.00,270.7,-0.42,12.00,-0.49,0.1772,0.1000
1779201965.128,0.2864,0.0174,1.00,270.7,-0.51,11.61,-0.49,0.1774,0.1000
1779201965.164,0.2854,0.0173,1.00,270.7,-0.74,11.14,-0.52,0.1760,0.1000
1779201965.195,0.2857,0.0172,1.00,270.7,-0.74,10.83,-0.57,0.1756,0.1000
1779201965.231,0.2836,0.0172,1.00,270.7,-0.74,10.69,-0.64,0.1752,0.1000
1779201965.263,0.2823,0.0171,1.00,270.7,-0.73,10.79,-0.68,0.1749,0.1000
1779201965.296,0.2814,0.0171,1.00,270.7,-0.79,10.75,-0.72,0.1749,0.1000
1779201965.334,0.2805,0.0170,1.00,270.7,-0.78,10.77,-0.75,0.1748,0.1000
1779201965.399,0.2801,0.0169,1.00,270.7,-0.83,10.77,-0.82,0.1727,0.1000
1779201965.469,0.2796,0.0169,1.00,270.7,-0.83,10.79,-0.85,0.1716,0.1000
1779201965.534,0.2796,0.0168,1.00,270.7,-0.77,10.96,-0.91,0.1705,0.1000
1779201965.602,0.2798,0.0168,1.00,270.7,-0.71,11.35,-0.93,0.1711,0.1000
1779201965.668,0.2801,0.0167,1.00,270.7,-0.74,11.36,-0.91,0.1701,0.1000
1779201965.734,0.2817,0.0167,1.00,270.7,-0.59,12.00,-0.98,0.1711,0.1000
1779201965.804,0.2811,0.0166,1.00,270.7,-0.59,12.55,-0.94,0.1716,0.1000
1779201965.869,0.2706,0.0166,1.00,270.7,-0.89,12.55,-0.92,0.1714,0.1000
1779201965.938,0.2650,0.0165,1.00,270.7,-1.01,12.63,-0.90,0.1748,0.1000
1779201965.999,0.2645,0.0164,1.00,270.7,-1.13,12.56,-1.03,0.1801,0.1000
1779201966.070,0.2591,0.0164,1.00,270.7,-1.41,11.88,-1.23,0.1809,0.1000
1779201966.134,0.2484,0.0163,1.00,270.7,-1.58,11.92,-1.07,0.1808,0.1000
1779201966.207,0.2480,0.0163,1.00,270.7,-1.53,12.27,-1.04,0.1793,0.1000
1779201966.270,0.2528,0.0162,1.00,270.7,-1.14,12.49,-1.06,0.1731,0.1000
1779201966.334,0.2553,0.0162,1.00,270.7,-1.13,12.67,-1.19,0.1748,0.1000
1779201966.402,0.2514,0.0161,1.00,270.7,-1.13,13.08,-1.23,0.1770,0.1000
1779201966.470,0.2499,0.0161,1.00,270.7,-1.23,12.66,-1.28,0.1798,0.1000
1779201966.536,0.2486,0.0160,1.00,270.7,-1.26,12.53,-1.31,0.1815,0.1000
1779201966.606,0.2475,0.0160,1.00,270.7,-1.22,12.43,-1.38,0.1806,0.1000
1779201966.669,0.2480,0.0159,1.00,270.7,-1.02,12.27,-1.38,0.1787,0.1000
1779201966.735,0.2553,0.0159,1.00,270.7,-0.63,12.36,-1.39,0.1699,0.1000
1779201966.802,0.1958,0.0158,1.00,270.7,-0.92,13.56,-1.73,0.1718,0.1000
1779201966.871,0.1504,0.0189,1.00,270.7,-0.82,11.28,-1.83,0.1764,0.1000
1779201966.936,0.1686,0.0220,1.00,270.7,-0.77,12.16,-1.95,0.1753,0.1000
1779201967.003,0.2003,0.0219,2.00,201.6,-0.80,13.32,-2.38,0.1769,0.1000
1779201967.071,0.2202,0.0219,2.00,201.6,-0.66,13.95,-2.55,0.1782,0.1000
1779201967.136,0.2316,0.0218,2.00,201.6,-0.63,13.92,-2.64,0.1775,0.1000
1779201967.203,0.2358,0.0217,2.00,201.6,-0.61,14.04,-2.65,0.1764,0.1000
1779201967.272,0.2376,0.0217,2.00,201.6,-0.60,13.93,-2.62,0.1768,0.1000
1779201967.335,0.2450,0.0216,2.00,201.6,-0.44,14.13,-2.53,0.1766,0.1000
1779201967.404,0.2561,0.0215,2.00,201.6,-0.38,14.35,-2.39,0.1760,0.1000
1779201967.469,0.2633,0.0215,2.00,201.6,-0.40,14.28,-2.32,0.1758,0.1000
1779201967.534,0.2659,0.0214,2.00,201.6,-0.46,14.17,-2.28,0.1753,0.1000
1779201967.607,0.2665,0.0213,2.00,201.6,-0.41,14.19,-2.16,0.1752,0.1000
1779201967.670,0.2670,0.0213,2.00,201.6,-0.43,14.15,-2.09,0.1757,0.1000
1779201967.733,0.2704,0.0212,2.00,201.6,-0.58,14.42,-2.18,0.1803,0.1000
1779201967.802,0.2693,0.0211,2.00,201.6,-0.53,15.21,-2.24,0.1800,0.1000
1779201967.872,0.2699,0.0211,2.00,201.6,-0.45,15.28,-2.24,0.1791,0.1000
1779201967.936,0.2699,0.0210,2.00,201.6,-0.40,15.46,-2.28,0.1778,0.1000
1779201968.002,0.2699,0.0210,2.00,201.6,-0.39,15.56,-2.28,0.1777,0.1000
1779201968.069,0.2700,0.0209,2.00,201.6,-0.36,15.49,-2.27,0.1771,0.1000
1779201968.137,0.2702,0.0208,2.00,201.6,-0.36,15.50,-2.25,0.1766,0.1000
1779201968.206,0.2705,0.0208,2.00,201.6,-0.33,15.50,-2.24,0.1765,0.1000
1779201968.268,0.2708,0.0207,2.00,201.6,-0.24,15.52,-2.21,0.1742,0.1000
1779201968.337,0.2715,0.0206,2.00,201.6,-0.08,15.56,-2.18,0.1729,0.1000
1779201968.403,0.2714,0.0206,2.00,201.6,0.07,15.41,-2.16,0.1675,0.1000
1779201968.470,0.2717,0.0205,2.00,201.6,0.13,15.59,-2.10,0.1701,0.1000
1779201968.541,0.2687,0.0205,2.00,201.6,-0.04,15.88,-2.12,0.1712,0.1000
1779201968.605,0.2702,0.0204,2.00,201.6,-0.06,16.13,-2.04,0.1734,0.1000
1779201968.672,0.2711,0.0203,2.00,201.6,-0.17,15.38,-1.96,0.1698,0.1000
1779201968.736,0.2713,0.0203,2.00,201.6,-0.23,14.93,-1.94,0.1698,0.1000
1779201968.803,0.2708,0.0202,2.00,201.6,-0.27,14.84,-1.89,0.1702,0.1000
1779201968.872,0.2711,0.0202,2.00,201.6,-0.28,14.85,-1.78,0.1705,0.1000
1779201968.938,0.2666,0.0201,2.00,201.6,-0.21,15.31,-1.75,0.1724,0.1000
1779201969.005,0.2696,0.0201,2.00,201.6,-0.22,14.34,-1.54,0.1750,0.1000
1779201969.074,0.2749,0.0200,2.00,201.6,-0.32,12.60,-1.11,0.1786,0.1000
1779201969.139,0.2742,0.0199,2.00,201.6,-0.40,12.50,-0.95,0.1779,0.1000
1779201969.205,0.2754,0.0199,2.00,201.6,-0.39,12.51,-0.85,0.1736,0.1000
1779201969.269,0.2799,0.0198,2.00,201.6,-0.30,12.67,-0.75,0.1733,0.1000
1779201969.335,0.2807,0.0198,2.00,201.6,-0.29,13.20,-0.78,0.1724,0.1000
1779201969.405,0.2297,0.0197,2.00,201.6,-0.81,16.35,-1.49,0.1739,0.1000
1779201969.475,0.1601,0.0225,2.00,201.6,-0.77,12.74,-1.92,0.1724,0.1000
1779201969.537,0.2256,0.0224,3.00,155.1,-0.81,10.42,-1.45,0.1650,0.1000
1779201969.606,0.2680,0.0223,3.00,155.1,-0.85,1.43,-0.52,0.1696,0.1000
1779201969.670,0.2924,0.0223,3.00,155.1,0.04,-4.27,0.54,0.1760,0.1000
1779201969.738,0.2915,0.0222,3.00,155.1,-0.07,-6.18,0.61,0.1766,0.1000
1779201969.804,0.2914,0.0222,3.00,155.1,-0.62,-2.07,0.10,0.1727,0.1000
1779201969.870,0.2789,0.0221,3.00,155.1,-1.07,-6.88,0.16,0.1659,0.1000
1779201969.939,0.2871,0.0220,3.00,155.1,-1.64,-1.80,-1.14,0.1701,0.1000
1779201970.000,0.2878,0.0220,3.00,155.1,-3.65,2.34,-1.95,0.1738,0.1000
1779201970.069,0.2724,0.0219,3.00,155.1,-3.72,5.42,-2.51,0.1880,0.1000
1779201970.137,0.2736,0.0219,3.00,155.1,-4.55,3.50,-2.61,0.1831,0.1000
1779201970.202,0.2801,0.0218,3.00,155.1,-3.75,5.56,-3.06,0.1855,0.1000
1779201970.274,0.2843,0.0217,3.00,155.1,-3.29,7.49,-3.39,0.1948,0.1000
1779201970.337,0.2841,0.0217,3.00,155.1,-3.34,7.47,-3.28,0.1935,0.1000
1779201970.407,0.2799,0.0216,3.00,155.1,-3.25,6.47,-3.01,0.1874,0.1000
1779201970.470,0.2797,0.0216,3.00,155.1,-3.18,6.96,-2.90,0.1899,0.1000
1779201970.539,0.2777,0.0215,3.00,155.1,-3.35,7.22,-2.42,0.1887,0.1000
1779201970.605,0.2751,0.0214,3.00,155.1,-3.25,2.21,-1.50,0.1934,0.1000
1779201970.673,0.2742,0.0214,3.00,155.1,-3.25,-1.92,-0.69,0.1924,0.1000
1779201970.737,0.2772,0.0213,3.00,155.1,-3.82,-4.80,0.00,0.1975,0.1000
1779201970.806,0.2936,0.0213,3.00,155.1,-4.42,-6.32,0.47,0.2124,0.1000
1779201970.874,0.2875,0.0212,3.00,155.1,-4.42,-8.64,0.80,0.2114,0.1000
1779201970.936,0.2885,0.0212,3.00,155.1,-4.37,-9.34,0.96,0.2103,0.1000
1779201971.004,0.2842,0.0211,3.00,155.1,-4.11,-11.38,1.26,0.2110,0.1000
1779201971.072,0.2862,0.0211,3.00,155.1,-3.84,-11.78,1.38,0.2105,0.1000
1779201971.140,0.2898,0.0210,3.00,155.1,-3.48,-12.55,1.41,0.2086,0.1000
1779201971.207,0.2875,0.0209,3.00,155.1,-3.37,-12.28,1.40,0.2164,0.1000
1779201971.269,0.2837,0.0209,3.00,155.1,-2.38,-12.89,1.48,0.2114,0.1000
1779201971.337,0.2830,0.0208,3.00,155.1,-2.09,-13.28,1.68,0.2094,0.1000
1779201971.402,0.0712,0.0234,3.00,155.1,-2.30,-12.68,1.50,0.2175,0.1000
1779201971.476,0.0946,0.0259,3.00,155.1,-3.06,-12.42,1.39,0.2157,0.1000
1779201971.540,0.1208,0.0284,3.00,155.1,-3.29,-11.76,1.36,0.2092,0.1000
1779201971.605,0.1768,0.0309,3.00,155.1,-3.41,-11.14,1.28,0.2069,0.1000
1779201971.669,0.2013,0.0308,4.00,183.3,-3.43,-9.33,1.08,0.2022,0.1000
1779201971.741,0.2501,0.0308,4.00,183.3,-3.00,-8.00,0.69,0.2023,0.1000
1779201971.805,0.2574,0.0307,4.00,183.3,-3.29,-7.00,0.60,0.1997,0.1000
1779201971.872,0.2649,0.0306,4.00,183.3,-3.43,-6.78,0.34,0.2014,0.1000
1779201971.938,0.2672,0.0305,4.00,183.3,-3.51,-6.11,0.25,0.2011,0.1000
1779201972.007,0.2617,0.0305,4.00,183.3,-3.62,-3.18,-0.12,0.1989,0.1000
1779201972.071,0.2602,0.0304,4.00,183.3,-3.69,-2.25,-0.42,0.1974,0.1000
1779201972.142,0.2603,0.0303,4.00,183.3,-3.66,0.12,-0.92,0.1945,0.1000
1779201972.204,0.2607,0.0302,4.00,183.3,-4.02,0.56,-1.15,0.1913,0.1000
1779201972.271,0.2671,0.0302,4.00,183.3,-4.39,0.65,-1.46,0.1910,0.1000
1779201972.335,0.2632,0.0301,4.00,183.3,-4.97,0.83,-1.84,0.1891,0.1000
1779201972.407,0.2608,0.0300,4.00,183.3,-5.18,0.30,-1.86,0.1987,0.1000
1779201972.470,0.2609,0.0299,4.00,183.3,-4.50,2.84,-1.97,0.2011,0.1000
1779201972.536,0.2734,0.0299,4.00,183.3,-3.27,4.39,-2.14,0.1987,0.1000
1779201972.606,0.2686,0.0298,4.00,183.3,-3.83,4.47,-2.08,0.1959,0.1000
1779201972.672,0.2797,0.0297,4.00,183.3,-2.68,8.86,-2.47,0.2002,0.1000
1779201972.738,0.2756,0.0296,4.00,183.3,-2.73,13.22,-3.39,0.1870,0.1000
1779201972.806,0.2624,0.0296,4.00,183.3,-3.04,12.89,-3.29,0.1940,0.1000
1779201972.875,0.2742,0.0295,4.00,183.3,-2.24,15.13,-3.33,0.1952,0.1000
1779201972.943,0.2854,0.0294,4.00,183.3,-2.02,15.50,-3.47,0.2006,0.1000
1779201973.005,0.2676,0.0293,4.00,183.3,-1.45,16.23,-3.28,0.2088,0.1000
1779201973.074,0.2657,0.0293,4.00,183.3,-1.82,13.61,-3.17,0.1924,0.1000
1779201973.140,0.2652,0.0292,4.00,183.3,-2.26,16.58,-3.01,0.1956,0.1000
1779201973.207,0.2640,0.0291,4.00,183.3,-2.34,13.05,-2.48,0.1957,0.1000
1779201973.274,0.2664,0.0291,4.00,183.3,-2.94,7.62,-1.91,0.1932,0.1000
1779201973.341,0.2724,0.0290,4.00,183.3,-2.76,2.86,-1.24,0.1862,0.1000
1779201973.405,0.2777,0.0289,4.00,183.3,-2.94,-4.14,0.12,0.1870,0.1000
1779201973.471,0.2715,0.0288,4.00,183.3,-2.87,-6.90,0.42,0.1897,0.1000
1779201973.536,0.2874,0.0288,4.00,183.3,-1.55,-15.79,1.51,0.1934,0.1000
1779201973.605,0.2902,0.0287,4.00,183.3,-2.12,-14.07,1.24,0.1907,0.1000
1779201973.672,0.2958,0.0286,4.00,183.3,-1.89,-10.71,0.92,0.1883,0.1000
1779201973.739,0.2841,0.0286,4.00,183.3,-1.92,-13.99,1.35,0.1764,0.1000
1779201973.802,0.2792,0.0285,4.00,183.3,-2.89,-11.77,1.44,0.1928,0.1000
1779201973.875,0.2772,0.0284,4.00,183.3,-3.47,-13.72,1.61,0.2068,0.1000
1779201973.938,0.2838,0.0284,4.00,183.3,-3.31,-14.10,1.40,0.1974,0.1000
1779201974.005,0.2812,0.0283,4.00,183.3,-3.46,-13.73,1.30,0.2033,0.1000
1779201974.072,0.2828,0.0282,4.00,183.3,-3.23,-14.44,1.27,0.1968,0.1000
1779201974.138,0.2864,0.0282,4.00,183.3,-3.21,-13.95,1.07,0.1840,0.1000
1779201974.205,0.2870,0.0281,4.00,183.3,-2.95,-14.75,0.93,0.1889,0.1000
1779201974.274,0.2936,0.0280,4.00,183.3,-1.44,-14.88,0.50,0.1767,0.1000
1779201974.339,0.2873,0.0280,4.00,183.3,-1.41,-11.22,-0.13,0.1800,0.1000
1779201974.408,0.2715,0.0279,4.00,183.3,-1.68,-10.28,-0.14,0.1883,0.1000
1779201974.471,0.2658,0.0278,4.00,183.3,-1.89,-10.37,-0.07,0.1892,0.1000
1779201974.541,0.2762,0.0278,4.00,183.3,-2.23,-10.25,0.08,0.1882,0.1000
1779201974.607,0.2736,0.0277,4.00,183.3,-2.38,-8.49,-0.10,0.1974,0.1000
1779201974.672,0.2781,0.0276,4.00,183.3,-1.67,-9.66,0.19,0.1854,0.1000
1779201974.744,0.2700,0.0276,4.00,183.3,-2.38,-10.20,0.41,0.1892,0.1000
1779201974.808,0.2732,0.0275,4.00,183.3,-2.42,-9.08,0.42,0.1872,0.1000
1779201974.873,0.2761,0.0275,4.00,183.3,-2.48,-8.71,0.27,0.1938,0.1000
1779201974.939,0.2725,0.0274,4.00,183.3,-2.51,-8.88,0.36,0.1900,0.1000
1779201975.010,0.2721,0.0273,4.00,183.3,-2.54,-9.01,0.36,0.1917,0.1000
1779201975.074,0.2667,0.0273,4.00,183.3,-2.63,-9.20,0.43,0.1888,0.1000
1779201975.139,0.2673,0.0272,4.00,183.3,-2.60,-9.92,0.57,0.1904,0.1000
1779201975.211,0.2674,0.0271,4.00,183.3,-2.29,-9.85,0.61,0.1908,0.1000
1779201975.274,0.2650,0.0271,4.00,183.3,-2.45,-10.02,0.72,0.1918,0.1000
1779201975.339,0.2663,0.0270,4.00,183.3,-2.50,-9.63,0.72,0.1956,0.1000
1779201975.408,0.2669,0.0270,4.00,183.3,-2.59,-9.19,0.66,0.1945,0.1000
1779201975.477,0.2684,0.0269,4.00,183.3,-2.67,-9.58,0.73,0.1958,0.1000
1779201975.539,0.2676,0.0268,4.00,183.3,-2.61,-10.21,0.82,0.1971,0.1000
1779201975.608,0.2797,0.0268,4.00,183.3,-2.95,-11.51,1.07,0.2019,0.1000
1779201975.672,0.2785,0.0267,4.00,183.3,-2.93,-12.42,1.23,0.1990,0.1000
1779201975.744,0.2777,0.0267,4.00,183.3,-2.90,-12.43,1.27,0.1982,0.1000
1779201975.809,0.2739,0.0266,4.00,183.3,-2.88,-12.46,1.25,0.1999,0.1000
1779201975.872,0.2750,0.0265,4.00,183.3,-2.84,-12.78,1.35,0.1996,0.1000
1779201975.939,0.2747,0.0265,4.00,183.3,-2.96,-13.29,1.52,0.1980,0.1000
1779201976.007,0.2771,0.0264,4.00,183.3,-2.93,-13.51,1.57,0.1945,0.1000
1779201976.075,0.2738,0.0264,4.00,183.3,-2.47,-13.06,1.09,0.1855,0.1000
1779201976.139,0.2695,0.0263,4.00,183.3,-2.76,-12.60,0.82,0.1868,0.1000
1779201976.210,0.2765,0.0263,4.00,183.3,-3.02,-12.14,0.72,0.1922,0.1000
1779201976.273,0.2740,0.0262,4.00,183.3,-2.79,-14.09,0.83,0.1823,0.1000
1779201976.342,0.2727,0.0261,4.00,183.3,-2.79,-14.33,0.95,0.1901,0.1000
1779201976.409,0.2828,0.0261,4.00,183.3,-2.36,-14.71,1.13,0.1851,0.1000
1779201976.474,0.2794,0.0260,4.00,183.3,-2.86,-13.40,0.88,0.1958,0.1000
1779201976.541,0.2786,0.0260,4.00,183.3,-2.95,-13.55,0.94,0.1945,0.1000
1779201976.607,0.2747,0.0259,4.00,183.3,-3.11,-13.71,0.86,0.1966,0.1000
1779201976.676,0.2721,0.0259,4.00,183.3,-3.25,-13.44,0.74,0.1964,0.1000
1779201976.742,0.2732,0.0258,4.00,183.3,-3.24,-12.66,0.72,0.1968,0.1000
1779201976.809,0.2728,0.0258,4.00,183.3,-3.30,-11.96,0.48,0.1924,0.1000
1779201976.875,0.2725,0.0257,4.00,183.3,-3.06,-11.58,0.46,0.1882,0.1000
1779201976.939,0.2723,0.0256,4.00,183.3,-3.16,-11.41,0.45,0.1922,0.1000
1779201977.012,0.2706,0.0256,4.00,183.3,-3.13,-11.85,0.52,0.1937,0.1000
1779201977.074,0.2775,0.0255,4.00,183.3,-2.66,-11.13,0.31,0.1923,0.1000
1779201977.141,0.2727,0.0255,4.00,183.3,-2.64,-11.02,0.33,0.1931,0.1000
1779201977.206,0.2686,0.0254,4.00,183.3,-2.56,-10.90,0.35,0.1941,0.1000
1779201977.272,0.2646,0.0254,4.00,183.3,-2.01,-9.54,0.40,0.1878,0.1000
1779201977.345,0.2642,0.0253,4.00,183.3,-1.95,-9.63,0.59,0.1927,0.1000
1779201977.409,0.2619,0.0253,4.00,183.3,-1.64,-11.35,1.04,0.1924,0.1000
1779201977.477,0.2643,0.0252,4.00,183.3,-2.01,-11.41,1.22,0.1961,0.1000
1779201977.546,0.2643,0.0252,4.00,183.3,-2.07,-11.94,1.37,0.1963,0.1000
1779201977.608,0.2655,0.0251,4.00,183.3,-2.15,-12.43,1.45,0.1969,0.1000
1779201977.678,0.2566,0.0251,4.00,183.3,-2.41,-12.46,1.49,0.1978,0.1000
1779201977.742,0.2497,0.0250,4.00,183.3,-2.70,-12.45,1.54,0.1984,0.1000
1779201977.808,0.2471,0.0249,4.00,183.3,-2.96,-13.24,1.58,0.1992,0.1000
1779201977.875,0.2449,0.0249,4.00,183.3,-3.03,-13.70,1.51,0.1993,0.1000
1779201977.943,0.2442,0.0248,4.00,183.3,-3.10,-13.23,1.32,0.2003,0.1000
1779201978.006,0.2438,0.0248,4.00,183.3,-3.12,-12.34,1.14,0.1988,0.1000
1779201978.079,0.2436,0.0247,4.00,183.3,-3.03,-12.26,1.09,0.1958,0.1000
1779201978.143,0.2429,0.0247,4.00,183.3,-2.82,-12.22,1.05,0.1947,0.1000
1779201978.209,0.2414,0.0246,4.00,183.3,-2.70,-12.07,1.03,0.1957,0.1000
1779201978.274,0.2416,0.0246,4.00,183.3,-2.63,-11.54,0.97,0.1977,0.1000
1779201978.341,0.2412,0.0245,4.00,183.3,-2.70,-11.75,0.89,0.1961,0.1000
1779201978.411,0.2406,0.0245,4.00,183.3,-2.72,-10.77,0.73,0.1953,0.1000
1779201978.476,0.2396,0.0244,4.00,183.3,-2.72,-10.99,0.79,0.1934,0.1000
1779201978.541,0.2372,0.0244,4.00,183.3,-2.72,-10.90,0.78,0.1931,0.1000
1779201978.612,0.2377,0.0243,4.00,183.3,-2.71,-11.25,0.86,0.1970,0.1000
1779201978.676,0.2364,0.0243,4.00,183.3,-2.38,-11.06,0.74,0.1969,0.1000
1779201978.743,0.2444,0.0242,4.00,183.3,-1.37,-12.65,0.94,0.1877,0.1000
1779201978.808,0.2577,0.0242,4.00,183.3,-1.55,-12.75,0.99,0.1922,0.1000
1779201978.875,0.2669,0.0241,4.00,183.3,-1.27,-12.57,0.93,0.1909,0.1000
1779201978.943,0.2664,0.0241,4.00,183.3,-1.46,-12.27,0.88,0.1935,0.1000
1779201979.011,0.2662,0.0240,4.00,183.3,-1.24,-12.39,0.91,0.1867,0.1000
1779201979.078,0.2641,0.0240,4.00,183.3,-2.00,-12.09,1.04,0.1944,0.1000
1779201979.141,0.2443,0.0240,4.00,183.3,-2.01,-11.78,1.01,0.1898,0.1000
1779201979.207,0.2441,0.0239,4.00,183.3,-2.58,-11.41,1.02,0.1952,0.1000
1779201979.274,0.2369,0.0239,4.00,183.3,-2.45,-11.62,1.03,0.1946,0.1000
1779201979.346,0.2402,0.0238,4.00,183.3,-2.96,-11.47,1.11,0.1972,0.1000
1779201979.407,0.2350,0.0238,4.00,183.3,-2.69,-12.11,1.14,0.1966,0.1000
1779201979.477,0.2347,0.0237,4.00,183.3,-2.73,-12.00,1.14,0.1989,0.1000
1779201979.544,0.2311,0.0237,4.00,183.3,-2.54,-12.46,1.13,0.1974,0.1000
1779201979.611,0.2306,0.0236,4.00,183.3,-2.58,-12.52,1.11,0.1986,0.1000
1779201979.679,0.2320,0.0236,4.00,183.3,-2.40,-12.98,1.10,0.1961,0.1000
1779201979.740,0.2314,0.0235,4.00,183.3,-2.36,-12.90,1.09,0.1957,0.1000
1779201979.809,0.2309,0.0235,4.00,183.3,-2.25,-12.63,1.02,0.1941,0.1000
1779201979.878,0.2310,0.0234,4.00,183.3,-2.26,-12.08,0.94,0.1942,0.1000
1779201979.942,0.2312,0.0234,4.00,183.3,-2.25,-11.55,0.87,0.1943,0.1000
1779201980.009,0.2305,0.0233,4.00,183.3,-2.23,-11.48,0.87,0.1943,0.1000
1779201980.077,0.2310,0.0233,4.00,183.3,-2.27,-11.59,0.89,0.1946,0.1000
1779201980.144,0.2309,0.0233,4.00,183.3,-2.29,-11.71,0.91,0.1971,0.1000
1779201980.211,0.2306,0.0232,4.00,183.3,-2.32,-11.43,0.90,0.1985,0.1000
1779201980.276,0.2297,0.0232,4.00,183.3,-2.44,-11.24,0.95,0.2002,0.1000
1779201980.342,0.2297,0.0231,4.00,183.3,-2.42,-11.09,1.04,0.2005,0.1000
1779201980.410,0.2305,0.0231,4.00,183.3,-2.38,-10.70,1.08,0.1994,0.1000
1779201980.480,0.2301,0.0230,4.00,183.3,-2.36,-10.35,1.13,0.1997,0.1000
1779201980.543,0.2304,0.0230,4.00,183.3,-2.45,-10.42,1.18,0.2002,0.1000
1779201980.606,0.2308,0.0229,4.00,183.3,-2.47,-10.50,1.23,0.1997,0.1000
1779201980.679,0.2302,0.0229,4.00,183.3,-2.43,-10.86,1.29,0.1996,0.1000
1779201980.742,0.2296,0.0229,4.00,183.3,-2.30,-11.30,1.33,0.1989,0.1000
1779201980.811,0.2283,0.0228,4.00,183.3,-2.18,-11.49,1.34,0.1981,0.1000
1779201980.875,0.2279,0.0228,4.00,183.3,-2.15,-11.47,1.34,0.1964,0.1000
1779201980.944,0.2278,0.0227,4.00,183.3,-2.19,-11.34,1.26,0.1962,0.1000
1779201981.010,0.2276,0.0227,4.00,183.3,-2.24,-11.11,1.20,0.1961,0.1000
1779201981.076,0.2269,0.0227,4.00,183.3,-2.24,-10.92,1.13,0.1965,0.1000
1779201981.145,0.2265,0.0227,4.00,183.3,-2.26,-10.99,1.09,0.1967,0.1000
1779201981.211,0.2274,0.0227,4.00,183.3,-2.27,-11.31,1.06,0.1971,0.1000
1779201981.279,0.2274,0.0228,4.00,183.3,-2.33,-11.32,1.01,0.1965,0.1000
1779201981.341,0.2273,0.0228,4.00,183.3,-2.35,-11.15,0.98,0.1965,0.1000
1779201981.412,0.2277,0.0229,4.00,183.3,-2.37,-11.05,0.96,0.1969,0.1000
1779201981.477,0.2265,0.0229,4.00,183.3,-2.36,-11.04,0.94,0.1962,0.1000
1779201981.546,0.2252,0.0229,4.00,183.3,-2.27,-11.24,0.89,0.1955,0.1000
1779201981.608,0.2288,0.0230,4.00,183.3,-2.32,-11.35,0.84,0.1961,0.1000
1779201981.677,0.2333,0.0230,4.00,183.3,-2.35,-11.34,0.79,0.1954,0.1000
1779201981.746,0.2356,0.0231,4.00,183.3,-2.35,-11.30,0.77,0.1945,0.1000
1779201981.808,0.2369,0.0231,4.00,183.3,-2.32,-11.34,0.77,0.1938,0.1000
1779201981.911,0.2391,0.0232,4.00,183.3,-2.32,-11.37,0.76,0.1935,0.1000
1779201981.975,0.2405,0.0213,4.00,183.3,-2.33,-11.36,0.74,0.1935,0.1000
1779201982.044,0.2413,0.0214,4.00,183.3,-2.33,-11.31,0.73,0.1931,0.1000
1779201982.111,0.2418,0.0214,4.00,183.3,-2.31,-11.29,0.72,0.1922,0.1000
1779201982.176,0.2421,0.0214,4.00,183.3,-2.31,-11.29,0.72,0.1918,0.1000
1779201982.243,0.2426,0.0215,4.00,183.3,-2.33,-11.29,0.71,0.1911,0.1000
1779201982.309,0.2432,0.0215,4.00,183.3,-2.31,-11.28,0.71,0.1910,0.1000
1779201982.378,0.2427,0.0216,4.00,183.3,-2.28,-11.37,0.72,0.1904,0.1000
1779201982.445,0.2486,0.0216,4.00,183.3,-2.15,-11.81,0.70,0.1903,0.1000
1779201982.510,0.2509,0.0217,4.00,183.3,-2.05,-12.05,0.68,0.1897,0.1000
1779201982.579,0.2542,0.0217,4.00,183.3,-1.99,-12.17,0.67,0.1899,0.1000
1779201982.645,0.2657,0.0217,4.00,183.3,-1.77,-12.45,0.63,0.1898,0.1000
1779201982.713,0.2744,0.0218,4.00,183.3,-1.62,-12.54,0.60,0.1894,0.1000
1779201982.778,0.2797,0.0218,4.00,183.3,-1.48,-12.42,0.56,0.1898,0.1000
1779201982.845,0.2841,0.0219,4.00,183.3,-1.40,-12.36,0.56,0.1902,0.1000
1779201982.910,0.2841,0.0219,4.00,183.3,-1.34,-12.17,0.61,0.1920,0.1000
1779201982.977,0.2844,0.0220,4.00,183.3,-1.30,-12.26,0.66,0.1940,0.1000
1779201983.043,0.2853,0.0220,4.00,183.3,-1.31,-12.17,0.67,0.1938,0.1000
1779201983.112,0.2858,0.0220,4.00,183.3,-1.29,-12.12,0.69,0.1942,0.1000
1779201983.180,0.2863,0.0221,4.00,183.3,-1.30,-12.12,0.71,0.1944,0.1000
1779201983.244,0.2865,0.0221,4.00,183.3,-1.28,-12.09,0.74,0.1946,0.1000
1779201983.312,0.2868,0.0221,4.00,183.3,-1.27,-11.95,0.75,0.1947,0.1000
1779201983.381,0.2870,0.0222,4.00,183.3,-1.27,-11.95,0.78,0.1949,0.1000
1779201983.443,0.2874,0.0222,4.00,183.3,-1.24,-12.06,0.82,0.1952,0.1000
1779201983.510,0.2875,0.0223,4.00,183.3,-1.22,-12.29,0.86,0.1964,0.1000
1779201983.580,0.2887,0.0223,4.00,183.3,-1.24,-12.17,0.86,0.1965,0.1000
1779201983.648,0.2887,0.0224,4.00,183.3,-1.24,-12.02,0.85,0.1968,0.1000
1779201983.711,0.2888,0.0224,4.00,183.3,-1.24,-12.07,0.85,0.1969,0.1000
1779201983.780,0.2885,0.0224,4.00,183.3,-1.24,-12.13,0.86,0.1969,0.1000
1779201983.846,0.2879,0.0225,4.00,183.3,-1.20,-11.95,0.85,0.1970,0.1000
1779201983.910,0.2879,0.0225,4.00,183.3,-1.20,-11.89,0.86,0.1969,0.1000
1779201983.970,0.2875,0.0226,4.00,183.3,-1.22,-11.81,0.85,0.1966,0.1000
1779201984.009,0.2877,0.0226,4.00,183.3,-1.23,-11.74,0.85,0.1964,0.1000
1779201984.076,0.2879,0.0226,4.00,183.3,-1.23,-11.72,0.85,0.1967,0.1000
1779201984.146,0.0301,0.0247,4.00,183.3,-2.57,-9.51,0.77,0.1977,0.1000
1779201984.212,0.0958,0.0269,4.00,183.3,-2.28,-10.22,0.69,0.1984,0.1000
1779201984.278,0.1788,0.0290,4.00,183.3,-1.89,-10.45,0.58,0.1983,0.1000
1779201984.343,0.2286,0.0290,5.00,186.0,-1.68,-10.63,0.61,0.1975,0.1000
1779201984.412,0.2519,0.0291,5.00,186.0,-1.49,-11.26,0.72,0.1969,0.1000
1779201984.474,0.2621,0.0292,5.00,186.0,-1.37,-11.55,0.77,0.1965,0.1000
1779201984.544,0.2690,0.0292,5.00,186.0,-1.26,-11.81,0.77,0.1963,0.1000
1779201984.613,0.2732,0.0293,5.00,186.0,-1.19,-11.86,0.75,0.1959,0.1000
1779201984.677,0.2773,0.0294,5.00,186.0,-1.10,-11.76,0.73,0.1953,0.1000
1779201984.744,0.2788,0.0294,5.00,186.0,-1.06,-11.67,0.72,0.1953,0.1000
1779201984.813,0.2811,0.0295,5.00,186.0,-1.03,-11.63,0.72,0.1950,0.1000
1779201984.878,0.2836,0.0295,5.00,186.0,-1.02,-11.77,0.71,0.1945,0.1000
1779201984.946,0.2794,0.0296,5.00,186.0,-1.15,-11.45,0.71,0.2001,0.1000
1779201985.012,0.2873,0.0297,5.00,186.0,-1.93,-11.02,0.57,0.2004,0.1000
1779201985.079,0.2837,0.0297,5.00,186.0,-2.79,-10.70,0.53,0.1985,0.1000
1779201985.145,0.2866,0.0298,5.00,186.0,-2.57,-11.70,0.48,0.1902,0.1000
1779201985.214,0.2803,0.0299,5.00,186.0,-2.60,-11.07,0.38,0.1946,0.1000
1779201985.277,0.2797,0.0299,5.00,186.0,-2.11,-11.19,0.47,0.2080,0.1000
1779201985.344,0.2744,0.0300,5.00,186.0,-2.23,-9.90,0.59,0.2027,0.1000
1779201985.413,0.2734,0.0300,5.00,186.0,-2.42,-6.79,0.75,0.2047,0.1000
1779201985.480,0.2719,0.0301,5.00,186.0,-3.13,-8.65,1.19,0.2090,0.1000
1779201985.544,0.2670,0.0302,5.00,186.0,-3.57,-8.51,1.28,0.2103,0.1000
1779201985.615,0.2618,0.0302,5.00,186.0,-3.29,-9.28,1.44,0.2125,0.1000
1779201985.680,0.2590,0.0303,5.00,186.0,-3.20,-11.07,1.79,0.2122,0.1000
1779201985.749,0.2593,0.0304,5.00,186.0,-3.16,-10.81,1.77,0.2113,0.1000
1779201985.812,0.2613,0.0304,5.00,186.0,-3.10,-10.73,1.65,0.2113,0.1000
1779201985.882,0.2608,0.0305,5.00,186.0,-2.65,-7.96,1.18,0.2120,0.1000
1779201985.945,0.2538,0.0306,5.00,186.0,-2.53,0.24,0.12,0.2153,0.1000
1779201986.010,0.2584,0.0306,5.00,186.0,-2.65,-3.29,0.73,0.2159,0.1000
1779201986.078,0.2269,0.0307,5.00,186.0,-2.43,-9.09,1.28,0.2143,0.1000
1779201986.143,0.1941,0.0308,5.00,186.0,-2.26,-7.10,0.79,0.2130,0.1000
1779201986.214,0.2077,0.0308,5.00,186.0,-2.55,-1.64,-0.27,0.2106,0.1000
1779201986.278,0.2279,0.0308,5.00,186.0,-2.77,-2.44,-0.50,0.2087,0.1000
1779201986.345,0.2376,0.0308,5.00,186.0,-2.07,-0.61,-0.89,0.2123,0.1000
1779201986.410,0.2459,0.0308,5.00,186.0,-1.42,1.82,-1.38,0.2280,0.1000
1779201986.483,0.2547,0.0308,5.00,186.0,-1.38,7.89,-2.22,0.2503,0.1000
1779201986.545,0.2591,0.0308,5.00,186.0,-2.24,4.17,-1.81,0.2159,0.1000
1779201986.614,0.2627,0.0308,5.00,186.0,-1.90,3.62,-1.94,0.1813,0.1000
1779201986.678,0.2644,0.0308,5.00,186.0,-1.50,4.91,-2.15,0.1555,0.1000
1779201986.749,0.2654,0.0308,5.00,186.0,-0.92,3.68,-2.00,0.1417,0.1000
1779201986.813,0.2650,0.0308,5.00,186.0,-0.57,3.16,-1.80,0.1385,0.1000
1779201986.877,0.2648,0.0286,5.00,186.0,-0.24,3.50,-1.84,0.1348,0.1000
1779201986.944,0.2642,0.0264,5.00,186.0,0.01,3.31,-1.85,0.1281,0.1000
1779201987.014,0.2612,0.0242,5.00,186.0,0.19,3.78,-1.79,0.1273,0.1000
1779201987.082,0.2617,0.0220,5.00,186.0,0.38,3.33,-1.62,0.1264,0.1000
1779201987.145,0.2624,0.0220,5.00,186.0,0.50,3.45,-1.51,0.1266,0.1000
1779201987.214,0.2638,0.0220,5.00,186.0,0.54,3.49,-1.51,0.1266,0.1000
1779201987.284,0.2653,0.0220,5.00,186.0,0.58,3.73,-1.50,0.1265,0.1000
1779201987.344,0.2653,0.0220,5.00,186.0,0.63,4.27,-1.56,0.1266,0.1000
1779201987.414,0.2658,0.0220,5.00,186.0,0.64,4.56,-1.59,0.1273,0.1000
1779201987.479,0.2660,0.0220,5.00,186.0,0.59,4.54,-1.59,0.1287,0.1000
1779201987.551,0.2667,0.0220,5.00,186.0,0.40,5.15,-1.67,0.1348,0.1000
1779201987.612,0.2658,0.0220,5.00,186.0,-0.06,6.18,-1.62,0.1490,0.1000
1779201987.679,0.2666,0.0220,5.00,186.0,-0.80,8.75,-1.70,0.1921,0.1000
1779201987.746,0.2681,0.0220,5.00,186.0,-1.26,11.42,-1.85,0.2958,0.1000
1779201987.813,0.2697,0.0220,5.00,186.0,-1.31,12.36,-1.99,0.3355,0.1000
1779201987.881,0.2718,0.0220,5.00,186.0,-1.31,12.87,-2.09,0.3458,0.1000
1779201987.949,0.2757,0.0220,5.00,186.0,-1.36,12.24,-2.16,0.3490,0.1000
1779201988.014,0.2761,0.0220,5.00,186.0,-1.43,11.19,-2.16,0.3478,0.1000
1779201988.078,0.2768,0.0220,5.00,186.0,-1.52,10.52,-2.12,0.3515,0.1000
1779201988.145,0.2776,0.0220,5.00,186.0,-1.52,11.63,-2.26,0.3533,0.1000
1779201988.217,0.2757,0.0220,5.00,186.0,-1.68,11.83,-2.28,0.3568,0.1000
1779201988.280,0.2769,0.0220,5.00,186.0,-1.81,11.64,-2.24,0.3640,0.1000
1779201988.348,0.2745,0.0220,5.00,186.0,-2.00,10.99,-2.22,0.3629,0.1000
1779201988.415,0.2713,0.0220,5.00,186.0,-2.12,10.22,-2.12,0.3598,0.1000
1779201988.481,0.2711,0.0220,5.00,186.0,-2.12,9.91,-2.04,0.3580,0.1000
1779201988.544,0.2716,0.0220,5.00,186.0,-2.21,9.80,-2.00,0.3603,0.1000
1779201988.614,0.2733,0.0220,5.00,186.0,-2.46,11.11,-2.02,0.3756,0.1000
1779201988.682,0.2696,0.0220,5.00,186.0,-2.62,13.41,-2.19,0.3819,0.1000
1779201988.746,0.2723,0.0220,5.00,186.0,-2.49,14.50,-2.28,0.3878,0.1000
1779201988.812,0.2728,0.0220,5.00,186.0,-2.33,14.63,-2.45,0.3809,0.1000
1779201988.885,0.2729,0.0220,5.00,186.0,-2.20,15.42,-2.70,0.3787,0.1000
1779201988.945,0.2807,0.0220,5.00,186.0,-2.28,16.98,-2.72,0.3788,0.1000
1779201989.017,0.2754,0.0220,5.00,186.0,-2.13,15.17,-1.84,0.3630,0.1000
1779201989.080,0.2775,0.0220,5.00,186.0,-1.50,12.70,-1.26,0.3508,0.1000
1779201989.148,0.2742,0.0220,5.00,186.0,-1.86,11.58,-0.94,0.3432,0.1000
1779201989.213,0.2833,0.0220,5.00,186.0,-1.55,9.61,-0.42,0.3218,0.1000
1779201989.280,0.2896,0.0220,5.00,186.0,-2.13,5.98,-0.13,0.3132,0.1000
1779201989.345,0.2851,0.0220,5.00,186.0,-1.95,8.64,-0.66,0.3105,0.1000
1779201989.414,0.2815,0.0220,5.00,186.0,-1.99,7.68,-0.73,0.3050,0.1000
1779201989.483,0.2820,0.0220,5.00,186.0,-1.84,5.82,-0.49,0.2637,0.1000
1779201989.547,0.2763,0.0220,5.00,186.0,-1.58,5.32,-0.55,0.2460,0.1000
1779201989.614,0.2694,0.0220,5.00,186.0,-0.83,4.28,-0.47,0.2301,0.1000
1779201989.683,0.2689,0.0220,5.00,186.0,-0.77,3.83,-0.51,0.2207,0.1000
1779201989.746,0.2684,0.0220,5.00,186.0,-0.68,3.81,-0.59,0.2039,0.1000
1779201989.816,0.2687,0.0220,5.00,186.0,-0.69,3.69,-0.52,0.1974,0.1000
1779201989.880,0.2720,0.0220,5.00,186.0,-0.80,3.62,-0.56,0.1905,0.1000
1779201989.945,0.2652,0.0220,5.00,186.0,-0.65,3.59,-0.52,0.1863,0.1000
1779201990.013,0.2678,0.0220,5.00,186.0,-0.74,3.26,-0.49,0.1874,0.1000
1779201990.084,0.2763,0.0220,5.00,186.0,-0.69,3.00,-0.46,0.1995,0.1000
1779201990.149,0.2779,0.0220,5.00,186.0,-0.71,3.22,-0.49,0.2079,0.1000
1779201990.216,0.2771,0.0220,5.00,186.0,-0.95,2.23,-0.37,0.2034,0.1000
1779201990.281,0.2763,0.0220,5.00,186.0,-0.98,0.49,-0.12,0.2006,0.1000
1779201990.346,0.2775,0.0220,5.00,186.0,-0.96,1.40,-0.16,0.1982,0.1000
1779201990.414,0.2782,0.0220,5.00,186.0,-0.92,-0.58,-0.06,0.1935,0.1000
1779201990.482,0.2833,0.0220,5.00,186.0,-0.62,0.22,-0.23,0.1908,0.1000
1779201990.548,0.2861,0.0220,5.00,186.0,-0.74,0.15,-0.42,0.1830,0.1000
1779201990.617,0.2909,0.0220,5.00,186.0,-0.74,2.06,-0.60,0.1736,0.1000
1779201990.681,0.2912,0.0220,5.00,186.0,-1.43,1.85,-0.37,0.1608,0.1000
1779201990.748,0.2838,0.0220,5.00,186.0,-1.35,-2.69,0.21,0.1608,0.1000
1779201990.816,0.2794,0.0220,5.00,186.0,-1.02,-3.97,0.44,0.1617,0.1000
1779201990.882,0.2773,0.0220,5.00,186.0,-0.68,-3.53,0.42,0.1592,0.1000
1779201990.948,0.2800,0.0220,5.00,186.0,-0.00,-3.72,0.36,0.1512,0.1000
1779201991.014,0.2796,0.0220,5.00,186.0,-0.10,-4.35,0.39,0.1497,0.1000
1779201991.081,0.2791,0.0220,5.00,186.0,-0.59,-4.57,0.46,0.1552,0.1000
1779201991.149,0.2790,0.0220,5.00,186.0,-0.86,-4.08,0.56,0.1566,0.1000
1779201991.213,0.2786,0.0220,5.00,186.0,-0.90,-4.33,0.68,0.1583,0.1000
1779201991.280,0.2794,0.0220,5.00,186.0,-0.74,-7.48,1.22,0.1713,0.1000
1779201991.348,0.2766,0.0220,5.00,186.0,-0.84,-9.21,1.31,0.1872,0.1000
1779201991.415,0.2799,0.0220,5.00,186.0,-0.73,-8.63,1.06,0.1905,0.1000
1779201991.481,0.2790,0.0220,5.00,186.0,-0.60,-8.50,0.87,0.1886,0.1000
1779201991.550,0.2791,0.0220,5.00,186.0,-0.60,-8.25,0.67,0.1917,0.1000
1779201991.617,0.2794,0.0220,5.00,186.0,-0.63,-7.50,0.46,0.1978,0.1000
1779201991.682,0.2802,0.0220,5.00,186.0,-0.66,-7.50,0.32,0.2265,0.1000
1779201991.749,0.2802,0.0220,5.00,186.0,-0.61,-8.21,0.32,0.2436,0.1000
1779201991.818,0.2802,0.0220,5.00,186.0,-0.65,-7.66,0.06,0.2540,0.1000
1779201991.883,0.2796,0.0220,5.00,186.0,-0.72,-7.91,0.10,0.2562,0.1000
1779201991.946,0.2790,0.0220,5.00,186.0,-0.76,-9.03,0.35,0.2555,0.1000
1779201992.014,0.2794,0.0220,5.00,186.0,-0.64,-9.33,0.52,0.2545,0.1000
1779201992.084,0.2809,0.0220,5.00,186.0,-0.49,-9.83,0.77,0.2472,0.1000
1779201992.149,0.2802,0.0220,5.00,186.0,-0.28,-10.79,1.15,0.2471,0.1000
1779201992.214,0.2799,0.0220,5.00,186.0,-0.20,-12.24,1.38,0.2401,0.1000
1779201992.285,0.2836,0.0220,5.00,186.0,-0.11,-12.42,1.31,0.2348,0.1000
1779201992.352,0.2860,0.0220,5.00,186.0,-0.16,-8.95,0.87,0.1679,0.1000
1779201992.415,0.2872,0.0220,5.00,186.0,-0.10,-8.04,0.76,0.1383,0.1000
1779201992.480,0.2879,0.0220,5.00,186.0,-0.13,-8.77,0.84,0.1230,0.1000
1779201992.548,0.2878,0.0220,5.00,186.0,-0.19,-8.52,0.89,0.1064,0.1000
1779201992.617,0.2856,0.0220,5.00,186.0,-0.21,-8.08,1.19,0.1041,0.1000
1779201992.684,0.2854,0.0220,5.00,186.0,-0.26,-8.33,1.43,0.1021,0.1000
1779201992.748,0.2855,0.0220,5.00,186.0,-0.35,-7.80,1.69,0.1032,0.1000
1779201992.816,0.2857,0.0220,5.00,186.0,-0.41,-8.40,1.76,0.1015,0.1000
1779201992.881,0.2853,0.0220,5.00,186.0,-0.43,-10.07,2.00,0.1041,0.1000
1779201992.952,0.2859,0.0220,5.00,186.0,-0.57,-10.61,2.02,0.1059,0.1000
1779201993.015,0.2859,0.0220,5.00,186.0,-0.72,-11.05,2.07,0.1070,0.1000
1779201993.082,0.2856,0.0220,5.00,186.0,-0.84,-11.64,2.14,0.1071,0.1000
1779201993.149,0.2771,0.0220,5.00,186.0,-0.93,-12.81,2.20,0.1094,0.1000
1779201993.214,0.2666,0.0220,5.00,186.0,-1.09,-11.53,2.08,0.1103,0.1000
1779201993.282,0.2660,0.0220,5.00,186.0,-1.10,-11.40,1.99,0.1261,0.1000
1779201993.350,0.2644,0.0220,5.00,186.0,-1.10,-11.83,2.03,0.1304,0.1000
1779201993.415,0.2627,0.0220,5.00,186.0,-1.02,-11.59,2.00,0.1319,0.1000
1779201993.487,0.2617,0.0220,5.00,186.0,-0.89,-11.80,2.00,0.1337,0.1000
1779201993.547,0.2624,0.0220,5.00,186.0,-0.78,-11.87,1.99,0.1341,0.1000
1779201993.619,0.2600,0.0220,5.00,186.0,-0.92,-12.42,1.94,0.1359,0.1000
1779201993.681,0.2573,0.0220,5.00,186.0,-1.03,-11.81,1.89,0.1434,0.1000
1779201993.753,0.2552,0.0220,5.00,186.0,-0.87,-10.04,1.65,0.1440,0.1000
1779201993.815,0.2626,0.0220,5.00,186.0,-0.90,-9.70,1.48,0.1423,0.1000
1779201993.886,0.2673,0.0220,5.00,186.0,-0.68,-9.63,1.50,0.1384,0.1000
1779201993.949,0.2688,0.0220,5.00,186.0,-0.49,-9.70,1.45,0.1368,0.1000
1779201994.016,0.2711,0.0220,5.00,186.0,-0.35,-8.17,1.45,0.1371,0.1000
1779201994.081,0.2736,0.0220,5.00,186.0,-0.16,-7.63,1.38,0.1401,0.1000
1779201994.151,0.2740,0.0220,5.00,186.0,0.06,-6.08,1.19,0.1429,0.1000
1779201994.217,0.2756,0.0220,5.00,186.0,-0.02,-6.85,1.18,0.1441,0.1000
1779201994.287,0.2768,0.0220,5.00,186.0,0.09,-6.97,1.16,0.1455,0.1000
1779201994.349,0.2792,0.0220,5.00,186.0,0.02,-6.56,1.09,0.1464,0.1000
1779201994.415,0.2509,0.0220,5.00,186.0,0.08,-4.41,0.98,0.1490,0.1000
1779201994.483,0.2504,0.0220,5.00,186.0,-0.14,-4.23,0.95,0.1522,0.1000
1779201994.549,0.2451,0.0220,5.00,186.0,-0.38,-3.51,0.90,0.1562,0.1000
1779201994.618,0.2453,0.0220,5.00,186.0,-0.72,-8.02,1.28,0.1623,0.1000
1779201994.681,0.2463,0.0220,5.00,186.0,-1.84,-9.62,1.20,0.1882,0.1000
1779201994.751,0.2446,0.0220,5.00,186.0,-3.16,-4.75,0.45,0.2038,0.1000
1779201994.816,0.2365,0.0220,5.00,186.0,-3.10,-4.90,0.37,0.2006,0.1000
1779201994.881,0.2350,0.0220,5.00,186.0,-4.06,-4.72,0.48,0.2025,0.1000
1779201994.950,0.2239,0.0220,5.00,186.0,-4.07,-9.02,1.00,0.2020,0.1000
1779201995.018,0.2272,0.0220,5.00,186.0,-4.00,-7.24,0.64,0.2060,0.1000
1779201995.083,0.2220,0.0220,5.00,186.0,-2.67,-7.76,0.67,0.2045,0.1000
1779201995.152,0.2206,0.0221,5.00,186.0,-3.15,-10.86,1.13,0.2060,0.1000
1779201995.217,0.2232,0.0221,5.00,186.0,-3.16,-10.88,1.19,0.2091,0.1000
1779201995.283,0.2232,0.0222,5.00,186.0,-4.77,-9.50,1.37,0.2089,0.1000
1779201995.350,0.2303,0.0222,5.00,186.0,-4.06,-10.18,1.27,0.2095,0.1000
1779201995.409,0.2311,0.0222,5.00,186.0,8.87,24.78,-177.85,0.2101,0.1000
1779201995.443,0.2484,0.0222,5.00,186.0,-4.47,-10.80,1.30,0.2137,0.1000
1779201995.475,0.2475,0.0222,5.00,186.0,-4.75,-10.87,1.35,0.2116,0.1000
1779201995.511,0.2468,0.0221,5.00,186.0,8.62,25.33,-177.92,0.2100,0.1000
1779201995.579,0.2436,0.0221,5.00,186.0,-4.90,-10.81,1.40,0.2201,0.1000
1779201995.647,0.2635,0.0221,5.00,186.0,-4.76,-11.11,1.45,0.2159,0.1000
1779201995.717,0.2765,0.0221,5.00,186.0,8.90,25.88,-177.87,0.2146,0.1000
1779201995.783,0.2773,0.0221,5.00,186.0,-6.09,-8.80,1.09,0.2091,0.1000
1779201995.851,0.2777,0.0221,5.00,186.0,-6.02,-8.09,0.94,0.2076,0.1000
1779201995.917,0.2804,0.0221,5.00,186.0,-10.93,-5.88,0.77,0.2055,0.1000
1779201995.985,0.2809,0.0221,5.00,186.0,0.69,-9.49,0.45,0.2060,0.1000
1779201996.049,0.2822,0.0221,5.00,186.0,-4.23,-11.43,1.18,0.2061,0.1000
1779201996.111,0.2836,0.0221,5.00,186.0,-3.72,-11.49,1.09,0.2053,0.1000
1779201996.177,0.2849,0.0221,5.00,186.0,-2.46,-10.27,0.76,0.2028,0.1000
1779201996.248,0.2855,0.0221,5.00,186.0,-3.83,-6.85,0.11,0.1943,0.1000
1779201996.317,0.2849,0.0221,5.00,186.0,-4.09,-7.18,-0.00,0.1979,0.1000
1779201996.381,0.2836,0.0221,5.00,186.0,-4.40,-7.76,-0.03,0.1974,0.1000
1779201996.449,0.2831,0.0221,5.00,186.0,-4.23,-9.79,0.27,0.1957,0.1000
1779201996.515,0.2825,0.0221,5.00,186.0,-4.08,-9.34,0.27,0.1958,0.1000
1779201996.578,0.2815,0.0221,5.00,186.0,-3.76,-9.69,0.40,0.1921,0.1000
1779201996.644,0.2815,0.0221,5.00,186.0,-3.70,-9.94,0.70,0.1904,0.1000
1779201996.678,0.2816,0.0221,5.00,186.0,-3.65,-9.73,0.73,0.1896,0.1000
1779201996.711,0.2818,0.0221,5.00,186.0,-3.56,-9.52,0.78,0.1897,0.1000
1779201996.745,0.2820,0.0221,5.00,186.0,-3.49,-9.50,0.83,0.1884,0.1000
1779201996.778,0.2820,0.0220,5.00,186.0,-3.44,-9.54,0.90,0.1898,0.1000
1779201996.811,0.2821,0.0220,5.00,186.0,-3.34,-9.33,0.97,0.1893,0.1000
1779201996.847,0.2821,0.0220,5.00,186.0,-3.22,-9.36,1.04,0.1887,0.1000
1779201996.912,0.2820,0.0198,5.00,186.0,-3.04,-9.38,1.09,0.1889,0.1000
1779201996.979,0.2818,0.0176,5.00,186.0,-2.99,-9.15,1.13,0.1879,0.1000
1779201997.050,0.2827,0.0176,5.00,186.0,-3.06,-9.18,1.20,0.1882,0.1000
1779201997.115,0.2809,0.0176,5.00,186.0,-2.96,-8.66,1.17,0.1911,0.1000
1779201997.185,0.2798,0.0176,5.00,186.0,-2.89,-8.72,1.15,0.1949,0.1000
1779201997.250,0.2791,0.0176,5.00,186.0,-2.90,-8.48,1.13,0.1969,0.1000
1779201997.315,0.2783,0.0176,5.00,186.0,-2.83,-8.04,1.06,0.1969,0.1000
1779201997.381,0.2777,0.0176,5.00,186.0,-2.75,-8.00,1.09,0.1964,0.1000
1779201997.449,0.2784,0.0176,5.00,186.0,-2.62,-8.14,1.11,0.1952,0.1000
1779201997.518,0.2791,0.0176,5.00,186.0,-2.25,-7.74,1.04,0.1935,0.1000
1779201997.584,0.2791,0.0176,5.00,186.0,-1.98,-6.64,0.97,0.1881,0.1000
1779201997.649,0.2798,0.0176,5.00,186.0,-1.67,-7.41,1.16,0.1828,0.1000
1779201997.718,0.2821,0.0176,5.00,186.0,-1.04,-9.49,1.48,0.1722,0.1000
1779201997.785,0.2843,0.0176,5.00,186.0,-0.78,-8.65,1.49,0.1721,0.1000
1779201997.851,0.2872,0.0176,5.00,186.0,-0.40,-8.07,1.44,0.1691,0.1000
1779201997.919,0.2886,0.0176,5.00,186.0,-0.07,-7.46,1.27,0.1713,0.1000
1779201997.985,0.2891,0.0176,5.00,186.0,-0.35,-4.27,0.91,0.1690,0.1000
1779201998.051,0.2897,0.0176,5.00,186.0,-0.37,-1.03,0.60,0.1719,0.1000
1779201998.118,0.2861,0.0176,5.00,186.0,-1.06,-0.62,0.59,0.1670,0.1000
1779201998.185,0.2832,0.0176,5.00,186.0,-0.64,1.40,0.39,0.1594,0.1000
1779201998.252,0.2810,0.0176,5.00,186.0,-0.65,1.46,0.42,0.1568,0.1000
1779201998.316,0.2803,0.0176,5.00,186.0,-0.57,1.05,0.47,0.1616,0.1000
1779201998.378,0.2816,0.0176,5.00,186.0,-0.72,-0.29,0.56,0.1727,0.1000
1779201998.410,0.2818,0.0176,5.00,186.0,-0.80,-0.47,0.51,0.1810,0.1000
1779201998.447,0.2817,0.0175,5.00,186.0,-0.87,-0.43,0.47,0.1906,0.1000
1779201998.516,0.2818,0.0175,5.00,186.0,-0.91,-2.08,0.64,0.1906,0.1000
1779201998.585,0.2819,0.0175,5.00,186.0,-1.01,-3.32,0.74,0.1855,0.1000
1779201998.651,0.2608,0.0175,5.00,186.0,-1.23,-4.80,0.79,0.1838,0.1000
1779201998.719,0.2589,0.0175,5.00,186.0,-1.38,-5.24,0.86,0.1851,0.1000
1779201998.785,0.2568,0.0175,5.00,186.0,-1.48,-6.03,0.96,0.1863,0.1000
1779201998.851,0.2568,0.0175,5.00,186.0,-1.46,-6.16,0.91,0.1912,0.1000
1779201998.920,0.2563,0.0175,5.00,186.0,-1.31,-5.97,0.91,0.1933,0.1000
1779201998.986,0.2558,0.0175,5.00,186.0,-1.49,-7.42,1.12,0.1958,0.1000
1779201999.051,0.2572,0.0175,5.00,186.0,-1.61,-8.59,1.31,0.1968,0.1000
1779201999.119,0.2609,0.0175,5.00,186.0,-1.70,-9.62,1.47,0.1970,0.1000
1779201999.187,0.2619,0.0175,5.00,186.0,-1.73,-9.72,1.43,0.1954,0.1000
1779201999.250,0.2634,0.0175,5.00,186.0,-1.67,-9.03,1.32,0.1956,0.1000
1779201999.316,0.2637,0.0175,5.00,186.0,-1.62,-9.39,1.45,0.1936,0.1000
1779201999.386,0.2667,0.0175,5.00,186.0,-1.58,-10.25,1.61,0.1933,0.1000
1779201999.453,0.2678,0.0175,5.00,186.0,-1.58,-10.92,1.70,0.1932,0.1000
1779201999.519,0.2770,0.0154,5.00,186.0,-1.07,-12.75,2.11,0.1962,0.1000
1779201999.586,0.2815,0.0154,5.00,186.0,-1.14,-11.41,1.99,0.1942,0.1000
1779201999.654,0.2959,0.0154,5.00,186.0,-1.26,-9.58,1.43,0.1826,0.1000
1779201999.716,0.3057,0.0154,5.00,186.0,-0.47,-9.16,1.16,0.1687,0.1000
1779201999.786,0.2813,0.0154,5.00,186.0,-1.13,-2.43,0.33,0.1760,0.1000
1779201999.853,0.2909,0.0154,5.00,186.0,-0.27,-4.79,0.79,0.1733,0.1000
1779201999.919,0.2812,0.0154,5.00,186.0,-0.83,-3.34,0.68,0.1754,0.1000
1779201999.985,0.2854,0.0154,5.00,186.0,-0.47,-4.41,0.87,0.1649,0.1000
1779202000.053,0.2813,0.0154,5.00,186.0,-1.16,-5.44,1.21,0.1783,0.1000
1779202000.119,0.2829,0.0154,5.00,186.0,-0.62,-4.86,1.10,0.1754,0.1000
1779202000.184,0.2940,0.0154,5.00,186.0,-1.11,-3.99,1.13,0.1727,0.1000
1779202000.252,0.2914,0.0154,5.00,186.0,-0.92,-4.97,1.27,0.1745,0.1000
1779202000.317,0.2856,0.0154,5.00,186.0,-0.86,-4.76,0.90,0.1774,0.1000
1779202000.383,0.2845,0.0154,5.00,186.0,-0.53,-3.62,0.74,0.1773,0.1000
1779202000.453,0.2863,0.0154,5.00,186.0,-0.54,-3.99,0.76,0.1787,0.1000
1779202000.517,0.2886,0.0154,5.00,186.0,-0.58,-4.35,0.82,0.1813,0.1000
1779202000.587,0.2870,0.0154,5.00,186.0,-0.82,-5.02,0.91,0.1840,0.1000
1779202000.651,0.2874,0.0154,5.00,186.0,-0.83,-5.14,0.95,0.1848,0.1000
1779202000.719,0.2868,0.0154,5.00,186.0,-0.85,-3.72,0.75,0.1851,0.1000
1779202000.782,0.2862,0.0154,5.00,186.0,-0.84,-2.70,0.61,0.1852,0.1000
1779202000.849,0.2858,0.0154,5.00,186.0,-0.76,-2.78,0.61,0.1876,0.1000
1779202000.919,0.2860,0.0154,5.00,186.0,-0.39,-1.50,0.54,0.1832,0.1000
1779202000.982,0.2849,0.0154,5.00,186.0,-0.51,-2.92,0.69,0.1850,0.1000
1779202001.051,0.2852,0.0154,5.00,186.0,-0.57,-2.36,0.61,0.1866,0.1000
1779202001.118,0.2853,0.0154,5.00,186.0,-0.59,-2.17,0.58,0.1864,0.1000
1779202001.186,0.2851,0.0154,5.00,186.0,-0.60,-2.32,0.62,0.1862,0.1000
1779202001.252,0.2858,0.0154,5.00,186.0,-0.33,-2.78,0.69,0.1811,0.1000
1779202001.320,0.2865,0.0154,5.00,186.0,-0.49,-3.26,0.82,0.1810,0.1000
1779202001.384,0.2998,0.0154,5.00,186.0,-0.50,-3.02,0.92,0.1691,0.1000
1779202001.452,0.3068,0.0132,5.00,186.0,-0.61,-2.01,0.54,0.1625,0.1000
1779202001.517,0.3075,0.0110,5.00,186.0,0.03,-2.60,0.60,0.1695,0.1000
1779202001.586,0.3071,0.0088,5.00,186.0,-0.53,-2.79,0.88,0.1712,0.1000
1779202001.652,0.3078,0.0066,5.00,186.0,-0.49,-3.16,0.99,0.1693,0.1000
1779202001.720,0.3057,0.0066,5.00,186.0,-0.74,-3.81,0.93,0.1738,0.1000
1779202001.787,0.3036,0.0066,5.00,186.0,-0.75,-2.55,0.82,0.1729,0.1000
1779202001.854,0.3015,0.0066,5.00,186.0,-0.71,-3.35,0.89,0.1772,0.1000
1779202001.920,0.3013,0.0066,5.00,186.0,-0.94,-2.94,0.79,0.1790,0.1000
1779202001.985,0.2895,0.0066,5.00,186.0,-0.75,-2.16,0.87,0.1784,0.1000
1779202002.052,0.2966,0.0066,5.00,186.0,-0.99,-3.81,1.01,0.1770,0.1000
1779202002.120,0.2851,0.0066,5.00,186.0,-0.88,-2.44,0.90,0.1742,0.1000
1779202002.187,0.2858,0.0066,5.00,186.0,-0.95,-1.74,0.82,0.1758,0.1000
1779202002.251,0.2754,0.0066,5.00,186.0,-0.64,-1.66,0.73,0.1710,0.1000
1779202002.321,0.2739,0.0066,5.00,186.0,-0.74,-2.83,0.72,0.1729,0.1000
1779202002.386,0.2772,0.0066,5.00,186.0,-0.84,-0.72,0.32,0.1733,0.1000
1779202002.453,0.2776,0.0066,5.00,186.0,-0.92,-0.69,0.27,0.1773,0.1000
1779202002.515,0.2767,0.0066,5.00,186.0,-0.91,-0.86,0.29,0.1789,0.1000
1779202002.585,0.2768,0.0066,5.00,186.0,-0.87,-0.82,0.29,0.1790,0.1000
1779202002.652,0.2761,0.0066,5.00,186.0,-0.81,-0.90,0.32,0.1788,0.1000
1779202002.721,0.2758,0.0066,5.00,186.0,-0.71,-1.30,0.39,0.1782,0.1000
1779202002.783,0.2756,0.0066,5.00,186.0,-0.65,-1.59,0.44,0.1780,0.1000
1779202002.854,0.2763,0.0066,5.00,186.0,-0.52,-1.91,0.48,0.1773,0.1000
1779202002.920,0.2763,0.0066,5.00,186.0,-0.52,-2.13,0.51,0.1772,0.1000
1779202002.984,0.2818,0.0066,5.00,186.0,-0.62,-2.67,0.49,0.1767,0.1000
1779202003.054,0.2825,0.0066,5.00,186.0,-0.69,-2.29,0.38,0.1774,0.1000
1779202003.120,0.2817,0.0066,5.00,186.0,-0.74,-2.49,0.36,0.1774,0.1000
1779202003.184,0.2802,0.0066,5.00,186.0,-0.77,-2.49,0.35,0.1774,0.1000
1779202003.250,0.2776,0.0066,5.00,186.0,-0.74,-2.79,0.40,0.1780,0.1000
1779202003.319,0.2770,0.0066,5.00,186.0,-0.79,-2.88,0.38,0.1783,0.1000
1779202003.387,0.2765,0.0066,5.00,186.0,-0.78,-2.26,0.33,0.1778,0.1000
1779202003.454,0.2748,0.0066,5.00,186.0,-0.76,-2.29,0.32,0.1769,0.1000
1779202003.516,0.2745,0.0066,5.00,186.0,-0.75,-2.41,0.32,0.1770,0.1000
1779202003.587,0.2735,0.0066,5.00,186.0,-0.72,-2.41,0.32,0.1771,0.1000
1779202003.649,0.2735,0.0066,5.00,186.0,-0.69,-2.27,0.29,0.1772,0.1000
1779202003.721,0.2478,0.0066,5.00,186.0,-0.99,-3.61,0.29,0.1776,0.1000
1779202003.787,0.2381,0.0066,5.00,186.0,-1.12,-3.41,0.25,0.1781,0.1000
1779202003.850,0.2390,0.0066,5.00,186.0,-1.10,-3.01,0.20,0.1788,0.1000
1779202003.921,0.2399,0.0066,5.00,186.0,-1.11,-3.04,0.20,0.1790,0.1000
1779202003.988,0.2407,0.0066,5.00,186.0,-1.11,-3.19,0.21,0.1794,0.1000
1779202004.054,0.2428,0.0066,5.00,186.0,-1.11,-3.16,0.20,0.1798,0.1000
1779202004.121,0.2480,0.0066,5.00,186.0,-1.09,-3.13,0.21,0.1801,0.1000
1779202004.188,0.2528,0.0066,5.00,186.0,-1.09,-2.98,0.20,0.1799,0.1000
1779202004.255,0.2570,0.0066,5.00,186.0,-1.08,-2.79,0.19,0.1800,0.1000
1779202004.321,0.2606,0.0066,5.00,186.0,-1.07,-2.74,0.20,0.1801,0.1000
1779202004.385,0.2610,0.0066,5.00,186.0,-1.13,-2.21,0.19,0.1805,0.1000
1779202004.452,0.2609,0.0066,5.00,186.0,-1.15,-1.65,0.18,0.1804,0.1000
1779202004.520,0.2612,0.0066,5.00,186.0,-1.14,-1.58,0.22,0.1805,0.1000
1779202004.588,0.2612,0.0066,5.00,186.0,-1.14,-1.42,0.23,0.1804,0.1000
1779202004.655,0.2617,0.0066,5.00,186.0,-1.18,-1.60,0.28,0.1803,0.1000
1779202004.720,0.2619,0.0066,5.00,186.0,-1.18,-1.55,0.28,0.1803,0.1000
1779202004.786,0.2606,0.0066,5.00,186.0,-1.15,-1.40,0.28,0.1806,0.1000
1779202004.855,0.2701,0.0066,5.00,186.0,-0.92,-1.50,0.29,0.1811,0.1000
1779202004.921,0.2841,0.0066,5.00,186.0,-0.74,-2.08,0.37,0.1819,0.1000
1779202004.987,0.2962,0.0066,5.00,186.0,-0.52,-2.98,0.48,0.1819,0.1000
1779202005.053,0.3069,0.0066,5.00,186.0,-0.20,-3.37,0.52,0.1815,0.1000
1779202005.122,0.3182,0.0066,5.00,186.0,0.02,-3.45,0.47,0.1806,0.1000
1779202005.188,0.3227,0.0066,5.00,186.0,0.01,-3.65,0.44,0.1802,0.1000
1779202005.252,0.3242,0.0066,5.00,186.0,0.01,-3.52,0.37,0.1807,0.1000
1779202005.319,0.3242,0.0066,5.00,186.0,0.02,-3.67,0.36,0.1806,0.1000
1779202005.384,0.3238,0.0066,5.00,186.0,-0.00,-3.53,0.34,0.1805,0.1000
1779202005.454,0.3236,0.0066,5.00,186.0,-0.07,-3.29,0.30,0.1807,0.1000
1779202005.521,0.3240,0.0066,5.00,186.0,-0.09,-3.30,0.29,0.1808,0.1000
1779202005.589,0.3278,0.0066,5.00,186.0,0.16,-4.42,0.35,0.1813,0.1000
1779202005.652,0.3620,0.0066,5.00,186.0,0.46,-4.41,0.25,0.1796,0.1000
1779202005.722,0.3689,0.0066,5.00,186.0,0.72,-5.14,0.32,0.1782,0.1000
1779202005.788,0.3659,0.0066,5.00,186.0,0.74,-0.84,-0.08,0.1786,0.1000
1779202005.855,0.3236,0.0066,5.00,186.0,0.45,-1.42,0.09,0.1789,0.1000
1779202005.922,0.3082,0.0066,5.00,186.0,0.11,-1.61,0.12,0.1795,0.1000
1779202005.985,0.2991,0.0066,5.00,186.0,-0.05,-1.74,0.14,0.1799,0.1000
1779202006.052,0.2968,0.0066,5.00,186.0,-0.15,-1.64,0.15,0.1804,0.1000
1779202006.123,0.2955,0.0066,5.00,186.0,-0.25,-1.56,0.16,0.1805,0.1000
1779202006.189,0.2948,0.0066,5.00,186.0,-0.36,-1.55,0.17,0.1809,0.1000
1779202006.253,0.2935,0.0066,5.00,186.0,-0.39,-1.66,0.19,0.1810,0.1000
1779202006.322,0.2908,0.0066,5.00,186.0,-0.42,-1.77,0.20,0.1810,0.1000
1779202006.385,0.2888,0.0066,5.00,186.0,-0.46,-1.86,0.22,0.1811,0.1000
1779202006.454,0.2862,0.0066,5.00,186.0,-0.49,-1.97,0.26,0.1811,0.1000
1779202006.519,0.2855,0.0066,5.00,186.0,-0.51,-2.02,0.28,0.1813,0.1000
1779202006.586,0.2842,0.0066,5.00,186.0,-0.53,-1.94,0.29,0.1815,0.1000
1779202006.652,0.2830,0.0066,5.00,186.0,-0.55,-2.02,0.32,0.1813,0.1000
1779202006.721,0.2817,0.0066,5.00,186.0,-0.57,-1.99,0.33,0.1811,0.1000
1779202006.789,0.2804,0.0066,5.00,186.0,-0.59,-2.02,0.35,0.1806,0.1000
1779202006.856,0.2760,0.0066,5.00,186.0,-0.65,-1.92,0.38,0.1804,0.1000
1779202006.921,0.2677,0.0066,5.00,186.0,-0.75,-1.51,0.42,0.1806,0.1000
1779202006.986,0.2637,0.0066,5.00,186.0,-0.82,-1.15,0.43,0.1804,0.1000
1779202007.051,0.2599,0.0066,5.00,186.0,-0.89,-0.61,0.44,0.1802,0.1000
1779202007.123,0.2583,0.0066,5.00,186.0,-0.96,-0.39,0.47,0.1798,0.1000
1779202007.186,0.2556,0.0066,5.00,186.0,-0.96,-0.37,0.49,0.1796,0.1000
1779202007.253,0.2548,0.0066,5.00,186.0,-0.93,-1.01,0.48,0.1795,0.1000
1779202007.322,0.2550,0.0066,5.00,186.0,-0.92,-1.36,0.48,0.1795,0.1000
1779202007.387,0.2552,0.0066,5.00,186.0,-0.91,-1.49,0.48,0.1797,0.1000
1779202007.454,0.2557,0.0066,5.00,186.0,-0.90,-1.60,0.46,0.1799,0.1000
1779202007.520,0.2561,0.0066,5.00,186.0,-0.92,-1.67,0.46,0.1800,0.1000
1779202007.590,0.2567,0.0066,5.00,186.0,-0.93,-1.41,0.43,0.1801,0.1000
1779202007.655,0.2568,0.0066,5.00,186.0,-0.96,-1.49,0.43,0.1803,0.1000
1779202007.719,0.2569,0.0066,5.00,186.0,-0.97,-1.35,0.40,0.1805,0.1000
1779202007.790,0.2570,0.0066,5.00,186.0,-0.96,-1.40,0.39,0.1809,0.1000
1779202007.857,0.2572,0.0066,5.00,186.0,-0.96,-1.46,0.39,0.1810,0.1000
1779202007.923,0.2578,0.0066,5.00,186.0,-0.95,-1.47,0.36,0.1813,0.1000
1779202007.986,0.2578,0.0066,5.00,186.0,-0.99,-1.80,0.35,0.1813,0.1000
1779202008.056,0.2540,0.0066,5.00,186.0,-1.19,-2.77,0.33,0.1811,0.1000
1779202008.123,0.2490,0.0066,5.00,186.0,-1.31,-3.19,0.30,0.1808,0.1000
1779202008.192,0.2457,0.0066,5.00,186.0,-1.42,-3.52,0.30,0.1804,0.1000
1779202008.254,0.2401,0.0066,5.00,186.0,-1.45,-2.68,0.28,0.1804,0.1000
1779202008.320,0.2443,0.0066,5.00,186.0,-1.42,-2.13,0.28,0.1802,0.1000
1779202008.389,0.2469,0.0066,5.00,186.0,-1.29,-1.70,0.31,0.1801,0.1000
1779202008.458,0.2483,0.0066,5.00,186.0,-1.27,-1.68,0.33,0.1799,0.1000
1779202008.520,0.2496,0.0066,5.00,186.0,-1.24,-1.76,0.33,0.1801,0.1000
1779202008.590,0.2507,0.0066,5.00,186.0,-1.21,-1.34,0.29,0.1805,0.1000
1779202008.654,0.2512,0.0066,5.00,186.0,-1.19,-1.36,0.30,0.1803,0.1000
1779202008.722,0.2516,0.0066,5.00,186.0,-1.14,-1.30,0.29,0.1805,0.1000
1779202008.790,0.2525,0.0066,5.00,186.0,-1.16,-1.59,0.31,0.1807,0.1000
1779202008.854,0.2532,0.0066,5.00,186.0,-1.17,-1.79,0.34,0.1807,0.1000
1779202008.924,0.2621,0.0066,5.00,186.0,-1.06,-2.43,0.32,0.1810,0.1000
1779202008.988,0.2729,0.0066,5.00,186.0,-0.88,-3.01,0.31,0.1812,0.1000
1779202009.055,0.2843,0.0066,5.00,186.0,-0.64,-2.91,0.23,0.1807,0.1000
1779202009.122,0.2886,0.0066,5.00,186.0,-0.44,-3.23,0.22,0.1808,0.1000
1779202009.190,0.2921,0.0066,5.00,186.0,-0.36,-3.75,0.25,0.1801,0.1000
1779202009.255,0.2929,0.0066,5.00,186.0,-0.39,-3.37,0.22,0.1797,0.1000
1779202009.324,0.2954,0.0066,5.00,186.0,-0.40,-3.36,0.25,0.1799,0.1000
1779202009.390,0.2929,0.0066,5.00,186.0,-0.51,-2.39,0.12,0.1803,0.1000
1779202009.457,0.2855,0.0066,5.00,186.0,-0.60,-2.57,0.12,0.1806,0.1000
1779202009.523,0.2805,0.0066,5.00,186.0,-0.63,-2.25,0.09,0.1806,0.1000
1779202009.589,0.2780,0.0066,5.00,186.0,-0.64,-2.30,0.11,0.1806,0.1000
1779202009.656,0.2755,0.0066,5.00,186.0,-0.66,-2.30,0.12,0.1808,0.1000
1779202009.725,0.2733,0.0066,5.00,186.0,-0.68,-2.31,0.14,0.1805,0.1000
1779202009.789,0.2708,0.0066,5.00,186.0,-0.65,-1.93,0.11,0.1804,0.1000
1779202009.854,0.2687,0.0066,5.00,186.0,-0.69,-1.89,0.12,0.1800,0.1000
1779202009.924,0.2652,0.0066,5.00,186.0,-0.75,-1.67,0.05,0.1798,0.1000
1779202009.991,0.2642,0.0066,5.00,186.0,-0.82,-2.12,0.07,0.1799,0.1000
1779202010.057,0.2588,0.0066,5.00,186.0,-0.90,-2.25,-0.02,0.1801,0.1000
1779202010.121,0.2586,0.0066,5.00,186.0,-0.98,-2.86,-0.05,0.1802,0.1000
1779202010.188,0.2564,0.0066,5.00,186.0,-0.97,-2.93,-0.04,0.1801,0.1000
1779202010.258,0.2531,0.0066,5.00,186.0,-0.98,-2.00,-0.03,0.1796,0.1000
1779202010.321,0.2525,0.0066,5.00,186.0,-0.93,-1.49,-0.03,0.1784,0.1000
1779202010.389,0.2524,0.0066,5.00,186.0,-0.85,-1.21,-0.02,0.1778,0.1000
1779202010.459,0.2535,0.0066,5.00,186.0,-0.89,-0.17,-0.03,0.1779,0.1000
1779202010.520,0.2533,0.0066,5.00,186.0,-0.92,0.78,-0.08,0.1777,0.1000
1779202010.588,0.2524,0.0066,5.00,186.0,-0.92,0.76,-0.03,0.1775,0.1000
1779202010.656,0.2522,0.0066,5.00,186.0,-0.94,0.99,-0.04,0.1775,0.1000
1779202010.723,0.2518,0.0066,5.00,186.0,-0.96,1.05,-0.03,0.1784,0.1000
1779202010.791,0.2519,0.0066,5.00,186.0,-1.00,0.94,0.01,0.1786,0.1000
1779202010.858,0.2518,0.0066,5.00,186.0,-0.99,1.06,0.01,0.1788,0.1000
1779202010.924,0.2521,0.0066,5.00,186.0,-1.02,0.71,0.06,0.1786,0.1000
1779202010.987,0.2520,0.0066,5.00,186.0,-0.99,-0.30,0.13,0.1788,0.1000
1779202011.054,0.2522,0.0066,5.00,186.0,-0.97,-0.53,0.13,0.1786,0.1000
1779202011.119,0.2533,0.0066,5.00,186.0,-0.94,-0.64,0.13,0.1784,0.1000
1779202011.153,0.2537,0.0066,5.00,186.0,-0.93,-0.41,0.14,0.1785,0.1000
1779202011.221,0.2622,0.0066,5.00,186.0,-0.84,-0.29,0.14,0.1785,0.1000
1779202011.291,0.2674,0.0066,5.00,186.0,-0.74,-0.81,0.23,0.1787,0.1000
1779202011.353,0.2699,0.0066,5.00,186.0,-0.62,-0.70,0.23,0.1786,0.1000
1779202011.422,0.2728,0.0066,5.00,186.0,-0.56,-0.90,0.27,0.1782,0.1000
1779202011.489,0.2760,0.0066,5.00,186.0,-0.48,-1.54,0.37,0.1788,0.1000
1779202011.559,0.2929,0.0066,5.00,186.0,-0.21,-1.56,0.32,0.1790,0.1000
1779202011.622,0.3241,0.0066,5.00,186.0,0.12,-1.57,0.35,0.1795,0.1000
1779202011.691,0.3485,0.0066,5.00,186.0,0.26,-0.89,0.25,0.1795,0.1000
1779202011.757,0.3626,0.0066,5.00,186.0,0.51,-0.54,0.23,0.1791,0.1000
1779202011.822,0.3644,0.0066,5.00,186.0,0.63,-0.27,0.23,0.1789,0.1000
1779202011.887,0.3658,0.0066,5.00,186.0,0.75,0.13,0.22,0.1782,0.1000
1779202011.955,0.3664,0.0066,5.00,186.0,0.82,0.83,0.15,0.1776,0.1000
1779202012.024,0.3657,0.0066,5.00,186.0,0.92,0.55,0.17,0.1777,0.1000
1779202012.092,0.3723,0.0066,5.00,186.0,0.89,-0.77,0.23,0.1776,0.1000
1779202012.158,0.3656,0.0066,5.00,186.0,0.96,-1.99,0.30,0.1780,0.1000
1779202012.221,0.3029,0.0066,5.00,186.0,0.31,-1.43,0.23,0.1778,0.1000
1779202012.290,0.2613,0.0066,5.00,186.0,-0.42,-1.96,0.03,0.1779,0.1000
1779202012.354,0.2461,0.0066,5.00,186.0,-0.75,-2.44,0.07,0.1779,0.1000
1779202012.423,0.2371,0.0066,5.00,186.0,-1.04,-3.04,0.03,0.1793,0.1000
1779202012.490,0.2286,0.0066,5.00,186.0,-1.29,-3.48,0.02,0.1796,0.1000
1779202012.554,0.2231,0.0066,5.00,186.0,-1.53,-4.12,0.04,0.1800,0.1000
1779202012.624,0.2199,0.0066,5.00,186.0,-1.65,-4.40,0.07,0.1803,0.1000
1779202012.689,0.2088,0.0066,5.00,186.0,-1.65,-3.06,0.06,0.1814,0.1000
1779202012.756,0.2548,0.0066,5.00,186.0,-1.22,-0.44,-0.13,0.1838,0.1000
1779202012.825,0.2715,0.0066,5.00,186.0,-0.84,0.80,-0.13,0.1825,0.1000
1779202012.890,0.2770,0.0066,5.00,186.0,-0.64,0.96,-0.10,0.1818,0.1000
1779202012.959,0.2792,0.0066,5.00,186.0,-0.54,0.58,-0.05,0.1813,0.1000
1779202013.025,0.2814,0.0066,5.00,186.0,-0.46,0.54,-0.04,0.1813,0.1000
1779202013.091,0.2832,0.0066,5.00,186.0,-0.39,0.16,0.01,0.1804,0.1000
1779202013.157,0.2837,0.0066,5.00,186.0,-0.33,0.62,-0.03,0.1801,0.1000
1779202013.225,0.2838,0.0066,5.00,186.0,-0.28,0.30,0.03,0.1798,0.1000
1779202013.292,0.2840,0.0066,5.00,186.0,-0.24,0.48,0.03,0.1788,0.1000
1779202013.357,0.2846,0.0066,5.00,186.0,-0.21,0.64,0.02,0.1786,0.1000
1779202013.424,0.2845,0.0066,5.00,186.0,-0.17,1.29,-0.05,0.1786,0.1000
1779202013.489,0.2844,0.0066,5.00,186.0,-0.15,1.35,-0.06,0.1787,0.1000
1779202013.559,0.2843,0.0066,5.00,186.0,-0.12,1.51,-0.09,0.1788,0.1000
1779202013.625,0.2845,0.0066,5.00,186.0,-0.09,1.45,-0.08,0.1787,0.1000
1779202013.691,0.2846,0.0066,5.00,186.0,-0.08,1.62,-0.10,0.1790,0.1000
1779202013.758,0.2845,0.0066,5.00,186.0,-0.12,1.78,-0.10,0.1793,0.1000
1779202013.823,0.2845,0.0066,5.00,186.0,-0.13,1.41,-0.04,0.1798,0.1000
1779202013.892,0.2842,0.0066,5.00,186.0,-0.15,0.97,0.02,0.1802,0.1000
1779202013.953,0.2805,0.0066,5.00,186.0,-0.21,0.86,-0.08,0.1797,0.1000
1779202014.025,0.2810,0.0066,5.00,186.0,-0.32,0.77,-0.14,0.1797,0.1000
1779202014.093,0.2803,0.0066,5.00,186.0,-0.44,0.43,-0.13,0.1793,0.1000
1779202014.157,0.2797,0.0044,5.00,186.0,-0.49,0.52,-0.16,0.1788,0.1000
1779202014.226,0.2795,0.0022,5.00,186.0,-0.50,0.68,-0.18,0.1787,0.1000
1779202014.291,0.2792,0.0000,5.00,186.0,-0.49,0.81,-0.20,0.1787,0.1000
1779202014.354,0.2788,0.0000,5.00,186.0,-0.48,0.86,-0.21,0.1784,0.1000
1779202014.423,0.2812,0.0000,5.00,186.0,-0.48,0.69,-0.25,0.1784,0.1000
1779202014.495,0.2699,0.0000,5.00,186.0,-0.66,-0.21,-0.29,0.1785,0.1000
1779202014.555,0.2633,0.0000,5.00,186.0,-0.86,-2.40,-0.22,0.1801,0.1000
1779202014.625,0.2581,0.0000,5.00,186.0,-0.97,-3.90,-0.12,0.1816,0.1000
1779202014.693,0.2551,0.0000,5.00,186.0,-1.04,-4.51,-0.07,0.1824,0.1000
1779202014.758,0.2524,0.0000,5.00,186.0,-1.12,-5.15,0.00,0.1829,0.1000
1779202014.823,0.2510,0.0000,5.00,186.0,-1.15,-2.67,-0.16,0.1824,0.1000
1779202014.893,0.2547,0.0000,5.00,186.0,-1.06,-0.93,-0.21,0.1823,0.1000
1779202014.960,0.2579,0.0000,5.00,186.0,-1.01,-0.18,-0.24,0.1819,0.1000
1779202015.026,0.2605,0.0000,5.00,186.0,-0.97,0.46,-0.27,0.1814,0.1000
1779202015.094,0.2631,0.0000,5.00,186.0,-0.94,0.96,-0.31,0.1807,0.1000
1779202015.160,0.2648,0.0000,5.00,186.0,-0.91,1.07,-0.30,0.1808,0.1000
1779202015.223,0.2655,0.0000,5.00,186.0,-0.86,1.36,-0.33,0.1805,0.1000
1779202015.292,0.2663,0.0000,5.00,186.0,-0.85,1.45,-0.34,0.1804,0.1000
1779202015.358,0.2659,0.0000,5.00,186.0,-0.82,1.57,-0.33,0.1798,0.1000
1779202015.425,0.2659,0.0000,5.00,186.0,-0.82,1.57,-0.30,0.1792,0.1000
1779202015.489,0.2581,0.0000,5.00,186.0,-1.02,3.74,-0.27,0.1793,0.1000
1779202015.556,0.2024,0.0000,5.00,186.0,-1.44,6.88,-0.40,0.1852,0.1000
1779202015.626,0.1999,0.0000,5.00,186.0,-2.18,7.90,-0.45,0.1899,0.1000
1779202015.692,0.2025,0.0000,5.00,186.0,-2.39,7.71,-0.37,0.1910,0.1000
1779202015.756,0.2072,0.0000,5.00,186.0,-2.45,6.12,-0.16,0.1919,0.1000
1779202015.827,0.2099,0.0000,5.00,186.0,-2.50,4.68,0.02,0.1922,0.1000
1779202015.893,0.2143,0.0000,5.00,186.0,-2.48,3.44,0.19,0.1918,0.1000
1779202015.957,0.2222,0.0000,5.00,186.0,-2.31,2.85,0.25,0.1904,0.1000
1779202016.027,0.2322,0.0000,5.00,186.0,-1.73,-0.74,0.38,0.1885,0.1000
1779202016.093,0.2435,0.0000,5.00,186.0,-1.54,-1.94,0.37,0.1873,0.1000
1779202016.160,0.2498,0.0000,5.00,186.0,-1.32,-1.81,0.29,0.1862,0.1000
1779202016.223,0.2535,0.0000,5.00,186.0,-1.29,-1.49,0.18,0.1855,0.1000
1779202016.292,0.2568,0.0000,5.00,186.0,-1.39,-1.07,-0.02,0.1855,0.1000
1779202016.361,0.2589,0.0000,5.00,186.0,-1.57,-1.30,-0.07,0.1857,0.1000
1779202016.426,0.2649,0.0000,5.00,186.0,-1.62,-1.17,-0.09,0.1863,0.1000
1779202016.489,0.2673,0.0000,5.00,186.0,-1.68,-0.75,-0.16,0.1867,0.1000
1779202016.561,0.2568,0.0000,5.00,186.0,-1.93,-1.51,-0.29,0.1863,0.1000
1779202016.624,0.2522,0.0000,5.00,186.0,-1.99,-2.28,-0.28,0.1852,0.1000
1779202016.691,0.2507,0.0000,5.00,186.0,-2.00,-2.36,-0.30,0.1850,0.1000
1779202016.760,0.2547,0.0000,5.00,186.0,-1.85,-1.06,-0.32,0.1847,0.1000
1779202016.824,0.2689,0.0000,5.00,186.0,-1.78,-0.13,-0.35,0.1851,0.1000
1779202016.894,0.2743,0.0000,5.00,186.0,-1.66,0.91,-0.38,0.1863,0.1000
1779202016.961,0.2774,0.0000,5.00,186.0,-1.68,0.91,-0.37,0.1868,0.1000
1779202017.026,0.2771,0.0000,5.00,186.0,-1.64,1.07,-0.35,0.1873,0.1000
1779202017.090,0.2767,0.0000,5.00,186.0,-1.59,1.14,-0.33,0.1870,0.1000
1779202017.159,0.2761,0.0000,4.00,186.0,-1.59,1.16,-0.32,0.1867,0.1000
1779202017.228,0.2754,0.0000,4.00,186.0,-1.58,1.21,-0.31,0.1869,0.1000
1779202017.294,0.2753,0.0000,4.00,186.0,-1.57,1.25,-0.31,0.1867,0.1000
1779202017.358,0.2696,0.0000,4.00,186.0,-1.61,1.90,-0.33,0.1868,0.1000
1779202017.428,0.2672,0.0000,4.00,186.0,-1.56,2.55,-0.35,0.1873,0.1000
1779202017.490,0.2674,0.0000,4.00,186.0,-1.51,2.78,-0.38,0.1873,0.1000
1779202017.560,0.2669,0.0000,4.00,186.0,-1.48,2.65,-0.35,0.1872,0.1000
1779202017.627,0.2671,0.0000,4.00,186.0,-1.46,2.52,-0.32,0.1872,0.1000
1779202017.693,0.2662,0.0000,4.00,186.0,-1.42,2.53,-0.31,0.1877,0.1000
1779202017.756,0.2666,0.0000,4.00,186.0,-1.39,2.57,-0.28,0.1882,0.1000
1779202017.828,0.2958,0.0000,4.00,186.0,-1.18,3.52,-0.25,0.1897,0.1000
1779202017.894,0.3146,0.0000,4.00,186.0,-0.93,3.57,-0.19,0.1903,0.1000
1779202017.959,0.3379,0.0000,4.00,186.0,-0.64,3.85,-0.12,0.1904,0.1000
1779202018.029,0.3319,0.0000,4.00,186.0,-0.49,1.84,0.09,0.1908,0.1000
1779202018.094,0.2650,0.0000,4.00,186.0,-0.87,3.14,-0.10,0.1907,0.1000
1779202018.162,0.2094,0.0000,4.00,186.0,-1.56,-0.25,0.13,0.1899,0.1000
1779202018.228,0.2018,0.0000,4.00,186.0,-1.98,-1.51,0.13,0.1891,0.1000
1779202018.295,0.1954,0.0000,4.00,186.0,-2.28,-2.56,0.10,0.1885,0.1000
1779202018.360,0.1919,0.0000,4.00,186.0,-2.59,-3.20,0.05,0.1880,0.1000
1779202018.427,0.1907,0.0000,4.00,186.0,-2.66,-3.45,0.06,0.1875,0.1000
1779202018.495,0.1923,0.0000,4.00,186.0,-2.70,-3.72,0.08,0.1872,0.1000
1779202018.560,0.1961,0.0000,4.00,186.0,-2.58,-3.27,0.15,0.1863,0.1000
1779202018.628,0.2264,0.0000,4.00,186.0,-2.36,-1.79,0.06,0.1864,0.1000
1779202018.696,0.2469,0.0000,4.00,186.0,-2.21,-0.89,0.05,0.1860,0.1000
1779202018.758,0.2526,0.0000,4.00,186.0,-2.12,-0.27,0.00,0.1857,0.1000
1779202018.829,0.2484,0.0000,4.00,186.0,-2.09,0.98,-0.03,0.1857,0.1000
1779202018.893,0.2466,0.0000,4.00,186.0,-2.07,1.50,-0.03,0.1857,0.1000
1779202018.959,0.2461,0.0000,4.00,186.0,-2.06,1.96,-0.05,0.1856,0.1000
1779202019.029,0.2465,0.0000,4.00,186.0,-2.04,2.02,-0.05,0.1855,0.1000
1779202019.095,0.2463,0.0000,4.00,186.0,-2.04,2.08,-0.06,0.1855,0.1000
1779202019.160,0.2461,0.0000,4.00,186.0,-2.05,2.05,-0.05,0.1854,0.1000
1779202019.225,0.2492,0.0000,4.00,186.0,-2.06,1.87,-0.05,0.1852,0.1000
1779202019.295,0.2513,0.0000,4.00,186.0,-2.13,1.65,-0.07,0.1851,0.1000
1779202019.362,0.2525,0.0000,4.00,186.0,-2.12,1.50,-0.07,0.1848,0.1000
1779202019.424,0.2529,0.0000,4.00,186.0,-2.15,1.17,-0.05,0.1845,0.1000
1779202019.492,0.2531,0.0000,4.00,186.0,-2.14,0.89,-0.04,0.1843,0.1000
1779202019.558,0.2537,0.0000,4.00,186.0,-2.16,0.75,-0.03,0.1843,0.1000
1779202019.629,0.2545,0.0000,4.00,186.0,-2.18,0.53,-0.03,0.1844,0.1000
1779202019.693,0.2550,0.0000,4.00,186.0,-2.20,0.33,-0.01,0.1841,0.1000
1779202019.759,0.2584,0.0000,4.00,186.0,-2.17,0.42,-0.03,0.1838,0.1000
1779202019.825,0.2839,0.0000,4.00,186.0,-1.85,1.50,-0.16,0.1839,0.1000
1779202019.891,0.3030,0.0000,4.00,186.0,-1.50,1.63,-0.14,0.1845,0.1000
1779202019.959,0.3153,0.0000,4.00,186.0,-1.31,0.49,0.01,0.1849,0.1000
1779202020.028,0.3224,0.0000,4.00,186.0,-1.22,-0.46,0.19,0.1869,0.1000
1779202020.094,0.3224,0.0000,4.00,186.0,-1.35,-0.80,0.26,0.1884,0.1000
1779202020.161,0.3216,0.0000,4.00,186.0,-1.33,-0.76,0.27,0.1891,0.1000
1779202020.226,0.3247,0.0000,4.00,186.0,-1.23,-0.80,0.30,0.1901,0.1000
1779202020.294,0.3422,0.0000,4.00,186.0,-1.08,-0.91,0.30,0.1911,0.1000
1779202020.361,0.3537,0.0000,4.00,186.0,-0.96,-1.55,0.38,0.1916,0.1000
1779202020.429,0.3457,0.0000,4.00,186.0,-0.77,0.59,0.04,0.1902,0.1000
1779202020.494,0.3403,0.0000,4.00,186.0,-0.91,0.39,-0.11,0.1901,0.1000
1779202020.562,0.3407,0.0000,4.00,186.0,-0.95,1.09,-0.23,0.1904,0.1000
1779202020.624,0.3398,0.0000,4.00,186.0,-0.87,2.19,-0.36,0.1908,0.1000
1779202020.694,0.3410,0.0000,4.00,186.0,-0.77,3.80,-0.54,0.1909,0.1000
1779202020.760,0.3336,0.0000,4.00,186.0,-0.64,2.66,-0.51,0.1908,0.1000
1779202020.827,0.3073,0.0000,4.00,186.0,-0.76,3.06,-0.51,0.1902,0.1000
1779202020.894,0.2866,0.0000,4.00,186.0,-0.99,3.31,-0.51,0.1898,0.1000
1779202020.961,0.2777,0.0000,4.00,186.0,-1.20,3.15,-0.48,0.1893,0.1000
1779202021.030,0.2712,0.0000,4.00,186.0,-1.32,3.27,-0.50,0.1889,0.1000
1779202021.096,0.2704,0.0000,4.00,186.0,-1.43,3.08,-0.50,0.1886,0.1000
1779202021.158,0.2713,0.0000,4.00,186.0,-1.50,2.87,-0.48,0.1883,0.1000
1779202021.225,0.2725,0.0000,4.00,186.0,-1.56,2.73,-0.47,0.1880,0.1000
1779202021.293,0.2726,0.0000,4.00,186.0,-1.58,2.64,-0.47,0.1878,0.1000
1779202021.363,0.2721,0.0000,4.00,186.0,-1.60,2.49,-0.45,0.1878,0.1000
1779202021.426,0.2712,0.0000,4.00,186.0,-1.63,2.40,-0.45,0.1879,0.1000
1779202021.496,0.2703,0.0000,4.00,186.0,-1.66,2.46,-0.47,0.1881,0.1000
1779202021.563,0.2701,0.0000,4.00,186.0,-1.68,2.47,-0.48,0.1882,0.1000
1779202021.627,0.2662,0.0000,4.00,186.0,-1.82,1.53,-0.53,0.1881,0.1000
1779202021.692,0.2361,0.0000,4.00,186.0,-2.36,-3.61,-0.21,0.1880,0.1000
1779202021.762,0.2369,0.0000,4.00,186.0,-2.29,-4.46,-0.12,0.1890,0.1000
1779202021.826,0.2463,0.0000,4.00,186.0,-2.21,-4.13,-0.16,0.1886,0.1000
1779202021.896,0.2518,0.0000,4.00,186.0,-1.96,0.32,-0.42,0.1885,0.1000
1779202021.963,0.2635,0.0000,4.00,186.0,-1.84,1.26,-0.24,0.1885,0.1000
1779202022.029,0.2859,0.0000,4.00,186.0,-1.69,0.73,-0.06,0.1887,0.1000
1779202022.096,0.2937,0.0000,4.00,186.0,-1.53,0.24,0.08,0.1892,0.1000
1779202022.163,0.2916,0.0000,4.00,186.0,-1.54,1.29,-0.04,0.1886,0.1000
1779202022.228,0.2903,0.0000,4.00,186.0,-1.52,1.53,-0.07,0.1887,0.1000
1779202022.295,0.2922,0.0000,4.00,186.0,-1.62,1.71,-0.03,0.1891,0.1000
1779202022.364,0.2912,0.0000,4.00,186.0,-1.68,0.92,0.07,0.1900,0.1000
1779202022.430,0.2946,0.0000,4.00,186.0,-1.64,0.43,0.16,0.1901,0.1000
1779202022.494,0.2935,0.0000,4.00,186.0,-1.56,0.07,0.20,0.1903,0.1000
1779202022.563,0.2819,0.0000,4.00,186.0,-1.53,0.20,0.09,0.1884,0.1000
1779202022.630,0.2802,0.0000,4.00,186.0,-1.56,-0.13,0.04,0.1875,0.1000
1779202022.692,0.2788,0.0000,4.00,186.0,-1.61,0.20,-0.05,0.1862,0.1000
1779202022.764,0.2780,0.0000,4.00,186.0,-1.69,0.65,-0.11,0.1859,0.1000
1779202022.828,0.2753,0.0000,4.00,186.0,-1.73,1.27,-0.20,0.1852,0.1000
1779202022.896,0.2743,0.0000,4.00,186.0,-1.77,1.29,-0.21,0.1850,0.1000
1779202022.961,0.2730,0.0000,4.00,186.0,-1.79,1.63,-0.25,0.1849,0.1000
1779202023.030,0.2703,0.0000,4.00,186.0,-1.81,1.71,-0.28,0.1847,0.1000
1779202023.096,0.2628,0.0000,4.00,186.0,-1.97,0.36,-0.28,0.1846,0.1000
1779202023.162,0.2572,0.0000,4.00,186.0,-2.24,-2.65,-0.11,0.1849,0.1000
1779202023.226,0.2517,0.0000,4.00,186.0,-2.45,-5.80,0.07,0.1851,0.1000
1779202023.298,0.2475,0.0000,4.00,186.0,-2.49,-6.94,0.16,0.1856,0.1000
1779202023.361,0.2458,0.0000,4.00,186.0,-2.42,-4.79,-0.04,0.1858,0.1000
1779202023.431,0.2525,0.0000,4.00,186.0,-2.22,-1.34,-0.33,0.1865,0.1000
1779202023.493,0.2551,0.0000,4.00,186.0,-2.22,-0.08,-0.43,0.1862,0.1000
1779202023.560,0.2578,0.0000,4.00,186.0,-2.18,1.21,-0.54,0.1861,0.1000
1779202023.628,0.2597,0.0000,4.00,186.0,-2.16,1.26,-0.53,0.1859,0.1000
1779202023.698,0.2603,0.0000,4.00,186.0,-2.16,1.71,-0.56,0.1860,0.1000
1779202023.759,0.2615,0.0000,4.00,186.0,-2.13,1.76,-0.55,0.1857,0.1000
1779202023.831,0.2620,0.0000,4.00,186.0,-2.11,1.83,-0.53,0.1855,0.1000
1779202023.896,0.2626,0.0000,4.00,186.0,-2.12,2.34,-0.56,0.1849,0.1000
1779202023.961,0.2629,0.0000,4.00,186.0,-2.10,2.61,-0.56,0.1841,0.1000
1779202024.030,0.2613,0.0000,4.00,186.0,-2.14,4.05,-0.56,0.1858,0.1000
1779202024.098,0.2617,0.0000,4.00,186.0,-2.34,4.66,-0.41,0.1861,0.1000
1779202024.164,0.2630,0.0000,4.00,186.0,-2.50,5.07,-0.35,0.1881,0.1000
1779202024.231,0.2638,0.0000,4.00,186.0,-2.61,4.79,-0.27,0.1893,0.1000
1779202024.293,0.2649,0.0000,4.00,186.0,-2.65,4.41,-0.19,0.1899,0.1000
1779202024.360,0.2662,0.0000,4.00,186.0,-2.64,3.55,-0.06,0.1902,0.1000
1779202024.426,0.2668,0.0000,4.00,186.0,-2.65,2.72,0.05,0.1906,0.1000
1779202024.497,0.2635,0.0000,4.00,186.0,-2.39,1.93,0.07,0.1900,0.1000
1779202024.561,0.2629,0.0000,4.00,186.0,-2.17,0.96,0.05,0.1888,0.1000
1779202024.629,0.2629,0.0000,4.00,186.0,-2.06,0.32,0.03,0.1876,0.1000
1779202024.696,0.2638,0.0000,4.00,186.0,-2.02,0.21,-0.01,0.1868,0.1000
1779202024.760,0.2646,0.0000,4.00,186.0,-1.99,0.62,-0.09,0.1863,0.1000
1779202024.830,0.2661,0.0000,4.00,186.0,-1.98,0.49,-0.11,0.1861,0.1000
1779202024.898,0.2616,0.0000,4.00,186.0,-2.10,-0.66,-0.15,0.1861,0.1000
1779202024.959,0.2504,0.0000,4.00,186.0,-2.40,-3.76,-0.03,0.1859,0.1000
1779202025.030,0.2417,0.0000,4.00,186.0,-2.64,-7.87,0.23,0.1859,0.1000
1779202025.099,0.2387,0.0000,4.00,186.0,-2.70,-8.81,0.27,0.1859,0.1000
1779202025.164,0.2349,0.0000,4.00,186.0,-2.70,-8.79,0.25,0.1860,0.1000
1779202025.231,0.2378,0.0000,4.00,186.0,-2.58,-3.98,-0.04,0.1855,0.1000
1779202025.297,0.2453,0.0000,4.00,186.0,-2.41,-2.11,-0.13,0.1849,0.1000
1779202025.365,0.2499,0.0000,4.00,186.0,-2.34,-1.27,-0.16,0.1850,0.1000
1779202025.426,0.2529,0.0000,4.00,186.0,-2.32,-0.80,-0.20,0.1845,0.1000
1779202025.498,0.2558,0.0000,4.00,186.0,-2.27,-0.41,-0.22,0.1845,0.1000
1779202025.565,0.2569,0.0000,4.00,186.0,-2.23,0.00,-0.24,0.1841,0.1000
1779202025.627,0.2577,0.0000,4.00,186.0,-2.21,0.24,-0.25,0.1840,0.1000
1779202025.696,0.2581,0.0000,4.00,186.0,-2.21,0.46,-0.26,0.1840,0.1000
1779202025.761,0.2584,0.0000,4.00,186.0,-2.21,0.52,-0.25,0.1841,0.1000
1779202025.832,0.2591,0.0000,4.00,186.0,-2.21,0.49,-0.26,0.1844,0.1000
1779202025.893,0.2596,0.0000,4.00,186.0,-2.20,0.57,-0.26,0.1841,0.1000
1779202025.963,0.2535,0.0000,4.00,186.0,-2.30,2.06,-0.34,0.1840,0.1000
1779202026.030,0.1930,0.0000,4.00,186.0,-2.82,8.16,-0.78,0.1858,0.1000
1779202026.099,0.1402,0.0022,4.00,186.0,-3.08,8.46,-0.77,0.1886,0.1000
1779202026.165,0.1339,0.0044,4.00,186.0,-3.26,8.68,-0.74,0.1902,0.1000
1779202026.227,0.1281,0.0066,4.00,186.0,-3.42,8.67,-0.68,0.1905,0.1000
1779202026.296,0.1287,0.0088,4.00,186.0,-3.47,9.19,-0.68,0.1912,0.1000
1779202026.393,0.1306,0.0110,4.00,186.0,-3.48,9.04,-0.64,0.1914,0.1000
1779202026.460,0.0312,0.0132,4.00,186.0,-3.27,3.37,-0.17,0.1911,0.1000
1779202026.531,0.0815,0.0154,4.00,186.0,-3.14,2.51,-0.19,0.1897,0.1000
1779202026.599,0.1685,0.0176,4.00,186.0,-2.85,3.34,-0.30,0.1888,0.1000
1779202026.663,0.1993,0.0176,4.00,186.0,-2.71,3.77,-0.30,0.1889,0.1000
1779202026.732,0.2161,0.0177,4.00,186.0,-2.56,4.01,-0.27,0.1896,0.1000
1779202026.797,0.2247,0.0177,4.00,186.0,-2.51,4.19,-0.28,0.1892,0.1000
1779202026.862,0.2300,0.0177,4.00,186.0,-2.51,4.65,-0.32,0.1889,0.1000
1779202026.931,0.0492,0.0200,4.00,186.0,-3.11,2.84,-0.29,0.1900,0.1000
1779202026.999,0.0937,0.0222,4.00,186.0,-3.11,2.99,-0.25,0.1893,0.1000
1779202027.064,0.1905,0.0222,4.00,177.2,-2.65,4.59,-0.42,0.1893,0.1000
1779202027.130,0.2330,0.0222,4.00,177.2,-2.41,4.13,-0.29,0.1882,0.1000
1779202027.195,0.2529,0.0222,4.00,177.2,-2.26,3.57,-0.22,0.1882,0.1000
1779202027.266,0.2637,0.0222,4.00,177.2,-2.17,2.88,-0.16,0.1886,0.1000
1779202027.332,0.2678,0.0222,4.00,177.2,-2.13,2.03,-0.06,0.1892,0.1000
1779202027.400,0.2705,0.0222,4.00,177.2,-2.12,1.36,0.01,0.1894,0.1000
1779202027.465,0.0858,0.0244,4.00,177.2,-2.98,3.07,-0.54,0.1905,0.1000
1779202027.530,0.1186,0.0266,4.00,177.2,-3.01,3.31,-0.47,0.1894,0.1000
1779202027.600,0.1834,0.0288,4.00,177.2,-2.79,3.94,-0.47,0.1895,0.1000
1779202027.664,0.2234,0.0288,5.00,180.2,-2.58,3.72,-0.36,0.1894,0.1000
1779202027.730,0.2416,0.0288,5.00,180.2,-2.51,2.97,-0.25,0.1893,0.1000
1779202027.795,0.2530,0.0288,5.00,180.2,-2.40,2.15,-0.19,0.1886,0.1000
1779202027.863,0.2579,0.0288,5.00,180.2,-2.34,1.60,-0.15,0.1884,0.1000
1779202027.929,0.0635,0.0310,5.00,180.2,-3.43,1.67,-0.44,0.1896,0.1000
1779202027.999,0.0237,0.0333,5.00,180.2,-3.64,1.38,-0.43,0.1895,0.1000
1779202028.066,0.0523,0.0355,5.00,180.2,-3.44,-0.04,-0.31,0.1892,0.1000
1779202028.133,0.1624,0.0377,5.00,180.2,-3.08,1.70,-0.71,0.1871,0.1000
1779202028.195,0.2293,0.0377,6.00,190.9,-2.60,3.70,-0.93,0.1872,0.1000
1779202028.266,0.0547,0.0399,6.00,190.9,-3.29,1.86,-0.69,0.1883,0.1000
1779202028.329,0.0417,0.0421,6.00,190.9,-3.19,0.73,-0.57,0.1888,0.1000
1779202028.396,0.1455,0.0443,6.00,190.9,-2.92,1.16,-0.63,0.1869,0.1000
1779202028.466,0.2087,0.0444,7.00,191.9,-2.62,2.05,-0.81,0.1854,0.1000
1779202028.531,0.2374,0.0444,7.00,191.9,-2.47,2.67,-0.89,0.1851,0.1000
1779202028.599,0.2431,0.0444,7.00,191.9,-2.43,2.81,-0.92,0.1853,0.1000
1779202028.662,0.2464,0.0444,7.00,191.9,-2.47,2.68,-0.89,0.1868,0.1000
1779202028.733,0.2505,0.0444,7.00,191.9,-2.46,2.61,-0.86,0.1867,0.1000
1779202028.797,0.2509,0.0444,7.00,191.9,-2.47,2.65,-0.86,0.1875,0.1000
1779202028.863,0.0708,0.0467,7.00,191.9,-3.16,2.12,-0.74,0.1898,0.1000
1779202028.934,0.0903,0.0489,7.00,191.9,-3.08,1.91,-0.71,0.1892,0.1000
1779202028.997,0.1431,0.0511,7.00,191.9,-2.94,2.80,-0.85,0.1878,0.1000
1779202029.069,0.1906,0.0511,8.00,193.3,-2.76,3.81,-0.93,0.1875,0.1000
1779202029.132,0.2155,0.0511,8.00,193.3,-2.68,3.27,-0.82,0.1875,0.1000
1779202029.197,0.2308,0.0511,8.00,193.3,-2.65,2.57,-0.72,0.1875,0.1000
1779202029.267,0.2367,0.0511,8.00,193.3,-2.65,2.45,-0.69,0.1873,0.1000
1779202029.335,0.2401,0.0511,8.00,193.3,-2.65,2.35,-0.67,0.1873,0.1000
1779202029.399,0.2416,0.0511,8.00,193.3,-2.59,2.87,-0.70,0.1880,0.1000
1779202029.464,0.2456,0.0511,8.00,193.3,-2.42,3.78,-0.67,0.1885,0.1000
1779202029.532,0.2468,0.0511,8.00,193.3,-2.25,4.76,-0.73,0.1905,0.1000
1779202029.600,0.2515,0.0511,7.00,193.3,-2.26,4.86,-0.74,0.1907,0.1000
1779202029.665,0.2538,0.0511,7.00,193.3,-2.27,4.70,-0.69,0.1908,0.1000
1779202029.731,0.2569,0.0511,7.00,193.3,-2.25,4.57,-0.67,0.1893,0.1000
1779202029.800,0.2575,0.0511,7.00,193.3,-2.23,4.56,-0.66,0.1892,0.1000
1779202029.865,0.2572,0.0511,7.00,193.3,-2.25,4.18,-0.60,0.1892,0.1000
1779202029.933,0.2580,0.0511,7.00,193.3,-2.26,4.22,-0.58,0.1894,0.1000
1779202029.998,0.2577,0.0511,7.00,193.3,-2.25,4.24,-0.58,0.1895,0.1000
1779202030.067,0.2575,0.0511,7.00,193.3,-2.20,4.30,-0.56,0.1896,0.1000
1779202030.134,0.2574,0.0511,7.00,193.3,-2.16,4.13,-0.52,0.1898,0.1000
1779202030.198,0.2510,0.0511,7.00,193.3,-2.21,4.54,-0.64,0.1887,0.1000
1779202030.266,0.2328,0.0511,7.00,193.3,-2.32,4.64,-0.74,0.1888,0.1000
1779202030.333,0.2166,0.0511,7.00,193.3,-2.32,5.14,-0.82,0.1886,0.1000
1779202030.401,0.2029,0.0511,7.00,193.3,-2.34,5.10,-0.83,0.1886,0.1000
1779202030.466,0.1958,0.0511,7.00,193.3,-2.37,5.17,-0.86,0.1886,0.1000
1779202030.535,0.1884,0.0511,7.00,193.3,-2.42,5.16,-0.90,0.1885,0.1000
1779202030.598,0.1836,0.0533,7.00,193.3,-2.44,5.23,-0.94,0.1884,0.1000
1779202030.666,0.1802,0.0556,7.00,193.3,-2.48,5.46,-0.97,0.1885,0.1000
1779202030.734,0.1787,0.0578,7.00,193.3,-2.53,5.44,-0.98,0.1886,0.1000
1779202030.799,0.1790,0.0600,7.00,193.3,-2.49,5.74,-1.04,0.1882,0.1000
1779202030.866,0.1903,0.0600,8.00,193.1,-2.54,5.04,-0.96,0.1875,0.1000
1779202030.934,0.2026,0.0600,8.00,193.1,-2.56,4.54,-0.93,0.1868,0.1000
1779202031.000,0.2134,0.0600,8.00,193.1,-2.58,3.74,-0.86,0.1863,0.1000
1779202031.068,0.2217,0.0600,8.00,193.1,-2.54,3.64,-0.87,0.1863,0.1000
1779202031.133,0.2262,0.0600,8.00,193.1,-2.54,3.34,-0.85,0.1861,0.1000
1779202031.199,0.2274,0.0600,8.00,193.1,-2.52,3.92,-0.91,0.1865,0.1000
1779202031.268,0.2283,0.0600,8.00,193.1,-2.51,4.22,-0.94,0.1868,0.1000
1779202031.335,0.2277,0.0600,8.00,193.1,-2.55,4.10,-0.91,0.1868,0.1000
1779202031.397,0.2257,0.0600,8.00,193.1,-2.61,4.15,-0.89,0.1866,0.1000
1779202031.466,0.2240,0.0600,8.00,193.1,-2.66,4.11,-0.87,0.1864,0.1000
1779202031.533,0.2221,0.0600,8.00,193.1,-2.68,4.13,-0.86,0.1865,0.1000
1779202031.600,0.2215,0.0600,8.00,193.1,-2.68,4.26,-0.88,0.1868,0.1000
1779202031.667,0.2208,0.0600,8.00,193.1,-2.64,4.60,-0.92,0.1871,0.1000
1779202031.735,0.2191,0.0600,7.00,193.1,-2.63,4.54,-0.89,0.1873,0.1000
1779202031.800,0.2203,0.0600,7.00,193.1,-2.64,4.27,-0.86,0.1871,0.1000
1779202031.869,0.2221,0.0600,7.00,193.1,-2.61,4.50,-0.88,0.1872,0.1000
1779202031.934,0.2377,0.0600,7.00,193.1,-2.53,4.91,-0.98,0.1866,0.1000
1779202032.001,0.2487,0.0600,7.00,193.1,-2.41,5.55,-1.09,0.1874,0.1000
1779202032.068,0.2570,0.0600,7.00,193.1,-2.34,5.62,-1.12,0.1876,0.1000
1779202032.135,0.2618,0.0600,7.00,193.1,-2.28,5.70,-1.11,0.1881,0.1000
1779202032.198,0.2653,0.0600,7.00,193.1,-2.24,5.87,-1.12,0.1883,0.1000
1779202032.269,0.2683,0.0600,7.00,193.1,-2.21,5.93,-1.11,0.1884,0.1000
1779202032.335,0.2711,0.0600,7.00,193.1,-2.13,6.04,-1.09,0.1886,0.1000
1779202032.402,0.2735,0.0600,7.00,193.1,-2.11,5.87,-1.05,0.1886,0.1000
1779202032.466,0.2746,0.0600,7.00,193.1,-2.12,5.76,-1.04,0.1884,0.1000
1779202032.534,0.2758,0.0600,7.00,193.1,-2.09,5.89,-1.05,0.1880,0.1000
1779202032.600,0.2772,0.0600,7.00,193.1,-2.10,5.63,-1.02,0.1881,0.1000
1779202032.667,0.2780,0.0600,7.00,193.1,-2.09,5.57,-1.00,0.1877,0.1000
1779202032.733,0.2782,0.0600,7.00,193.1,-2.05,5.38,-0.98,0.1877,0.1000
1779202032.799,0.2785,0.0600,7.00,193.1,-2.00,5.44,-0.98,0.1880,0.1000
1779202032.863,0.2783,0.0600,7.00,193.1,-1.98,5.27,-0.95,0.1883,0.1000
1779202032.934,0.2780,0.0600,7.00,193.1,-2.01,5.61,-0.96,0.1882,0.1000
1779202033.002,0.2672,0.0600,7.00,193.1,-2.05,6.57,-1.01,0.1884,0.1000
1779202033.064,0.2561,0.0600,7.00,193.1,-2.11,7.11,-1.05,0.1887,0.1000
1779202033.135,0.2427,0.0600,7.00,193.1,-2.16,7.93,-1.12,0.1887,0.1000
1779202033.198,0.2301,0.0600,7.00,193.1,-2.20,8.40,-1.16,0.1886,0.1000
1779202033.269,0.2218,0.0600,7.00,193.1,-2.23,8.91,-1.19,0.1888,0.1000
1779202033.335,0.2212,0.0600,7.00,193.1,-2.23,9.02,-1.20,0.1888,0.1000
1779202033.400,0.2262,0.0600,7.00,193.1,-2.23,8.71,-1.17,0.1887,0.1000
1779202033.467,0.2346,0.0600,7.00,193.1,-2.22,7.79,-1.10,0.1889,0.1000
1779202033.533,0.2485,0.0600,7.00,193.1,-2.28,7.25,-1.05,0.1888,0.1000
1779202033.602,0.2578,0.0600,7.00,193.1,-2.29,6.54,-0.97,0.1887,0.1000
1779202033.667,0.2606,0.0600,7.00,193.1,-2.25,6.38,-0.93,0.1883,0.1000
1779202033.732,0.2597,0.0600,7.00,193.1,-2.24,6.10,-0.90,0.1882,0.1000
1779202033.798,0.2589,0.0600,7.00,193.1,-2.26,5.89,-0.89,0.1881,0.1000
1779202033.866,0.2570,0.0600,7.00,193.1,-2.27,5.84,-0.88,0.1879,0.1000
1779202033.934,0.2559,0.0600,7.00,193.1,-2.27,5.71,-0.87,0.1878,0.1000
1779202034.003,0.2540,0.0600,7.00,193.1,-2.26,5.64,-0.85,0.1878,0.1000
1779202034.066,0.2534,0.0600,7.00,193.1,-2.26,5.51,-0.83,0.1878,0.1000
1779202034.136,0.2521,0.0600,7.00,193.1,-2.27,5.53,-0.83,0.1877,0.1000
1779202034.200,0.2513,0.0600,7.00,193.1,-2.28,5.43,-0.82,0.1871,0.1000
1779202034.269,0.2497,0.0600,7.00,193.1,-2.29,5.43,-0.82,0.1869,0.1000
1779202034.332,0.2467,0.0600,7.00,193.1,-2.32,5.44,-0.81,0.1865,0.1000
1779202034.397,0.2312,0.0600,7.00,193.1,-2.40,5.94,-0.85,0.1860,0.1000
1779202034.466,0.2015,0.0600,7.00,193.1,-2.46,6.23,-0.82,0.1863,0.1000
1779202034.532,0.1588,0.0622,7.00,193.1,-2.48,5.44,-0.72,0.1869,0.1000
1779202034.600,0.1282,0.0644,7.00,193.1,-2.49,4.74,-0.67,0.1875,0.1000
1779202034.667,0.1101,0.0667,7.00,193.1,-2.52,4.18,-0.65,0.1882,0.1000
1779202034.736,0.1007,0.0689,7.00,193.1,-2.61,3.66,-0.66,0.1889,0.1000
1779202034.801,0.0931,0.0711,7.00,193.1,-2.64,2.79,-0.63,0.1894,0.1000
1779202034.864,0.0884,0.0733,7.00,193.1,-2.60,2.32,-0.62,0.1899,0.1000
1779202034.936,0.0860,0.0756,7.00,193.1,-2.60,2.02,-0.62,0.1904,0.1000
1779202035.002,0.0872,0.0778,7.00,193.1,-2.60,2.26,-0.65,0.1903,0.1000
1779202035.070,0.1330,0.0800,7.00,193.1,-2.62,3.49,-0.78,0.1894,0.1000
1779202035.131,0.1652,0.0822,7.00,193.1,-2.64,4.06,-0.84,0.1885,0.1000
1779202035.201,0.1892,0.0822,7.00,193.1,-2.64,4.49,-0.87,0.1884,0.1000
1779202035.270,0.2010,0.0822,7.00,193.1,-2.62,4.67,-0.89,0.1883,0.1000
1779202035.337,0.2113,0.0822,7.00,193.1,-2.65,3.23,-0.85,0.1884,0.1000
1779202035.399,0.2181,0.0822,7.00,193.1,-2.67,1.83,-0.76,0.1880,0.1000
1779202035.468,0.2230,0.0822,7.00,193.1,-2.67,0.90,-0.69,0.1879,0.1000
1779202035.534,0.2290,0.0822,7.00,193.1,-2.59,2.56,-0.84,0.1877,0.1000
1779202035.601,0.2347,0.0822,7.00,193.1,-2.52,3.07,-0.85,0.1883,0.1000
1779202035.668,0.2386,0.0822,7.00,193.1,-2.54,3.45,-0.85,0.1882,0.1000
1779202035.734,0.0789,0.0844,7.00,193.1,-3.15,2.07,-0.65,0.1903,0.1000
1779202035.803,0.1016,0.0867,7.00,193.1,-3.11,3.05,-0.78,0.1894,0.1000
1779202035.867,0.1414,0.0889,7.00,193.1,-3.09,3.50,-0.84,0.1893,0.1000
1779202035.937,0.1837,0.0911,7.00,193.1,-2.88,4.09,-0.89,0.1889,0.1000
1779202036.003,0.2066,0.0911,8.00,206.8,-2.79,4.53,-0.92,0.1892,0.1000
1779202036.070,0.2198,0.0911,8.00,206.8,-2.76,4.76,-0.95,0.1891,0.1000
1779202036.132,0.2266,0.0911,8.00,206.8,-2.73,4.89,-0.96,0.1894,0.1000
1779202036.201,0.1799,0.0933,8.00,206.8,-2.83,5.44,-1.02,0.1904,0.1000
1779202036.270,0.0305,0.0956,8.00,206.8,-4.15,3.66,-1.00,0.1913,0.1000
1779202036.333,0.0132,0.0978,8.00,206.8,-4.07,3.91,-1.05,0.1911,0.1000
1779202036.404,0.0493,0.1000,8.00,206.8,-3.48,3.60,-0.96,0.1900,0.1000
1779202036.468,0.1761,0.1022,8.00,206.8,-2.87,6.25,-1.23,0.1892,0.1000
1779202036.534,0.2280,0.1022,9.00,233.9,-2.53,7.15,-1.31,0.1887,0.1000
1779202036.603,0.2392,0.1022,9.00,233.9,-2.39,7.48,-1.32,0.1883,0.1000
1779202036.671,0.2301,0.1022,9.00,233.9,-2.39,7.62,-1.30,0.1879,0.1000
1779202036.737,0.0512,0.1044,9.00,233.9,-3.26,5.96,-1.19,0.1890,0.1000
1779202036.805,0.0416,0.1067,9.00,233.9,-3.25,4.15,-1.01,0.1893,0.1000
1779202036.871,0.1301,0.1089,9.00,233.9,-3.11,4.93,-1.10,0.1884,0.1000
1779202036.937,0.1812,0.1111,9.00,233.9,-2.89,5.61,-1.12,0.1880,0.1000
1779202037.001,0.1968,0.1111,10.00,233.5,-2.81,5.89,-1.09,0.1875,0.1000
1779202037.072,0.2030,0.1111,10.00,233.5,-2.76,6.10,-1.11,0.1871,0.1000
1779202037.137,0.0334,0.1133,10.00,233.5,-3.69,3.95,-0.97,0.1883,0.1000
1779202037.200,0.0414,0.1156,10.00,233.5,-3.50,3.56,-0.91,0.1887,0.1000
1779202037.271,0.1228,0.1178,10.00,233.5,-3.10,3.99,-0.92,0.1885,0.1000
1779202037.338,0.1670,0.1200,10.00,233.5,-2.93,4.91,-1.06,0.1881,0.1000
1779202037.402,0.1914,0.1200,11.00,240.3,-2.78,5.25,-1.07,0.1880,0.0800
1779202037.471,0.2061,0.1200,11.00,240.3,-2.72,5.40,-1.07,0.1874,0.0800
1779202037.537,0.2100,0.1200,11.00,240.3,-2.71,5.27,-1.03,0.1873,0.0800
1779202037.604,0.0362,0.1222,11.00,240.3,-3.80,3.51,-0.99,0.1889,0.0800
1779202037.671,0.0107,0.1244,11.00,240.3,-4.40,3.29,-1.05,0.1888,0.0800
1779202037.735,0.0093,0.1267,11.00,240.3,-4.59,3.11,-1.02,0.1883,0.0800
1779202037.800,0.0080,0.1289,11.00,240.3,-4.41,2.98,-1.00,0.1884,0.0800
1779202037.867,0.0715,0.1311,11.00,240.3,-3.50,3.35,-0.99,0.1879,0.0800
1779202037.936,0.1835,0.1333,11.00,240.3,-2.90,5.71,-1.21,0.1875,0.0800
1779202038.001,0.2132,0.1333,12.00,266.7,-2.75,5.85,-1.21,0.1873,0.0600
1779202038.071,0.2265,0.1333,12.00,266.7,-2.62,5.91,-1.15,0.1873,0.0600
1779202038.135,0.2304,0.1333,12.00,266.7,-2.63,5.96,-1.13,0.1870,0.0600
1779202038.205,0.2329,0.1333,12.00,266.7,-2.62,5.78,-1.08,0.1869,0.0600
1779202038.271,0.2337,0.1333,12.00,266.7,-2.62,5.86,-1.07,0.1875,0.0600
1779202038.333,0.2333,0.1333,12.00,266.7,-2.64,5.88,-1.06,0.1866,0.0600
1779202038.402,0.2333,0.1333,12.00,266.7,-2.68,5.88,-1.04,0.1861,0.0600
1779202038.467,0.2321,0.1333,12.00,266.7,-2.69,5.97,-1.04,0.1855,0.0600
1779202038.538,0.2293,0.1333,12.00,266.7,-2.69,6.16,-1.05,0.1854,0.0600
1779202038.605,0.2281,0.1333,12.00,266.7,-2.70,6.24,-1.06,0.1854,0.0600
1779202038.670,0.2268,0.1333,12.00,266.7,-2.69,6.51,-1.09,0.1856,0.0600
1779202038.735,0.2250,0.1333,12.00,266.7,-2.67,6.60,-1.10,0.1855,0.0600
1779202038.805,0.0783,0.1356,12.00,266.7,-2.98,4.66,-1.05,0.1874,0.0600
1779202038.869,0.0131,0.1378,12.00,266.7,-3.84,2.90,-0.96,0.1882,0.0600
1779202038.937,0.0193,0.1400,12.00,266.7,-4.26,2.09,-0.90,0.1883,0.0600
1779202039.001,0.0257,0.1422,12.00,266.7,-4.44,1.70,-0.89,0.1889,0.0600
1779202039.068,0.0236,0.1444,12.00,266.7,-4.47,1.50,-0.84,0.1891,0.0600
1779202039.137,0.0222,0.1467,12.00,266.7,-4.40,1.00,-0.82,0.1889,0.0600
1779202039.200,0.0230,0.1489,12.00,266.7,-4.36,1.11,-0.83,0.1888,0.0600
1779202039.270,0.0230,0.1511,12.00,266.7,-4.33,0.81,-0.81,0.1882,0.0615
1779202039.335,0.0219,0.1533,12.00,266.7,-4.33,0.65,-0.80,0.1877,0.0644
1779202039.402,0.0212,0.1556,12.00,266.7,-4.32,1.26,-0.89,0.1879,0.0674
1779202039.469,0.0224,0.1578,12.00,266.7,-4.19,1.33,-0.87,0.1884,0.0704
1779202039.537,0.0709,0.1600,12.00,266.7,-3.02,1.89,-0.87,0.1878,0.0733
1779202039.601,0.1965,0.1600,12.00,266.7,-2.56,4.97,-1.32,0.1886,0.0733
1779202039.667,0.2264,0.1600,12.00,266.7,-2.32,5.65,-1.36,0.1885,0.0733
1779202039.734,0.2388,0.1600,12.00,266.7,-2.24,5.81,-1.34,0.1886,0.0733
1779202039.803,0.2463,0.1600,12.00,266.7,-2.23,6.06,-1.40,0.1885,0.0733
1779202039.872,0.2476,0.1600,12.00,266.7,-2.23,5.95,-1.37,0.1886,0.0733
1779202039.935,0.2488,0.1600,12.00,266.7,-2.26,5.94,-1.37,0.1887,0.0733
1779202040.006,0.2485,0.1600,12.00,266.7,-2.28,5.82,-1.36,0.1884,0.0733
1779202040.070,0.2491,0.1600,12.00,266.7,-2.31,5.72,-1.34,0.1884,0.0733
1779202040.136,0.2484,0.1600,12.00,266.7,-2.30,5.86,-1.34,0.1887,0.0733
1779202040.203,0.2485,0.1600,12.00,266.7,-2.10,8.01,-1.88,0.1915,0.0733
1779202040.268,0.2491,0.1600,12.00,266.7,-1.91,9.23,-2.32,0.1981,0.0733
1779202040.336,0.0446,0.1622,12.00,266.7,-3.62,6.02,-2.01,0.2044,0.0763
1779202040.403,0.0943,0.1644,12.00,266.7,-3.28,6.00,-2.00,0.2045,0.0793
1779202040.471,0.1562,0.1667,12.00,266.7,-3.00,6.75,-2.05,0.1997,0.0822
1779202040.536,0.1914,0.1667,13.00,266.9,-2.56,9.72,-2.57,0.2021,0.0622
1779202040.606,0.2158,0.1667,13.00,266.9,-2.01,12.89,-3.44,0.2137,0.0622
1779202040.667,0.2261,0.1667,13.00,266.9,11.02,28.74,-179.79,0.2134,0.0622
1779202040.737,0.2325,0.1667,13.00,266.9,11.63,28.79,179.63,0.2168,0.0622
1779202040.802,0.2350,0.1667,13.00,266.9,-1.86,6.73,-4.43,0.2149,0.0622
1779202040.873,0.2337,0.1667,13.00,266.9,-1.70,10.19,-4.59,0.2105,0.0622
1779202040.937,0.0491,0.1689,13.00,266.9,11.27,26.17,179.53,0.2083,0.0652
1779202041.008,0.0866,0.1711,13.00,266.9,-8.74,0.44,0.87,0.2125,0.0681
1779202041.068,0.1727,0.1733,13.00,266.9,11.23,26.65,179.48,0.2090,0.0711
1779202041.136,0.2274,0.1733,14.00,260.2,-1.92,10.66,-4.57,0.2099,0.0511
1779202041.206,0.2390,0.1733,14.00,260.2,-1.12,11.85,-4.35,0.2076,0.0511
1779202041.273,0.2415,0.1733,14.00,260.2,-1.10,11.21,-4.06,0.2040,0.0511
1779202041.340,0.2424,0.1733,14.00,260.2,-1.17,11.23,-4.01,0.2018,0.0511
1779202041.408,0.2409,0.1733,14.00,260.2,-1.27,11.30,-3.98,0.2022,0.0511
1779202041.473,0.2401,0.1733,14.00,260.2,-1.21,11.76,-3.93,0.2064,0.0511
1779202041.538,0.2416,0.1733,14.00,260.2,-1.19,11.95,-3.88,0.2089,0.0511
1779202041.607,0.2413,0.1733,14.00,260.2,-1.16,12.28,-3.89,0.2096,0.0511
1779202041.674,0.2424,0.1733,14.00,260.2,-1.11,12.65,-3.90,0.2105,0.0511
1779202041.740,0.2425,0.1733,14.00,260.2,-1.04,12.75,-3.90,0.2107,0.0511
1779202041.804,0.2428,0.1733,14.00,260.2,-1.10,12.40,-3.85,0.2104,0.0511
1779202041.874,0.2429,0.1733,14.00,260.2,-1.21,12.10,-3.79,0.2098,0.0511
1779202041.940,0.2425,0.1733,14.00,260.2,-1.19,12.23,-3.80,0.2112,0.0511
1779202042.004,0.2424,0.1733,14.00,260.2,-1.22,12.18,-3.80,0.2114,0.0511
1779202042.072,0.2264,0.1733,14.00,260.2,-1.39,12.87,-3.89,0.2115,0.0511
1779202042.136,0.0433,0.1756,14.00,260.2,-2.78,9.82,-3.86,0.2144,0.0541
1779202042.202,0.0582,0.1778,14.00,260.2,-2.66,10.61,-3.98,0.2193,0.0570
1779202042.272,0.1431,0.1800,14.00,260.2,-2.47,11.28,-4.05,0.2185,0.0600
1779202042.339,0.1844,0.1822,14.00,260.2,-2.61,10.94,-3.98,0.2174,0.0630
1779202042.407,0.2056,0.1822,15.00,267.3,-2.51,12.03,-4.03,0.2266,0.0430
1779202042.469,0.2136,0.1822,15.00,267.3,-2.33,11.30,-3.78,0.2207,0.0430
1779202042.536,0.2193,0.1822,15.00,267.3,-2.02,10.09,-3.42,0.2177,0.0430
1779202042.606,0.2234,0.1822,15.00,267.3,-1.41,10.21,-3.16,0.2252,0.0430
1779202042.671,0.2259,0.1822,15.00,267.3,-1.47,11.77,-3.06,0.2246,0.0430
1779202042.735,0.2287,0.1822,15.00,267.3,-1.56,12.42,-2.77,0.2253,0.0430
1779202042.803,0.2313,0.1822,15.00,267.3,-1.55,12.64,-2.51,0.2304,0.0430
1779202042.872,0.2335,0.1822,15.00,267.3,-1.52,13.75,-2.44,0.2335,0.0430
1779202042.936,0.2348,0.1822,15.00,267.3,-1.47,14.11,-2.27,0.2345,0.0430
1779202043.006,0.2370,0.1822,15.00,267.3,-1.43,14.50,-2.28,0.2339,0.0430
1779202043.068,0.2388,0.1822,15.00,267.3,-1.48,14.46,-2.30,0.2262,0.0430
1779202043.140,0.2400,0.1822,15.00,267.3,-1.65,13.17,-2.24,0.2130,0.0430
1779202043.204,0.2414,0.1822,15.00,267.3,-1.47,13.25,-2.18,0.2681,0.0430
1779202043.272,0.2424,0.1822,15.00,267.3,-1.29,13.83,-2.20,0.3024,0.0430
1779202043.338,0.2439,0.1822,15.00,267.3,-0.53,13.56,-2.20,0.2639,0.0430
1779202043.407,0.2445,0.1822,15.00,267.3,-0.10,10.65,-2.12,0.1367,0.0430
1779202043.473,0.2433,0.1822,15.00,267.3,0.45,9.46,-1.95,0.1092,0.0430
1779202043.540,0.2417,0.1822,15.00,267.3,0.72,9.29,-1.88,0.1046,0.0430
1779202043.607,0.2399,0.1822,15.00,267.3,0.81,9.04,-1.81,0.1099,0.0430
1779202043.671,0.2365,0.1822,15.00,267.3,0.91,8.64,-1.75,0.1091,0.0430
1779202043.739,0.2365,0.1822,15.00,267.3,1.32,8.10,-1.54,0.1114,0.0430
1779202043.805,0.2338,0.1822,15.00,267.3,1.28,7.43,-1.40,0.1152,0.0430
1779202043.870,0.2332,0.1822,15.00,267.3,0.83,6.97,-1.27,0.1201,0.0430
1779202043.938,0.2316,0.1822,15.00,267.3,0.67,6.74,-1.39,0.1055,0.0430
1779202044.008,0.2325,0.1822,15.00,267.3,0.10,7.18,-1.52,0.1142,0.0430
1779202044.074,0.2551,0.1822,15.00,267.3,0.04,7.75,-1.62,0.1145,0.0430
1779202044.138,0.2709,0.1822,15.00,267.3,-0.39,7.45,-1.64,0.1261,0.0430
1779202044.207,0.2771,0.1822,15.00,267.3,-0.47,6.66,-1.52,0.1216,0.0430
1779202044.274,0.2751,0.1822,15.00,267.3,-0.60,6.59,-1.53,0.1107,0.0430
1779202044.339,0.2768,0.1822,15.00,267.3,-0.82,6.46,-1.46,0.1101,0.0430
1779202044.404,0.2704,0.1822,14.00,267.3,-0.52,7.20,-1.51,0.1015,0.0630
1779202044.474,0.2681,0.1822,14.00,267.3,-0.40,6.80,-1.49,0.1008,0.0630
1779202044.541,0.2711,0.1822,14.00,267.3,-0.43,6.83,-1.49,0.0970,0.0630
1779202044.607,0.2720,0.1822,14.00,267.3,-0.44,6.79,-1.52,0.0963,0.0630
1779202044.674,0.2714,0.1822,14.00,267.3,0.05,6.93,-1.62,0.1012,0.0630
1779202044.741,0.2750,0.1822,14.00,267.3,0.36,6.82,-1.63,0.1057,0.0630
1779202044.808,0.2803,0.1822,14.00,267.3,1.04,6.70,-1.46,0.1058,0.0630
1779202044.869,0.2780,0.1822,14.00,267.3,1.42,6.23,-1.27,0.1027,0.0630
1779202044.937,0.2754,0.1822,14.00,267.3,2.05,6.19,-1.19,0.1063,0.0630
1779202045.009,0.2727,0.1822,14.00,267.3,2.16,6.25,-1.24,0.1028,0.0630
1779202045.070,0.2742,0.1822,14.00,267.3,2.23,6.04,-1.24,0.1026,0.0630
1779202045.141,0.2752,0.1822,14.00,267.3,2.21,6.31,-1.22,0.1044,0.0630
1779202045.207,0.0831,0.1844,14.00,267.3,1.37,5.79,-1.13,0.1156,0.0659
1779202045.271,0.0660,0.1867,14.00,267.3,-0.20,4.27,-1.21,0.1327,0.0689
1779202045.342,0.1705,0.1889,14.00,267.3,-1.06,5.73,-1.34,0.1255,0.0719
1779202045.405,0.2251,0.1889,15.00,266.5,-0.65,7.03,-1.48,0.1230,0.0519
1779202045.471,0.2474,0.1889,15.00,266.5,-0.17,7.60,-1.41,0.1190,0.0519
1779202045.542,0.2531,0.1889,15.00,266.5,0.01,7.59,-1.37,0.1173,0.0519
1779202045.610,0.2587,0.1889,15.00,266.5,0.11,7.65,-1.35,0.1155,0.0519
1779202045.675,0.2615,0.1889,15.00,266.5,0.12,7.58,-1.35,0.1147,0.0519
1779202045.740,0.2640,0.1889,15.00,266.5,0.19,7.50,-1.36,0.1138,0.0519
1779202045.806,0.2665,0.1889,15.00,266.5,0.26,7.43,-1.38,0.1136,0.0519
1779202045.875,0.2681,0.1889,15.00,266.5,0.32,7.30,-1.38,0.1135,0.0519
1779202045.941,0.2770,0.1889,15.00,266.5,0.44,7.04,-1.25,0.1135,0.0519
1779202046.006,0.2791,0.1889,15.00,266.5,0.40,7.36,-1.22,0.1177,0.0519
1779202046.074,0.0669,0.1911,15.00,266.5,-0.62,5.51,-1.11,0.1246,0.0548
1779202046.142,0.0930,0.1933,15.00,266.5,-0.80,5.36,-1.15,0.1272,0.0578
1779202046.208,0.1951,0.1933,16.00,253.1,-0.20,6.93,-1.36,0.1234,0.0578
1779202046.274,0.2444,0.1933,16.00,253.1,-0.04,7.55,-1.41,0.1213,0.0578
1779202046.340,0.2545,0.1933,16.00,253.1,0.14,7.57,-1.43,0.1152,0.0578
1779202046.404,0.2598,0.1933,16.00,253.1,0.31,7.40,-1.42,0.1135,0.0578
1779202046.472,0.2614,0.1933,16.00,253.1,0.41,7.00,-1.40,0.1130,0.0578
1779202046.543,0.2619,0.1933,16.00,253.1,0.49,6.82,-1.39,0.1118,0.0578
1779202046.609,0.2609,0.1933,16.00,253.1,0.52,6.67,-1.38,0.1116,0.0578
1779202046.670,0.2605,0.1933,16.00,253.1,0.52,6.80,-1.39,0.1113,0.0578
1779202046.738,0.2606,0.1933,16.00,253.1,0.55,7.06,-1.45,0.1112,0.0578
1779202046.809,0.2609,0.1933,16.00,253.1,0.61,6.91,-1.50,0.1125,0.0578
1779202046.876,0.2618,0.1933,16.00,253.1,0.65,7.01,-1.58,0.1127,0.0578
1779202046.938,0.2626,0.1933,16.00,253.1,0.63,7.12,-1.64,0.1132,0.0578
1779202047.009,0.2635,0.1933,16.00,253.1,0.61,7.17,-1.66,0.1131,0.0578
1779202047.074,0.2662,0.1933,16.00,253.1,0.60,7.20,-1.67,0.1138,0.0578
1779202047.143,0.2860,0.1933,16.00,253.1,0.78,6.44,-1.68,0.1102,0.0578
1779202047.206,0.2820,0.1933,16.00,253.1,0.56,7.21,-1.70,0.1161,0.0578
1779202047.274,0.2838,0.1933,16.00,253.1,0.53,6.71,-1.81,0.1133,0.0578
1779202047.342,0.2823,0.1933,16.00,253.1,0.38,6.79,-1.77,0.1190,0.0578
1779202047.409,0.2847,0.1933,16.00,253.1,0.81,6.82,-1.72,0.1157,0.0578
1779202047.475,0.2843,0.1933,16.00,253.1,0.73,7.11,-1.66,0.1164,0.0578
1779202047.543,0.2831,0.1933,16.00,253.1,0.67,6.94,-1.61,0.1153,0.0578
1779202047.609,0.2821,0.1933,16.00,253.1,0.61,7.30,-1.60,0.1154,0.0578
1779202047.677,0.2817,0.1933,16.00,253.1,0.62,7.50,-1.61,0.1149,0.0578
1779202047.742,0.2767,0.1933,16.00,253.1,0.34,7.58,-1.65,0.1158,0.0578
1779202047.809,0.2670,0.1933,16.00,253.1,0.17,7.51,-1.71,0.1159,0.0578
1779202047.874,0.2639,0.1933,16.00,253.1,-0.07,7.51,-1.72,0.1183,0.0578
1779202047.943,0.2611,0.1933,16.00,253.1,-0.16,7.61,-1.74,0.1189,0.0578
1779202048.009,0.2572,0.1933,16.00,253.1,-0.34,7.80,-1.73,0.1241,0.0578
1779202048.076,0.2609,0.1933,16.00,253.1,-0.65,7.31,-1.89,0.1361,0.0578
1779202048.142,0.2592,0.1933,16.00,253.1,-0.49,7.57,-1.88,0.1337,0.0578
1779202048.209,0.2584,0.1933,16.00,253.1,-0.32,8.16,-1.83,0.1302,0.0578
1779202048.274,0.2582,0.1933,16.00,253.1,-0.39,8.13,-1.78,0.1302,0.0578
1779202048.343,0.2558,0.1933,16.00,253.1,-0.44,8.31,-1.70,0.1309,0.0578
1779202048.408,0.2489,0.1933,16.00,253.1,-0.56,6.12,-1.79,0.1226,0.0578
1779202048.476,0.2522,0.1933,16.00,253.1,-0.79,6.29,-1.68,0.1376,0.0578
1779202048.539,0.2560,0.1933,16.00,253.1,-0.31,5.53,-1.74,0.1275,0.0578
1779202048.610,0.2575,0.1933,16.00,253.1,0.05,6.19,-1.66,0.1374,0.0578
1779202048.676,0.2640,0.1933,16.00,253.1,0.48,6.34,-1.66,0.1305,0.0578
1779202048.742,0.2698,0.1933,16.00,253.1,0.31,6.60,-1.75,0.1287,0.0578
1779202048.810,0.2736,0.1933,16.00,253.1,-0.13,6.43,-1.84,0.1427,0.0578
1779202048.876,0.2747,0.1933,16.00,253.1,0.28,6.80,-1.85,0.1296,0.0578
1779202048.942,0.2769,0.1933,16.00,253.1,0.23,6.70,-1.70,0.1354,0.0578
1779202049.009,0.2718,0.1933,16.00,253.1,0.40,7.12,-1.78,0.1338,0.0578
1779202049.077,0.2708,0.1933,16.00,253.1,0.06,7.32,-1.81,0.1352,0.0578
1779202049.144,0.2707,0.1933,16.00,253.1,0.34,6.66,-1.82,0.1307,0.0578
1779202049.209,0.2718,0.1933,16.00,253.1,0.16,6.85,-1.76,0.1361,0.0578
1779202049.274,0.2689,0.1933,16.00,253.1,0.27,6.94,-1.76,0.1276,0.0578
1779202049.340,0.2724,0.1933,16.00,253.1,0.18,6.70,-1.70,0.1296,0.0578
1779202049.406,0.2729,0.1933,16.00,253.1,0.16,6.62,-1.64,0.1306,0.0578
1779202049.473,0.2724,0.1933,16.00,253.1,-0.05,6.60,-1.69,0.1323,0.0578
1779202049.542,0.2718,0.1933,16.00,253.1,-0.31,6.63,-1.76,0.1341,0.0578
1779202049.610,0.2759,0.1933,16.00,253.1,-0.42,6.67,-1.87,0.1366,0.0578
1779202049.676,0.2810,0.1933,16.00,253.1,-0.45,6.71,-1.91,0.1373,0.0578
1779202049.743,0.2859,0.1933,16.00,253.1,-0.41,6.78,-1.94,0.1397,0.0578
1779202049.811,0.1581,0.1956,16.00,253.1,-0.74,6.05,-1.80,0.1449,0.0607
1779202049.876,0.0200,0.1978,16.00,253.1,-1.72,3.94,-1.61,0.1532,0.0637
1779202049.943,0.0656,0.2000,16.00,253.1,-1.95,4.33,-1.67,0.1551,0.0667
1779202050.009,0.1536,0.2022,16.00,253.1,-1.90,5.54,-1.94,0.1556,0.0696
1779202050.077,0.0232,0.2044,16.00,253.1,-2.45,5.13,-1.83,0.1582,0.0726
1779202050.144,0.0811,0.2067,16.00,253.1,-2.32,4.87,-1.72,0.1593,0.0756
1779202050.206,0.1790,0.2089,16.00,253.1,-1.88,6.47,-2.00,0.1592,0.0785
1779202050.277,0.0562,0.2111,16.00,253.1,-2.75,6.13,-1.99,0.1618,0.0815
1779202050.340,0.0626,0.2133,16.00,253.1,-2.72,6.00,-1.92,0.1627,0.0844
1779202050.407,0.1537,0.2156,16.00,253.1,-2.14,7.10,-1.88,0.1618,0.0874
1779202050.477,0.1665,0.2178,16.00,253.1,-2.23,7.85,-1.91,0.1615,0.0904
1779202050.544,0.0558,0.2200,16.00,253.1,-2.50,6.60,-1.82,0.1620,0.0933
1779202050.610,0.1416,0.2222,16.00,253.1,-2.26,7.15,-1.91,0.1620,0.0963
1779202050.675,0.1919,0.2222,16.00,253.1,-2.01,7.67,-1.95,0.1601,0.0963
1779202050.742,0.2018,0.2222,16.00,253.1,-1.95,8.09,-2.01,0.1595,0.0963
1779202050.806,0.0466,0.2244,16.00,253.1,-2.38,6.99,-1.95,0.1601,0.0993
1779202050.878,0.1217,0.2267,16.00,253.1,-2.10,6.83,-1.91,0.1605,0.1022
1779202050.944,0.1758,0.2289,16.00,253.1,-1.95,7.31,-1.95,0.1590,0.1052
1779202051.008,0.1985,0.2289,17.00,246.3,-1.84,7.58,-1.98,0.1585,0.1052
1779202051.078,0.2042,0.2289,17.00,246.3,-1.80,7.62,-2.00,0.1563,0.1052
1779202051.144,0.2029,0.2289,17.00,246.3,-1.84,7.77,-1.99,0.1561,0.1052
1779202051.207,0.0643,0.2311,17.00,246.3,-2.65,6.97,-2.12,0.1579,0.1081
1779202051.276,0.0780,0.2333,17.00,246.3,-2.58,6.54,-2.12,0.1597,0.1111
1779202051.341,0.1590,0.2356,17.00,246.3,-2.22,7.19,-2.06,0.1595,0.1141
1779202051.407,0.1906,0.2356,18.00,233.0,-2.02,7.70,-2.05,0.1590,0.1141
1779202051.475,0.2041,0.2356,18.00,233.0,-1.89,7.95,-2.04,0.1587,0.1141
1779202051.541,0.2105,0.2356,18.00,233.0,-1.84,8.05,-2.01,0.1586,0.1141
1779202051.609,0.2025,0.2356,18.00,233.0,-1.85,8.31,-2.01,0.1586,0.1141
1779202051.677,0.0288,0.2378,18.00,233.0,-2.66,6.41,-1.89,0.1605,0.1170
1779202051.744,0.0967,0.2400,18.00,233.0,-2.42,6.68,-1.86,0.1638,0.1200
1779202051.811,0.1679,0.2422,18.00,233.0,-2.15,7.38,-1.91,0.1637,0.1230
1779202051.878,0.1686,0.2444,18.00,233.0,-2.16,7.81,-1.94,0.1634,0.1259
1779202051.940,0.1609,0.2467,18.00,233.0,-2.16,7.75,-1.93,0.1637,0.1289
1779202052.007,0.1987,0.2467,19.00,239.6,-1.98,8.28,-2.01,0.1634,0.1289
1779202052.078,0.0524,0.2489,19.00,239.6,-2.46,7.69,-2.08,0.1638,0.1319
1779202052.145,0.0502,0.2511,19.00,239.6,-2.54,6.87,-1.99,0.1672,0.1348
1779202052.211,0.1487,0.2533,19.00,239.6,-2.28,7.76,-2.06,0.1670,0.1378
1779202052.278,0.1968,0.2533,20.00,233.1,-1.84,8.41,-1.99,0.1663,0.1378
1779202052.345,0.1611,0.2556,20.00,233.1,-1.80,8.28,-1.97,0.1664,0.1407
1779202052.411,0.0199,0.2578,20.00,233.1,-2.91,6.07,-1.92,0.1673,0.1437
1779202052.473,0.0225,0.2600,20.00,233.1,-2.62,4.52,-1.65,0.1685,0.1467
1779202052.540,0.1599,0.2622,20.00,233.1,-2.02,6.66,-1.88,0.1675,0.1496
1779202052.611,0.2028,0.2622,21.00,220.0,-1.71,7.60,-1.91,0.1652,0.1696
1779202052.676,0.2031,0.2622,21.00,220.0,-1.63,8.14,-1.92,0.1641,0.1696
1779202052.741,0.0560,0.2644,21.00,220.0,-2.28,7.66,-2.07,0.1653,0.1726
1779202052.810,0.1577,0.2667,21.00,220.0,-1.94,8.47,-2.14,0.1655,0.1756
1779202052.877,0.2210,0.2667,22.00,213.7,-1.56,8.91,-2.11,0.1639,0.1956
1779202052.945,0.0451,0.2689,22.00,213.7,-2.44,6.65,-2.02,0.1642,0.1985
1779202053.011,0.0762,0.2711,22.00,213.7,-2.37,5.57,-1.85,0.1658,0.2015
1779202053.079,0.1825,0.2733,22.00,213.7,-1.83,7.03,-1.99,0.1652,0.2044
1779202053.142,0.2081,0.2733,23.00,213.4,-1.65,7.91,-1.98,0.1634,0.2244
1779202053.209,0.1569,0.2756,23.00,213.4,-1.63,7.95,-1.92,0.1631,0.2274
1779202053.278,0.0221,0.2778,23.00,213.4,-2.90,5.40,-1.81,0.1656,0.2304
1779202053.346,0.0280,0.2800,23.00,213.4,-2.70,4.19,-1.78,0.1674,0.2333
1779202053.410,0.1693,0.2822,23.00,213.4,-2.09,6.05,-1.84,0.1673,0.2363
1779202053.476,0.2034,0.2822,24.00,213.0,-1.75,7.03,-1.87,0.1638,0.2563
1779202053.541,0.1964,0.2822,24.00,213.0,-1.79,8.06,-1.94,0.1631,0.2563
1779202053.609,0.0324,0.2844,24.00,213.0,-2.42,6.11,-1.77,0.1658,0.2593
1779202053.676,0.1166,0.2867,24.00,213.0,-2.28,6.64,-1.77,0.1667,0.2622
1779202053.744,0.1819,0.2889,24.00,213.0,-2.00,7.44,-1.84,0.1659,0.2652
1779202053.809,0.1981,0.2889,25.00,213.2,-1.94,8.45,-1.94,0.1646,0.2852
1779202053.879,0.0455,0.2911,25.00,213.2,-3.00,6.53,-1.94,0.1662,0.2881
1779202053.943,0.0529,0.2933,25.00,213.2,-2.77,6.17,-1.88,0.1675,0.2911
1779202054.012,0.1400,0.2956,25.00,213.2,-2.27,7.65,-1.97,0.1674,0.2941
1779202054.079,0.0267,0.2978,25.00,213.2,-3.06,6.73,-2.01,0.1682,0.2970
1779202054.145,0.0762,0.3000,25.00,213.2,-2.51,6.09,-1.81,0.1685,0.3000
1779202054.213,0.1700,0.3022,25.00,213.2,-2.16,7.33,-1.96,0.1679,0.3030
1779202054.279,0.1997,0.3022,26.00,239.7,-1.92,7.77,-1.94,0.1666,0.3030
1779202054.346,0.2070,0.3022,26.00,239.7,-1.83,8.04,-1.94,0.1655,0.3030
1779202054.410,0.2084,0.3022,26.00,239.7,-1.80,8.21,-1.94,0.1644,0.3030
1779202054.476,0.2085,0.3022,26.00,239.7,-1.78,8.29,-1.94,0.1641,0.3030
1779202054.546,0.2086,0.3022,26.00,239.7,-1.81,8.28,-1.95,0.1640,0.3030
1779202054.609,0.2082,0.3022,26.00,239.7,-1.79,8.29,-1.95,0.1641,0.3030
1779202054.678,0.2079,0.3022,26.00,239.7,-1.76,8.31,-1.94,0.1639,0.3030
1779202054.746,0.2082,0.3022,26.00,239.7,-1.65,8.34,-1.93,0.1635,0.3030
1779202054.810,0.2081,0.3022,26.00,239.7,-1.70,8.34,-1.95,0.1626,0.3030
1779202054.875,0.2089,0.3022,26.00,239.7,-1.74,8.37,-1.96,0.1622,0.3030
1779202054.945,0.2082,0.3022,26.00,239.7,-1.77,7.99,-1.99,0.1621,0.3030
1779202055.014,0.2137,0.3022,26.00,239.7,-1.79,7.45,-2.12,0.1620,0.3030
1779202055.075,0.2159,0.3022,26.00,239.7,-1.81,7.12,-2.17,0.1621,0.3030
1779202055.144,0.2171,0.3022,26.00,239.7,-1.81,6.95,-2.17,0.1620,0.3030
1779202055.210,0.2186,0.3022,26.00,239.7,-1.83,6.92,-2.19,0.1616,0.3030
1779202055.277,0.2200,0.3022,26.00,239.7,-1.85,6.92,-2.21,0.1619,0.3030
1779202055.345,0.2208,0.3022,26.00,239.7,-1.84,6.84,-2.20,0.1618,0.3030
1779202055.409,0.2208,0.3022,26.00,239.7,-1.81,7.04,-2.21,0.1619,0.3030
1779202055.477,0.2207,0.3022,26.00,239.7,-1.82,7.00,-2.22,0.1628,0.3030
1779202055.547,0.2184,0.3022,26.00,239.7,-1.83,7.22,-2.18,0.1626,0.3030
1779202055.609,0.2169,0.3022,26.00,239.7,-1.80,7.67,-2.15,0.1626,0.3030
1779202055.678,0.2178,0.3022,26.00,239.7,-1.79,7.88,-2.11,0.1625,0.3030
1779202055.746,0.2179,0.3022,26.00,239.7,-1.79,8.08,-2.10,0.1622,0.3030
1779202055.810,0.2178,0.3022,26.00,239.7,-1.79,8.20,-2.07,0.1623,0.3030
1779202055.875,0.2179,0.3022,26.00,239.7,-1.77,8.30,-2.06,0.1621,0.3030
1779202055.942,0.2180,0.3022,26.00,239.7,-1.77,8.27,-2.04,0.1620,0.3030
1779202056.013,0.2182,0.3022,26.00,239.7,-1.78,8.24,-2.02,0.1617,0.3030
1779202056.077,0.2184,0.3022,26.00,239.7,-1.80,8.22,-2.02,0.1618,0.3030
1779202056.145,0.2186,0.3000,26.00,239.7,-1.82,8.24,-2.02,0.1622,0.3000
1779202056.214,0.2190,0.2978,26.00,239.7,-1.87,8.27,-2.02,0.1629,0.2970
1779202056.278,0.2191,0.2956,26.00,239.7,-1.91,8.23,-2.02,0.1643,0.2941
1779202056.347,0.2194,0.2933,26.00,239.7,-1.92,8.16,-2.03,0.1643,0.2911
1779202056.414,0.2317,0.2911,26.00,239.7,-1.87,8.01,-2.03,0.1641,0.2881
1779202056.475,0.2373,0.2889,26.00,239.7,-1.83,8.01,-2.06,0.1634,0.2852
1779202056.545,0.2379,0.2867,26.00,239.7,-1.85,8.09,-2.08,0.1632,0.2822
1779202056.614,0.2373,0.2844,26.00,239.7,-1.80,8.65,-2.06,0.1634,0.2793
1779202056.680,0.2369,0.2844,26.00,239.7,-1.81,8.56,-2.02,0.1633,0.2793
1779202056.747,0.2366,0.2844,26.00,239.7,-1.80,8.46,-2.01,0.1632,0.2793
1779202056.813,0.2365,0.2844,26.00,239.7,-1.82,8.47,-2.00,0.1626,0.2793
1779202056.878,0.2366,0.2844,26.00,239.7,-1.85,8.51,-2.01,0.1626,0.2793
1779202056.947,0.2362,0.2822,26.00,239.7,-1.83,8.40,-1.99,0.1628,0.2763
1779202057.014,0.2376,0.2800,26.00,239.7,-1.75,9.04,-2.14,0.1617,0.2733
1779202057.079,0.2412,0.2800,26.00,239.7,-1.78,9.50,-2.20,0.1654,0.2733
1779202057.143,0.2459,0.2800,26.00,239.7,-1.94,10.11,-2.32,0.1725,0.2733
1779202057.214,0.2480,0.2800,26.00,239.7,-2.08,10.32,-2.37,0.1779,0.2733
1779202057.279,0.2507,0.2800,26.00,239.7,-2.21,10.16,-2.38,0.1795,0.2733
1779202057.346,0.2517,0.2800,26.00,239.7,-2.31,10.46,-2.38,0.1834,0.2733
1779202057.410,0.2521,0.2800,26.00,239.7,-2.34,9.98,-2.33,0.1846,0.2733
1779202057.477,0.2528,0.2778,26.00,239.7,-2.27,9.99,-2.31,0.1869,0.2704
1779202057.548,0.2533,0.2756,26.00,239.7,-2.18,11.29,-2.40,0.1921,0.2674
1779202057.614,0.2540,0.2733,26.00,239.7,-1.97,13.25,-2.48,0.2357,0.2644
1779202057.682,0.2566,0.2733,26.00,239.7,-1.77,14.43,-2.62,0.2798,0.2644
1779202057.747,0.2588,0.2733,26.00,239.7,-1.67,12.72,-2.64,0.2182,0.2644
1779202057.814,0.2628,0.2733,26.00,239.7,-0.73,11.54,-2.58,0.1697,0.2644
1779202057.881,0.2535,0.2733,26.00,239.7,-0.02,10.67,-2.31,0.1432,0.2644
1779202057.948,0.2502,0.2711,26.00,239.7,0.41,10.30,-2.40,0.1261,0.2615
1779202058.011,0.2504,0.2689,26.00,239.7,0.53,9.41,-2.25,0.1264,0.2585
1779202058.081,0.2414,0.2667,26.00,239.7,0.41,8.79,-2.31,0.1313,0.2556
1779202058.146,0.2357,0.2644,26.00,239.7,0.57,8.90,-2.14,0.1401,0.2526
1779202058.215,0.2353,0.2644,26.00,239.7,0.56,8.61,-1.96,0.1404,0.2526
1779202058.280,0.2363,0.2622,26.00,239.7,0.91,7.55,-1.64,0.1380,0.2496
1779202058.343,0.2464,0.2600,26.00,239.7,1.34,6.26,-1.48,0.1360,0.2467
1779202058.413,0.2445,0.2578,26.00,239.7,1.27,5.46,-1.30,0.1347,0.2437
1779202058.482,0.2456,0.2578,26.00,239.7,1.25,5.49,-1.23,0.1344,0.2437
1779202058.546,0.2473,0.2578,26.00,239.7,1.06,5.43,-1.15,0.1341,0.2437
1779202058.614,0.2511,0.2578,26.00,239.7,0.73,5.48,-1.20,0.1378,0.2437
1779202058.679,0.2539,0.2578,26.00,239.7,0.51,4.75,-1.31,0.1403,0.2437
1779202058.746,0.2548,0.2578,26.00,239.7,0.34,5.06,-1.33,0.1423,0.2437
1779202058.810,0.2574,0.2578,26.00,239.7,0.29,4.15,-1.22,0.1422,0.2437
1779202058.882,0.2595,0.2556,26.00,239.7,0.24,3.64,-1.13,0.1417,0.2407
1779202058.945,0.2671,0.2533,26.00,239.7,0.41,3.19,-1.01,0.1414,0.2378
1779202059.014,0.2668,0.2511,26.00,239.7,0.17,2.63,-0.92,0.1427,0.2348
1779202059.082,0.2663,0.2511,26.00,239.7,-0.10,2.08,-0.93,0.1461,0.2348
1779202059.148,0.2637,0.2511,26.00,239.7,-0.29,3.53,-1.24,0.1543,0.2348
1779202059.213,0.2497,0.2511,26.00,239.7,-0.59,3.37,-1.47,0.1505,0.2348
1779202059.283,0.2470,0.2511,26.00,239.7,-0.62,4.03,-1.68,0.1493,0.2348
1779202059.345,0.2439,0.2511,26.00,239.7,-0.90,2.94,-1.56,0.1515,0.2348
1779202059.411,0.2446,0.2511,26.00,239.7,-1.05,1.45,-1.49,0.1556,0.2348
1779202059.481,0.2440,0.2511,26.00,239.7,-1.11,0.05,-1.28,0.1514,0.2348
1779202059.549,0.2439,0.2511,26.00,239.7,-1.33,-1.47,-1.21,0.1511,0.2348
1779202059.609,0.2430,0.2511,26.00,239.7,-1.48,-0.87,-1.43,0.1482,0.2348
1779202059.643,0.2436,0.2506,26.00,239.7,-1.37,-3.86,-1.38,0.1546,0.2341
1779202059.711,0.2454,0.2506,26.00,239.7,-2.16,-3.31,-1.47,0.1566,0.2341
1779202059.781,0.2474,0.2506,26.00,239.7,-1.99,-3.81,-1.50,0.1581,0.2341
1779202059.847,0.2465,0.2506,26.00,239.7,-2.22,-5.71,-1.23,0.1518,0.2341
1779202059.912,0.2495,0.2506,26.00,239.7,-2.04,-7.96,-1.33,0.1525,0.2341
1779202059.979,0.2495,0.2506,26.00,239.7,-2.29,-6.50,-1.50,0.1580,0.2341
1779202060.049,0.2447,0.2506,26.00,239.7,-1.99,-2.20,-2.25,0.1622,0.2341
1779202060.115,0.2416,0.2506,26.00,239.7,-2.29,-2.64,-2.16,0.1736,0.2341
1779202060.182,0.2461,0.2506,26.00,239.7,-2.27,-3.77,-1.67,0.1697,0.2341
1779202060.248,0.2468,0.2506,26.00,239.7,-2.41,-5.03,-1.42,0.1660,0.2341
1779202060.312,0.2377,0.2506,26.00,239.7,-2.69,-4.62,-1.39,0.1616,0.2341
1779202060.380,0.2367,0.2506,26.00,239.7,-2.37,-1.64,-1.67,0.1622,0.2341
1779202060.449,0.2355,0.2506,26.00,239.7,-2.22,-0.77,-1.86,0.1601,0.2341
1779202060.516,0.2368,0.2506,26.00,239.7,-1.48,0.55,-2.02,0.1447,0.2341
1779202060.579,0.2318,0.2506,26.00,239.7,-1.58,0.14,-1.96,0.1542,0.2341
1779202060.649,0.2314,0.2483,26.00,239.7,-1.64,0.09,-2.27,0.1601,0.2311
1779202060.714,0.2345,0.2461,26.00,239.7,-1.59,0.92,-2.46,0.1640,0.2282
1779202060.780,0.2357,0.2439,26.00,239.7,-1.60,1.24,-2.48,0.1604,0.2252
1779202060.848,0.2559,0.2417,26.00,239.7,-1.31,1.66,-2.40,0.1590,0.2222
1779202060.911,0.2734,0.2417,26.00,239.7,-1.21,2.39,-2.47,0.1598,0.2222
1779202060.979,0.2811,0.2417,26.00,239.7,-1.08,3.18,-2.38,0.1600,0.2222
1779202061.048,0.2833,0.2417,26.00,239.7,-0.89,3.68,-2.12,0.1597,0.2222
1779202061.116,0.2895,0.2417,26.00,239.7,-0.77,5.08,-1.78,0.1587,0.2222
1779202061.180,0.2912,0.2417,26.00,239.7,-1.11,6.55,-1.26,0.1645,0.2222
1779202061.246,0.2913,0.2417,26.00,239.7,-1.02,7.50,-1.07,0.1676,0.2222
1779202061.316,0.2963,0.2417,26.00,239.7,-0.94,8.79,-1.24,0.1693,0.2222
1779202061.382,0.2971,0.2417,26.00,239.7,-0.83,9.29,-1.29,0.1682,0.2222
1779202061.443,0.2981,0.2417,26.00,239.7,-0.54,9.76,-1.30,0.1666,0.2222
1779202061.516,0.2985,0.2417,26.00,239.7,-0.26,9.94,-1.26,0.1644,0.2222
1779202061.582,0.2992,0.2417,26.00,239.7,-0.19,9.96,-1.23,0.1641,0.2222
1779202061.645,0.3007,0.2417,26.00,239.7,0.12,11.15,-1.21,0.1645,0.2222
1779202061.712,0.3035,0.2417,26.00,239.7,0.11,11.55,-1.17,0.1665,0.2222
1779202061.782,0.2999,0.2417,26.00,239.7,-0.00,12.38,-1.17,0.1669,0.2222
1779202061.848,0.2987,0.2417,26.00,239.7,0.10,12.29,-1.24,0.1706,0.2222
1779202061.912,0.2995,0.2417,26.00,239.7,0.16,11.98,-1.42,0.1724,0.2222
1779202061.983,0.3003,0.2417,26.00,239.7,0.17,13.04,-1.48,0.1722,0.2222
1779202062.049,0.3104,0.2417,26.00,239.7,0.51,13.93,-1.48,0.1681,0.2222
1779202062.113,0.3201,0.2417,26.00,239.7,0.73,14.04,-1.49,0.1675,0.2222
1779202062.183,0.3323,0.2417,26.00,239.7,0.68,14.81,-1.56,0.1668,0.2222
1779202062.246,0.3369,0.2417,26.00,239.7,1.00,14.83,-1.34,0.1646,0.2222
1779202062.316,0.3431,0.2417,26.00,239.7,0.99,16.03,-1.42,0.1663,0.2222
1779202062.380,0.3293,0.2417,26.00,239.7,0.82,15.35,-1.27,0.1646,0.2222
1779202062.446,0.3323,0.2417,26.00,239.7,0.89,16.23,-1.25,0.1662,0.2222
1779202062.514,0.3357,0.2417,26.00,239.7,1.00,16.52,-1.22,0.1673,0.2222
1779202062.582,0.3399,0.2417,26.00,239.7,1.12,16.47,-1.21,0.1670,0.2222
1779202062.646,0.3399,0.2417,26.00,239.7,1.18,16.32,-1.26,0.1681,0.2222
1779202062.715,0.3389,0.2417,26.00,239.7,1.19,16.27,-1.23,0.1694,0.2222
1779202062.779,0.3395,0.2417,26.00,239.7,1.23,16.27,-1.22,0.1708,0.2222
1779202062.850,0.3410,0.2417,26.00,239.7,1.26,16.41,-1.20,0.1719,0.2222
1779202062.914,0.3418,0.2417,26.00,239.7,1.27,16.03,-1.13,0.1722,0.2222
1779202062.982,0.3430,0.2417,26.00,239.7,1.25,16.05,-1.08,0.1704,0.2222
1779202063.050,0.3377,0.2417,26.00,239.7,1.12,16.05,-1.04,0.1709,0.2222
1779202063.116,0.3365,0.2417,26.00,239.7,1.06,16.21,-1.03,0.1721,0.2222
1779202063.181,0.3375,0.2417,26.00,239.7,1.08,16.07,-1.00,0.1716,0.2222
1779202063.250,0.3388,0.2417,26.00,239.7,1.09,16.04,-1.04,0.1711,0.2222
1779202063.314,0.3393,0.2417,26.00,239.7,1.12,16.32,-1.17,0.1744,0.2222
1779202063.383,0.3383,0.2417,26.00,239.7,1.15,16.31,-1.30,0.1746,0.2222
1779202063.448,0.3388,0.2417,26.00,239.7,1.17,16.62,-1.38,0.1748,0.2222
1779202063.512,0.3423,0.2417,26.00,239.7,0.63,17.42,-1.60,0.1790,0.2222
1779202063.581,0.3433,0.2417,26.00,239.7,0.89,17.26,-1.69,0.1751,0.2222
1779202063.651,0.3455,0.2417,26.00,239.7,1.10,17.32,-1.46,0.1754,0.2222
1779202063.718,0.3448,0.2417,26.00,239.7,1.15,17.16,-1.46,0.1740,0.2222
1779202063.779,0.3460,0.2417,26.00,239.7,1.20,17.00,-1.45,0.1712,0.2222
1779202063.850,0.3461,0.2417,26.00,239.7,1.16,17.07,-1.36,0.1709,0.2222
1779202063.914,0.3451,0.2417,26.00,239.7,1.24,16.70,-1.33,0.1700,0.2222
1779202063.985,0.3488,0.2417,26.00,239.7,1.37,16.79,-1.42,0.1698,0.2222
1779202064.049,0.3484,0.2417,26.00,239.7,1.39,16.82,-1.43,0.1671,0.2222
1779202064.116,0.3613,0.2417,26.00,239.7,0.89,17.54,-1.71,0.1656,0.2222
1779202064.180,0.3638,0.2417,26.00,239.7,0.51,18.18,-1.86,0.1615,0.2222
1779202064.251,0.3602,0.2417,26.00,239.7,0.94,17.50,-1.79,0.1619,0.2222
1779202064.317,0.3658,0.2417,26.00,239.7,0.39,18.26,-1.89,0.1777,0.2222
1779202064.384,0.3646,0.2417,26.00,239.7,0.77,17.78,-1.54,0.1710,0.2222
1779202064.446,0.3710,0.2417,26.00,239.7,0.10,18.81,-1.67,0.1737,0.2222
1779202064.517,0.3624,0.2417,26.00,239.7,0.23,19.07,-1.67,0.1767,0.2222
1779202064.584,0.3630,0.2395,26.00,239.7,-0.03,19.50,-1.42,0.1772,0.2193
1779202064.652,0.3548,0.2373,26.00,239.7,0.61,18.75,-0.74,0.1673,0.2163
1779202064.715,0.3699,0.2350,26.00,239.7,0.85,18.17,-0.60,0.1709,0.2134
1779202064.781,0.3685,0.2328,26.00,239.7,1.22,16.56,0.10,0.1712,0.2104
1779202064.848,0.3747,0.2306,26.00,239.7,1.30,15.11,1.30,0.1946,0.2075
1779202064.916,0.3774,0.2284,26.00,239.7,0.53,14.41,2.08,0.2013,0.2045
1779202064.983,0.3709,0.2262,26.00,239.7,-0.41,14.23,3.00,0.1908,0.2016
1779202065.051,0.3700,0.2239,26.00,239.7,-0.80,11.48,3.46,0.1920,0.1986
1779202065.115,0.3136,0.2217,26.00,239.7,-1.22,1.65,4.18,0.1812,0.1956
1779202065.185,0.3075,0.2195,26.00,239.7,-1.00,3.52,3.37,0.1696,0.1927
1779202065.251,0.3049,0.2195,26.00,239.7,0.45,6.67,2.42,0.1763,0.1927
1779202065.316,0.3047,0.2195,26.00,239.7,0.47,6.10,2.22,0.1761,0.1927
1779202065.382,0.2991,0.2195,26.00,239.7,0.74,7.88,2.09,0.1708,0.1927
1779202065.450,0.3003,0.2195,26.00,239.7,1.99,7.27,2.10,0.1672,0.1927
1779202065.518,0.2878,0.2195,26.00,239.7,3.42,4.57,2.13,0.1666,0.1927
1779202065.585,0.2832,0.2195,26.00,239.7,3.16,-3.18,3.06,0.1489,0.1927
1779202065.651,0.2777,0.2195,26.00,239.7,2.74,-7.48,3.40,0.1425,0.1927
1779202065.715,0.2838,0.2195,26.00,239.7,1.27,-11.41,3.88,0.1345,0.1927
1779202065.784,0.2881,0.2173,26.00,239.7,-1.46,-9.03,3.37,0.1305,0.1897
1779202065.852,0.2915,0.2151,26.00,239.7,-1.52,-10.11,3.34,0.1426,0.1868
1779202065.917,0.2968,0.2129,26.00,239.7,2.58,-7.73,2.20,0.1598,0.1838
1779202065.983,0.3051,0.2106,26.00,239.7,1.67,-8.51,2.33,0.1475,0.1809
1779202066.049,0.3042,0.2106,26.00,239.7,2.46,-10.75,1.11,0.1631,0.1809
1779202066.115,0.2950,0.2106,26.00,239.7,0.52,-6.87,0.75,0.1667,0.1809
1779202066.185,0.2914,0.2106,26.00,239.7,0.18,-4.05,0.27,0.1809,0.1809
1779202066.250,0.3002,0.2084,26.00,239.7,-0.09,-1.85,0.12,0.1775,0.1779
1779202066.318,0.2955,0.2062,26.00,239.7,-0.97,1.92,-0.17,0.1733,0.1749
1779202066.385,0.2996,0.2040,26.00,239.7,-1.49,2.90,-0.32,0.1797,0.1720
1779202066.452,0.2988,0.2018,26.00,239.7,-1.70,5.30,-0.96,0.1811,0.1690
1779202066.516,0.3001,0.1996,26.00,239.7,-2.13,7.19,-1.32,0.1841,0.1661
1779202066.585,0.2898,0.1996,26.00,239.7,-1.71,6.27,-1.33,0.1776,0.1661
1779202066.654,0.2950,0.1996,26.00,239.7,-1.53,5.91,-1.37,0.1733,0.1661
1779202066.718,0.2925,0.1996,26.00,239.7,-1.94,8.11,-1.98,0.1761,0.1661
1779202066.780,0.2839,0.1973,26.00,239.7,-2.05,5.33,-1.80,0.1708,0.1631
1779202066.847,0.2842,0.1951,26.00,239.7,-2.29,3.01,-1.79,0.1715,0.1602
1779202066.919,0.2828,0.1929,26.00,239.7,-2.42,2.61,-1.83,0.1715,0.1572
1779202066.984,0.2823,0.1907,26.00,239.7,-2.33,4.01,-2.47,0.1686,0.1542
1779202067.051,0.2699,0.1907,26.00,239.7,-2.56,3.87,-2.74,0.1666,0.1542
1779202067.116,0.2704,0.1907,26.00,239.7,-2.47,3.76,-2.79,0.1679,0.1542
1779202067.187,0.2715,0.1885,26.00,239.7,-2.53,4.08,-2.82,0.1674,0.1513
1779202067.250,0.2716,0.1863,26.00,239.7,-2.55,4.09,-2.87,0.1678,0.1483
1779202067.314,0.2729,0.1840,26.00,239.7,-2.24,4.08,-2.88,0.1678,0.1454
1779202067.382,0.2743,0.1818,26.00,239.7,-2.01,4.26,-2.90,0.1675,0.1424
1779202067.449,0.2746,0.1818,26.00,239.7,-1.88,3.41,-2.84,0.1660,0.1424
1779202067.518,0.2747,0.1818,26.00,239.7,-1.92,3.02,-2.77,0.1661,0.1424
1779202067.586,0.2761,0.1818,26.00,239.7,-1.90,2.93,-2.75,0.1664,0.1424
1779202067.652,0.2764,0.1796,26.00,239.7,-1.87,3.17,-2.75,0.1668,0.1395
1779202067.720,0.2776,0.1774,26.00,239.7,-1.85,3.00,-2.74,0.1676,0.1365
1779202067.786,0.2800,0.1752,26.00,239.7,-1.87,3.93,-2.72,0.1709,0.1336
1779202067.852,0.2799,0.1729,26.00,239.7,-1.86,4.32,-2.79,0.1705,0.1306
1779202067.919,0.2791,0.1707,26.00,239.7,-1.61,4.33,-2.77,0.1695,0.1276
1779202067.982,0.2790,0.1685,26.00,239.7,-1.50,4.93,-2.85,0.1696,0.1247
1779202068.053,0.2804,0.1685,26.00,239.7,-1.43,5.46,-2.98,0.1688,0.1247
1779202068.119,0.2781,0.1685,26.00,239.7,-1.43,5.45,-3.03,0.1691,0.1247
1779202068.187,0.2720,0.1685,26.00,239.7,-1.41,6.31,-3.21,0.1710,0.1247
1779202068.251,0.2698,0.1685,26.00,239.7,-1.45,6.54,-3.31,0.1707,0.1247
1779202068.316,0.2705,0.1685,26.00,239.7,-1.42,7.28,-3.39,0.1725,0.1247
1779202068.385,0.2701,0.1685,26.00,239.7,-1.48,7.04,-3.40,0.1726,0.1247
1779202068.450,0.2706,0.1685,26.00,239.7,-1.74,6.65,-3.64,0.1731,0.1247
1779202068.519,0.2725,0.1685,26.00,239.7,-1.69,6.50,-3.75,0.1735,0.1247
1779202068.582,0.2731,0.1685,26.00,239.7,-1.63,6.63,-3.79,0.1732,0.1247
1779202068.652,0.2742,0.1685,26.00,239.7,-1.64,6.54,-3.83,0.1731,0.1247
1779202068.714,0.2739,0.1685,26.00,239.7,-1.69,6.40,-3.80,0.1731,0.1247
1779202068.783,0.2740,0.1685,26.00,239.7,-1.75,6.37,-3.80,0.1731,0.1247
1779202068.852,0.2746,0.1663,26.00,239.7,-1.82,6.18,-3.78,0.1723,0.1217
1779202068.916,0.2740,0.1641,26.00,239.7,-1.85,6.10,-3.77,0.1721,0.1188
1779202068.984,0.2739,0.1619,26.00,239.7,-1.86,6.10,-3.76,0.1724,0.1158
1779202069.053,0.2734,0.1596,26.00,239.7,-1.89,6.06,-3.75,0.1727,0.1129
1779202069.116,0.2709,0.1574,26.00,239.7,-2.07,6.40,-3.86,0.1734,0.1099
1779202069.181,0.2688,0.1552,26.00,239.7,-2.13,6.85,-3.97,0.1743,0.1069
1779202069.252,0.2680,0.1530,26.00,239.7,-2.17,7.08,-4.00,0.1747,0.1040
1779202069.317,0.2673,0.1508,26.00,239.7,-2.25,6.99,-4.00,0.1745,0.1010
1779202069.384,0.2674,0.1486,26.00,239.7,-2.31,6.93,-3.97,0.1748,0.1000
1779202069.452,0.2670,0.1463,26.00,239.7,-2.34,6.76,-3.95,0.1746,0.1000
1779202069.520,0.2660,0.1441,26.00,239.7,-2.32,7.33,-4.05,0.1722,0.1000
1779202069.587,0.2651,0.1419,26.00,239.7,-2.29,7.39,-4.06,0.1713,0.1000
1779202069.650,0.2641,0.1419,26.00,239.7,-2.29,7.40,-4.03,0.1709,0.1000
1779202069.716,0.2639,0.1419,26.00,239.7,-2.29,7.31,-4.00,0.1707,0.1000
1779202069.783,0.2640,0.1419,26.00,239.7,-2.24,7.51,-4.00,0.1696,0.1000
1779202069.850,0.2645,0.1419,26.00,239.7,-2.28,7.57,-3.98,0.1700,0.1000
1779202069.918,0.2656,0.1419,26.00,239.7,-2.33,7.49,-3.99,0.1703,0.1000
1779202069.982,0.2664,0.1419,26.00,239.7,-2.38,8.39,-3.99,0.1717,0.1000
1779202070.052,0.2716,0.1419,26.00,239.7,-2.53,12.70,-4.05,0.1757,0.1000
1779202070.121,0.2726,0.1419,26.00,239.7,-2.43,15.22,-4.18,0.1783,0.1000
1779202070.184,0.2757,0.1419,26.00,239.7,-2.49,17.25,-4.08,0.1789,0.1000
1779202070.253,0.2746,0.1419,26.00,239.7,-2.61,19.06,-4.09,0.1860,0.1000
1779202070.320,0.2734,0.1419,26.00,239.7,-2.51,18.82,-4.02,0.1875,0.1000
1779202070.387,0.2737,0.1397,26.00,239.7,-2.45,18.42,-3.99,0.1874,0.1000
1779202070.449,0.2744,0.1375,26.00,239.7,-2.26,18.03,-3.96,0.1876,0.1000
1779202070.516,0.2756,0.1353,26.00,239.7,-2.15,16.81,-3.86,0.1890,0.1000
1779202070.588,0.2771,0.1353,26.00,239.7,-2.10,16.21,-4.09,0.1902,0.1000
1779202070.650,0.2763,0.1353,26.00,239.7,-2.27,14.43,-3.93,0.1863,0.1000
1779202070.720,0.2767,0.1353,26.00,239.7,-2.33,13.89,-3.92,0.1838,0.1000
1779202070.786,0.2767,0.1353,26.00,239.7,-2.40,13.83,-3.86,0.1834,0.1000
1779202070.854,0.2761,0.1353,26.00,239.7,-2.41,13.87,-3.85,0.1837,0.1000
1779202070.922,0.2762,0.1353,26.00,239.7,-2.43,13.80,-3.81,0.1843,0.1000
1779202070.987,0.2758,0.1330,26.00,239.7,-2.50,13.99,-3.86,0.1845,0.1000
1779202071.053,0.2759,0.1308,26.00,239.7,-2.53,15.18,-4.01,0.1981,0.1000
1779202071.121,0.2768,0.1286,26.00,239.7,-2.83,17.35,-4.32,0.3198,0.1000
1779202071.187,0.2741,0.1286,26.00,239.7,-3.19,18.94,-4.59,0.4063,0.1000
1779202071.278,0.2718,0.1289,26.00,239.7,-3.62,20.19,-4.86,0.4617,0.1000
1779202071.317,0.2699,0.1286,26.00,239.7,-3.85,21.61,-5.09,0.5058,0.1000
1779202071.382,0.2678,0.1286,26.00,239.7,-4.26,22.38,-5.18,0.5385,0.1000
1779202071.449,0.2675,0.1286,26.00,239.7,-4.34,22.83,-5.22,0.5529,0.1000
1779202071.518,0.2684,0.1286,26.00,239.7,-4.47,23.21,-5.27,0.5683,0.1000
1779202071.588,0.2657,0.1286,26.00,239.7,-4.70,23.61,-5.36,0.5849,0.1000
1779202071.653,0.2657,0.1286,26.00,239.7,-4.91,23.76,-5.42,0.6009,0.1000
1779202071.718,0.2674,0.1286,26.00,239.7,-5.93,23.68,-5.57,0.6364,0.1000
1779202071.787,0.2676,0.1286,26.00,239.7,-6.28,23.97,-5.68,0.6591,0.1000
1779202071.854,0.2658,0.1286,26.00,239.7,-6.49,24.31,-5.68,0.6816,0.1000
1779202071.921,0.2640,0.1286,26.00,239.7,-6.58,24.75,-5.69,0.7012,0.1000
1779202071.988,0.2700,0.1286,26.00,239.7,-5.95,25.62,-5.35,0.7082,0.1000
1779202072.050,0.2711,0.1286,26.00,239.7,-6.05,25.73,-5.34,0.7031,0.1000
1779202072.123,0.2742,0.1286,26.00,239.7,-6.17,26.04,-5.34,0.7095,0.1000
1779202072.186,0.2752,0.1264,26.00,239.7,-6.16,26.06,-5.30,0.7181,0.1000
1779202072.248,0.2756,0.1242,26.00,239.7,-6.29,25.90,-5.28,0.7254,0.1000
1779202072.280,0.2752,0.1220,26.00,239.7,-6.43,25.69,-5.31,0.7279,0.1000
1779202072.317,0.2749,0.1217,26.00,239.7,-6.49,25.62,-5.31,0.7307,0.1000
1779202072.384,0.2750,0.1195,26.00,239.7,-6.65,25.49,-5.35,0.7405,0.1000
1779202072.454,0.2739,0.1195,26.00,239.7,-6.74,25.54,-5.39,0.7568,0.1000
1779202072.518,0.2717,0.1195,26.00,239.7,-6.65,25.93,-5.55,0.7704,0.1000
1779202072.588,0.2705,0.1195,26.00,239.7,-6.67,25.97,-5.68,0.7801,0.1000
1779202072.652,0.2707,0.1195,26.00,239.7,-6.65,26.18,-5.74,0.7854,0.1000
1779202072.717,0.2705,0.1195,26.00,239.7,-6.66,26.58,-5.85,0.7986,0.1000
1779202072.785,0.2695,0.1195,26.00,239.7,-6.64,26.83,-5.95,0.8180,0.1000
1779202072.854,0.2689,0.1195,26.00,239.7,-6.65,27.10,-6.09,0.8384,0.1000
1779202072.918,0.2681,0.1195,26.00,239.7,-6.71,27.19,-6.14,0.8490,0.1000
1779202072.988,0.2673,0.1195,26.00,239.7,-6.50,27.28,-6.13,0.8451,0.1000
1779202073.050,0.2666,0.1195,26.00,239.7,-6.40,27.17,-6.12,0.8384,0.1000
1779202073.117,0.2663,0.1195,26.00,239.7,-6.27,27.28,-6.09,0.8383,0.1000
1779202073.183,0.2667,0.1195,26.00,239.7,-5.98,28.61,-6.30,0.8689,0.1000
1779202073.252,0.2668,0.1195,26.00,239.7,-5.79,29.22,-6.61,0.8897,0.1000
1779202073.322,0.2662,0.1195,26.00,239.7,-6.12,29.57,-6.79,0.9161,0.1000
1779202073.385,0.2653,0.1195,26.00,239.7,-6.61,28.50,-6.58,0.8849,0.1000
1779202073.454,0.2652,0.1195,26.00,239.7,-7.08,28.28,-6.47,0.8912,0.1000
1779202073.518,0.2647,0.1195,26.00,239.7,-7.35,27.91,-6.44,0.8685,0.1000
1779202073.585,0.2644,0.1195,26.00,239.7,-7.47,26.72,-6.04,0.8161,0.1000
1779202073.652,0.2655,0.1195,26.00,239.7,-7.23,25.69,-5.79,0.7278,0.1000
1779202073.720,0.2682,0.1195,26.00,239.7,-7.11,24.45,-5.62,0.6627,0.1000
1779202073.786,0.2695,0.1195,26.00,239.7,-6.79,23.97,-5.65,0.6209,0.1000
1779202073.851,0.2757,0.1195,26.00,239.7,-5.95,23.06,-5.86,0.5094,0.1375
1779202073.921,0.2756,0.1195,26.00,239.7,-5.16,20.55,-6.20,0.3836,0.1375
1779202073.987,0.2742,0.1195,26.00,239.7,-4.79,17.92,-6.34,0.3236,0.1375
1779202074.055,0.2729,0.1195,26.00,239.7,-3.94,16.93,-6.41,0.2832,0.1375
1779202074.118,0.2720,0.1195,26.00,239.7,-4.01,14.57,-6.09,0.2699,0.1375
1779202074.189,0.2711,0.1195,26.00,239.7,-4.29,13.22,-5.47,0.2379,0.1375
1779202074.252,0.2709,0.1195,26.00,239.7,-4.31,12.74,-5.12,0.2197,0.1375
1779202074.321,0.2707,0.1195,26.00,239.7,-4.40,12.36,-4.80,0.2028,0.1375
1779202074.385,0.2709,0.1195,26.00,239.7,-4.50,11.64,-4.45,0.1867,0.1375
1779202074.455,0.2707,0.1195,26.00,239.7,-4.21,11.86,-4.27,0.1781,0.1375
1779202074.523,0.2706,0.1195,26.00,239.7,-4.21,11.91,-4.16,0.1754,0.1375
1779202074.589,0.1999,0.1195,26.00,239.7,-4.00,11.57,-3.70,0.1714,0.1375
1779202074.651,0.0516,0.1217,26.00,239.7,-4.48,10.10,-3.47,0.1664,0.1375
1779202074.722,0.1011,0.1239,26.00,239.7,-4.36,9.98,-3.40,0.1609,0.1375
1779202074.786,0.1510,0.1261,26.00,239.7,-4.28,10.84,-3.47,0.1590,0.1375
1779202074.852,0.1969,0.1261,27.00,239.6,-3.82,11.56,-3.45,0.1581,0.1375
1779202074.920,0.2166,0.1261,27.00,239.6,-3.69,11.76,-3.45,0.1557,0.1375
1779202074.986,0.2238,0.1261,27.00,239.6,-3.53,11.87,-3.41,0.1561,0.1375
1779202075.050,0.2288,0.1261,27.00,239.6,-3.33,11.95,-3.38,0.1562,0.1375
1779202075.118,0.2320,0.1261,27.00,239.6,-3.22,11.95,-3.36,0.1549,0.1375
1779202075.190,0.2348,0.1261,27.00,239.6,-3.05,12.13,-3.39,0.1556,0.1375
1779202075.254,0.2381,0.1239,27.00,239.6,-3.01,12.55,-3.54,0.1583,0.1375
1779202075.322,0.2406,0.1217,27.00,239.6,-2.91,13.01,-3.70,0.1614,0.1375
1779202075.387,0.2427,0.1195,27.00,239.6,-2.99,13.45,-3.84,0.1639,0.1375
1779202075.452,0.2446,0.1195,27.00,239.6,-3.26,13.84,-4.09,0.1601,0.1375
1779202075.520,0.2461,0.1195,27.00,239.6,-3.42,13.86,-4.14,0.1595,0.1375
1779202075.589,0.2479,0.1195,27.00,239.6,-3.55,13.86,-4.14,0.1621,0.1375
1779202075.651,0.2493,0.1195,27.00,239.6,-3.66,13.88,-4.16,0.1649,0.1375
1779202075.720,0.2507,0.1195,27.00,239.6,-3.75,13.86,-4.14,0.1661,0.1375
1779202075.784,0.2518,0.1195,27.00,239.6,-3.84,13.93,-4.11,0.1675,0.1375
1779202075.854,0.2524,0.1195,27.00,239.6,-3.87,14.01,-4.10,0.1694,0.1375
1779202075.923,0.2535,0.1195,27.00,239.6,-3.88,14.12,-4.09,0.1749,0.1375
1779202075.986,0.2543,0.1195,27.00,239.6,-3.89,14.21,-4.08,0.1791,0.1375
1779202076.056,0.2555,0.1195,27.00,239.6,-3.86,14.26,-4.07,0.1823,0.1375
1779202076.124,0.2563,0.1173,27.00,239.6,-3.84,14.28,-4.06,0.1836,0.1375
1779202076.186,0.2572,0.1150,27.00,239.6,-3.86,14.27,-4.03,0.1843,0.1375
1779202076.253,0.2575,0.1150,27.00,239.6,-3.87,14.34,-3.99,0.1862,0.1375
1779202076.324,0.2581,0.1150,27.00,239.6,-3.91,14.89,-4.05,0.1922,0.1375
1779202076.390,0.2587,0.1150,27.00,239.6,-3.87,15.42,-4.08,0.1973,0.1375
1779202076.457,0.2590,0.1150,27.00,239.6,-3.90,15.65,-4.07,0.1982,0.1375
1779202076.521,0.2595,0.1150,27.00,239.6,-3.90,15.80,-4.09,0.1993,0.1375
1779202076.589,0.2598,0.1150,27.00,239.6,-3.92,15.89,-4.10,0.2001,0.1375
1779202076.652,0.2609,0.1150,27.00,239.6,-3.90,16.33,-4.15,0.2196,0.1375
1779202076.723,0.2625,0.1150,27.00,239.6,-3.88,17.24,-4.23,0.2767,0.1375
1779202076.788,0.2638,0.1150,27.00,239.6,-4.00,19.07,-4.46,0.3604,0.1375
1779202076.854,0.2661,0.1150,27.00,239.6,-4.29,20.78,-4.86,0.4363,0.1375
1779202076.922,0.2675,0.1150,27.00,239.6,-4.43,21.72,-5.00,0.4690,0.1375
1779202076.988,0.2671,0.1150,27.00,239.6,-4.78,22.23,-5.06,0.5134,0.1375
1779202077.057,0.2689,0.1150,27.00,239.6,-5.19,23.04,-5.22,0.5590,0.1375
1779202077.124,0.2689,0.1150,27.00,239.6,-5.65,23.87,-5.45,0.6170,0.1375
1779202077.190,0.2685,0.1150,27.00,239.6,-5.83,24.46,-5.56,0.6455,0.1375
1779202077.257,0.2669,0.1150,27.00,239.6,-5.86,24.76,-5.63,0.6581,0.1375
1779202077.323,0.2664,0.1150,27.00,239.6,-5.92,24.79,-5.65,0.6599,0.1375
1779202077.390,0.2668,0.1150,27.00,239.6,-5.92,25.01,-5.65,0.6588,0.1375
1779202077.457,0.2655,0.1150,27.00,239.6,-5.93,25.12,-5.62,0.6650,0.1375
1779202077.524,0.2653,0.1150,27.00,239.6,-5.97,25.44,-5.70,0.6794,0.1375
1779202077.590,0.2646,0.1150,27.00,239.6,-6.09,25.41,-5.74,0.6892,0.1375
1779202077.658,0.2642,0.1150,27.00,239.6,-6.16,25.46,-5.76,0.6928,0.1375
1779202077.720,0.2647,0.1150,27.00,239.6,-6.24,25.76,-5.79,0.6994,0.1375
1779202077.791,0.2633,0.1150,27.00,239.6,-6.34,25.51,-5.76,0.7028,0.1375
1779202077.857,0.2639,0.1150,27.00,239.6,-6.40,25.83,-5.83,0.7091,0.1375
1779202077.923,0.2613,0.1150,27.00,239.6,-6.39,25.82,-5.77,0.7135,0.1375
1779202077.988,0.2609,0.1150,27.00,239.6,-6.30,25.97,-5.73,0.7161,0.1375
1779202078.055,0.2604,0.1150,27.00,239.6,-6.26,25.93,-5.67,0.7156,0.1375
1779202078.121,0.2597,0.1150,27.00,239.6,-6.25,25.81,-5.66,0.7133,0.1375
1779202078.189,0.2598,0.1150,27.00,239.6,-6.21,25.79,-5.66,0.7124,0.1375
1779202078.257,0.2593,0.1150,27.00,239.6,-6.21,25.67,-5.66,0.7118,0.1375
1779202078.320,0.2598,0.1150,27.00,239.6,-6.22,25.64,-5.67,0.7112,0.1375
1779202078.389,0.2595,0.1150,27.00,239.6,-6.18,25.54,-5.67,0.7114,0.1375
1779202078.456,0.2601,0.1150,27.00,239.6,-6.21,25.51,-5.66,0.7114,0.1375
1779202078.524,0.2605,0.1150,27.00,239.6,-6.23,25.54,-5.67,0.7107,0.1375
1779202078.591,0.2603,0.1150,27.00,239.6,-6.26,25.41,-5.66,0.7086,0.1375
1779202078.656,0.2597,0.1150,27.00,239.6,-6.23,25.51,-5.68,0.7120,0.1375
1779202078.722,0.2599,0.1150,27.00,239.6,-6.21,25.60,-5.70,0.7157,0.1375
1779202078.788,0.2598,0.1150,27.00,239.6,-6.19,25.49,-5.66,0.7174,0.1375
1779202078.854,0.2596,0.1150,27.00,239.6,-6.20,25.33,-5.65,0.7218,0.1375
1779202078.923,0.2585,0.1150,27.00,239.6,-6.20,25.17,-5.60,0.7264,0.1375
1779202078.991,0.2579,0.1150,27.00,239.6,-6.25,25.05,-5.57,0.7253,0.1375
1779202079.058,0.2572,0.1150,27.00,239.6,-6.34,24.98,-5.58,0.7266,0.1375
1779202079.121,0.2568,0.1150,27.00,239.6,-6.35,24.87,-5.57,0.7272,0.1375
1779202079.190,0.2567,0.1150,27.00,239.6,-6.30,24.81,-5.59,0.7253,0.1375
1779202079.256,0.2568,0.1150,27.00,239.6,-6.28,24.75,-5.60,0.7236,0.1375
1779202079.324,0.2571,0.1150,27.00,239.6,-6.36,24.71,-5.64,0.7244,0.1375
1779202079.389,0.2574,0.1150,27.00,239.6,-6.39,24.63,-5.66,0.7264,0.1375
1779202079.455,0.2571,0.1150,27.00,239.6,-6.38,24.62,-5.76,0.7267,0.1375
1779202079.523,0.2575,0.1150,27.00,239.6,-6.35,24.74,-5.83,0.7263,0.1375
1779202079.589,0.2591,0.1150,27.00,239.6,-6.21,24.87,-5.89,0.7097,0.1375
1779202079.655,0.2589,0.1150,27.00,239.6,-5.80,24.32,-5.80,0.6685,0.1375
1779202079.721,0.2638,0.1150,27.00,239.6,-5.35,24.78,-5.89,0.6412,0.1375
1779202079.787,0.2650,0.1150,27.00,239.6,-4.77,24.66,-5.96,0.5781,0.1750
1779202079.855,0.2643,0.1128,27.00,239.6,-4.50,23.61,-6.07,0.5168,0.1750
1779202079.923,0.2659,0.1106,27.00,239.6,-4.30,22.89,-6.12,0.4500,0.1750
1779202079.988,0.2695,0.1084,27.00,239.6,-4.50,21.24,-5.90,0.3993,0.1750
1779202080.055,0.2681,0.1062,27.00,239.6,-4.20,19.54,-5.50,0.3410,0.1750
1779202080.124,0.2678,0.1040,27.00,239.6,-3.79,18.38,-5.14,0.2894,0.1750
1779202080.192,0.2682,0.1018,27.00,239.6,-3.70,17.66,-4.84,0.2637,0.1750
1779202080.255,0.2680,0.0996,27.00,239.6,-3.78,16.93,-4.66,0.2379,0.1750
1779202080.325,0.2666,0.0973,27.00,239.6,-3.70,16.49,-4.53,0.2241,0.1750
1779202080.388,0.2662,0.0951,27.00,239.6,-3.59,16.39,-4.44,0.2152,0.1750
1779202080.457,0.2647,0.0929,27.00,239.6,-3.53,16.29,-4.40,0.2085,0.1750
1779202080.521,0.2636,0.0907,27.00,239.6,-3.46,16.11,-4.33,0.2038,0.1750
1779202080.590,0.2630,0.0885,27.00,239.6,-3.49,15.78,-4.27,0.2002,0.1750
1779202080.659,0.2631,0.0863,27.00,239.6,-3.43,15.52,-4.22,0.1964,0.1750
1779202080.721,0.2627,0.0863,27.00,239.6,-3.37,15.13,-4.14,0.1932,0.1750
1779202080.792,0.2634,0.0863,27.00,239.6,-3.36,14.93,-4.10,0.1897,0.1750
1779202080.859,0.2642,0.0841,27.00,239.6,-3.34,14.81,-4.06,0.1872,0.1750
1779202080.926,0.2641,0.0819,27.00,239.6,-3.33,14.70,-4.02,0.1857,0.1750
1779202080.993,0.2642,0.0796,27.00,239.6,-3.38,14.51,-3.94,0.1835,0.1750
1779202081.059,0.2649,0.0796,27.00,239.6,-3.38,14.32,-3.91,0.1822,0.1750
1779202081.126,0.2652,0.0796,27.00,239.6,-3.34,14.17,-3.86,0.1811,0.1750
1779202081.190,0.2655,0.0796,27.00,239.6,-3.32,14.08,-3.85,0.1807,0.1750
1779202081.257,0.2657,0.0774,27.00,239.6,-3.28,14.02,-3.84,0.1799,0.1750
1779202081.325,0.2660,0.0752,27.00,239.6,-3.27,13.96,-3.83,0.1796,0.1750
1779202081.390,0.2660,0.0730,27.00,239.6,-3.26,13.85,-3.81,0.1791,0.1750
1779202081.454,0.2667,0.0730,27.00,239.6,-3.20,13.70,-3.78,0.1790,0.1750
1779202081.526,0.2679,0.0730,27.00,239.6,-3.11,13.55,-3.76,0.1787,0.1750
1779202081.590,0.2690,0.0730,27.00,239.6,-2.98,13.48,-3.75,0.1785,0.1750
1779202081.657,0.2711,0.0730,27.00,239.6,-2.93,13.41,-3.74,0.1782,0.1750
1779202081.724,0.2725,0.0708,27.00,239.6,-2.84,13.36,-3.71,0.1776,0.1750
1779202081.791,0.2737,0.0686,27.00,239.6,-2.82,13.34,-3.70,0.1776,0.1750
1779202081.859,0.2747,0.0664,27.00,239.6,-2.78,13.37,-3.73,0.1783,0.1750
1779202081.926,0.2753,0.0642,27.00,239.6,-2.77,13.28,-3.71,0.1783,0.1750
1779202081.991,0.2760,0.0619,27.00,239.6,-2.78,13.30,-3.71,0.1784,0.1750
1779202082.056,0.2763,0.0619,27.00,239.6,-2.78,13.34,-3.71,0.1783,0.1750
1779202082.126,0.2762,0.0597,27.00,239.6,-2.77,13.37,-3.72,0.1785,0.1750
1779202082.190,0.2767,0.0575,27.00,239.6,-2.74,13.30,-3.71,0.1783,0.1750
1779202082.257,0.2769,0.0553,27.00,239.6,-2.74,13.27,-3.71,0.1772,0.1750
1779202082.323,0.2772,0.0553,27.00,239.6,-2.73,13.31,-3.73,0.1765,0.1750
1779202082.393,0.2776,0.0531,27.00,239.6,-2.72,13.35,-3.72,0.1768,0.1750
1779202082.459,0.2770,0.0509,27.00,239.6,-2.73,13.36,-3.72,0.1772,0.1750
1779202082.524,0.2765,0.0487,27.00,239.6,-2.78,13.37,-3.72,0.1774,0.1750
1779202082.592,0.2756,0.0465,27.00,239.6,-2.81,13.54,-3.73,0.1773,0.1750
1779202082.658,0.2754,0.0465,27.00,239.6,-2.84,13.59,-3.74,0.1772,0.1750
1779202082.722,0.2752,0.0465,27.00,239.6,-2.81,13.64,-3.73,0.1771,0.1750
1779202082.788,0.2749,0.0442,27.00,239.6,-2.81,13.60,-3.72,0.1768,0.1750
1779202082.857,0.2752,0.0420,27.00,239.6,-2.83,13.55,-3.68,0.1763,0.1750
1779202082.927,0.2754,0.0420,27.00,239.6,-2.81,13.55,-3.67,0.1759,0.1750
1779202082.994,0.2750,0.0398,27.00,239.6,-2.78,13.50,-3.65,0.1756,0.1750
1779202083.059,0.2741,0.0376,27.00,239.6,-2.73,13.52,-3.64,0.1753,0.1750
1779202083.124,0.2668,0.0354,27.00,239.6,-2.76,13.60,-3.66,0.1753,0.1750
1779202083.194,0.2344,0.0354,27.00,239.6,-2.92,14.47,-3.65,0.1754,0.1750
1779202083.260,0.2134,0.0332,27.00,239.6,-2.97,14.67,-3.64,0.1758,0.1750
1779202083.323,0.1962,0.0310,27.00,239.6,-3.06,14.86,-3.62,0.1763,0.1750
1779202083.393,0.1740,0.0310,27.00,239.6,-3.07,14.51,-3.53,0.1770,0.1750
1779202083.460,0.1689,0.0310,27.00,239.6,-3.09,14.41,-3.51,0.1769,0.1750
1779202083.527,0.1641,0.0332,27.00,239.6,-3.11,14.40,-3.50,0.1776,0.1750
1779202083.594,0.1615,0.0354,27.00,239.6,-3.13,14.53,-3.51,0.1782,0.1750
1779202083.660,0.1585,0.0354,27.00,239.6,-3.14,14.63,-3.52,0.1785,0.1750
1779202083.726,0.1557,0.0354,27.00,239.6,-3.15,14.62,-3.52,0.1786,0.1750
1779202083.793,0.1537,0.0354,27.00,239.6,-3.16,14.58,-3.52,0.1790,0.1750
1779202083.856,0.1529,0.0376,27.00,239.6,-3.17,14.60,-3.53,0.1792,0.1750
1779202083.927,0.1514,0.0376,27.00,239.6,-3.17,14.67,-3.54,0.1794,0.1750
1779202083.994,0.1497,0.0376,27.00,239.6,-3.21,14.65,-3.56,0.1802,0.1750
1779202084.061,0.1486,0.0376,27.00,239.6,-3.21,14.64,-3.56,0.1803,0.1750
1779202084.125,0.1484,0.0376,27.00,239.6,-3.20,14.63,-3.55,0.1802,0.1750
1779202084.189,0.1482,0.0376,27.00,239.6,-3.19,14.62,-3.52,0.1803,0.1750
1779202084.256,0.1484,0.0376,27.00,239.6,-3.18,14.61,-3.51,0.1808,0.1750
1779202084.326,0.1479,0.0398,27.00,239.6,-3.20,14.62,-3.51,0.1824,0.1750
1779202084.390,0.1478,0.0420,27.00,239.6,-3.21,14.64,-3.52,0.1830,0.1750
1779202084.458,0.1172,0.0442,27.00,239.6,-3.44,13.97,-3.50,0.1828,0.1750
1779202084.526,0.0968,0.0465,27.00,239.6,-3.26,13.23,-3.46,0.1825,0.1750
1779202084.594,0.0881,0.0487,27.00,239.6,-3.21,12.75,-3.43,0.1817,0.1750
1779202084.657,0.0873,0.0509,27.00,239.6,-3.20,12.63,-3.40,0.1825,0.1750
1779202084.722,0.0657,0.0531,27.00,239.6,-3.22,12.18,-3.45,0.1843,0.1750
1779202084.795,0.0626,0.0553,27.00,239.6,-3.05,12.30,-3.48,0.1853,0.1750
1779202084.862,0.0622,0.0575,27.00,239.6,-2.99,12.43,-3.53,0.1859,0.1750
1779202084.924,0.0609,0.0597,27.00,239.6,-2.87,12.80,-3.58,0.1860,0.1750
1779202084.994,0.0595,0.0619,27.00,239.6,-2.83,12.87,-3.64,0.1852,0.1750
1779202085.061,0.0596,0.0642,27.00,239.6,-2.73,12.90,-3.66,0.1847,0.1750
1779202085.126,0.0605,0.0664,27.00,239.6,-2.76,12.86,-3.68,0.1834,0.1750
1779202085.193,0.0514,0.0686,27.00,239.6,-2.82,12.86,-3.70,0.1833,0.1750
1779202085.261,0.0452,0.0708,27.00,239.6,-2.81,12.89,-3.75,0.1843,0.1750
1779202085.326,0.0447,0.0730,27.00,239.6,-2.81,12.98,-3.78,0.1857,0.1750
1779202085.391,0.0449,0.0752,27.00,239.6,-2.74,12.93,-3.79,0.1865,0.1750
1779202085.457,0.0457,0.0774,27.00,239.6,-2.73,12.95,-3.78,0.1872,0.1750
1779202085.525,0.0461,0.0796,27.00,239.6,-2.72,13.04,-3.79,0.1877,0.1750
1779202085.596,0.0471,0.0819,27.00,239.6,-2.74,13.02,-3.79,0.1880,0.1750
1779202085.662,0.0485,0.0841,27.00,239.6,-2.77,13.01,-3.79,0.1882,0.1750
1779202085.726,0.0495,0.0863,27.00,239.6,-2.79,12.97,-3.77,0.1882,0.1750
1779202085.792,0.0507,0.0885,27.00,239.6,-2.82,12.92,-3.76,0.1883,0.1750
1779202085.860,0.0514,0.0907,27.00,239.6,-2.88,12.92,-3.76,0.1882,0.1750
1779202085.925,0.0528,0.0929,27.00,239.6,-2.89,12.92,-3.76,0.1883,0.1750
1779202085.995,0.0541,0.0951,27.00,239.6,-2.87,13.00,-3.76,0.1887,0.1750
1779202086.059,0.0546,0.0973,27.00,239.6,-2.86,12.88,-3.74,0.1884,0.1750
1779202086.128,0.0565,0.0996,27.00,239.6,-2.87,12.84,-3.73,0.1880,0.1750
1779202086.190,0.0569,0.1018,27.00,239.6,-2.86,12.82,-3.73,0.1882,0.1750
1779202086.257,0.0575,0.1040,27.00,239.6,-2.86,12.80,-3.73,0.1884,0.1750
1779202086.328,0.0578,0.1062,27.00,239.6,-2.86,12.78,-3.72,0.1884,0.1750
1779202086.395,0.0584,0.1084,27.00,239.6,-2.85,12.74,-3.71,0.1881,0.1750
1779202086.460,0.0590,0.1106,27.00,239.6,-2.87,12.73,-3.70,0.1878,0.1750
1779202086.528,0.0588,0.1128,27.00,239.6,-2.83,12.76,-3.70,0.1877,0.1750
1779202086.594,0.0583,0.1150,27.00,239.6,-2.85,12.89,-3.72,0.1877,0.1750
1779202086.660,0.0581,0.1173,27.00,239.6,-2.85,12.90,-3.72,0.1878,0.1750
1779202086.728,0.0584,0.1195,27.00,239.6,-2.84,12.80,-3.71,0.1878,0.1750
1779202086.795,0.0585,0.1217,27.00,239.6,-2.83,12.78,-3.70,0.1873,0.1750
1779202086.862,0.0591,0.1239,27.00,239.6,-2.80,12.76,-3.70,0.1869,0.1750
1779202086.929,0.0609,0.1261,27.00,239.6,-2.82,12.72,-3.69,0.1868,0.1750
1779202086.994,0.0626,0.1283,27.00,239.6,-2.85,12.80,-3.69,0.1868,0.1750
1779202087.062,0.0632,0.1305,27.00,239.6,-2.83,12.73,-3.69,0.1868,0.1750
1779202087.128,0.0630,0.1327,26.00,239.6,-2.82,12.65,-3.69,0.1872,0.1750
1779202087.195,0.0626,0.1350,26.00,239.6,-2.79,12.58,-3.69,0.1877,0.1750
1779202087.259,0.0630,0.1372,26.00,239.6,-2.76,12.59,-3.68,0.1883,0.1750
1779202087.324,0.0620,0.1394,26.00,239.6,-2.76,12.67,-3.70,0.1886,0.1750
1779202087.396,0.0627,0.1416,26.00,239.6,-2.65,13.06,-3.77,0.1888,0.1750
1779202087.460,0.0670,0.1438,26.00,239.6,-2.60,13.29,-3.80,0.1888,0.1750
1779202087.528,0.0699,0.1460,26.00,239.6,-2.57,13.35,-3.80,0.1887,0.1750
1779202087.593,0.0722,0.1482,26.00,239.6,-2.56,13.54,-3.83,0.1886,0.1750
1779202087.656,0.0723,0.1504,26.00,239.6,-2.62,13.70,-3.88,0.1880,0.1756
1779202087.727,0.0725,0.1527,25.00,239.6,-2.68,14.31,-3.99,0.1884,0.1785
1779202087.795,0.0724,0.1549,25.00,239.6,-2.69,14.95,-4.12,0.1921,0.1815
1779202087.862,0.0702,0.1571,25.00,239.6,-2.73,15.28,-4.22,0.1957,0.1844
1779202087.924,0.0706,0.1593,25.00,239.6,-2.91,15.32,-4.27,0.2051,0.1874
1779202087.996,0.0704,0.1615,25.00,239.6,-3.04,15.36,-4.25,0.2080,0.1903
1779202088.061,0.0708,0.1637,25.00,239.6,-3.03,16.00,-4.24,0.2142,0.1933
1779202088.130,0.0720,0.1659,25.00,239.6,-3.06,16.27,-4.16,0.2195,0.1962
1779202088.195,0.0729,0.1681,25.00,239.6,-3.03,16.67,-4.13,0.2249,0.1992
1779202088.259,0.0711,0.1704,24.00,239.6,-2.90,16.29,-4.08,0.2239,0.1821
1779202088.325,0.0713,0.1726,24.00,239.6,-2.84,16.11,-4.03,0.2203,0.1851
1779202088.396,0.0710,0.1748,24.00,239.6,-2.81,16.11,-4.02,0.2172,0.1880
1779202088.463,0.0738,0.1770,24.00,239.6,-2.74,16.17,-3.98,0.2157,0.1910
1779202088.525,0.0847,0.1792,23.00,239.6,-2.67,15.69,-3.88,0.2121,0.1739
1779202088.594,0.1034,0.1814,23.00,239.6,-3.06,14.71,-3.91,0.2066,0.1769
1779202088.662,0.1127,0.1836,23.00,239.6,-3.29,14.63,-3.72,0.2057,0.1798
1779202088.726,0.1139,0.1858,23.00,239.6,-3.48,14.22,-3.59,0.2052,0.1828
1779202088.793,0.1099,0.1881,23.00,239.6,-3.59,13.71,-3.71,0.2075,0.1857
1779202088.862,0.1111,0.1903,23.00,239.6,-3.48,13.69,-3.77,0.2059,0.1887
1779202088.925,0.1065,0.1925,23.00,239.6,-3.40,13.20,-3.89,0.2057,0.1916
1779202088.996,0.1054,0.1947,23.00,239.6,-3.25,14.00,-4.26,0.2078,0.1946
1779202089.063,0.1000,0.1969,23.00,239.6,-3.40,12.80,-4.20,0.2031,0.1975
1779202089.129,0.0985,0.1991,22.00,239.6,-3.62,11.90,-4.29,0.2036,0.1805
1779202089.196,0.0787,0.2013,22.00,239.6,-3.45,12.61,-4.74,0.2138,0.1834
1779202089.262,0.0974,0.2035,22.00,239.6,-3.99,10.83,-4.71,0.2043,0.1864
1779202089.323,0.1021,0.2058,22.00,239.6,-4.48,8.99,-4.78,0.2046,0.1893
1779202089.393,0.0891,0.2080,22.00,239.6,-4.37,8.65,-4.70,0.2093,0.1923
1779202089.463,0.0998,0.2102,22.00,239.6,-4.77,9.59,-4.85,0.2084,0.1952
1779202089.528,0.0988,0.2124,22.00,239.6,-4.56,8.63,-4.52,0.2043,0.1982
1779202089.595,0.1003,0.2146,22.00,239.6,-4.65,6.36,-4.25,0.2030,0.2011
1779202089.660,0.0986,0.2173,22.00,239.6,-4.42,5.45,-4.07,0.2058,0.2047
1779202089.727,0.0849,0.2195,22.00,239.6,-4.26,6.85,-4.11,0.2079,0.2077
1779202089.792,0.0757,0.2217,22.00,239.6,-3.58,6.12,-4.08,0.2045,0.2106
1779202089.862,0.0820,0.2239,22.00,239.6,-3.61,6.59,-4.18,0.2052,0.2136
1779202089.925,0.0815,0.2262,22.00,239.6,-3.65,6.32,-4.28,0.2024,0.2166
1779202089.993,0.0764,0.2284,22.00,239.6,-4.14,5.80,-4.22,0.2027,0.2195
1779202090.062,0.0720,0.2306,22.00,239.6,-4.37,4.70,-4.22,0.2003,0.2225
1779202090.127,0.0775,0.2328,22.00,239.6,-3.72,5.46,-4.09,0.1992,0.2254
1779202090.192,0.0654,0.2350,22.00,239.6,-3.34,5.83,-3.94,0.1959,0.2284
1779202090.259,0.0593,0.2373,22.00,239.6,-3.21,5.52,-3.85,0.1966,0.2313
1779202090.330,0.0636,0.2395,22.00,239.6,-2.83,6.58,-3.93,0.1965,0.2343
1779202090.397,0.0637,0.2417,22.00,239.6,-2.48,7.10,-4.04,0.1984,0.2372
1779202090.459,0.0642,0.2439,22.00,239.6,-2.33,7.39,-4.09,0.1979,0.2402
1779202090.525,0.0638,0.2461,22.00,239.6,-2.25,7.67,-4.11,0.1983,0.2432
1779202090.597,0.0637,0.2483,22.00,239.6,-2.24,7.72,-4.12,0.1988,0.2461
1779202090.659,0.0671,0.2506,22.00,239.6,-2.25,7.39,-4.04,0.1985,0.2491
1779202090.726,0.0670,0.2528,22.00,239.6,-2.33,7.51,-4.01,0.1978,0.2520
1779202090.797,0.0694,0.2550,22.00,239.6,-2.34,7.27,-3.94,0.1981,0.2550
1779202090.863,0.0597,0.2572,22.00,239.6,-2.29,8.60,-4.17,0.1981,0.2579
1779202090.927,0.0591,0.2594,21.00,239.6,-2.32,7.80,-4.09,0.1964,0.2409
1779202090.998,0.0575,0.2616,21.00,239.6,-2.42,7.32,-4.03,0.1953,0.2439
1779202091.062,0.0575,0.2639,21.00,239.6,-2.49,6.73,-3.91,0.1955,0.2468
1779202091.131,0.0574,0.2661,21.00,239.6,-2.50,6.42,-3.86,0.1953,0.2498
1779202091.197,0.0574,0.2683,21.00,239.6,-2.50,6.25,-3.76,0.1960,0.2527
1779202091.260,0.0575,0.2705,21.00,239.6,-2.49,5.70,-3.70,0.1962,0.2557
1779202091.326,0.0590,0.2727,21.00,239.6,-2.58,5.97,-3.74,0.1958,0.2586
1779202091.394,0.0534,0.2749,21.00,239.6,-2.77,5.41,-3.70,0.1945,0.2616
1779202091.460,0.0539,0.2772,21.00,239.6,-2.94,5.22,-3.59,0.1954,0.2645
1779202091.529,0.0445,0.2794,21.00,239.6,-3.03,5.79,-3.65,0.1971,0.2675
1779202091.597,0.0430,0.2816,21.00,239.6,-3.10,6.35,-3.68,0.1975,0.2705
1779202091.660,0.0432,0.2838,21.00,239.6,-3.08,6.45,-3.72,0.1984,0.2734
1779202091.728,0.0424,0.2860,21.00,239.6,-3.07,6.92,-3.80,0.1988,0.2764
1779202091.797,0.0442,0.2882,21.00,239.6,-3.08,6.88,-3.78,0.1992,0.2793
1779202091.861,0.0427,0.2905,21.00,239.6,-3.04,6.60,-3.74,0.1998,0.2823
1779202091.929,0.0434,0.2927,21.00,239.6,-3.00,6.71,-3.72,0.1993,0.2852
1779202091.998,0.0454,0.2949,21.00,239.6,-2.93,6.91,-3.70,0.1987,0.2882
1779202092.064,0.0474,0.2971,21.00,239.6,-2.88,7.00,-3.68,0.1997,0.2912
1779202092.131,0.0489,0.2993,21.00,239.6,-2.92,6.83,-3.63,0.1995,0.2941
1779202092.194,0.0501,0.3016,21.00,239.6,-2.95,6.76,-3.61,0.2002,0.2971
1779202092.263,0.0500,0.3038,21.00,239.6,-2.91,6.55,-3.59,0.1994,0.3000
1779202092.330,0.0497,0.3060,21.00,239.6,-2.91,6.39,-3.57,0.1990,0.3030
1779202092.396,0.0508,0.3082,21.00,239.6,-2.88,6.37,-3.56,0.1988,0.3059
1779202092.455,0.0521,0.3104,21.00,239.6,-2.88,6.15,-3.54,0.1985,0.3089
1779202092.492,0.0525,0.3119,21.00,239.6,-2.91,6.04,-3.52,0.1985,0.3109
1779202092.526,0.0527,0.3142,21.00,239.6,-2.92,5.99,-3.51,0.1988,0.3139
1779202092.557,0.0530,0.3157,21.00,239.6,-2.93,5.98,-3.50,0.1989,0.3159
1779202092.593,0.0531,0.3179,21.00,239.6,-2.95,5.97,-3.50,0.1991,0.3188
1779202092.623,0.0535,0.3194,21.00,239.6,-2.95,5.94,-3.49,0.1992,0.3208
1779202092.662,0.0535,0.3216,21.00,239.6,-2.97,5.93,-3.49,0.1998,0.3238
1779202092.728,0.0521,0.3238,21.00,239.6,-2.96,5.87,-3.47,0.1999,0.3267
1779202092.796,0.0534,0.3260,21.00,239.6,-2.87,5.90,-3.47,0.1999,0.3297
1779202092.862,0.0553,0.3282,21.00,239.6,-2.87,5.75,-3.44,0.2000,0.3326
1779202092.929,0.0559,0.3304,21.00,239.6,-2.91,5.66,-3.42,0.2000,0.3355
1779202092.997,0.0564,0.3326,21.00,239.6,-2.90,5.72,-3.40,0.1999,0.3385
1779202093.062,0.0580,0.3348,21.00,239.6,-2.91,5.69,-3.39,0.2003,0.3414
1779202093.130,0.0601,0.3370,21.00,239.6,-2.91,5.45,-3.36,0.2003,0.3443
1779202093.198,0.0663,0.3392,21.00,239.6,-2.90,5.12,-3.31,0.2005,0.3473
1779202093.265,0.0739,0.3414,21.00,239.6,-3.05,5.64,-3.33,0.2005,0.3502
1779202093.331,0.0786,0.3436,21.00,239.6,-3.11,5.78,-3.34,0.2007,0.3531
1779202093.394,0.0813,0.3458,21.00,239.6,-3.12,5.89,-3.33,0.2008,0.3561
1779202093.465,0.0841,0.3480,21.00,239.6,-3.19,6.02,-3.33,0.2009,0.3590
1779202093.526,0.0854,0.3502,21.00,239.6,-3.23,6.12,-3.33,0.2007,0.3620
1779202093.598,0.0862,0.3524,21.00,239.6,-3.24,6.01,-3.31,0.2003,0.3649
1779202093.662,0.0870,0.3546,21.00,239.6,-3.25,6.11,-3.32,0.2005,0.3678
1779202093.730,0.0880,0.3568,21.00,239.6,-3.23,5.81,-3.30,0.1992,0.3708
1779202093.797,0.0887,0.3590,21.00,239.6,-3.24,5.90,-3.30,0.1994,0.3737
1779202093.861,0.0885,0.3612,21.00,239.6,-3.25,5.78,-3.29,0.1996,0.3766
1779202093.932,0.0885,0.3634,21.00,239.6,-3.28,5.73,-3.30,0.2000,0.3796
1779202093.998,0.0873,0.3656,21.00,239.6,-3.29,5.38,-3.26,0.2000,0.3825
1779202094.062,0.0880,0.3678,21.00,239.6,-3.31,5.36,-3.27,0.1998,0.3855
1779202094.132,0.0875,0.3700,21.00,239.6,-3.29,5.20,-3.26,0.1994,0.3884
1779202094.199,0.0872,0.3722,21.00,239.6,-3.29,5.13,-3.25,0.1996,0.3913
1779202094.260,0.0874,0.3744,21.00,239.6,-3.29,4.93,-3.21,0.2000,0.3943
1779202094.329,0.0867,0.3767,21.00,239.6,-3.32,4.91,-3.19,0.2002,0.3972
1779202094.399,0.0874,0.3789,21.00,239.6,-3.32,4.74,-3.17,0.2005,0.4001
1779202094.460,0.0888,0.3811,21.00,239.6,-3.35,4.71,-3.15,0.2006,0.4031
1779202094.530,0.0883,0.3833,21.00,239.6,-3.31,4.62,-3.14,0.2008,0.4060
1779202094.595,0.0888,0.3855,21.00,239.6,-3.31,4.41,-3.11,0.2015,0.4090
1779202094.666,0.0898,0.3877,21.00,239.6,-3.29,4.21,-3.09,0.2015,0.4119
1779202094.730,0.0896,0.3899,21.00,239.6,-3.28,4.33,-3.11,0.2015,0.4148
1779202094.798,0.0899,0.3921,21.00,239.6,-3.29,4.38,-3.13,0.2015,0.4178
1779202094.861,0.0903,0.3943,21.00,239.6,-3.29,4.32,-3.13,0.2013,0.4207
1779202094.930,0.0907,0.3965,21.00,239.6,-3.28,4.32,-3.13,0.2013,0.4236
1779202094.994,0.0909,0.3987,21.00,239.6,-3.29,4.26,-3.11,0.2011,0.4266
1779202095.066,0.0921,0.4009,21.00,239.6,-3.32,4.33,-3.10,0.2011,0.4295
1779202095.130,0.0911,0.4031,21.00,239.6,-3.32,4.35,-3.11,0.2013,0.4324
1779202095.195,0.0913,0.4053,21.00,239.6,-3.31,4.02,-3.10,0.2014,0.4354
1779202095.264,0.0904,0.4075,21.00,239.6,-3.30,3.92,-3.08,0.2020,0.4383
1779202095.332,0.0908,0.4097,21.00,239.6,-3.33,3.84,-3.07,0.2018,0.4413
1779202095.399,0.0912,0.4119,21.00,239.6,-3.35,4.09,-3.11,0.2014,0.4442
1779202095.464,0.0912,0.4141,21.00,239.6,-3.35,3.86,-3.08,0.2013,0.4471
1779202095.530,0.0919,0.4163,21.00,239.6,-3.39,3.94,-3.08,0.2012,0.4501
1779202095.596,0.0937,0.4185,21.00,239.6,-3.41,4.03,-3.07,0.2012,0.4530
1779202095.660,0.0576,0.4207,21.00,239.6,-3.71,4.90,-3.19,0.2013,0.4559
1779202095.733,0.0313,0.4229,21.00,239.6,-3.95,4.56,-3.23,0.2008,0.4589
1779202095.798,0.1322,0.4251,21.00,239.6,-3.54,6.39,-3.44,0.1990,0.4618
1779202095.863,0.1995,0.4251,21.00,239.6,-3.17,7.93,-3.59,0.1979,0.4618
1779202095.929,0.2293,0.4251,21.00,239.6,-3.01,8.68,-3.76,0.1973,0.4618
1779202095.995,0.2387,0.4251,21.00,239.6,-2.92,8.98,-3.79,0.1972,0.4618
1779202096.062,0.2436,0.4251,20.00,239.6,-2.86,9.11,-3.81,0.1969,0.4418
1779202096.133,0.2530,0.4251,20.00,239.6,-2.61,9.70,-3.81,0.1970,0.4418
1779202096.197,0.2642,0.4251,20.00,239.6,-2.43,10.10,-3.77,0.1970,0.4418
1779202096.266,0.2709,0.4251,20.00,239.6,-2.31,10.35,-3.75,0.1970,0.4418
1779202096.325,0.2725,0.4251,20.00,239.6,-2.27,10.40,-3.73,0.1966,0.4418
1779202096.363,0.2731,0.4242,20.00,239.6,-2.26,10.45,-3.72,0.1962,0.4406
1779202096.427,0.2739,0.4242,20.00,239.6,-2.22,10.50,-3.72,0.1958,0.4406
1779202096.495,0.2739,0.4242,20.00,239.6,-2.20,10.52,-3.71,0.1956,0.4406
1779202096.563,0.2737,0.4242,19.00,239.6,-2.19,10.54,-3.70,0.1956,0.4406
1779202096.632,0.2735,0.4242,19.00,239.6,-2.16,10.61,-3.70,0.1957,0.4406
1779202096.699,0.2735,0.4242,19.00,239.6,-2.16,10.66,-3.70,0.1956,0.4406
1779202096.766,0.2733,0.4242,19.00,239.6,-2.17,10.59,-3.69,0.1950,0.4406
1779202096.830,0.2733,0.4242,19.00,239.6,-2.15,10.66,-3.69,0.1947,0.4406
1779202096.898,0.2732,0.4242,19.00,239.6,-2.12,10.64,-3.68,0.1945,0.4406
1779202096.963,0.2731,0.4242,19.00,239.6,-2.13,10.62,-3.69,0.1940,0.4406
1779202097.033,0.2728,0.4242,18.00,239.6,-2.13,10.61,-3.68,0.1939,0.4406
1779202097.100,0.2618,0.4242,18.00,239.6,-2.26,10.48,-3.67,0.1936,0.4406
1779202097.166,0.2520,0.4242,18.00,239.6,-2.41,10.20,-3.64,0.1940,0.4406
1779202097.234,0.2460,0.4242,18.00,239.6,-2.55,9.85,-3.61,0.1941,0.4406
1779202097.295,0.2435,0.4242,18.00,239.6,-2.64,9.62,-3.59,0.1944,0.4406
1779202097.367,0.2424,0.4242,18.00,239.6,-2.67,9.52,-3.57,0.1947,0.4406
1779202097.431,0.2414,0.4242,17.00,239.6,-2.72,9.49,-3.57,0.1947,0.4406
1779202097.497,0.2405,0.4242,17.00,239.6,-2.77,9.43,-3.58,0.1945,0.4406
1779202097.563,0.2407,0.4242,17.00,239.6,-2.85,9.37,-3.58,0.1941,0.4406
1779202097.634,0.2404,0.4242,17.00,239.6,-2.87,9.38,-3.57,0.1943,0.4406
1779202097.697,0.2398,0.4242,17.00,239.6,-2.90,9.31,-3.56,0.1943,0.4406
1779202097.765,0.2391,0.4242,17.00,239.6,-2.96,9.00,-3.61,0.1937,0.4406
1779202097.830,0.2403,0.4242,17.00,239.6,-3.07,8.34,-3.73,0.1936,0.4406
1779202097.895,0.2400,0.4242,17.00,239.6,-3.10,8.07,-3.77,0.1936,0.4406
1779202097.966,0.2404,0.4242,17.00,239.6,-3.14,7.97,-3.80,0.1936,0.4406
1779202098.034,0.2405,0.4242,16.00,239.6,-3.11,7.90,-3.82,0.1913,0.4406
1779202098.098,0.2409,0.4242,16.00,239.6,-2.91,8.08,-3.86,0.1913,0.4406
1779202098.166,0.2419,0.4242,16.00,239.6,-2.78,8.86,-3.97,0.1896,0.4406
1779202098.232,0.2419,0.4242,16.00,239.6,-2.82,9.86,-4.11,0.1887,0.4406
1779202098.300,0.2436,0.4242,16.00,239.6,-2.74,11.45,-4.28,0.1814,0.4406
1779202098.365,0.2474,0.4242,16.00,239.6,-2.45,12.94,-4.50,0.1771,0.4406
1779202098.432,0.2502,0.4242,16.00,239.6,-2.49,13.25,-4.59,0.1757,0.4406
1779202098.502,0.2527,0.4242,16.00,239.6,-2.30,13.70,-4.60,0.1673,0.4406
1779202098.567,0.2552,0.4242,16.00,239.6,-2.00,14.00,-4.58,0.1542,0.4406
1779202098.631,0.2565,0.4242,16.00,239.6,-1.70,14.76,-4.57,0.1561,0.4406
1779202098.698,0.2573,0.4242,16.00,239.6,-1.65,15.24,-4.51,0.1532,0.4406
1779202098.766,0.2581,0.4242,16.00,239.6,-1.62,15.30,-4.47,0.1558,0.4406
1779202098.834,0.2586,0.4242,16.00,239.6,-1.57,15.28,-4.42,0.1555,0.4406
1779202098.898,0.2594,0.4242,16.00,239.6,-1.55,15.05,-4.37,0.1525,0.4406
1779202098.966,0.2596,0.4242,16.00,239.6,-1.46,14.32,-4.22,0.1509,0.4406
1779202099.035,0.2587,0.4242,16.00,239.6,-1.39,13.94,-4.17,0.1462,0.4406
1779202099.101,0.2576,0.4242,16.00,239.6,-1.36,14.01,-4.17,0.1448,0.4406
1779202099.168,0.2564,0.4242,16.00,239.6,-1.32,13.39,-4.11,0.1244,0.4406
1779202099.234,0.2559,0.4242,16.00,239.6,-1.22,13.37,-4.09,0.1059,0.4406
1779202099.302,0.2571,0.4242,16.00,239.6,-1.12,13.12,-4.05,0.1003,0.4406
1779202099.368,0.2577,0.4242,16.00,239.6,-1.08,13.13,-4.01,0.1032,0.4406
1779202099.435,0.2583,0.4242,16.00,239.6,-1.07,13.17,-4.00,0.1051,0.4406
1779202099.499,0.2594,0.4242,16.00,239.6,-1.06,13.19,-4.02,0.1063,0.4406
1779202099.569,0.2602,0.4242,16.00,239.6,-1.04,13.26,-4.06,0.1085,0.4406
1779202099.631,0.2607,0.4242,16.00,239.6,-1.01,13.61,-4.15,0.1150,0.4406
1779202099.702,0.2611,0.4242,16.00,239.6,-0.99,13.70,-4.19,0.1212,0.4406
1779202099.767,0.2613,0.4242,16.00,239.6,-0.96,13.62,-4.25,0.1222,0.4406
1779202099.833,0.2614,0.4242,16.00,239.6,-0.96,13.43,-4.27,0.1235,0.4406
1779202099.897,0.2620,0.4242,16.00,239.6,-1.17,13.34,-4.30,0.1320,0.4406
1779202099.965,0.2626,0.4242,16.00,239.6,-1.18,13.81,-4.37,0.1438,0.4406
1779202100.031,0.2638,0.4242,16.00,239.6,-1.17,13.53,-4.27,0.1491,0.4406
1779202100.097,0.2639,0.4242,16.00,239.6,-0.94,13.37,-4.07,0.1521,0.4406
1779202100.168,0.2651,0.4242,16.00,239.6,-0.88,13.00,-3.89,0.1557,0.4406
1779202100.229,0.2659,0.4242,16.00,239.6,-0.83,12.11,-3.65,0.1562,0.4406
1779202100.298,0.2669,0.4242,16.00,239.6,-0.90,11.18,-3.42,0.1552,0.4406
1779202100.368,0.1707,0.4264,16.00,239.6,-1.33,10.85,-3.37,0.1568,0.4435
1779202100.434,0.1499,0.4286,16.00,239.6,-1.45,9.72,-3.15,0.1583,0.4464
1779202100.501,0.1734,0.4308,16.00,239.6,-1.46,10.38,-3.21,0.1568,0.4494
1779202100.568,0.2216,0.4308,16.00,239.5,-1.31,11.50,-3.31,0.1579,0.4494
1779202100.631,0.2445,0.4308,16.00,239.5,-1.24,12.04,-3.38,0.1502,0.4494
1779202100.700,0.2543,0.4308,16.00,239.5,-1.15,12.39,-3.43,0.1515,0.4494
1779202100.764,0.2589,0.4308,16.00,239.5,-1.26,12.75,-3.65,0.1570,0.4494
1779202100.829,0.2618,0.4308,16.00,239.5,-1.21,12.76,-3.72,0.1628,0.4494
1779202100.863,0.2625,0.4308,16.00,239.5,-1.18,12.65,-3.72,0.1631,0.4494
1779202100.930,0.2638,0.4308,16.00,239.5,-1.15,12.53,-3.70,0.1614,0.4494
1779202100.998,0.2660,0.4308,16.00,239.5,-1.11,12.50,-3.69,0.1642,0.4494
1779202101.067,0.2671,0.4308,16.00,239.5,-1.11,12.44,-3.68,0.1685,0.4494
1779202101.130,0.2680,0.4308,16.00,239.5,-1.15,12.28,-3.68,0.1713,0.4494
1779202101.204,0.2686,0.4308,15.00,239.5,-1.30,12.99,-3.89,0.1747,0.4494
1779202101.269,0.2687,0.4298,15.00,239.5,-1.51,13.87,-4.20,0.1800,0.4481
1779202101.325,0.2689,0.4308,15.00,239.5,-1.70,13.78,-4.37,0.1838,0.4494
1779202101.366,0.2689,0.4298,15.00,239.5,-1.81,13.65,-4.45,0.1854,0.4481
1779202101.429,0.2687,0.4298,15.00,239.5,-1.95,13.28,-4.48,0.1870,0.4481
1779202101.461,0.2687,0.4298,15.00,239.5,-2.02,13.19,-4.47,0.1892,0.4481
1779202101.497,0.2686,0.4289,15.00,239.5,-2.07,13.12,-4.46,0.1908,0.4468
1779202101.561,0.2684,0.4289,15.00,239.5,-2.10,13.16,-4.41,0.1931,0.4468
1779202101.599,0.2683,0.4289,15.00,239.5,-2.15,13.18,-4.38,0.1941,0.4468
1779202101.662,0.2682,0.4289,15.00,239.5,-2.17,13.18,-4.35,0.1956,0.4468
1779202101.696,0.2681,0.4279,15.00,239.5,-2.21,12.94,-4.30,0.1955,0.4456
1779202101.727,0.2680,0.4279,15.00,239.5,-2.23,12.77,-4.27,0.1959,0.4456
1779202101.763,0.2680,0.4270,15.00,239.5,-2.27,12.51,-4.22,0.1960,0.4444
1779202101.795,0.2684,0.4270,15.00,239.5,-2.29,12.33,-4.17,0.1964,0.4444
1779202101.829,0.2695,0.4261,15.00,239.5,-2.36,11.81,-4.07,0.1969,0.4431
1779202101.866,0.2683,0.4261,15.00,239.5,-2.44,11.61,-4.02,0.1977,0.4431
1779202101.930,0.2657,0.4261,15.00,239.5,-2.58,11.48,-3.93,0.1991,0.4431
1779202101.961,0.2640,0.4252,15.00,239.5,-2.65,11.42,-3.91,0.1996,0.4419
1779202101.998,0.2630,0.4252,15.00,239.5,-2.74,11.33,-3.89,0.1998,0.4419
1779202102.063,0.2612,0.4252,15.00,239.5,-2.85,11.54,-3.90,0.2017,0.4419
1779202102.098,0.2600,0.4242,15.00,239.5,-2.91,11.47,-3.87,0.2020,0.4407
1779202102.165,0.2575,0.4242,15.00,239.5,-3.01,11.55,-3.83,0.2023,0.4407
1779202102.231,0.2573,0.4242,15.00,239.5,-3.08,11.51,-3.83,0.2022,0.4407
1779202102.300,0.2565,0.4252,15.00,239.5,-3.25,11.55,-3.87,0.1979,0.4419
1779202102.365,0.2550,0.4252,15.00,239.5,-3.48,11.78,-3.98,0.1921,0.4419
1779202102.437,0.2535,0.4252,14.00,239.5,-3.54,11.80,-4.16,0.1901,0.4619
1779202102.501,0.2523,0.4252,14.00,239.5,-3.24,12.94,-4.59,0.1973,0.4619
1779202102.565,0.2515,0.4252,14.00,239.5,-3.29,12.95,-4.90,0.1991,0.4619
1779202102.636,0.2510,0.4252,14.00,239.5,-3.28,14.14,-5.54,0.2038,0.4619
1779202102.701,0.2489,0.4252,14.00,239.5,-3.49,13.77,-5.74,0.2113,0.4619
1779202102.767,0.2460,0.4252,14.00,239.5,-3.77,13.58,-5.73,0.2234,0.4619
1779202102.836,0.2449,0.4252,14.00,239.5,-3.68,13.39,-5.54,0.2236,0.4619
1779202102.901,0.2445,0.4252,14.00,239.5,-3.83,12.40,-5.03,0.2200,0.4619
1779202102.970,0.2452,0.4252,14.00,239.5,-3.83,11.87,-4.53,0.2157,0.4619
1779202103.036,0.2462,0.4252,14.00,239.5,-3.21,13.27,-4.43,0.2154,0.4619
1779202103.101,0.2476,0.4252,14.00,239.5,-3.22,12.63,-4.12,0.2069,0.4619
1779202103.165,0.2489,0.4252,14.00,239.5,-3.03,12.70,-3.90,0.1966,0.4619
1779202103.237,0.2493,0.4252,14.00,239.5,-2.92,12.50,-3.73,0.1900,0.4619
1779202103.302,0.2505,0.4252,14.00,239.5,-2.81,13.32,-3.76,0.1871,0.4619
1779202103.370,0.2510,0.4252,14.00,239.5,-2.65,13.46,-3.66,0.1843,0.4619
1779202103.432,0.2510,0.4252,14.00,239.5,-2.57,13.34,-3.54,0.1832,0.4619
1779202103.506,0.2509,0.4252,14.00,239.5,-2.63,12.98,-3.37,0.1774,0.4619
1779202103.566,0.2503,0.4252,14.00,239.5,-2.62,12.86,-3.32,0.1745,0.4619
1779202103.633,0.2497,0.4252,14.00,239.5,-2.67,12.72,-3.13,0.1784,0.4619
1779202103.703,0.2482,0.4252,14.00,239.5,-2.39,12.84,-3.14,0.1848,0.4619
1779202103.768,0.2450,0.4252,14.00,239.5,-2.34,13.05,-3.35,0.1798,0.4619
1779202103.834,0.2466,0.4252,14.00,239.5,-2.17,13.91,-3.54,0.1793,0.4619
1779202103.901,0.2463,0.4252,14.00,239.5,-2.07,14.14,-3.54,0.1787,0.4619
1779202103.969,0.2458,0.4252,14.00,239.5,-1.99,13.63,-3.69,0.1778,0.4619
1779202104.033,0.2421,0.4252,14.00,239.5,-2.51,13.55,-3.67,0.1821,0.4619
1779202104.103,0.2394,0.4252,14.00,239.5,-2.19,13.98,-3.67,0.1828,0.4619
1779202104.164,0.2358,0.4252,14.00,239.5,-2.06,13.74,-3.59,0.1813,0.4619
1779202104.234,0.2360,0.4252,14.00,239.5,-2.21,13.55,-3.59,0.1823,0.4619
1779202104.301,0.2377,0.4252,14.00,239.5,-2.41,15.24,-3.87,0.1759,0.4619
1779202104.367,0.2328,0.4252,14.00,239.5,-1.16,13.57,-3.14,0.1593,0.4619
1779202104.437,0.2296,0.4252,14.00,239.5,-1.19,9.41,-2.64,0.1678,0.4619
1779202104.502,0.2352,0.4252,14.00,239.5,-1.07,9.07,-2.81,0.1549,0.4619
1779202104.567,0.2349,0.4252,14.00,239.5,-1.92,8.70,-2.74,0.1693,0.4619
1779202104.634,0.2409,0.4252,14.00,239.5,-1.63,8.82,-2.79,0.1539,0.4619
1779202104.704,0.2234,0.4230,14.00,239.5,-2.16,9.94,-2.87,0.1686,0.4590
1779202104.767,0.2350,0.4208,14.00,239.5,-2.29,9.48,-2.99,0.1591,0.4561
1779202104.834,0.2362,0.4187,14.00,239.5,-2.09,9.13,-2.88,0.1745,0.4532
1779202104.904,0.2330,0.4187,14.00,239.5,-1.87,9.08,-2.93,0.1591,0.4532
1779202104.970,0.2329,0.4187,14.00,239.5,-1.80,8.86,-2.86,0.1684,0.4532
1779202105.032,0.2303,0.4187,14.00,239.5,-1.72,8.63,-2.71,0.1647,0.4532
1779202105.104,0.2330,0.4187,14.00,239.5,-2.18,7.80,-2.79,0.1734,0.4532
1779202105.166,0.2306,0.4187,14.00,239.5,-2.05,9.23,-3.04,0.1700,0.4532
1779202105.238,0.2347,0.4187,14.00,239.5,-2.13,8.49,-3.26,0.1823,0.4532
1779202105.299,0.2321,0.4187,14.00,239.5,-2.07,8.69,-3.49,0.1795,0.4532
1779202105.367,0.2311,0.4187,14.00,239.5,-1.97,10.26,-4.13,0.1840,0.4532
1779202105.437,0.2319,0.4187,13.00,239.5,-2.03,11.51,-4.49,0.1800,0.4732
1779202105.500,0.2347,0.4187,13.00,239.5,-2.22,11.59,-4.75,0.1818,0.4732
1779202105.570,0.2242,0.4187,13.00,239.5,-2.33,11.54,-4.84,0.1806,0.4732
1779202105.636,0.2280,0.4187,13.00,239.5,-2.28,11.98,-4.85,0.1871,0.4732
1779202105.701,0.2333,0.4187,13.00,239.5,-2.84,11.94,-4.63,0.1968,0.4732
1779202105.767,0.2396,0.4187,13.00,239.5,-3.32,10.79,-4.67,0.1913,0.4732
1779202105.835,0.2351,0.4187,13.00,239.5,-3.54,11.22,-4.59,0.1956,0.4732
1779202105.901,0.2344,0.4187,13.00,239.5,-3.55,12.27,-4.59,0.1970,0.4732
1779202105.969,0.2339,0.4187,13.00,239.5,-3.61,12.34,-4.47,0.2042,0.4732
1779202106.036,0.2358,0.4187,13.00,239.5,-3.91,11.87,-4.43,0.2070,0.4732
1779202106.104,0.2425,0.4187,13.00,239.5,-4.51,11.34,-4.52,0.2074,0.4732
1779202106.168,0.2378,0.4187,13.00,239.5,-4.54,11.93,-4.86,0.2117,0.4732
1779202106.235,0.2345,0.4187,12.00,239.5,-4.27,10.54,-5.16,0.2088,0.4932
1779202106.304,0.2330,0.4187,12.00,239.5,-4.76,5.97,-4.94,0.1968,0.4932
1779202106.368,0.2285,0.4187,12.00,239.5,-3.57,6.70,-5.12,0.1949,0.4932
1779202106.433,0.2292,0.4187,12.00,239.5,-3.80,5.38,-5.04,0.1950,0.4932
1779202106.500,0.2319,0.4187,12.00,239.5,-3.67,6.54,-5.09,0.1948,0.4932
1779202106.564,0.2343,0.4187,12.00,239.5,-3.75,6.55,-5.06,0.1952,0.4932
1779202106.600,0.2340,0.4187,12.00,239.5,-3.78,6.58,-5.04,0.1952,0.4932
1779202106.665,0.2333,0.4187,12.00,239.5,-3.85,6.29,-4.96,0.1936,0.4932
1779202106.696,0.2324,0.4177,12.00,239.5,-3.81,6.21,-4.91,0.1936,0.4920
1779202106.732,0.2058,0.4177,12.00,239.5,-3.89,5.70,-4.77,0.1945,0.4920
1779202106.765,0.1415,0.4190,12.00,239.5,-4.02,4.97,-4.77,0.1950,0.4937
1779202106.798,0.1518,0.4212,12.00,239.5,-4.21,3.83,-4.65,0.1943,0.4966
1779202106.829,0.1589,0.4224,12.00,239.5,-4.05,4.16,-4.61,0.1938,0.4982
1779202106.864,0.1644,0.4246,12.00,239.5,-3.65,4.73,-4.49,0.1958,0.5011
1779202106.898,0.1732,0.4258,12.00,239.5,-3.40,4.49,-4.32,0.1963,0.5027
1779202106.931,0.1828,0.4280,12.00,239.5,-3.28,5.98,-4.43,0.1975,0.5056
1779202106.967,0.1918,0.4270,13.00,226.8,-3.14,7.08,-4.49,0.1987,0.4844
1779202107.031,0.2069,0.4270,13.00,226.8,-3.39,9.04,-4.69,0.1983,0.4844
1779202107.066,0.2119,0.4270,13.00,226.8,-3.42,10.10,-4.80,0.1984,0.4844
1779202107.132,0.2177,0.4270,13.00,226.8,-3.50,10.62,-4.86,0.1977,0.4844
1779202107.164,0.2190,0.4261,13.00,226.8,-3.51,11.39,-4.89,0.1976,0.4832
1779202107.199,0.2210,0.4261,13.00,226.8,-3.49,11.97,-4.91,0.1976,0.4832
1779202107.232,0.2232,0.4252,13.00,226.8,-3.47,12.52,-4.91,0.1986,0.4820
1779202107.266,0.2256,0.4252,13.00,226.8,-3.52,12.55,-4.86,0.1985,0.4820
1779202107.331,0.2284,0.4252,13.00,226.8,-3.51,12.81,-4.86,0.1983,0.4820
1779202107.366,0.2292,0.4243,13.00,226.8,-3.55,12.96,-4.83,0.1978,0.4807
1779202107.398,0.2280,0.4243,13.00,226.8,-3.63,13.71,-4.78,0.1969,0.4807
1779202107.431,0.2286,0.4234,13.00,226.8,-3.70,14.49,-4.74,0.1968,0.4795
1779202107.464,0.2296,0.4234,13.00,226.8,-3.83,14.67,-4.66,0.1952,0.4795
1779202107.497,0.2307,0.4225,13.00,226.8,-4.02,14.59,-4.62,0.1961,0.4783
1779202107.529,0.2316,0.4225,13.00,226.8,-4.12,14.36,-4.55,0.1959,0.4783
1779202107.565,0.2332,0.4216,13.00,226.8,-4.17,14.20,-4.51,0.1978,0.4771
1779202107.598,0.2343,0.4216,13.00,226.8,-4.19,14.04,-4.47,0.1978,0.4771
1779202107.630,0.2353,0.4207,13.00,226.8,-4.18,14.06,-4.44,0.1981,0.4760
1779202107.662,0.2365,0.4207,13.00,226.8,-4.19,14.04,-4.42,0.1986,0.4760
1779202107.696,0.2376,0.4198,13.00,226.8,-4.18,13.92,-4.35,0.1990,0.4748
1779202107.730,0.2390,0.4198,13.00,226.8,-4.18,13.82,-4.27,0.1994,0.4748
1779202107.763,0.2401,0.4189,13.00,226.8,-4.21,13.43,-4.18,0.1994,0.4736
1779202107.798,0.2417,0.4189,13.00,226.8,-4.11,13.20,-4.04,0.1993,0.4736
1779202107.832,0.2427,0.4181,13.00,226.8,-4.02,13.13,-3.92,0.1999,0.4724
1779202107.863,0.2442,0.4181,13.00,226.8,-4.17,12.82,-3.79,0.1985,0.4724
1779202107.898,0.2446,0.4172,13.00,226.8,-4.31,12.43,-3.67,0.1978,0.4713
1779202107.933,0.2444,0.4172,13.00,226.8,-4.43,12.16,-3.62,0.1974,0.4713
1779202107.965,0.2445,0.4163,13.00,226.8,-4.59,11.57,-3.49,0.1970,0.4701
1779202107.998,0.2451,0.4163,13.00,226.8,-4.62,11.39,-3.43,0.1927,0.4701
1779202108.031,0.2451,0.4154,13.00,226.8,-4.54,12.06,-3.49,0.1954,0.4689
1779202108.065,0.2455,0.4154,13.00,226.8,-4.60,12.17,-3.52,0.2035,0.4689
1779202108.095,0.2460,0.4146,13.00,226.8,-4.88,12.13,-3.55,0.2047,0.4678
1779202108.129,0.2459,0.4146,13.00,226.8,-4.98,12.10,-3.57,0.2101,0.4678
1779202108.164,0.2455,0.4137,13.00,226.8,-5.01,12.06,-3.56,0.2133,0.4666
1779202108.198,0.2443,0.4137,13.00,226.8,-5.16,12.11,-3.57,0.2176,0.4666
1779202108.232,0.2454,0.4129,13.00,226.8,-5.24,11.99,-3.57,0.2226,0.4655
1779202108.265,0.2440,0.4129,13.00,226.8,-5.33,11.89,-3.55,0.2262,0.4655
1779202108.297,0.2439,0.4120,13.00,226.8,-5.37,11.83,-3.56,0.2291,0.4643
1779202108.332,0.2432,0.4120,13.00,226.8,-5.25,11.91,-3.56,0.2291,0.4643
1779202108.362,0.2406,0.4112,13.00,226.8,-5.21,11.89,-3.55,0.2283,0.4632
1779202108.399,0.2443,0.4112,13.00,226.8,-5.10,12.17,-3.61,0.2279,0.4632
1779202108.431,0.2471,0.4103,13.00,226.8,-5.04,12.32,-3.65,0.2276,0.4621
1779202108.466,0.2485,0.4103,13.00,226.8,-4.99,12.37,-3.67,0.2282,0.4621
1779202108.498,0.2513,0.4095,13.00,226.8,-4.96,12.44,-3.69,0.2288,0.4610
1779202108.532,0.2524,0.4095,13.00,226.8,-4.97,12.43,-3.72,0.2289,0.4610
1779202108.565,0.2536,0.4086,13.00,226.8,-4.97,12.46,-3.75,0.2295,0.4598
1779202108.600,0.2541,0.4086,13.00,226.8,-5.00,12.31,-3.75,0.2286,0.4598
1779202108.629,0.2539,0.4078,13.00,226.8,-4.88,12.02,-3.71,0.2271,0.4587
1779202108.664,0.2539,0.4078,13.00,226.8,-4.85,12.14,-3.72,0.2247,0.4587
1779202108.698,0.2538,0.4070,13.00,226.8,-4.71,12.13,-3.71,0.2221,0.4576
1779202108.732,0.2540,0.4070,13.00,226.8,-4.63,12.06,-3.70,0.2190,0.4576
1779202108.765,0.2542,0.4061,13.00,226.8,-4.61,11.78,-3.67,0.2177,0.4565
1779202108.798,0.2545,0.4061,13.00,226.8,-4.54,11.66,-3.66,0.2170,0.4565
1779202108.833,0.2545,0.4053,13.00,226.8,-4.47,11.46,-3.60,0.2154,0.4554
1779202108.864,0.2549,0.4053,13.00,226.8,-4.42,11.39,-3.59,0.2123,0.4554
1779202108.902,0.2559,0.4045,13.00,226.8,-4.35,11.31,-3.58,0.2108,0.4543
1779202108.966,0.2562,0.4045,13.00,226.8,-4.14,11.37,-3.56,0.2110,0.4543
1779202109.001,0.2552,0.4045,13.00,226.8,-4.15,11.30,-3.57,0.2105,0.4543
1779202109.068,0.2426,0.4045,13.00,226.8,-4.18,10.53,-3.71,0.2137,0.4543
1779202109.133,0.2348,0.4045,13.00,226.8,-4.30,10.36,-3.91,0.2155,0.4543
1779202109.199,0.2301,0.4045,13.00,226.8,-4.22,10.24,-3.94,0.2158,0.4543
1779202109.270,0.2254,0.4045,13.00,226.8,-4.37,10.03,-3.92,0.2184,0.4543
1779202109.338,0.2214,0.4045,13.00,226.8,-4.31,9.92,-3.89,0.2188,0.4543
1779202109.406,0.2182,0.4045,13.00,226.8,-4.20,10.17,-3.89,0.2184,0.4543
1779202109.474,0.2166,0.4045,13.00,226.8,-4.27,10.08,-3.90,0.2184,0.4543
1779202109.533,0.2179,0.4045,13.00,226.8,-4.23,10.12,-3.90,0.2177,0.4543
1779202109.567,0.2177,0.4037,13.00,226.8,-4.22,10.10,-3.90,0.2171,0.4532
1779202109.599,0.2184,0.4037,13.00,226.8,-4.24,9.99,-3.90,0.2166,0.4532
1779202109.631,0.2187,0.4028,13.00,226.8,-4.18,10.08,-3.92,0.2165,0.4521
1779202109.666,0.2187,0.4028,13.00,226.8,-4.17,10.05,-3.92,0.2165,0.4521
1779202109.698,0.2193,0.4020,13.00,226.8,-4.15,10.09,-3.94,0.2167,0.4510
1779202109.732,0.2194,0.4020,13.00,226.8,-3.99,10.23,-3.96,0.2161,0.4510
1779202109.764,0.2201,0.4012,13.00,226.8,-3.97,10.27,-3.99,0.2159,0.4499
1779202109.801,0.2191,0.4012,13.00,226.8,-3.98,10.31,-4.01,0.2153,0.4499
1779202109.833,0.2197,0.4004,13.00,226.8,-3.98,10.32,-4.01,0.2150,0.4489
1779202109.865,0.2197,0.4004,13.00,226.8,-3.99,10.20,-4.00,0.2144,0.4489
1779202109.898,0.2196,0.3996,13.00,226.8,-4.01,10.15,-4.00,0.2143,0.4478
1779202109.931,0.2200,0.3996,13.00,226.8,-4.03,10.07,-3.99,0.2138,0.4478
1779202109.965,0.2202,0.3988,13.00,226.8,-4.04,10.07,-3.99,0.2138,0.4467
1779202109.998,0.2199,0.3988,13.00,226.8,-4.03,10.03,-3.99,0.2135,0.4467
1779202110.033,0.2196,0.3980,13.00,226.8,-4.02,9.98,-3.98,0.2133,0.4457
1779202110.067,0.2192,0.3980,13.00,226.8,-3.97,10.01,-3.95,0.2133,0.4457
1779202110.098,0.2200,0.3972,13.00,226.8,-3.91,9.92,-3.91,0.2119,0.4446
1779202110.132,0.2196,0.3972,13.00,226.8,-3.75,10.13,-3.88,0.2112,0.4446
1779202110.164,0.2172,0.3964,13.00,226.8,-3.66,10.23,-3.85,0.2120,0.4436
1779202110.232,0.2165,0.3964,13.00,226.8,-3.58,10.18,-3.78,0.2130,0.4436
1779202110.265,0.2152,0.3964,13.00,226.8,-3.50,10.28,-3.78,0.2127,0.4436
1779202110.300,0.2147,0.3956,13.00,226.8,-3.47,10.38,-3.77,0.2135,0.4425
1779202110.333,0.2138,0.3956,13.00,226.8,-3.42,10.57,-3.79,0.2129,0.4425
1779202110.365,0.2131,0.3948,13.00,226.8,-3.41,10.55,-3.77,0.2132,0.4415
1779202110.401,0.2128,0.3948,13.00,226.8,-3.40,10.55,-3.76,0.2131,0.4415
1779202110.431,0.2129,0.3941,13.00,226.8,-3.40,10.58,-3.76,0.2134,0.4404
1779202110.468,0.2130,0.3941,13.00,226.8,-3.31,10.79,-3.79,0.2138,0.4404
1779202110.498,0.2132,0.3933,13.00,226.8,-3.27,11.01,-3.81,0.2140,0.4394
1779202110.533,0.2137,0.3933,13.00,226.8,-3.28,11.32,-3.84,0.2140,0.4394
1779202110.568,0.2129,0.3925,13.00,226.8,-3.23,11.55,-3.85,0.2142,0.4383
1779202110.599,0.2131,0.3925,13.00,226.8,-3.22,11.70,-3.83,0.2140,0.4383
1779202110.635,0.2129,0.3917,13.00,226.8,-3.23,11.76,-3.81,0.2132,0.4373
1779202110.665,0.2128,0.3917,13.00,226.8,-3.25,11.81,-3.79,0.2128,0.4373
1779202110.700,0.2125,0.3910,13.00,226.8,-3.18,12.34,-3.80,0.2126,0.4363
1779202110.735,0.2144,0.3910,13.00,226.8,-3.15,12.61,-3.80,0.2122,0.4363
1779202110.764,0.2157,0.3902,13.00,226.8,-3.13,12.93,-3.79,0.2120,0.4353
1779202110.798,0.2192,0.3902,13.00,226.8,-3.10,13.17,-3.78,0.2118,0.4353
1779202110.833,0.2217,0.3894,13.00,226.8,-3.09,13.05,-3.76,0.2113,0.4342
1779202110.868,0.2227,0.3894,13.00,226.8,-3.09,13.11,-3.77,0.2108,0.4342
1779202110.898,0.1777,0.3906,13.00,226.8,-3.20,12.95,-3.72,0.2118,0.4358
1779202110.934,0.1008,0.3926,13.00,226.8,-3.46,11.98,-3.59,0.2129,0.4384
1779202110.968,0.0956,0.3938,13.00,226.8,-3.48,11.82,-3.50,0.2137,0.4400
1779202110.998,0.1109,0.3957,13.00,226.8,-3.40,12.16,-3.54,0.2127,0.4426
1779202111.033,0.1590,0.3969,12.00,226.8,-3.20,12.78,-3.58,0.2123,0.4642
1779202111.065,0.1989,0.3969,13.00,223.5,-3.05,13.52,-3.69,0.2120,0.4442
1779202111.099,0.2202,0.3961,13.00,223.5,-2.92,13.85,-3.70,0.2113,0.4432
1779202111.132,0.2343,0.3961,13.00,223.5,-2.81,13.99,-3.73,0.2108,0.4432
1779202111.164,0.2398,0.3953,13.00,223.5,-2.76,14.09,-3.72,0.2101,0.4421
1779202111.197,0.2459,0.3953,13.00,223.5,-2.72,14.16,-3.73,0.2095,0.4421
1779202111.232,0.2502,0.3946,13.00,223.5,-2.69,14.29,-3.76,0.2088,0.4411
1779202111.266,0.2522,0.3946,13.00,223.5,-2.67,14.35,-3.76,0.2082,0.4411
1779202111.300,0.2534,0.3938,13.00,223.5,-2.65,14.35,-3.76,0.2075,0.4401
1779202111.333,0.2552,0.3938,13.00,223.5,-2.62,14.35,-3.75,0.2070,0.4401
1779202111.367,0.2558,0.3931,13.00,223.5,-2.59,14.12,-3.73,0.2068,0.4391
1779202111.400,0.2568,0.3931,13.00,223.5,-2.44,14.04,-3.66,0.2071,0.4391
1779202111.493,0.2583,0.3931,12.00,223.5,-2.29,13.75,-3.66,0.2064,0.4591
1779202111.532,0.2591,0.3931,12.00,223.5,-2.15,13.47,-3.66,0.2063,0.4591
1779202111.568,0.2591,0.3923,12.00,223.5,-2.15,13.34,-3.64,0.2058,0.4581
1779202111.602,0.2593,0.3923,12.00,223.5,-2.14,13.22,-3.63,0.2057,0.4581
1779202111.633,0.2592,0.3916,12.00,223.5,-2.14,13.13,-3.61,0.2056,0.4571
1779202111.668,0.2591,0.3916,12.00,223.5,-2.13,13.12,-3.61,0.2055,0.4571
1779202111.700,0.2592,0.3908,12.00,223.5,-2.13,13.09,-3.61,0.2057,0.4561
1779202111.733,0.2591,0.3908,12.00,223.5,-2.13,12.98,-3.61,0.2060,0.4561
1779202111.767,0.2591,0.3901,12.00,223.5,-2.14,12.90,-3.61,0.2061,0.4551
1779202111.799,0.2589,0.3901,12.00,223.5,-2.14,12.88,-3.61,0.2061,0.4551
1779202111.833,0.2591,0.3893,12.00,223.5,-2.14,12.89,-3.60,0.2060,0.4541
1779202111.867,0.2592,0.3893,12.00,223.5,-2.14,12.86,-3.60,0.2058,0.4541
1779202111.902,0.2593,0.3886,12.00,223.5,-2.15,12.89,-3.60,0.2058,0.4531
1779202111.931,0.2593,0.3886,12.00,223.5,-2.15,12.91,-3.61,0.2058,0.4531
1779202111.966,0.2593,0.3878,12.00,223.5,-2.15,12.92,-3.61,0.2059,0.4521
1779202112.001,0.2565,0.3878,12.00,223.5,-2.19,13.17,-3.61,0.2058,0.4521
1779202112.035,0.1359,0.3890,11.00,223.5,-2.52,11.77,-3.48,0.2073,0.4737
1779202112.066,0.0581,0.3909,11.00,223.5,-2.88,10.75,-3.39,0.2100,0.4762
1779202112.101,0.0376,0.3920,11.00,223.5,-2.95,9.78,-3.27,0.2118,0.4777
1779202112.136,0.0633,0.3939,11.00,223.5,-2.90,10.01,-3.30,0.2128,0.4803
1779202112.165,0.0950,0.3951,11.00,223.5,-2.78,10.90,-3.45,0.2127,0.4818
1779202112.202,0.1618,0.3970,11.00,223.5,-2.50,12.04,-3.53,0.2122,0.4843
1779202112.232,0.2018,0.3962,12.00,216.6,-2.39,12.26,-3.57,0.2112,0.4633
1779202112.268,0.2283,0.3962,12.00,216.6,-2.28,12.59,-3.62,0.2106,0.4633
1779202112.301,0.2518,0.3955,11.00,216.6,-2.09,12.97,-3.62,0.2101,0.4823
1779202112.368,0.2689,0.3955,11.00,216.6,-1.93,13.21,-3.59,0.2093,0.4823
1779202112.437,0.2833,0.3955,11.00,216.6,-1.82,13.60,-3.59,0.2090,0.4823
1779202112.504,0.2904,0.3955,11.00,216.6,-1.73,13.61,-3.52,0.2097,0.4823
1779202112.573,0.0722,0.3974,11.00,216.6,-2.60,11.02,-3.11,0.2126,0.4848
1779202112.637,0.0139,0.3992,10.00,216.6,-3.49,9.43,-3.12,0.2141,0.5073
1779202112.705,0.0351,0.4011,10.00,216.6,-3.44,8.41,-3.22,0.2144,0.5098
1779202112.774,0.1048,0.4030,10.00,216.6,-3.31,9.50,-3.54,0.2135,0.5124
1779202112.838,0.1453,0.4049,10.00,216.6,-3.34,9.95,-3.64,0.2117,0.5149
1779202112.902,0.1654,0.4068,9.00,216.6,-3.32,10.20,-3.68,0.2104,0.5174
1779202112.935,0.1702,0.4087,9.00,216.6,-3.31,10.52,-3.74,0.2095,0.5199
1779202112.968,0.1745,0.4098,9.00,216.6,-3.22,10.86,-3.75,0.2096,0.5214
1779202113.002,0.1771,0.4117,9.00,216.6,-3.19,11.01,-3.77,0.2092,0.5239
1779202113.034,0.1799,0.4128,9.00,216.6,-3.15,11.17,-3.80,0.2089,0.5253
1779202113.066,0.1829,0.4146,9.00,216.6,-3.12,11.26,-3.81,0.2091,0.5278
1779202113.101,0.1854,0.4157,9.00,216.6,-3.08,11.42,-3.83,0.2094,0.5293
1779202113.134,0.1867,0.4176,9.00,216.6,-3.05,11.44,-3.83,0.2096,0.5318
1779202113.167,0.1886,0.4168,8.00,216.6,-3.08,11.47,-3.84,0.2095,0.5308
1779202113.201,0.1909,0.4168,8.00,216.6,-3.11,11.31,-3.85,0.2091,0.5308
1779202113.235,0.1920,0.4160,8.00,216.6,-3.12,11.37,-3.85,0.2086,0.5297
1779202113.266,0.1939,0.4160,8.00,216.6,-3.10,11.37,-3.85,0.2087,0.5297
1779202113.299,0.1952,0.4153,8.00,216.6,-3.11,11.30,-3.84,0.2083,0.5287
1779202113.333,0.1967,0.4153,8.00,216.6,-3.13,11.32,-3.85,0.2081,0.5287
1779202113.366,0.1976,0.4145,8.00,216.6,-3.09,11.44,-3.86,0.2079,0.5277
1779202113.404,0.1992,0.4126,8.00,216.6,-3.08,11.54,-3.87,0.2082,0.5252
1779202113.433,0.2000,0.4119,8.00,216.6,-3.06,11.62,-3.88,0.2083,0.5242
1779202113.468,0.2005,0.4100,8.00,216.6,-3.05,11.73,-3.88,0.2088,0.5217
1779202113.502,0.2005,0.4093,7.00,216.6,-3.06,11.79,-3.89,0.2093,0.5207
1779202113.534,0.2006,0.4074,7.00,216.6,-3.06,11.88,-3.89,0.2097,0.5182
1779202113.569,0.1976,0.4067,7.00,216.6,-3.06,12.17,-3.85,0.2102,0.5172
1779202113.600,0.1960,0.4048,7.00,216.6,-3.08,12.37,-3.86,0.2101,0.5147
1779202113.635,0.1940,0.4041,7.00,216.6,-3.11,12.41,-3.81,0.2103,0.5137
1779202113.667,0.1936,0.4022,7.00,216.6,-3.10,12.39,-3.79,0.2097,0.5113
1779202113.698,0.1928,0.4015,7.00,216.6,-3.09,12.40,-3.75,0.2098,0.5103
1779202113.732,0.1919,0.3996,7.00,216.6,-3.00,12.48,-3.73,0.2093,0.5078
1779202113.767,0.1913,0.3989,7.00,216.6,-2.99,12.50,-3.71,0.2094,0.5069
1779202113.802,0.1910,0.3971,7.00,216.6,-2.98,12.50,-3.69,0.2089,0.5044
1779202113.834,0.1910,0.3963,6.00,216.6,-2.92,12.51,-3.68,0.2085,0.5034
1779202113.870,0.1909,0.3945,6.00,216.6,-2.95,12.54,-3.68,0.2083,0.5010
1779202113.935,0.1908,0.3927,6.00,216.6,-2.95,12.55,-3.67,0.2088,0.4985
1779202113.966,0.1905,0.3919,6.00,216.6,-2.91,12.71,-3.65,0.2098,0.4976
1779202114.004,0.1902,0.3901,6.00,216.6,-2.89,13.09,-3.65,0.2147,0.4951
1779202114.073,0.1873,0.3901,6.00,216.6,-2.71,13.89,-3.63,0.2176,0.4951
1779202114.139,0.1850,0.3901,6.00,216.6,-2.66,14.02,-3.59,0.2151,0.4951
1779202114.203,0.1832,0.3901,6.00,216.6,-2.58,14.02,-3.57,0.2129,0.4951
1779202114.270,0.1828,0.3901,6.00,216.6,-2.32,13.90,-3.49,0.2112,0.4951
1779202114.343,0.1833,0.3901,5.00,216.6,-2.26,13.74,-3.43,0.2082,0.4951
1779202114.408,0.1838,0.3901,5.00,216.6,-2.25,13.66,-3.38,0.2072,0.4951
1779202114.475,0.1836,0.3901,5.00,216.6,-2.19,13.58,-3.30,0.2056,0.4951
1779202114.538,0.1763,0.3901,5.00,216.6,-2.18,13.41,-3.27,0.2036,0.4951
1779202114.603,0.1727,0.3901,5.00,216.6,-2.11,13.30,-3.24,0.2009,0.4951
1779202114.672,0.1698,0.3901,5.00,216.6,-1.97,13.19,-3.20,0.1986,0.4951
1779202114.742,0.1678,0.3901,5.00,216.6,-1.95,12.70,-3.13,0.1966,0.4951
1779202114.807,0.1669,0.3901,5.00,216.6,-1.92,12.56,-3.10,0.1944,0.4951
1779202114.876,0.1667,0.3901,5.00,216.6,-1.91,12.44,-3.09,0.1927,0.4951
1779202114.936,0.1665,0.3901,5.00,216.6,-1.91,12.51,-3.09,0.1925,0.4951
1779202114.969,0.1666,0.3912,5.00,216.6,-1.91,12.52,-3.08,0.1915,0.4966
1779202115.002,0.1665,0.3912,5.00,216.6,-1.91,12.61,-3.08,0.1911,0.4966
1779202115.035,0.1669,0.3923,5.00,216.6,-1.90,12.76,-3.09,0.1907,0.4981
1779202115.068,0.1670,0.3923,5.00,216.6,-1.87,12.78,-3.08,0.1902,0.4981
1779202115.103,0.1670,0.3934,5.00,216.6,-1.87,12.78,-3.09,0.1895,0.4996
1779202115.169,0.1671,0.3934,5.00,216.6,-1.88,12.81,-3.09,0.1887,0.4996
1779202115.237,0.1675,0.3934,5.00,216.6,-1.86,12.83,-3.08,0.1884,0.4996
1779202115.304,0.1676,0.3934,5.00,216.6,-1.87,12.81,-3.07,0.1881,0.4996
1779202115.371,0.1667,0.3934,5.00,216.6,-1.87,12.68,-3.05,0.1881,0.4996
1779202115.439,0.1661,0.3934,5.00,216.6,-1.85,12.64,-3.04,0.1879,0.4996
1779202115.507,0.1652,0.3934,5.00,216.6,-1.79,12.65,-3.03,0.1876,0.4996
1779202115.573,0.1656,0.3934,5.00,216.6,-1.80,12.70,-3.03,0.1877,0.4996
1779202115.638,0.1661,0.3934,5.00,216.6,-1.80,12.68,-3.04,0.1878,0.4996
1779202115.706,0.1654,0.3934,5.00,216.6,-1.81,12.69,-3.04,0.1877,0.4996
1779202115.771,0.1652,0.3934,5.00,216.6,-1.79,12.82,-3.05,0.1881,0.4996
1779202115.839,0.1654,0.3934,5.00,216.6,-1.77,12.84,-3.06,0.1876,0.4996
1779202115.907,0.1666,0.3934,5.00,216.6,-1.78,12.77,-3.04,0.1882,0.4996
1779202115.978,0.1668,0.3934,5.00,216.6,-1.77,12.71,-3.02,0.1886,0.4996
1779202116.041,0.1650,0.3934,5.00,216.6,-1.78,12.69,-3.01,0.1886,0.4996
1779202116.103,0.1649,0.3934,5.00,216.6,-1.79,12.64,-3.02,0.1887,0.4996
1779202116.173,0.1652,0.3934,5.00,216.6,-1.82,12.71,-3.05,0.1892,0.4996
1779202116.242,0.1649,0.3934,5.00,216.6,-1.84,12.68,-3.04,0.1893,0.4996
1779202116.308,0.1652,0.3934,5.00,216.6,-1.86,12.72,-3.05,0.1887,0.4996
1779202116.376,0.1652,0.3934,5.00,216.6,-1.84,12.72,-3.04,0.1876,0.4996
1779202116.443,0.1653,0.3934,5.00,216.6,-1.80,12.74,-3.01,0.1864,0.4996
1779202116.505,0.1650,0.3934,5.00,216.6,-1.66,12.90,-3.00,0.1863,0.4996
1779202116.572,0.1658,0.3934,5.00,216.6,-1.68,12.92,-3.02,0.1857,0.4996
1779202116.641,0.1649,0.3934,5.00,216.6,-1.69,12.88,-2.99,0.1856,0.4996
1779202116.709,0.1655,0.3934,5.00,216.6,-1.70,12.84,-3.02,0.1853,0.4996
1779202116.776,0.1655,0.3934,5.00,216.6,-1.72,12.87,-3.03,0.1857,0.4996
1779202116.838,0.1659,0.3934,5.00,216.6,-1.74,12.90,-3.04,0.1865,0.4996
1779202116.906,0.1667,0.3934,5.00,216.6,-1.76,12.79,-3.02,0.1872,0.4996
1779202116.972,0.1670,0.3934,5.00,216.6,-1.71,12.87,-3.02,0.1910,0.4996
1779202117.043,0.1694,0.3934,5.00,216.6,-1.85,12.89,-3.06,0.1915,0.4996
1779202117.109,0.1722,0.3934,5.00,216.6,-1.86,12.77,-3.07,0.1925,0.4996
1779202117.176,0.1727,0.3934,5.00,216.6,-1.85,12.55,-3.11,0.1926,0.4996
1779202117.241,0.1710,0.3934,5.00,216.6,-1.90,12.76,-3.21,0.1927,0.4996
1779202117.308,0.1681,0.3934,5.00,216.6,-1.89,12.69,-3.27,0.1924,0.4996
1779202117.376,0.1643,0.3934,5.00,216.6,-1.81,13.17,-3.37,0.1930,0.4996
1779202117.444,0.1656,0.3934,5.00,216.6,-1.76,13.33,-3.43,0.1920,0.4996
1779202117.506,0.1650,0.3934,5.00,216.6,-1.76,13.32,-3.40,0.1921,0.4996
1779202117.573,0.1639,0.3934,5.00,216.6,-1.71,13.36,-3.39,0.1926,0.4996
1779202117.644,0.1642,0.3934,5.00,216.6,-1.68,13.39,-3.37,0.1926,0.4996
1779202117.707,0.1627,0.3934,5.00,216.6,-1.63,13.44,-3.36,0.1932,0.4996
1779202117.773,0.1649,0.3934,5.00,216.6,-1.64,13.62,-3.38,0.1924,0.4996
1779202117.840,0.1653,0.3934,5.00,216.6,-1.65,13.69,-3.37,0.1925,0.4996
1779202117.903,0.1668,0.3934,5.00,216.6,-1.68,13.74,-3.38,0.1928,0.4996
1779202117.936,0.1659,0.3934,5.00,216.6,-1.70,13.67,-3.35,0.1928,0.4996
1779202117.971,0.1661,0.3945,5.00,216.6,-1.70,13.65,-3.36,0.1929,0.5011
1779202118.002,0.1666,0.3945,5.00,216.6,-1.70,13.65,-3.36,0.1933,0.5011
1779202118.036,0.1669,0.3956,5.00,216.6,-1.71,13.67,-3.37,0.1936,0.5025
1779202118.072,0.1673,0.3956,5.00,216.6,-1.75,13.67,-3.38,0.1937,0.5025
1779202118.138,0.1683,0.3956,5.00,216.6,-1.76,13.74,-3.38,0.1940,0.5025
1779202118.205,0.1681,0.3956,5.00,216.6,-1.75,13.72,-3.38,0.1940,0.5025
1779202118.274,0.1683,0.3956,5.00,216.6,-1.75,13.73,-3.39,0.1940,0.5025
1779202118.343,0.1674,0.3956,5.00,216.6,-1.75,13.63,-3.40,0.1942,0.5025
1779202118.406,0.1691,0.3956,5.00,216.6,-1.73,13.56,-3.41,0.1943,0.5025
1779202118.475,0.1697,0.3956,5.00,216.6,-1.67,13.32,-3.40,0.1948,0.5025
1779202118.543,0.1712,0.3956,5.00,216.6,-1.63,13.27,-3.39,0.1958,0.5025
1779202118.608,0.1854,0.3956,5.00,216.6,-1.48,13.58,-3.38,0.1954,0.5025
1779202118.671,0.1991,0.3938,5.00,216.6,-1.32,14.55,-3.42,0.1951,0.5001
1779202118.738,0.2082,0.3920,5.00,216.6,-1.26,14.71,-3.36,0.1952,0.4977
1779202118.806,0.2111,0.3902,5.00,216.6,-1.22,14.83,-3.34,0.1937,0.4953
1779202118.874,0.2138,0.3884,5.00,216.6,-1.17,14.72,-3.33,0.1922,0.4928
1779202118.942,0.2140,0.3866,5.00,216.6,-1.11,14.67,-3.32,0.1911,0.4904
1779202119.007,0.0715,0.3866,5.00,216.6,-1.58,13.10,-3.37,0.1922,0.4904
1779202119.072,0.0669,0.3866,5.00,216.6,-1.46,11.10,-3.32,0.1945,0.4904
1779202119.137,0.1268,0.3866,5.00,216.6,-1.35,11.54,-3.39,0.1930,0.4904
1779202119.171,0.1572,0.3877,5.00,216.6,-1.28,11.97,-3.48,0.1920,0.4919
1779202119.205,0.1772,0.3877,5.00,216.6,-1.21,12.18,-3.49,0.1909,0.4919
1779202119.236,0.1939,0.3870,6.00,225.9,-1.13,12.52,-3.48,0.1903,0.4910
1779202119.272,0.2074,0.3852,6.00,225.9,-1.00,13.04,-3.50,0.1900,0.4886
1779202119.303,0.2153,0.3845,6.00,225.9,-0.92,13.29,-3.50,0.1900,0.4876
1779202119.341,0.2196,0.3827,6.00,225.9,-0.91,13.48,-3.53,0.1900,0.4852
1779202119.406,0.2231,0.3809,6.00,225.9,-0.90,13.71,-3.56,0.1903,0.4828
1779202119.474,0.2249,0.3791,6.00,225.9,-0.85,13.84,-3.58,0.1908,0.4804
1779202119.544,0.2262,0.3773,6.00,225.9,-0.80,14.00,-3.61,0.1911,0.4780
1779202119.610,0.2287,0.3755,6.00,225.9,-0.81,13.87,-3.64,0.1911,0.4756
1779202119.675,0.2309,0.3736,6.00,225.9,-0.85,13.82,-3.66,0.1908,0.4732
1779202119.744,0.2323,0.3718,6.00,225.9,-0.87,13.80,-3.68,0.1906,0.4708
1779202119.807,0.2327,0.3700,6.00,225.9,-0.89,13.75,-3.68,0.1905,0.4684
1779202119.875,0.2317,0.3682,6.00,225.9,-0.94,13.66,-3.67,0.1904,0.4660
1779202119.943,0.2302,0.3664,6.00,225.9,-0.98,13.58,-3.65,0.1902,0.4636
1779202120.006,0.2253,0.3646,6.00,225.9,-0.93,13.96,-3.64,0.1904,0.4612
1779202120.076,0.2363,0.3628,6.00,225.9,-0.85,14.51,-3.68,0.1903,0.4588
1779202120.141,0.2442,0.3610,6.00,225.9,-0.77,14.77,-3.68,0.1906,0.4563
1779202120.210,0.2487,0.3592,6.00,225.9,-0.69,14.88,-3.67,0.1907,0.4539
1779202120.279,0.2519,0.3574,6.00,225.9,-0.61,14.99,-3.66,0.1906,0.4515
1779202120.342,0.2528,0.3556,6.00,225.9,-0.59,15.05,-3.65,0.1904,0.4491
1779202120.410,0.2535,0.3538,6.00,225.9,-0.60,15.06,-3.66,0.1901,0.4467
1779202120.476,0.2550,0.3520,6.00,225.9,-0.55,15.14,-3.66,0.1905,0.4443
1779202120.544,0.2553,0.3502,6.00,225.9,-0.55,15.14,-3.64,0.1907,0.4419
1779202120.612,0.2556,0.3484,6.00,225.9,-0.53,15.25,-3.65,0.1913,0.4395
1779202120.679,0.2564,0.3466,6.00,225.9,-0.52,15.29,-3.65,0.1914,0.4371
1779202120.745,0.2841,0.3448,6.00,225.9,-0.30,15.86,-3.60,0.1913,0.4347
1779202120.811,0.3081,0.3430,6.00,225.9,-0.05,15.94,-3.56,0.1908,0.4323
1779202120.878,0.3201,0.3412,6.00,225.9,0.01,15.97,-3.58,0.1900,0.4299
1779202120.941,0.3237,0.3394,6.00,225.9,0.07,16.06,-3.59,0.1898,0.4275
1779202121.012,0.1360,0.3394,6.00,225.9,-0.70,14.52,-3.55,0.1912,0.4275
1779202121.078,0.0835,0.3394,6.00,225.9,-1.00,13.38,-3.49,0.1937,0.4275
1779202121.142,0.1174,0.3394,6.00,225.9,-0.89,14.09,-3.54,0.1926,0.4275
1779202121.214,0.2109,0.3375,7.00,226.5,-0.61,14.74,-3.57,0.1916,0.4251
1779202121.279,0.2526,0.3357,7.00,226.5,-0.43,15.02,-3.58,0.1910,0.4227
1779202121.345,0.2726,0.3339,7.00,226.5,-0.30,15.06,-3.53,0.1910,0.4202
1779202121.409,0.2793,0.3321,7.00,226.5,-0.26,15.04,-3.54,0.1917,0.4178
1779202121.479,0.2835,0.3303,7.00,226.5,-0.22,14.93,-3.56,0.1915,0.4154
1779202121.545,0.2866,0.3285,7.00,226.5,-0.22,14.97,-3.57,0.1920,0.4130
1779202121.614,0.2879,0.3267,7.00,226.5,-0.23,15.11,-3.59,0.1926,0.4106
1779202121.679,0.2886,0.3249,7.00,226.5,-0.25,15.19,-3.60,0.1932,0.4082
1779202121.746,0.2895,0.3231,7.00,226.5,-0.25,15.27,-3.60,0.1932,0.4058
1779202121.810,0.2897,0.3213,7.00,226.5,-0.23,15.25,-3.59,0.1931,0.4034
1779202121.877,0.2895,0.3195,7.00,226.5,-0.28,15.04,-3.59,0.1925,0.4010
1779202121.942,0.2765,0.3177,7.00,226.5,-0.33,14.71,-3.63,0.1924,0.3986
1779202122.012,0.2682,0.3159,7.00,226.5,-0.48,14.33,-3.65,0.1927,0.3962
1779202122.077,0.2634,0.3141,7.00,226.5,-0.56,14.48,-3.68,0.1928,0.3938
1779202122.146,0.2559,0.3123,7.00,226.5,-0.61,14.37,-3.68,0.1932,0.3914
1779202122.210,0.2535,0.3105,7.00,226.5,-0.64,14.43,-3.69,0.1933,0.3890
1779202122.277,0.2519,0.3087,7.00,226.5,-0.66,14.37,-3.69,0.1936,0.3866
1779202122.341,0.2519,0.3069,7.00,226.5,-0.66,14.36,-3.69,0.1936,0.3841
1779202122.413,0.2511,0.3051,7.00,226.5,-0.69,14.29,-3.66,0.1935,0.3817
1779202122.480,0.2502,0.3032,7.00,226.5,-0.70,14.42,-3.65,0.1933,0.3793
1779202122.544,0.2496,0.3002,7.00,226.5,-0.70,14.46,-3.65,0.1931,0.3752
1779202122.607,0.2489,0.2971,7.00,226.5,-0.70,14.48,-3.65,0.1929,0.3711
1779202122.672,0.2483,0.2940,7.00,226.5,-0.69,14.58,-3.65,0.1929,0.3670
1779202122.746,0.2472,0.2922,7.00,226.5,-0.70,14.60,-3.65,0.1930,0.3646
1779202122.808,0.2466,0.2904,7.00,226.5,-0.71,14.59,-3.65,0.1930,0.3622
1779202122.875,0.2458,0.2886,7.00,226.5,-0.66,14.51,-3.64,0.1929,0.3598
1779202122.942,0.2454,0.2868,7.00,226.5,-0.68,14.49,-3.65,0.1923,0.3573
1779202123.010,0.2440,0.2849,7.00,226.5,-0.71,14.56,-3.65,0.1929,0.3549
1779202123.079,0.2428,0.2831,7.00,226.5,-0.74,14.63,-3.66,0.1930,0.3525
1779202123.142,0.2423,0.2813,7.00,226.5,-0.75,14.65,-3.66,0.1930,0.3501
1779202123.211,0.2416,0.2795,7.00,226.5,-0.75,14.63,-3.64,0.1931,0.3477
1779202123.273,0.2412,0.2777,7.00,226.5,-0.75,14.63,-3.64,0.1929,0.3452
1779202123.306,0.2407,0.2772,7.00,226.5,-0.74,14.65,-3.63,0.1930,0.3446
1779202123.338,0.2402,0.2754,7.00,226.5,-0.74,14.70,-3.64,0.1931,0.3421
1779202123.373,0.2400,0.2749,7.00,226.5,-0.73,14.73,-3.65,0.1930,0.3415
1779202123.404,0.2396,0.2731,7.00,226.5,-0.72,14.78,-3.66,0.1929,0.3391
1779202123.443,0.2391,0.2726,7.00,226.5,-0.72,14.83,-3.66,0.1929,0.3384
1779202123.510,0.2383,0.2708,7.00,226.5,-0.71,14.85,-3.66,0.1930,0.3360
1779202123.576,0.2379,0.2690,7.00,226.5,-0.71,14.86,-3.66,0.1930,0.3336
1779202123.643,0.2381,0.2671,7.00,226.5,-0.69,14.89,-3.66,0.1929,0.3312
1779202123.712,0.2388,0.2653,7.00,226.5,-0.67,14.85,-3.65,0.1925,0.3288
1779202123.776,0.2388,0.2635,7.00,226.5,-0.66,14.84,-3.65,0.1923,0.3264
1779202123.842,0.2389,0.2617,7.00,226.5,-0.66,14.84,-3.64,0.1918,0.3240
1779202123.909,0.2391,0.2599,7.00,226.5,-0.65,14.89,-3.66,0.1917,0.3216
1779202123.973,0.2395,0.2581,7.00,226.5,-0.62,14.89,-3.65,0.1914,0.3192
1779202124.007,0.2398,0.2563,7.00,226.5,-0.60,14.87,-3.65,0.1912,0.3168
1779202124.040,0.2400,0.2559,7.00,226.5,-0.59,14.86,-3.65,0.1912,0.3161
1779202124.074,0.2401,0.2541,7.00,226.5,-0.59,14.88,-3.65,0.1910,0.3137
1779202124.106,0.2406,0.2536,7.00,226.5,-0.55,14.92,-3.65,0.1909,0.3131
1779202124.141,0.2407,0.2518,7.00,226.5,-0.53,14.96,-3.65,0.1904,0.3107
1779202124.172,0.2409,0.2513,7.00,226.5,-0.53,15.01,-3.65,0.1903,0.3101
1779202124.208,0.2410,0.2496,7.00,226.5,-0.53,15.04,-3.65,0.1901,0.3077
1779202124.238,0.2411,0.2491,7.00,226.5,-0.53,15.04,-3.64,0.1899,0.3071
1779202124.272,0.2410,0.2473,7.00,226.5,-0.52,15.07,-3.63,0.1899,0.3047
1779202124.310,0.2409,0.2469,7.00,226.5,-0.51,15.10,-3.63,0.1899,0.3042
1779202124.375,0.2408,0.2451,7.00,226.5,-0.48,15.16,-3.62,0.1896,0.3018
1779202124.443,0.2406,0.2433,7.00,226.5,-0.51,15.21,-3.62,0.1896,0.2994
1779202124.513,0.2405,0.2415,7.00,226.5,-0.54,15.29,-3.63,0.1895,0.2970
1779202124.577,0.2406,0.2397,7.00,226.5,-0.56,15.37,-3.65,0.1896,0.2946
1779202124.643,0.2405,0.2379,7.00,226.5,-0.57,15.44,-3.63,0.1893,0.2922
1779202124.709,0.2400,0.2361,7.00,226.5,-0.58,15.42,-3.63,0.1894,0.2898
1779202124.775,0.2400,0.2343,7.00,226.5,-0.58,15.36,-3.62,0.1898,0.2875
1779202124.845,0.2398,0.2326,7.00,226.5,-0.60,15.40,-3.62,0.1899,0.2851
1779202124.910,0.2400,0.2308,7.00,226.5,-0.61,15.34,-3.61,0.1898,0.2827
1779202124.977,0.2393,0.2290,7.00,226.5,-0.62,15.28,-3.59,0.1895,0.2803
1779202125.045,0.2391,0.2272,7.00,226.5,-0.64,15.32,-3.58,0.1898,0.2779
1779202125.114,0.2389,0.2254,7.00,226.5,-0.63,15.31,-3.56,0.1898,0.2755
1779202125.176,0.2377,0.2236,7.00,226.5,-0.66,15.26,-3.56,0.1898,0.2732
1779202125.245,0.2372,0.2218,7.00,226.5,-0.67,15.23,-3.56,0.1901,0.2708
1779202125.307,0.2362,0.2200,7.00,226.5,-0.69,15.25,-3.56,0.1905,0.2684
1779202125.341,0.2355,0.2182,7.00,226.5,-0.70,15.27,-3.56,0.1908,0.2660
1779202125.373,0.2349,0.2179,7.00,226.5,-0.71,15.26,-3.56,0.1909,0.2655
1779202125.408,0.2341,0.2161,7.00,226.5,-0.73,15.28,-3.55,0.1911,0.2631
1779202125.440,0.2336,0.2157,7.00,226.5,-0.75,15.28,-3.54,0.1912,0.2626
1779202125.475,0.2330,0.2139,7.00,226.5,-0.76,15.29,-3.54,0.1913,0.2602
1779202125.546,0.2323,0.2121,7.00,226.5,-0.80,15.24,-3.52,0.1913,0.2578
1779202125.611,0.2322,0.2103,7.00,226.5,-0.80,15.25,-3.51,0.1912,0.2555
1779202125.678,0.2321,0.2086,7.00,226.5,-0.79,15.23,-3.50,0.1912,0.2531
1779202125.745,0.2318,0.2068,7.00,226.5,-0.80,15.24,-3.49,0.1911,0.2507
1779202125.807,0.2316,0.2050,7.00,226.5,-0.80,15.24,-3.49,0.1910,0.2483
1779202125.842,0.2314,0.2046,7.00,226.5,-0.81,15.24,-3.49,0.1910,0.2478
1779202125.910,0.2313,0.2046,7.00,226.5,-0.82,15.22,-3.49,0.1909,0.2478
1779202125.977,0.2311,0.2046,7.00,226.5,-0.83,15.18,-3.48,0.1909,0.2478
1779202126.043,0.2307,0.2046,7.00,226.5,-0.83,15.16,-3.48,0.1911,0.2478
1779202126.112,0.2304,0.2046,7.00,226.5,-0.81,15.11,-3.47,0.1908,0.2478
1779202126.177,0.2304,0.2046,7.00,226.5,-0.79,15.10,-3.48,0.1905,0.2478
1779202126.246,0.2304,0.2046,7.00,226.5,-0.78,15.07,-3.48,0.1902,0.2478
1779202126.309,0.2303,0.2046,7.00,226.5,-0.77,15.06,-3.48,0.1901,0.2478
1779202126.377,0.2302,0.2050,7.00,226.5,-0.77,15.02,-3.48,0.1899,0.2483
1779202126.447,0.2302,0.2050,7.00,226.5,-0.78,14.95,-3.48,0.1895,0.2483
1779202126.515,0.2300,0.2050,7.00,226.5,-0.79,14.89,-3.46,0.1895,0.2483
1779202126.578,0.2295,0.2050,7.00,226.5,-0.80,14.82,-3.44,0.1893,0.2483
1779202126.647,0.2295,0.2050,7.00,226.5,-0.82,14.83,-3.46,0.1888,0.2483
1779202126.709,0.2280,0.2050,7.00,226.5,-0.81,15.02,-3.45,0.1889,0.2483
1779202126.782,0.2260,0.2050,7.00,226.5,-0.80,15.21,-3.44,0.1900,0.2483
1779202126.843,0.2248,0.2050,7.00,226.5,-0.76,15.03,-3.41,0.1888,0.2483
1779202126.911,0.2248,0.2050,7.00,226.5,-0.73,14.89,-3.38,0.1883,0.2483
1779202126.981,0.2248,0.2050,7.00,226.5,-0.73,14.88,-3.37,0.1885,0.2483
1779202127.046,0.2248,0.2050,7.00,226.5,-0.71,14.87,-3.37,0.1878,0.2483
1779202127.114,0.2246,0.2050,7.00,226.5,-0.67,14.88,-3.36,0.1877,0.2483
1779202127.181,0.2243,0.2050,7.00,226.5,-0.68,14.85,-3.33,0.1883,0.2483
1779202127.245,0.2241,0.2050,7.00,226.5,-0.68,14.83,-3.32,0.1883,0.2483
1779202127.314,0.2241,0.2050,7.00,226.5,-0.69,14.67,-3.29,0.1883,0.2483
1779202127.381,0.2239,0.2050,7.00,226.5,-0.69,14.71,-3.28,0.1883,0.2483
1779202127.447,0.2240,0.2050,7.00,226.5,-0.69,14.73,-3.28,0.1881,0.2483
1779202127.511,0.2236,0.2050,7.00,226.5,-0.71,14.76,-3.27,0.1882,0.2483
1779202127.580,0.2235,0.2050,7.00,226.5,-0.71,14.83,-3.26,0.1889,0.2483
1779202127.649,0.2225,0.2050,7.00,226.5,-0.70,14.87,-3.23,0.1888,0.2483
1779202127.711,0.2221,0.2050,7.00,226.5,-0.68,14.87,-3.21,0.1887,0.2483
1779202127.778,0.2216,0.2050,7.00,226.5,-0.66,14.87,-3.20,0.1884,0.2483
1779202127.847,0.2213,0.2050,7.00,226.5,-0.66,14.81,-3.18,0.1884,0.2483
1779202127.911,0.2209,0.2050,7.00,226.5,-0.66,14.76,-3.16,0.1885,0.2483
1779202127.981,0.2206,0.2050,7.00,226.5,-0.69,14.73,-3.16,0.1884,0.2483
1779202128.048,0.2202,0.2050,7.00,226.5,-0.72,14.74,-3.15,0.1882,0.2483
1779202128.115,0.2199,0.2050,7.00,226.5,-0.74,14.79,-3.13,0.1882,0.2483
1779202128.180,0.2195,0.2050,7.00,226.5,-0.75,14.81,-3.12,0.1882,0.2483
1779202128.248,0.2190,0.2050,7.00,226.5,-0.79,14.86,-3.11,0.1883,0.2483
1779202128.310,0.2187,0.2050,7.00,226.5,-0.81,14.78,-3.11,0.1881,0.2483
1779202128.382,0.2186,0.2050,7.00,226.5,-0.81,14.81,-3.11,0.1882,0.2483
1779202128.449,0.2186,0.2050,7.00,226.5,-0.83,14.79,-3.09,0.1883,0.2483
1779202128.510,0.2187,0.2050,7.00,226.5,-0.84,14.85,-3.09,0.1883,0.2483
1779202128.581,0.2186,0.2050,7.00,226.5,-0.86,14.73,-3.08,0.1881,0.2483
1779202128.649,0.2187,0.2050,7.00,226.5,-0.84,14.75,-3.09,0.1883,0.2483
1779202128.715,0.2286,0.2050,7.00,226.5,-0.65,14.77,-3.22,0.1873,0.2483
1779202128.780,0.2355,0.2050,7.00,226.5,-0.52,14.69,-3.27,0.1867,0.2483
1779202128.850,0.2409,0.2050,7.00,226.5,-0.33,14.76,-3.31,0.1843,0.2483
1779202128.915,0.2432,0.2050,7.00,226.5,-0.20,14.83,-3.31,0.1846,0.2483
1779202128.982,0.2439,0.2050,7.00,226.5,-0.21,14.96,-3.34,0.1845,0.2483
1779202129.048,0.2447,0.2050,7.00,226.5,-0.23,15.13,-3.36,0.1845,0.2483
1779202129.108,0.2459,0.2050,7.00,226.5,-0.23,15.13,-3.37,0.1841,0.2483
1779202129.175,0.2463,0.2050,7.00,226.5,-0.23,15.07,-3.36,0.1845,0.2483
1779202129.209,0.2465,0.2046,7.00,226.5,-0.23,15.06,-3.36,0.1844,0.2478
1779202129.278,0.2469,0.2046,7.00,226.5,-0.24,14.95,-3.34,0.1849,0.2478
1779202129.346,0.2476,0.2046,7.00,226.5,-0.24,14.78,-3.31,0.1849,0.2478
1779202129.416,0.2484,0.2046,7.00,226.5,-0.24,14.70,-3.31,0.1847,0.2478
1779202129.481,0.2488,0.2046,7.00,226.5,-0.25,14.58,-3.31,0.1848,0.2478
1779202129.549,0.2494,0.2046,7.00,226.5,-0.25,14.51,-3.30,0.1837,0.2478
1779202129.613,0.2506,0.2046,7.00,226.5,-0.18,14.75,-3.35,0.1819,0.2478
1779202129.680,0.2512,0.2046,7.00,226.5,-0.10,14.81,-3.35,0.1828,0.2478
1779202129.748,0.2515,0.2046,7.00,226.5,-0.08,14.89,-3.37,0.1826,0.2478
1779202129.815,0.2520,0.2046,7.00,226.5,-0.05,14.90,-3.37,0.1833,0.2478
1779202129.882,0.2522,0.2046,7.00,226.5,-0.01,14.86,-3.37,0.1832,0.2478
1779202129.949,0.2529,0.2046,7.00,226.5,-0.02,14.88,-3.37,0.1834,0.2478
1779202130.016,0.2508,0.2046,7.00,226.5,0.01,14.62,-3.42,0.1834,0.2478
1779202130.083,0.2490,0.2046,7.00,226.5,-0.00,14.28,-3.46,0.1770,0.2478
1779202130.149,0.2483,0.2046,7.00,226.5,-0.02,14.07,-3.48,0.1836,0.2478
1779202130.214,0.2528,0.2046,7.00,226.5,0.72,13.77,-3.44,0.1811,0.2478
1779202130.283,0.2531,0.2046,7.00,226.5,1.37,13.94,-3.41,0.1745,0.2478
1779202130.348,0.2363,0.2046,7.00,226.5,1.66,14.53,-3.27,0.1738,0.2478
1779202130.417,0.2340,0.2028,7.00,226.5,1.68,14.86,-3.10,0.1826,0.2455
1779202130.483,0.2366,0.2011,7.00,226.5,2.17,14.64,-2.96,0.1808,0.2431
1779202130.550,0.2426,0.1993,7.00,226.5,3.20,14.69,-2.58,0.1819,0.2407
1779202130.614,0.2502,0.1993,7.00,226.5,3.91,14.72,-2.32,0.1714,0.2407
1779202130.683,0.2482,0.1993,7.00,226.5,5.22,14.22,-2.01,0.1713,0.2407
1779202130.750,0.2485,0.1993,7.00,226.5,5.79,14.25,-1.76,0.1759,0.2407
1779202130.814,0.2590,0.1993,7.00,226.5,6.55,13.66,-1.66,0.1636,0.2407
1779202130.881,0.2592,0.1996,7.00,226.5,7.60,12.69,-1.13,0.1626,0.2412
1779202130.951,0.2731,0.1996,7.00,226.5,10.38,10.44,-0.32,0.1590,0.2412
1779202131.013,0.2865,0.1996,7.00,226.5,11.72,9.45,-0.08,0.1611,0.2412
1779202131.082,0.1271,0.2014,7.00,226.5,12.51,6.91,-0.16,0.1537,0.2436
1779202131.148,0.0774,0.2032,7.00,226.5,14.91,6.63,0.04,0.1536,0.2459
1779202131.213,0.0784,0.2050,7.00,226.5,15.64,6.93,0.27,0.1424,0.2547
1779202131.282,0.0829,0.2068,7.00,226.5,16.55,6.82,0.62,0.1358,0.2662
1779202131.348,0.0812,0.2086,7.00,226.5,16.89,6.59,0.54,0.1375,0.2720
1779202131.416,0.0657,0.2103,7.00,226.5,18.15,5.65,0.60,0.1224,0.2870
1779202131.480,0.0691,0.2125,7.00,226.5,20.11,6.43,0.68,0.1136,0.3094
1779202131.540,0.0814,0.2143,7.00,226.5,20.95,5.86,0.78,0.1185,0.3202
1779202131.576,0.0815,0.2161,7.00,226.5,21.58,5.34,0.80,0.1188,0.3289
1779202131.612,0.0845,0.2179,7.00,226.5,21.43,5.34,0.62,0.1215,0.3298
1779202131.643,0.0883,0.2193,7.00,226.5,21.40,5.37,0.55,0.1225,0.3314
1779202131.679,0.0856,0.2210,7.00,226.5,21.58,5.16,0.47,0.1185,0.3356
1779202131.748,0.0869,0.2232,7.00,226.5,21.18,5.77,0.36,0.1187,0.3345
1779202131.814,0.0925,0.2254,7.00,226.5,20.95,6.35,0.39,0.1175,0.3350
1779202131.882,0.0932,0.2276,7.00,226.5,20.78,6.78,0.37,0.1173,0.3363
1779202131.949,0.0834,0.2294,7.00,226.5,19.50,7.09,0.24,0.1317,0.3258
1779202132.017,0.0847,0.2316,7.00,226.5,19.47,7.23,0.38,0.1369,0.3284
1779202132.084,0.0868,0.2334,7.00,226.5,19.83,6.98,0.35,0.1339,0.3345
1779202132.151,0.0879,0.2352,7.00,226.5,20.17,6.90,0.33,0.1298,0.3402
1779202132.216,0.1031,0.2370,7.00,226.5,20.39,6.60,0.29,0.1221,0.3449
1779202132.282,0.1842,0.2388,7.00,226.5,19.86,7.11,0.07,0.1182,0.3420
1779202132.349,0.2539,0.2388,7.00,226.5,38.57,6.24,-178.01,0.1163,0.5291
1779202132.414,0.2807,0.2388,7.00,226.5,38.66,6.01,-178.07,0.1148,0.5299
1779202132.483,0.2995,0.2388,7.00,226.5,38.89,5.90,-178.01,0.1142,0.5323
1779202132.551,0.3132,0.2388,7.00,226.5,38.99,5.70,-178.03,0.1147,0.5333
1779202132.616,0.3167,0.2388,7.00,226.5,39.11,5.81,-177.96,0.1150,0.5344
1779202132.684,0.3195,0.2388,7.00,226.5,39.26,5.45,-177.95,0.1155,0.5360
1779202132.749,0.3247,0.2388,7.00,226.5,39.38,5.33,-177.90,0.1129,0.5371
1779202132.817,0.3279,0.2388,7.00,226.5,39.57,5.15,-177.85,0.1100,0.5390
1779202132.884,0.3303,0.2388,7.00,226.5,39.52,4.94,-177.82,0.1105,0.5386
1779202132.947,0.3332,0.2388,7.00,226.5,39.63,4.85,-177.77,0.1108,0.5396
1779202133.017,0.3364,0.2388,7.00,226.5,39.81,4.79,-177.68,0.1111,0.5415
1779202133.085,0.3375,0.2388,7.00,226.5,39.84,4.82,-177.59,0.1121,0.5417
1779202133.151,0.3400,0.2388,7.00,226.5,39.91,4.70,-177.47,0.1135,0.5424
1779202133.218,0.3437,0.2388,7.00,226.5,40.13,4.86,-177.32,0.1094,0.5434
1779202133.280,0.3436,0.2388,7.00,226.5,40.75,5.04,-177.16,0.1051,0.5434
1779202133.347,0.3427,0.2388,7.00,226.5,40.74,4.93,-177.09,0.1078,0.5434
1779202133.418,0.3420,0.2388,7.00,226.5,40.82,4.84,-177.10,0.1091,0.5434
1779202133.484,0.3413,0.2388,7.00,226.5,40.81,4.72,-177.09,0.1096,0.5434
1779202133.549,0.3427,0.2388,7.00,226.5,40.77,4.70,-177.05,0.1098,0.5434
1779202133.615,0.3464,0.2388,7.00,226.5,40.23,4.69,-177.20,0.1117,0.5434
1779202133.679,0.3384,0.2388,7.00,226.5,39.06,5.39,-177.21,0.1239,0.5339
1779202133.751,0.3482,0.2388,7.00,226.5,18.43,7.70,0.95,0.1264,0.3277
1779202133.815,0.3433,0.2388,7.00,226.5,16.18,8.73,0.79,0.1440,0.3051
1779202133.885,0.3408,0.2388,7.00,226.5,15.07,9.65,0.74,0.1501,0.2941
1779202133.950,0.3434,0.2388,7.00,226.5,13.02,9.99,0.35,0.1564,0.2934
1779202134.011,0.3310,0.2388,7.00,226.5,12.14,10.20,0.35,0.1639,0.2934
1779202134.084,0.3425,0.2388,7.00,226.5,10.86,10.76,0.34,0.1561,0.2934
1779202134.150,0.3118,0.2388,7.00,226.5,8.73,12.47,0.03,0.1635,0.2934
1779202134.214,0.3102,0.2388,7.00,226.5,7.66,13.48,-0.27,0.1614,0.2934
1779202134.284,0.3128,0.2388,7.00,226.5,6.48,13.65,-0.47,0.1643,0.2934
1779202134.352,0.2959,0.2388,7.00,226.5,6.26,13.86,-0.62,0.1755,0.2934
1779202134.415,0.2779,0.2388,7.00,226.5,6.10,13.75,-0.83,0.1706,0.2934
1779202134.485,0.2649,0.2388,7.00,226.5,4.60,13.80,-1.21,0.1729,0.2934
1779202134.551,0.2468,0.2388,7.00,226.5,4.30,14.08,-1.31,0.1677,0.2934
1779202134.616,0.2392,0.2388,7.00,226.5,3.87,14.53,-1.42,0.1661,0.2934
1779202134.685,0.2401,0.2388,7.00,226.5,3.91,14.75,-1.59,0.1681,0.2934
1779202134.748,0.2385,0.2388,7.00,226.5,3.61,14.82,-1.71,0.1680,0.2934
1779202134.813,0.2351,0.2388,7.00,226.5,3.49,15.13,-1.78,0.1657,0.2934
1779202134.884,0.2328,0.2388,6.00,226.5,3.33,15.22,-1.83,0.1669,0.2934
1779202134.949,0.2307,0.2388,6.00,226.5,3.40,15.14,-1.73,0.1655,0.2934
1779202135.015,0.2640,0.2388,6.00,226.5,3.45,15.76,-1.81,0.1654,0.2934
1779202135.079,0.2940,0.2388,6.00,226.5,3.81,16.12,-1.77,0.1648,0.2934
1779202135.150,0.2957,0.2388,6.00,226.5,3.63,16.00,-1.88,0.1661,0.2934
1779202135.217,0.2959,0.2388,6.00,226.5,3.71,15.66,-1.83,0.1670,0.2934
1779202135.285,0.2992,0.2388,6.00,226.5,3.90,15.44,-1.75,0.1663,0.2934
1779202135.352,0.3004,0.2388,6.00,226.5,3.89,15.36,-1.74,0.1647,0.2934
1779202135.419,0.3001,0.2388,6.00,226.5,3.79,15.34,-1.78,0.1657,0.2934
1779202135.486,0.2973,0.2388,6.00,226.5,3.66,15.56,-1.73,0.1688,0.2934
1779202135.553,0.2982,0.2388,6.00,226.5,3.64,15.64,-1.70,0.1648,0.2934
1779202135.618,0.2972,0.2388,6.00,226.5,3.73,15.50,-1.64,0.1670,0.2934
1779202135.682,0.2968,0.2388,6.00,226.5,3.69,15.40,-1.65,0.1686,0.2934
1779202135.751,0.2958,0.2388,6.00,226.5,3.69,15.36,-1.62,0.1665,0.2934
1779202135.819,0.2938,0.2388,6.00,226.5,3.55,15.29,-1.65,0.1674,0.2934
1779202135.885,0.2931,0.2388,6.00,226.5,3.48,15.21,-1.64,0.1684,0.2934
1779202135.948,0.2909,0.2388,6.00,226.5,3.46,15.33,-1.69,0.1645,0.2934
1779202136.018,0.2930,0.2388,6.00,226.5,3.03,15.62,-1.81,0.1643,0.2934
1779202136.085,0.3019,0.2388,6.00,226.5,2.55,15.56,-1.93,0.1698,0.2934
1779202136.151,0.3039,0.2388,6.00,226.5,2.20,15.85,-2.04,0.1672,0.2934
1779202136.219,0.3049,0.2388,6.00,226.5,1.64,15.79,-2.18,0.1665,0.2934
1779202136.284,0.2911,0.2388,6.00,226.5,1.02,16.17,-2.41,0.1779,0.2934
1779202136.353,0.2806,0.2388,6.00,226.5,0.87,16.33,-2.45,0.1850,0.2934
1779202136.419,0.2792,0.2388,6.00,226.5,0.48,16.37,-2.54,0.1895,0.2934
1779202136.487,0.2775,0.2388,6.00,226.5,-0.46,16.66,-2.83,0.1872,0.2934
1779202136.543,0.2792,0.2388,6.00,226.5,-0.91,17.46,-2.87,0.1944,0.2934
1779202136.582,0.2885,0.2388,6.00,226.5,-1.40,17.39,-2.87,0.1948,0.2934
1779202136.649,0.2876,0.2388,6.00,226.5,-1.59,18.22,-2.94,0.1963,0.2934
1779202136.715,0.2895,0.2392,6.00,226.5,-1.70,18.58,-2.94,0.1935,0.2939
1779202136.785,0.2878,0.2378,6.00,226.5,-2.25,18.32,-3.02,0.1938,0.2921
1779202136.854,0.2792,0.2347,6.00,226.5,-2.40,17.89,-3.04,0.1915,0.2879
1779202136.916,0.2738,0.2315,6.00,226.5,-2.36,17.73,-3.12,0.1891,0.2836
1779202136.987,0.2701,0.2301,6.00,226.5,-2.29,17.78,-3.24,0.1873,0.2818
1779202137.051,0.2695,0.2301,6.00,226.5,-2.21,17.70,-3.26,0.1860,0.2818
1779202137.118,0.2699,0.2301,6.00,226.5,-2.15,17.49,-3.30,0.1797,0.2818
1779202137.183,0.2705,0.2305,6.00,226.5,-2.03,18.04,-3.38,0.1685,0.2823
1779202137.254,0.2703,0.2309,6.00,226.5,-2.01,18.52,-3.43,0.1614,0.2829
1779202137.317,0.2699,0.2309,6.00,226.5,-2.02,18.29,-3.42,0.1586,0.2829
1779202137.382,0.2696,0.2313,6.00,226.5,-2.01,18.42,-3.45,0.1556,0.2834
1779202137.448,0.2683,0.2318,6.00,226.5,-1.94,18.43,-3.46,0.1545,0.2840
1779202137.517,0.2671,0.2322,6.00,226.5,-1.86,18.52,-3.43,0.1532,0.2846
1779202137.587,0.2655,0.2326,6.00,226.5,-1.81,18.59,-3.40,0.1533,0.2851
1779202137.653,0.2636,0.2330,6.00,226.5,-1.77,18.39,-3.34,0.1544,0.2857
1779202137.717,0.2629,0.2335,6.00,226.5,-1.73,18.17,-3.28,0.1562,0.2863
1779202137.785,0.2621,0.2339,6.00,226.5,-1.70,18.06,-3.24,0.1584,0.2868
1779202137.851,0.2618,0.2343,6.00,226.5,-1.60,17.92,-3.19,0.1606,0.2874
1779202137.916,0.2614,0.2348,6.00,226.5,-1.53,17.86,-3.18,0.1624,0.2880
1779202137.987,0.2608,0.2352,6.00,226.5,-1.46,17.77,-3.16,0.1648,0.2886
1779202138.048,0.2597,0.2356,6.00,226.5,-1.43,17.64,-3.14,0.1662,0.2892
1779202138.118,0.2577,0.2361,6.00,226.5,-1.28,17.73,-3.12,0.1677,0.2897
1779202138.187,0.2656,0.2365,6.00,226.5,-1.22,17.35,-3.04,0.1665,0.2903
1779202138.254,0.2686,0.2369,6.00,226.5,-1.08,17.25,-3.11,0.1642,0.2909
1779202138.315,0.2697,0.2374,6.00,226.5,-1.02,17.01,-3.19,0.1658,0.2915
1779202138.383,0.2720,0.2378,6.00,226.5,-1.02,16.66,-3.22,0.1700,0.2921
1779202138.454,0.2732,0.2383,6.00,226.5,-1.01,16.01,-3.22,0.1741,0.2927
1779202138.516,0.2744,0.2387,6.00,226.5,-1.00,15.44,-3.18,0.1748,0.2933
1779202138.586,0.2764,0.2392,6.00,226.5,-0.87,15.43,-3.17,0.1746,0.2939
1779202138.650,0.2786,0.2396,6.00,226.5,-0.74,15.25,-3.08,0.1736,0.2945
1779202138.718,0.2772,0.2401,6.00,226.5,-0.78,14.95,-3.05,0.1706,0.2951
1779202138.786,0.2759,0.2405,6.00,226.5,-0.86,14.67,-3.04,0.1663,0.2957
1779202138.854,0.2747,0.2410,6.00,226.5,-0.91,14.57,-3.03,0.1651,0.2963
1779202138.918,0.2714,0.2414,6.00,226.5,-0.96,14.36,-3.07,0.1632,0.2969
1779202138.983,0.2703,0.2414,6.00,226.5,-0.99,14.18,-3.13,0.1599,0.2969
1779202139.054,0.2685,0.2414,6.00,226.5,-1.01,14.08,-3.16,0.1581,0.2969
1779202139.117,0.2676,0.2414,6.00,226.5,-1.04,13.91,-3.17,0.1565,0.2969
1779202139.184,0.2663,0.2414,6.00,226.5,-1.06,13.74,-3.19,0.1557,0.2969
1779202139.254,0.2651,0.2414,6.00,226.5,-1.05,13.68,-3.21,0.1555,0.2969
1779202139.319,0.2640,0.2414,6.00,226.5,-1.03,13.66,-3.22,0.1549,0.2969
1779202139.387,0.2628,0.2414,6.00,226.5,-1.04,13.58,-3.22,0.1550,0.2969
1779202139.455,0.2620,0.2414,6.00,226.5,-1.05,13.51,-3.22,0.1559,0.2969
1779202139.521,0.2616,0.2414,6.00,226.5,-1.33,13.38,-3.27,0.1549,0.2969
1779202139.587,0.2612,0.2419,6.00,226.5,-1.83,13.04,-3.31,0.1507,0.2975
1779202139.655,0.2603,0.2424,6.00,226.5,-2.01,12.88,-3.36,0.1495,0.2982
1779202139.718,0.2606,0.2428,6.00,226.5,-2.01,12.84,-3.37,0.1456,0.2988
1779202139.783,0.2626,0.2433,6.00,226.5,-1.92,12.96,-3.34,0.1440,0.2994
1779202139.854,0.2651,0.2438,6.00,226.5,-1.89,13.02,-3.28,0.1457,0.3000
1779202139.921,0.2694,0.2442,6.00,226.5,-1.87,13.19,-3.26,0.1460,0.3006
1779202139.983,0.2717,0.2447,6.00,226.5,-1.83,14.79,-3.53,0.1486,0.3013
1779202140.052,0.2748,0.2452,6.00,226.5,-2.20,15.60,-3.91,0.1490,0.3019
1779202140.120,0.2791,0.2456,6.00,226.5,-2.61,15.52,-4.06,0.1483,0.3025
1779202140.183,0.2820,0.2461,6.00,226.5,-2.80,14.97,-4.00,0.1508,0.3032
1779202140.250,0.2852,0.2461,6.00,226.5,-2.95,13.78,-3.67,0.1527,0.3032
1779202140.321,0.2870,0.2466,6.00,226.5,-3.07,13.03,-3.29,0.1555,0.3038
1779202140.386,0.3004,0.2471,6.00,226.5,-2.81,13.22,-3.01,0.1573,0.3044
1779202140.451,0.3103,0.2476,6.00,226.5,-2.53,13.18,-2.71,0.1571,0.3051
1779202140.523,0.3164,0.2480,6.00,226.5,-2.15,12.95,-2.53,0.1556,0.3057
1779202140.586,0.3190,0.2485,6.00,226.5,-1.99,12.74,-2.24,0.1540,0.3064
1779202140.650,0.3220,0.2490,6.00,226.5,-1.83,12.81,-2.11,0.1536,0.3070
1779202140.719,0.3230,0.2495,6.00,226.5,-1.76,13.06,-1.91,0.1523,0.3077
1779202140.786,0.2961,0.2500,6.00,226.5,-1.99,12.87,-1.86,0.1507,0.3083
1779202140.850,0.2872,0.2505,6.00,226.5,-2.08,11.89,-1.68,0.1477,0.3090
1779202140.919,0.2813,0.2490,6.00,226.5,-2.28,11.58,-1.62,0.1471,0.3070
1779202140.988,0.2777,0.2455,6.00,226.5,-2.38,11.52,-1.57,0.1469,0.3024
1779202141.051,0.2742,0.2421,6.00,226.5,-2.49,11.66,-1.57,0.1458,0.2978
1779202141.122,0.2678,0.2425,6.00,226.5,-2.59,12.03,-1.48,0.1450,0.2984
1779202141.186,0.2662,0.2430,6.00,226.5,-2.58,12.12,-1.39,0.1435,0.2990
1779202141.251,0.2650,0.2435,6.00,226.5,-2.61,11.94,-1.23,0.1423,0.2997
1779202141.318,0.2643,0.2440,6.00,226.5,-2.47,12.11,-1.07,0.1427,0.3003
1779202141.384,0.2637,0.2445,6.00,226.5,-2.25,12.46,-0.91,0.1422,0.3010
1779202141.453,0.2638,0.2445,6.00,226.5,-2.12,12.40,-0.75,0.1411,0.3010
1779202141.518,0.2638,0.2445,6.00,226.5,-2.01,12.20,-0.59,0.1379,0.3010
1779202141.585,0.2637,0.2450,6.00,226.5,-2.01,12.79,-0.41,0.1338,0.3016
1779202141.650,0.2634,0.2455,6.00,226.5,-2.10,13.19,-0.21,0.1327,0.3023
1779202141.720,0.2639,0.2460,6.00,226.5,-2.33,13.66,-0.07,0.1279,0.3030
1779202141.786,0.2642,0.2465,6.00,226.5,-2.53,13.81,0.13,0.1294,0.3036
1779202141.853,0.2632,0.2470,6.00,226.5,-2.70,13.98,0.44,0.1270,0.3043
1779202141.918,0.2619,0.2475,6.00,226.5,-2.73,14.09,0.57,0.1217,0.3050
1779202141.986,0.2614,0.2480,6.00,226.5,-2.74,14.37,0.57,0.1198,0.3056
1779202142.051,0.2611,0.2464,6.00,226.5,-2.69,14.54,0.57,0.1173,0.3036
1779202142.123,0.2603,0.2429,6.00,226.5,-2.70,14.59,0.58,0.1161,0.2988
1779202142.185,0.2599,0.2393,6.00,226.5,-2.69,14.38,0.57,0.1181,0.2940
1779202142.253,0.2595,0.2377,6.00,226.5,-2.78,14.54,0.43,0.1333,0.2919
1779202142.322,0.2605,0.2382,6.00,226.5,-2.95,13.63,0.28,0.1426,0.2926
1779202142.385,0.2610,0.2382,6.00,226.5,-2.98,14.14,0.00,0.1551,0.2926
1779202142.454,0.2614,0.2382,6.00,226.5,-3.16,13.96,-0.22,0.1573,0.2926
1779202142.523,0.2607,0.2382,6.00,226.5,-3.12,14.11,-0.32,0.1621,0.2926
1779202142.588,0.2600,0.2361,6.00,226.5,-3.17,14.25,-0.44,0.1639,0.2899
1779202142.653,0.2598,0.2341,6.00,226.5,-3.11,14.29,-0.52,0.1640,0.2871
1779202142.716,0.2592,0.2320,6.00,226.5,-2.96,14.66,-0.61,0.1647,0.2844
1779202142.750,0.2591,0.2316,6.00,226.5,-2.91,14.73,-0.67,0.1650,0.2837
1779202142.783,0.2590,0.2295,6.00,226.5,-2.87,14.72,-0.72,0.1664,0.2810
1779202142.815,0.2590,0.2290,6.00,226.5,-2.84,14.67,-0.76,0.1670,0.2804
1779202142.849,0.2590,0.2270,6.00,226.5,-2.78,14.75,-0.82,0.1672,0.2777
1779202142.885,0.2590,0.2265,6.00,226.5,-2.68,14.88,-0.85,0.1688,0.2770
1779202142.953,0.2885,0.2229,6.00,226.5,-2.14,15.42,-0.98,0.1717,0.2722
1779202143.017,0.2978,0.2193,6.00,226.5,-1.83,15.19,-1.04,0.1701,0.2673
1779202143.050,0.3009,0.2172,6.00,226.5,-1.69,15.07,-1.05,0.1688,0.2646
1779202143.083,0.3045,0.2152,6.00,226.5,-1.55,14.91,-1.04,0.1686,0.2619
1779202143.115,0.3072,0.2131,6.00,226.5,-1.46,14.86,-1.02,0.1682,0.2592
1779202143.154,0.3092,0.2111,6.00,226.5,-1.38,14.82,-1.00,0.1682,0.2564
1779202143.215,0.3102,0.2115,6.00,226.5,-1.28,14.69,-0.99,0.1680,0.2570
1779202143.253,0.3104,0.2115,6.00,226.5,-1.24,14.66,-0.97,0.1681,0.2570
1779202143.322,0.3104,0.2119,6.00,226.5,-1.22,14.64,-0.97,0.1679,0.2576
1779202143.386,0.3104,0.2124,6.00,226.5,-1.18,14.62,-0.98,0.1673,0.2582
1779202143.452,0.3104,0.2128,6.00,226.5,-1.15,14.55,-0.98,0.1664,0.2587
1779202143.520,0.3108,0.2133,6.00,226.5,-1.14,14.42,-0.97,0.1662,0.2593
1779202143.590,0.3116,0.2137,6.00,226.5,-1.13,14.44,-0.96,0.1659,0.2599
1779202143.656,0.3115,0.2141,6.00,226.5,-1.17,14.41,-0.95,0.1658,0.2605
1779202143.724,0.3114,0.2146,6.00,226.5,-1.20,14.39,-0.94,0.1657,0.2611
1779202143.788,0.3110,0.2150,6.00,226.5,-1.19,14.43,-0.92,0.1655,0.2617
1779202143.856,0.3109,0.2155,6.00,226.5,-1.20,14.49,-0.92,0.1653,0.2623
1779202143.922,0.3109,0.2155,6.00,226.5,-1.22,14.53,-0.92,0.1644,0.2623
1779202143.987,0.3109,0.2159,6.00,226.5,-1.28,14.22,-0.88,0.1622,0.2629
1779202144.056,0.3111,0.2159,6.00,226.5,-1.32,14.14,-0.87,0.1597,0.2629
1779202144.118,0.3109,0.2138,6.00,226.5,-1.36,14.03,-0.84,0.1586,0.2601
1779202144.190,0.3107,0.2117,6.00,226.5,-1.35,14.08,-0.82,0.1584,0.2573
1779202144.257,0.3099,0.2096,6.00,226.5,-1.30,13.87,-0.69,0.1586,0.2545
1779202144.320,0.3095,0.2075,6.00,226.5,-1.33,13.80,-0.48,0.1591,0.2517
1779202144.388,0.3091,0.2055,6.00,226.5,-1.16,14.00,-0.34,0.1538,0.2489
1779202144.455,0.3093,0.2034,6.00,226.5,-1.11,14.17,-0.08,0.1476,0.2461
1779202144.519,0.3090,0.2013,6.00,226.5,-1.06,14.30,0.12,0.1409,0.2433
1779202144.590,0.3094,0.1992,6.00,226.5,-1.00,15.01,0.12,0.1393,0.2405
1779202144.657,0.3092,0.1971,6.00,226.5,-1.05,15.02,0.19,0.1373,0.2378
1779202144.724,0.3090,0.1950,6.00,226.5,-1.02,14.86,0.36,0.1334,0.2350
1779202144.787,0.3093,0.1929,6.00,226.5,-1.00,15.03,0.42,0.1326,0.2322
1779202144.858,0.3091,0.1908,6.00,226.5,-1.07,15.15,0.46,0.1314,0.2294
1779202144.924,0.3095,0.1887,6.00,226.5,-1.12,15.26,0.47,0.1315,0.2266
1779202144.991,0.2261,0.1849,6.00,226.5,-1.84,16.26,0.33,0.1331,0.2215
1779202145.056,0.2137,0.1811,6.00,226.5,-2.08,16.49,0.24,0.1390,0.2164
1779202145.124,0.2439,0.1772,6.00,226.5,-2.71,16.21,-0.20,0.1579,0.2113
1779202145.186,0.2652,0.1751,6.00,226.5,-2.85,15.78,-0.32,0.1677,0.2085
1779202145.257,0.2398,0.1730,6.00,226.5,-3.03,15.78,-0.45,0.1695,0.2057
1779202145.321,0.0903,0.1730,6.00,226.5,-3.38,14.27,-0.18,0.1813,0.2057
1779202145.388,0.1517,0.1730,6.00,226.5,-3.57,15.56,-0.07,0.1735,0.2057
1779202145.453,0.2084,0.1709,7.00,213.0,-3.31,14.92,0.81,0.1786,0.2028
1779202145.523,0.2635,0.1688,7.00,213.0,-1.66,2.37,3.08,0.1746,0.2000
1779202145.589,0.3003,0.1667,7.00,213.0,-1.46,-2.59,2.30,0.1425,0.1972
1779202145.656,0.3141,0.1646,7.00,213.0,3.18,-13.97,4.55,0.1236,0.1944
1779202145.721,0.3203,0.1624,7.00,213.0,2.18,-13.95,4.89,0.1407,0.1916
1779202145.787,0.3223,0.1603,7.00,213.0,2.61,-15.20,4.57,0.1460,0.1888
1779202145.854,0.3177,0.1582,7.00,213.0,6.08,-14.74,4.59,0.1565,0.1860
1779202145.921,0.3118,0.1561,7.00,213.0,7.99,-13.86,4.42,0.1747,0.1832
1779202145.987,0.2984,0.1540,7.00,213.0,9.05,-8.83,5.04,0.1541,0.1803
1779202146.053,0.3042,0.1519,7.00,213.0,-35.99,70.72,7.36,0.2136,0.3875
1779202146.119,0.2902,0.1498,7.00,213.0,-2.59,6.42,6.47,0.1802,0.1750
1779202146.189,0.2757,0.1477,7.00,213.0,-3.14,9.08,5.47,0.1647,0.1750
1779202146.255,0.2783,0.1456,7.00,213.0,-3.22,9.80,5.03,0.1635,0.1750
1779202146.320,0.2822,0.1435,7.00,213.0,-3.39,7.96,4.61,0.1538,0.1750
1779202146.387,0.2818,0.1414,7.00,213.0,-3.39,6.73,4.25,0.1545,0.1750
1779202146.456,0.2843,0.1392,7.00,213.0,-3.36,7.50,4.08,0.1625,0.1750
1779202146.525,0.2791,0.1371,7.00,213.0,-3.55,6.26,3.96,0.1718,0.1750
1779202146.589,0.2777,0.1350,7.00,213.0,-3.61,2.28,4.12,0.1669,0.1750
1779202146.653,0.2653,0.1329,7.00,213.0,-4.05,2.13,3.78,0.1621,0.1750
1779202146.722,0.2593,0.1308,7.00,213.0,-3.77,2.80,3.59,0.1629,0.1750
1779202146.792,0.2530,0.1287,7.00,213.0,-2.29,7.48,3.07,0.1488,0.1750
1779202146.854,0.2536,0.1266,7.00,213.0,-2.40,8.14,2.94,0.1496,0.1750
1779202146.922,0.2519,0.1245,7.00,213.0,-3.69,6.38,2.47,0.1543,0.1750
1779202146.987,0.2565,0.1224,7.00,213.0,-4.70,7.08,1.89,0.1492,0.1750
1779202147.058,0.2553,0.1203,7.00,213.0,-4.80,8.63,1.07,0.1595,0.1750
1779202147.122,0.2635,0.1181,7.00,213.0,-4.31,11.02,1.10,0.1628,0.1750
1779202147.191,0.2754,0.1160,7.00,213.0,-4.59,13.13,1.27,0.1648,0.1750
1779202147.255,0.2682,0.1139,7.00,213.0,-4.00,17.45,1.02,0.1707,0.1750
1779202147.321,0.2768,0.1118,7.00,213.0,-4.24,22.01,1.04,0.1866,0.1750
1779202147.385,0.2827,0.1097,7.00,213.0,-3.90,24.15,0.95,0.1892,0.1750
1779202147.455,0.2857,0.1076,7.00,213.0,-5.24,22.43,1.35,0.1690,0.1750
1779202147.522,0.2835,0.1055,7.00,213.0,-5.95,23.86,1.39,0.1414,0.1750
1779202147.592,0.2903,0.1034,7.00,213.0,-5.78,26.57,1.09,0.1542,0.1750
1779202147.654,0.2859,0.1013,7.00,213.0,-3.85,27.48,0.92,0.1674,0.1750
1779202147.723,0.2897,0.0992,7.00,213.0,-3.12,26.83,0.99,0.1622,0.1750
1779202147.790,0.2945,0.0970,7.00,213.0,-2.63,28.19,0.40,0.1748,0.1750
1779202147.855,0.3076,0.0949,7.00,213.0,-2.70,29.05,0.27,0.1734,0.1750
1779202147.921,0.3075,0.0928,7.00,213.0,5.44,37.87,-174.12,0.1766,0.1750
1779202147.990,0.3038,0.0888,7.00,213.0,-3.46,30.60,0.13,0.1728,0.1750
1779202148.058,0.3053,0.0847,7.00,213.0,-3.89,31.05,0.21,0.1732,0.1750
1779202148.123,0.3141,0.0826,7.00,213.0,5.37,40.23,-173.77,0.1818,0.1750
1779202148.193,0.3240,0.0805,7.00,213.0,5.00,41.42,-173.34,0.1916,0.1750
1779202148.255,0.3368,0.0784,7.00,213.0,5.43,42.02,-173.04,0.2084,0.1750
1779202148.324,0.3357,0.0763,7.00,213.0,5.69,41.89,-173.28,0.2074,0.1750
1779202148.392,0.3231,0.0742,7.00,213.0,4.63,41.90,-173.13,0.2102,0.1750
1779202148.455,0.3296,0.0720,7.00,213.0,4.58,41.74,-173.31,0.2050,0.1750
1779202148.520,0.3386,0.0699,7.00,213.0,4.92,42.30,-173.32,0.2026,0.1750
1779202148.592,0.3390,0.0678,7.00,213.0,4.61,42.48,-173.16,0.2039,0.1750
1779202148.657,0.3368,0.0657,7.00,213.0,4.91,42.27,-173.42,0.2017,0.1750
1779202148.723,0.3361,0.0657,7.00,213.0,4.14,42.44,-173.40,0.2002,0.1750
1779202148.793,0.3357,0.0657,7.00,213.0,4.01,42.58,-173.38,0.1983,0.1750
1779202148.859,0.3349,0.0657,7.00,213.0,4.16,42.48,-173.50,0.1875,0.1750
1779202148.925,0.3312,0.0657,7.00,213.0,5.73,42.86,-174.10,0.1715,0.1750
1779202148.987,0.3318,0.0657,7.00,213.0,6.13,42.16,-174.72,0.1512,0.1750
1779202149.054,0.3259,0.0636,7.00,213.0,6.36,41.15,-174.83,0.1423,0.1750
1779202149.126,0.3206,0.0614,7.00,213.0,6.53,40.20,-175.15,0.1446,0.1750
1779202149.193,0.3193,0.0573,7.00,213.0,6.43,39.40,-175.44,0.1451,0.1750
1779202149.256,0.3192,0.0553,7.00,213.0,6.00,39.52,-175.94,0.1501,0.1750
1779202149.326,0.3161,0.0554,7.00,213.0,-3.30,29.88,-2.05,0.1426,0.1750
1779202149.390,0.3140,0.0554,7.00,213.0,3.96,39.86,-175.84,0.1589,0.1750
1779202149.457,0.3251,0.0554,7.00,213.0,-8.59,29.59,-1.75,0.1778,0.1750
1779202149.525,0.3346,0.0554,7.00,213.0,3.27,40.48,-176.28,0.2245,0.1750
1779202149.591,0.3303,0.0554,7.00,213.0,2.97,40.15,-176.31,0.2568,0.1750
1779202149.660,0.3170,0.0554,7.00,213.0,2.60,40.65,-176.51,0.2528,0.1750
1779202149.721,0.3134,0.0554,7.00,213.0,2.22,40.52,-176.87,0.2585,0.1750
1779202149.786,0.3132,0.0554,7.00,213.0,1.96,40.59,-177.11,0.2568,0.1750
1779202149.859,0.3144,0.0554,7.00,213.0,1.51,39.86,-177.33,0.2466,0.1750
1779202149.926,0.3035,0.0554,7.00,213.0,1.75,39.09,-177.35,0.2321,0.1750
1779202149.986,0.2941,0.0554,7.00,213.0,-5.87,28.36,-2.17,0.2215,0.1750
1779202150.019,0.2874,0.0554,7.00,213.0,-5.82,28.87,-2.16,0.2192,0.1750
1779202150.053,0.2859,0.0553,7.00,213.0,-5.85,28.72,-2.11,0.2193,0.1750
1779202150.086,0.2853,0.0553,7.00,213.0,-5.70,28.48,-1.99,0.2175,0.1750
1779202150.123,0.2869,0.0552,7.00,213.0,-5.87,28.49,-2.05,0.2169,0.1750
1779202150.187,0.2800,0.0552,7.00,213.0,-5.57,28.49,-1.95,0.2134,0.1750
1779202150.259,0.2740,0.0552,7.00,213.0,-5.19,28.95,-1.94,0.2113,0.1750
1779202150.326,0.2721,0.0552,7.00,213.0,-5.10,28.58,-1.99,0.2037,0.1750
1779202150.393,0.2711,0.0552,7.00,213.0,-5.05,28.27,-1.94,0.2065,0.1750
1779202150.457,0.2618,0.0552,7.00,213.0,-5.09,27.99,-2.12,0.2056,0.1750
1779202150.526,0.2566,0.0552,7.00,213.0,-5.12,27.73,-2.15,0.2038,0.1750
1779202150.593,0.2513,0.0552,7.00,213.0,-5.06,27.35,-2.11,0.1997,0.1750
1779202150.657,0.2462,0.0552,7.00,213.0,-4.96,26.92,-2.21,0.1968,0.1750
1779202150.722,0.2498,0.0552,7.00,213.0,-4.76,27.12,-2.49,0.1970,0.1750
1779202150.789,0.2530,0.0552,7.00,213.0,-4.73,26.88,-2.54,0.1968,0.1750
1779202150.855,0.2520,0.0552,7.00,213.0,-4.83,26.78,-2.50,0.1951,0.1750
1779202150.926,0.2546,0.0552,7.00,213.0,-4.47,25.85,-2.58,0.1829,0.1750
1779202150.993,0.2564,0.0552,7.00,213.0,-3.84,24.73,-2.26,0.1699,0.1750
1779202151.059,0.2578,0.0531,7.00,213.0,-3.44,24.55,-2.06,0.1704,0.1750
1779202151.125,0.2600,0.0510,7.00,213.0,-3.06,24.70,-2.04,0.1736,0.1750
1779202151.193,0.2571,0.0488,7.00,213.0,-3.26,24.00,-1.97,0.1703,0.1750
1779202151.258,0.2569,0.0488,7.00,213.0,-3.15,23.07,-2.47,0.1687,0.1750
1779202151.322,0.2603,0.0488,7.00,213.0,-2.99,20.57,-2.84,0.1705,0.1750
1779202151.393,0.2701,0.0488,7.00,213.0,-3.02,19.85,-3.32,0.1729,0.1750
1779202151.459,0.2678,0.0488,7.00,213.0,-2.85,20.36,-3.15,0.2139,0.1750
1779202151.527,0.2696,0.0488,7.00,213.0,-1.88,20.62,-3.27,0.2819,0.1750
1779202151.590,0.2697,0.0488,7.00,213.0,-1.73,18.40,-3.00,0.2302,0.1750
1779202151.658,0.2657,0.0488,7.00,213.0,-1.75,18.21,-2.85,0.1571,0.1750
1779202151.728,0.2652,0.0488,7.00,213.0,-1.51,15.60,-2.23,0.1124,0.1750
1779202151.789,0.2636,0.0488,7.00,213.0,-1.62,15.49,-1.78,0.1026,0.1750
1779202151.856,0.2637,0.0488,7.00,213.0,-1.52,15.54,-1.64,0.1033,0.1750
1779202151.925,0.2677,0.0488,7.00,213.0,-1.65,14.06,-1.39,0.0963,0.1750
1779202151.993,0.2659,0.0488,7.00,213.0,-1.75,12.81,-1.12,0.0903,0.1750
1779202152.056,0.2664,0.0488,7.00,213.0,-1.61,12.47,-0.99,0.0861,0.1750
1779202152.127,0.2671,0.0488,7.00,213.0,-1.36,12.23,-0.95,0.0847,0.1750
1779202152.190,0.2648,0.0488,7.00,213.0,-1.37,12.77,-0.90,0.0855,0.1750
1779202152.260,0.2620,0.0488,7.00,213.0,-1.79,13.81,-0.78,0.0862,0.1750
1779202152.327,0.2628,0.0488,7.00,213.0,-1.88,14.34,-0.85,0.0921,0.1750
1779202152.390,0.2623,0.0488,7.00,213.0,-2.14,14.75,-0.86,0.0974,0.1750
1779202152.459,0.2629,0.0488,7.00,213.0,-2.08,15.73,-0.97,0.1111,0.1750
1779202152.528,0.2620,0.0488,7.00,213.0,-2.62,16.15,-0.93,0.1349,0.1750
1779202152.590,0.2632,0.0488,7.00,213.0,-2.28,16.73,-1.12,0.1410,0.1750
1779202152.687,0.2642,0.0489,7.00,213.0,-2.27,16.33,-1.32,0.1421,0.1750
1779202152.720,0.2648,0.0488,7.00,213.0,-2.43,15.57,-1.28,0.1568,0.1750
1779202152.756,0.2665,0.0488,7.00,213.0,-2.51,15.86,-1.24,0.1621,0.1750
1779202152.823,0.2713,0.0488,7.00,213.0,-2.66,16.34,-1.21,0.1721,0.1750
1779202152.893,0.2749,0.0488,7.00,213.0,-2.92,17.03,-1.12,0.1825,0.1750
1779202152.960,0.2765,0.0488,7.00,213.0,-3.35,15.85,-0.64,0.1780,0.1750
1779202153.025,0.2767,0.0488,7.00,213.0,-2.95,17.29,-0.48,0.1747,0.1750
1779202153.090,0.2766,0.0488,7.00,213.0,-2.38,17.22,-0.13,0.2019,0.1750
1779202153.153,0.2752,0.0488,7.00,213.0,-2.13,18.17,-0.45,0.2882,0.1750
1779202153.185,0.2756,0.0487,7.00,213.0,-1.96,18.66,-0.75,0.3178,0.1750
1779202153.222,0.2757,0.0487,7.00,213.0,-1.68,19.18,-1.10,0.3049,0.1750
1779202153.293,0.2751,0.0487,7.00,213.0,-2.00,15.02,-0.75,0.1705,0.1750
1779202153.359,0.2730,0.0488,7.00,213.0,-1.90,14.10,-0.62,0.1193,0.1750
1779202153.425,0.2691,0.0489,7.00,213.0,-1.79,12.36,-0.39,0.1188,0.1750
1779202153.493,0.2622,0.0489,7.00,213.0,-1.56,12.00,-0.21,0.1252,0.1750
1779202153.561,0.2602,0.0489,7.00,213.0,-1.68,11.69,-0.11,0.1347,0.1750
1779202153.629,0.2590,0.0489,7.00,213.0,-1.73,11.54,-0.09,0.1417,0.1750
1779202153.695,0.2582,0.0489,7.00,213.0,-2.27,11.31,-0.27,0.1447,0.1750
1779202153.761,0.2575,0.0489,7.00,213.0,-2.97,11.65,-0.55,0.1569,0.1750
1779202153.828,0.2584,0.0489,7.00,213.0,-3.44,14.29,-0.88,0.1731,0.1750
1779202153.889,0.2590,0.0489,7.00,213.0,-3.40,15.23,-0.99,0.1822,0.1750
1779202153.958,0.2603,0.0489,7.00,213.0,-3.40,16.54,-1.15,0.1848,0.1750
1779202154.025,0.2627,0.0490,7.00,213.0,-3.32,17.22,-1.20,0.1916,0.1750
1779202154.092,0.2639,0.0491,7.00,213.0,-3.46,17.21,-1.09,0.1972,0.1750
1779202154.160,0.2674,0.0493,7.00,213.0,-3.44,17.71,-1.12,0.2096,0.1750
1779202154.226,0.2703,0.0494,7.00,213.0,-3.06,18.60,-1.15,0.3196,0.1750
1779202154.292,0.2713,0.0495,7.00,213.0,-2.92,17.54,-1.18,0.2836,0.1750
1779202154.359,0.2742,0.0495,7.00,213.0,-2.41,13.75,-1.01,0.1883,0.1750
1779202154.426,0.2739,0.0495,7.00,213.0,-1.99,11.81,-0.79,0.1483,0.1750
1779202154.494,0.2736,0.0495,7.00,213.0,-1.79,10.60,-0.56,0.1412,0.1750
1779202154.561,0.2725,0.0495,7.00,213.0,-1.73,9.73,-0.37,0.1398,0.1750
1779202154.623,0.2733,0.0495,7.00,213.0,-1.68,9.70,-0.33,0.1416,0.1750
1779202154.691,0.2748,0.0495,7.00,213.0,-1.74,9.76,-0.30,0.1427,0.1750
1779202154.761,0.2747,0.0495,7.00,213.0,-1.73,9.72,-0.29,0.1433,0.1750
1779202154.826,0.2678,0.0495,7.00,213.0,-1.74,10.04,-0.24,0.1423,0.1750
1779202154.893,0.2624,0.0495,7.00,213.0,-1.85,10.00,-0.11,0.1414,0.1750
1779202154.961,0.2602,0.0495,7.00,213.0,-1.90,10.31,-0.05,0.1415,0.1750
1779202155.027,0.2596,0.0495,7.00,213.0,-1.88,10.40,-0.02,0.1409,0.1750
1779202155.091,0.2590,0.0495,7.00,213.0,-1.79,10.50,0.00,0.1402,0.1750
1779202155.159,0.2584,0.0495,7.00,213.0,-1.72,10.50,0.02,0.1402,0.1750
1779202155.226,0.2589,0.0495,7.00,213.0,-1.62,10.48,0.05,0.1397,0.1750
1779202155.296,0.2606,0.0495,7.00,213.0,-1.42,10.62,0.08,0.1391,0.1750
1779202155.362,0.2611,0.0496,7.00,213.0,-1.31,10.50,0.14,0.1406,0.1750
1779202155.423,0.2619,0.0497,7.00,213.0,-1.26,10.43,0.18,0.1435,0.1750
1779202155.494,0.2620,0.0498,7.00,213.0,-1.27,10.48,0.16,0.1466,0.1750
1779202155.560,0.2619,0.0498,7.00,213.0,-1.22,10.78,0.19,0.1475,0.1750
1779202155.624,0.2614,0.0498,7.00,213.0,-1.27,10.81,0.20,0.1487,0.1750
1779202155.693,0.2611,0.0498,7.00,213.0,-1.35,10.80,0.20,0.1506,0.1750
1779202155.760,0.2606,0.0498,7.00,213.0,-1.54,10.85,0.19,0.1529,0.1750
1779202155.825,0.2601,0.0498,7.00,213.0,-1.70,10.85,0.18,0.1540,0.1750
1779202155.893,0.2596,0.0498,7.00,213.0,-1.82,10.89,0.17,0.1547,0.1750
1779202155.958,0.2593,0.0498,7.00,213.0,-1.89,10.87,0.16,0.1553,0.1750
1779202156.025,0.2591,0.0498,7.00,213.0,-1.89,10.89,0.15,0.1556,0.1750
1779202156.095,0.2593,0.0498,7.00,213.0,-1.92,10.91,0.14,0.1566,0.1750
1779202156.162,0.2587,0.0498,7.00,213.0,-1.94,11.03,0.12,0.1576,0.1750
1779202156.226,0.2581,0.0498,7.00,213.0,-1.96,11.21,0.08,0.1578,0.1750
1779202156.294,0.2587,0.0498,7.00,213.0,-2.03,11.10,0.01,0.1584,0.1750
1779202156.362,0.2588,0.0498,7.00,213.0,-2.24,11.06,-0.07,0.1614,0.1750
1779202156.424,0.2593,0.0498,7.00,213.0,-2.52,11.58,-0.18,0.1659,0.1750
1779202156.494,0.2592,0.0498,7.00,213.0,-2.67,11.67,-0.22,0.1695,0.1750
1779202156.559,0.2590,0.0498,7.00,213.0,-2.78,11.78,-0.26,0.1719,0.1750
1779202156.625,0.2595,0.0498,7.00,213.0,-2.88,11.88,-0.25,0.1743,0.1750
1779202156.695,0.2594,0.0498,7.00,213.0,-2.99,11.98,-0.25,0.1756,0.1750
1779202156.760,0.2599,0.0498,7.00,213.0,-3.10,11.94,-0.26,0.1765,0.1750
1779202156.829,0.2605,0.0498,7.00,213.0,-3.49,12.05,-0.31,0.1764,0.1750
1779202156.896,0.2625,0.0498,7.00,213.0,-3.94,12.84,-0.49,0.1788,0.1750
1779202156.961,0.2635,0.0498,7.00,213.0,-4.42,14.28,-0.78,0.1867,0.1750
1779202157.027,0.2640,0.0498,7.00,213.0,-4.54,15.20,-0.90,0.1900,0.1750
1779202157.094,0.2652,0.0498,7.00,213.0,-4.57,15.55,-0.95,0.1896,0.1750
1779202157.160,0.2660,0.0498,7.00,213.0,-4.48,15.67,-0.96,0.1912,0.1750
1779202157.225,0.2668,0.0498,7.00,213.0,-4.44,15.79,-0.95,0.1928,0.1750
1779202157.292,0.2674,0.0498,7.00,213.0,-4.41,15.75,-0.94,0.1933,0.1750
1779202157.360,0.2680,0.0498,7.00,213.0,-4.38,15.72,-0.93,0.1934,0.1750
1779202157.426,0.2674,0.0498,7.00,213.0,-4.36,15.61,-0.89,0.1935,0.1750
1779202157.495,0.2663,0.0498,7.00,213.0,-4.31,15.59,-0.86,0.1940,0.1750
1779202157.560,0.2660,0.0498,7.00,213.0,-4.24,15.54,-0.81,0.1940,0.1750
1779202157.630,0.2656,0.0498,7.00,213.0,-4.22,15.44,-0.76,0.1939,0.1750
1779202157.695,0.2653,0.0498,7.00,213.0,-4.23,15.27,-0.72,0.1938,0.1750
1779202157.759,0.2655,0.0498,7.00,213.0,-4.21,15.17,-0.71,0.1946,0.1750
1779202157.826,0.2655,0.0498,7.00,213.0,-4.20,15.09,-0.70,0.1946,0.1750
1779202157.895,0.2276,0.0498,7.00,213.0,-4.38,16.60,-0.77,0.1959,0.1750
1779202157.959,0.2219,0.0498,7.00,213.0,-5.49,11.18,0.07,0.2015,0.1750
1779202158.031,0.2278,0.0498,7.00,213.0,-7.06,-2.00,2.26,0.2059,0.1750
1779202158.097,0.0842,0.0519,7.00,213.0,-8.03,-8.25,3.60,0.2059,0.1750
1779202158.164,0.1190,0.0541,7.00,213.0,-8.10,-10.06,4.71,0.2215,0.1750
1779202158.230,0.1829,0.0563,7.00,213.0,-6.75,-12.39,5.85,0.2693,0.1750
1779202158.294,0.2090,0.0563,8.00,212.7,-5.90,-14.33,6.63,0.3506,0.1750
1779202158.364,0.2108,0.0563,8.00,212.7,-5.99,-14.70,6.89,0.3786,0.1750
1779202158.428,0.2168,0.0563,8.00,212.7,-5.83,-15.14,7.30,0.3706,0.1750
1779202158.497,0.2151,0.0563,8.00,212.7,-6.32,-14.03,7.61,0.2663,0.1750
1779202158.564,0.2278,0.0563,8.00,212.7,-6.33,-11.76,7.62,0.1547,0.1750
1779202158.629,0.2300,0.0563,8.00,212.7,-6.84,-12.03,7.54,0.1195,0.1750
1779202158.697,0.2269,0.0563,8.00,212.7,-6.93,-12.31,7.61,0.1167,0.1750
1779202158.763,0.2292,0.0563,8.00,212.7,-6.56,-13.88,7.64,0.1237,0.1750
1779202158.830,0.2366,0.0563,8.00,212.7,-7.02,-12.90,7.08,0.1262,0.1750
1779202158.898,0.2425,0.0563,8.00,212.7,-6.35,-13.11,6.82,0.1364,0.1750
1779202158.964,0.2331,0.0563,8.00,212.7,-7.10,-11.52,6.51,0.1366,0.1750
1779202159.030,0.2329,0.0563,8.00,212.7,-6.27,-10.48,6.28,0.1386,0.1750
1779202159.097,0.2320,0.0563,8.00,212.7,-6.61,-10.13,6.24,0.1447,0.1750
1779202159.161,0.2279,0.0563,8.00,212.7,-6.56,-9.39,5.75,0.1450,0.1750
1779202159.226,0.2259,0.0564,8.00,212.7,-6.51,-7.80,5.13,0.1428,0.1750
1779202159.295,0.2244,0.0564,8.00,212.7,-6.72,-7.06,4.91,0.1430,0.1750
1779202159.362,0.2271,0.0564,8.00,212.7,-6.89,-6.11,4.44,0.1336,0.1750
1779202159.427,0.2278,0.0564,8.00,212.7,-6.67,-4.30,4.04,0.1379,0.1750
1779202159.494,0.2257,0.0564,8.00,212.7,-6.07,-2.02,3.41,0.1438,0.1750
1779202159.565,0.2198,0.0564,8.00,212.7,-5.78,-0.70,3.20,0.1458,0.1750
1779202159.629,0.2232,0.0564,8.00,212.7,-5.31,0.92,2.62,0.1460,0.1750
1779202159.698,0.2341,0.0564,8.00,212.7,-3.28,1.99,2.19,0.1268,0.1750
1779202159.760,0.2250,0.0564,8.00,212.7,-1.99,2.04,2.38,0.1404,0.1750
1779202159.831,0.2418,0.0564,8.00,212.7,-1.72,2.11,2.43,0.1290,0.1750
1779202159.897,0.2368,0.0564,8.00,212.7,-1.95,0.27,2.87,0.1355,0.1750
1779202159.960,0.2405,0.0564,8.00,212.7,-2.90,0.47,3.23,0.1403,0.1750
1779202160.027,0.2569,0.0564,8.00,212.7,-3.69,-1.05,4.16,0.1451,0.1750
1779202160.096,0.2570,0.0564,8.00,212.7,-1.80,-3.13,4.07,0.1414,0.1750
1779202160.165,0.2545,0.0564,8.00,212.7,-1.37,-1.66,2.99,0.1307,0.1750
1779202160.228,0.2458,0.0564,8.00,212.7,-1.10,4.20,1.13,0.1336,0.1750
1779202160.293,0.2587,0.0564,8.00,212.7,-1.19,7.31,-0.02,0.1373,0.1750
1779202160.364,0.2548,0.0564,8.00,212.7,-0.59,7.60,-0.34,0.1439,0.1750
1779202160.429,0.2578,0.0564,8.00,212.7,-0.25,6.39,-0.20,0.1340,0.1750
1779202160.495,0.2556,0.0564,8.00,212.7,-0.20,7.85,-0.47,0.1440,0.1750
1779202160.561,0.2579,0.0564,8.00,212.7,0.00,5.38,-0.16,0.1340,0.1750
1779202160.631,0.2614,0.0564,7.00,212.7,0.52,6.41,-0.20,0.1331,0.1750
1779202160.696,0.2590,0.0564,7.00,212.7,0.71,5.60,-0.11,0.1380,0.1750
1779202160.761,0.2621,0.0564,7.00,212.7,0.23,4.59,0.00,0.1454,0.1750
1779202160.829,0.2631,0.0564,7.00,212.7,-0.05,4.50,0.04,0.1418,0.1750
1779202160.893,0.2655,0.0564,7.00,212.7,-0.59,4.44,-0.11,0.1487,0.1750
1779202160.966,0.2670,0.0564,7.00,212.7,-1.73,5.38,-0.14,0.1492,0.1750
1779202161.029,0.2555,0.0564,7.00,212.7,-1.81,4.75,0.22,0.1483,0.1750
1779202161.098,0.2517,0.0542,7.00,212.7,-1.80,2.18,0.79,0.1434,0.1750
1779202161.160,0.2522,0.0521,7.00,212.7,-2.09,0.85,1.04,0.1382,0.1750
1779202161.230,0.2439,0.0499,7.00,212.7,-2.29,0.56,1.24,0.1353,0.1750
1779202161.294,0.2439,0.0477,7.00,212.7,-2.30,1.28,1.17,0.1377,0.1750
1779202161.362,0.2456,0.0456,7.00,212.7,-2.34,1.85,1.06,0.1438,0.1750
1779202161.430,0.2457,0.0434,7.00,212.7,-2.37,2.21,1.02,0.1462,0.1750
1779202161.496,0.2217,0.0412,7.00,212.7,-2.26,0.70,1.27,0.1451,0.1750
1779202161.561,0.1636,0.0412,7.00,212.7,-2.23,1.55,1.13,0.1444,0.1750
1779202161.629,0.1468,0.0391,7.00,212.7,-2.00,0.42,1.27,0.1538,0.1750
1779202161.698,0.1097,0.0370,7.00,212.7,-1.64,0.12,1.38,0.1555,0.1750
1779202161.763,0.1030,0.0370,7.00,212.7,-1.39,-1.04,1.51,0.1543,0.1750
1779202161.832,0.1065,0.0370,7.00,212.7,-1.18,-2.45,1.67,0.1532,0.1750
1779202161.897,0.1081,0.0370,7.00,212.7,-1.19,-2.66,1.67,0.1526,0.1750
1779202161.963,0.1031,0.0370,7.00,212.7,-1.10,-0.89,1.36,0.1529,0.1750
1779202162.032,0.1042,0.0370,7.00,212.7,-1.23,0.31,1.29,0.1564,0.1750
1779202162.097,0.1079,0.0370,7.00,212.7,-1.44,0.36,1.25,0.1582,0.1750
1779202162.163,0.1128,0.0370,7.00,212.7,-1.47,0.15,1.34,0.1599,0.1750
1779202162.231,0.1150,0.0370,7.00,212.7,-1.43,-4.40,2.14,0.1665,0.1750
1779202162.299,0.1191,0.0370,7.00,212.7,-1.77,-4.62,2.25,0.1721,0.1750
1779202162.362,0.1202,0.0392,7.00,212.7,-1.63,-5.50,2.39,0.1748,0.1750
1779202162.429,0.1203,0.0414,7.00,212.7,-2.02,-4.76,2.37,0.1795,0.1750
1779202162.497,0.1203,0.0436,7.00,212.7,-2.22,-4.10,2.30,0.1816,0.1750
1779202162.563,0.1198,0.0458,7.00,212.7,-2.19,-4.19,2.34,0.1820,0.1750
1779202162.628,0.1207,0.0479,7.00,212.7,-2.29,-4.01,2.34,0.1828,0.1750
1779202162.697,0.1177,0.0501,7.00,212.7,-2.31,-3.88,2.34,0.1828,0.1750
1779202162.766,0.1169,0.0523,7.00,212.7,-2.44,-3.38,2.30,0.1827,0.1750
1779202162.832,0.1164,0.0545,7.00,212.7,-2.38,-2.71,2.23,0.1825,0.1750
1779202162.895,0.1173,0.0566,7.00,212.7,-2.34,-2.46,2.20,0.1824,0.1750
1779202162.964,0.1166,0.0588,7.00,212.7,-2.18,-2.75,2.25,0.1816,0.1750
1779202163.033,0.1172,0.0610,7.00,212.7,-2.09,-2.58,2.20,0.1806,0.1750
1779202163.100,0.1180,0.0632,7.00,212.7,-2.01,-2.63,2.20,0.1793,0.1750
1779202163.166,0.1246,0.0654,7.00,212.7,-1.91,-1.25,2.03,0.1783,0.1750
1779202163.228,0.1275,0.0675,7.00,212.7,-1.88,-1.66,2.07,0.1764,0.1750
1779202163.298,0.1281,0.0697,7.00,212.7,-1.53,-0.87,1.94,0.1742,0.1750
1779202163.366,0.1283,0.0719,7.00,212.7,-1.21,-1.09,1.94,0.1722,0.1750
1779202163.431,0.1270,0.0741,7.00,212.7,-0.96,-1.62,2.00,0.1715,0.1750
1779202163.500,0.1242,0.0763,7.00,212.7,-0.91,-0.50,1.83,0.1717,0.1750
1779202163.566,0.1244,0.0784,7.00,212.7,-1.04,1.15,1.65,0.1733,0.1750
1779202163.633,0.1269,0.0806,7.00,212.7,-0.92,0.21,1.69,0.1745,0.1750
1779202163.696,0.1295,0.0828,7.00,212.7,-0.77,0.05,1.63,0.1747,0.1750
1779202163.763,0.1334,0.0850,7.00,212.7,-0.81,1.77,1.37,0.1735,0.1750
1779202163.829,0.1375,0.0871,7.00,212.7,-0.69,1.02,1.44,0.1757,0.1750
1779202163.900,0.1417,0.0893,7.00,212.7,-0.84,2.61,1.27,0.1770,0.1750
1779202163.958,0.1420,0.0915,7.00,212.7,-0.81,5.81,0.93,0.1792,0.1750
1779202163.996,0.1419,0.0935,7.00,212.7,-0.63,5.25,1.02,0.1804,0.1750
1779202164.059,0.1402,0.0957,7.00,212.7,-0.75,4.47,1.11,0.1809,0.1750
1779202164.095,0.1420,0.0978,7.00,212.7,-0.69,4.56,1.14,0.1811,0.1750
1779202164.163,0.1416,0.1000,7.00,212.7,-1.00,6.28,0.97,0.1825,0.1750
1779202164.228,0.1379,0.1022,7.00,212.7,-1.09,6.79,0.97,0.1836,0.1750
1779202164.296,0.0893,0.1043,7.00,212.7,-1.40,6.55,1.03,0.1858,0.1750
1779202164.364,0.0776,0.1065,7.00,212.7,-1.45,6.34,1.09,0.1872,0.1750
1779202164.430,0.0707,0.1087,7.00,212.7,-1.51,5.78,1.17,0.1871,0.1750
1779202164.498,0.0712,0.1109,7.00,212.7,-1.54,5.44,1.23,0.1871,0.1750
1779202164.565,0.0732,0.1130,7.00,212.7,-1.46,4.71,1.34,0.1869,0.1750
1779202164.632,0.0822,0.1152,7.00,212.7,-1.36,4.58,1.38,0.1867,0.1750
1779202164.698,0.0886,0.1174,7.00,212.7,-1.25,4.43,1.43,0.1870,0.1750
1779202164.763,0.0946,0.1196,7.00,212.7,-1.38,5.42,1.28,0.1871,0.1750
1779202164.829,0.0947,0.1217,7.00,212.7,-1.39,5.03,1.30,0.1870,0.1750
1779202164.897,0.0974,0.1239,7.00,212.7,-1.22,3.98,1.43,0.1868,0.1750
1779202164.967,0.0991,0.1261,7.00,212.7,-1.12,3.66,1.45,0.1870,0.1750
1779202165.031,0.1013,0.1283,7.00,212.7,-1.08,3.92,1.43,0.1854,0.1750
1779202165.100,0.1021,0.1304,7.00,212.7,-1.04,4.42,1.39,0.1853,0.1750
1779202165.166,0.1067,0.1326,7.00,212.7,-0.98,5.26,1.29,0.1852,0.1750
1779202165.232,0.0196,0.1348,7.00,212.7,-1.83,3.54,1.38,0.1855,0.1750
1779202165.298,0.0318,0.1370,7.00,212.7,-1.80,3.16,1.38,0.1880,0.1750
1779202165.365,0.0997,0.1391,7.00,212.7,-1.54,3.48,1.39,0.1875,0.1750
1779202165.432,0.1716,0.1413,7.00,212.7,-1.29,6.84,1.06,0.1857,0.1750
1779202165.500,0.1949,0.1413,7.00,212.7,-1.39,8.22,0.92,0.1819,0.1750
1779202165.563,0.2084,0.1413,7.00,212.7,-1.36,8.87,0.85,0.1794,0.1750
1779202165.631,0.2186,0.1413,7.00,212.7,-1.32,9.40,0.79,0.1793,0.1750
1779202165.698,0.2270,0.1413,7.00,212.7,-1.25,9.83,0.76,0.1797,0.1750
1779202165.767,0.2361,0.1413,7.00,212.7,-1.03,8.28,0.88,0.1791,0.1750
1779202165.829,0.2462,0.1413,7.00,212.7,-0.77,7.71,0.89,0.1795,0.1750
1779202165.900,0.2532,0.1413,7.00,212.7,-0.67,6.86,0.93,0.1790,0.1750
1779202165.964,0.2560,0.1413,7.00,212.7,-0.67,7.09,0.87,0.1792,0.1750
1779202166.033,0.2559,0.1413,7.00,212.7,-0.62,6.91,0.87,0.1767,0.1750
1779202166.101,0.2527,0.1413,7.00,212.7,-0.62,7.08,0.83,0.1732,0.1750
1779202166.164,0.2471,0.1413,7.00,212.7,-0.74,7.10,0.78,0.1702,0.1750
1779202166.234,0.2331,0.1413,7.00,212.7,-1.19,6.78,0.86,0.1666,0.1750
1779202166.299,0.2366,0.1413,7.00,212.7,-1.07,7.14,0.93,0.1646,0.1750
1779202166.363,0.2188,0.1413,7.00,212.7,-0.69,5.86,1.14,0.1646,0.1750
1779202166.433,0.2138,0.1413,7.00,212.7,-0.12,8.19,0.97,0.1771,0.1750
1779202166.499,0.2114,0.1413,7.00,212.7,0.40,8.29,1.12,0.1781,0.1750
1779202166.567,0.2120,0.1413,7.00,212.7,0.88,7.70,1.14,0.1735,0.1750
1779202166.631,0.2099,0.1413,7.00,212.7,0.94,9.31,0.97,0.1671,0.1750
1779202166.698,0.2075,0.1413,7.00,212.7,1.72,10.41,0.87,0.1726,0.1750
1779202166.765,0.2070,0.1413,7.00,212.7,1.69,10.64,0.87,0.1704,0.1750
1779202166.834,0.2043,0.1413,7.00,212.7,1.95,9.83,0.93,0.1706,0.1750
1779202166.898,0.2020,0.1413,7.00,212.7,1.87,9.75,0.89,0.1729,0.1750
1779202166.967,0.1932,0.1413,7.00,212.7,1.75,10.40,0.86,0.1739,0.1750
1779202167.031,0.2012,0.1413,6.00,212.7,2.08,11.75,0.73,0.1760,0.1750
1779202167.101,0.2043,0.1413,6.00,212.7,2.01,12.52,0.63,0.1789,0.1750
1779202167.166,0.2047,0.1413,6.00,212.7,1.99,12.77,0.64,0.1794,0.1750
1779202167.231,0.1977,0.1413,6.00,212.7,2.09,12.29,0.72,0.1791,0.1750
1779202167.301,0.1964,0.1413,6.00,212.7,2.18,12.21,0.77,0.1782,0.1750
1779202167.365,0.1953,0.1413,6.00,212.7,2.09,12.11,0.78,0.1789,0.1750
1779202167.435,0.1956,0.1413,6.00,212.7,2.05,12.26,0.77,0.1786,0.1750
1779202167.500,0.1962,0.1413,6.00,212.7,2.03,12.30,0.75,0.1780,0.1750
1779202167.568,0.1972,0.1413,6.00,212.7,1.96,12.45,0.73,0.1783,0.1750
1779202167.630,0.1974,0.1413,6.00,212.7,1.73,12.23,0.72,0.1815,0.1750
1779202167.702,0.1985,0.1413,6.00,212.7,1.70,12.33,0.70,0.1808,0.1750
1779202167.767,0.1992,0.1413,6.00,212.7,1.63,12.23,0.65,0.1810,0.1750
1779202167.832,0.1994,0.1413,6.00,212.7,1.69,12.11,0.65,0.1791,0.1750
1779202167.901,0.1983,0.1413,6.00,212.7,1.70,12.08,0.62,0.1797,0.1750
1779202167.967,0.1965,0.1413,6.00,212.7,1.68,12.05,0.62,0.1801,0.1750
1779202168.032,0.1952,0.1413,6.00,212.7,1.70,11.95,0.63,0.1787,0.1750
1779202168.102,0.1943,0.1413,6.00,212.7,1.78,11.83,0.64,0.1769,0.1750
1779202168.168,0.1936,0.1413,6.00,212.7,1.85,11.85,0.66,0.1765,0.1750
1779202168.232,0.1928,0.1413,6.00,212.7,1.92,11.81,0.67,0.1756,0.1750
1779202168.298,0.1910,0.1413,6.00,212.7,1.99,11.93,0.66,0.1740,0.1750
1779202168.363,0.1880,0.1413,6.00,212.7,2.07,11.91,0.69,0.1724,0.1750
1779202168.432,0.1850,0.1435,6.00,212.7,2.11,11.91,0.69,0.1731,0.1750
1779202168.500,0.1842,0.1457,6.00,212.7,2.15,11.91,0.67,0.1725,0.1750
1779202168.564,0.1835,0.1478,6.00,212.7,2.22,11.79,0.70,0.1726,0.1750
1779202168.634,0.1818,0.1500,6.00,212.7,2.36,11.55,0.76,0.1718,0.1750
1779202168.703,0.1795,0.1522,6.00,212.7,2.44,11.57,0.80,0.1712,0.1779
1779202168.768,0.1759,0.1543,6.00,212.7,2.51,11.35,0.85,0.1710,0.1808
1779202168.833,0.1727,0.1565,6.00,212.7,2.52,10.77,0.93,0.1703,0.1837
1779202168.903,0.1670,0.1587,6.00,212.7,2.62,10.08,1.04,0.1711,0.1866
1779202168.969,0.1635,0.1609,6.00,212.7,2.75,9.74,1.12,0.1705,0.1895
1779202169.035,0.1599,0.1630,6.00,212.7,2.86,9.15,1.23,0.1694,0.1924
1779202169.097,0.1568,0.1652,6.00,212.7,2.95,8.96,1.28,0.1690,0.1953
1779202169.170,0.1552,0.1674,6.00,212.7,3.01,8.87,1.31,0.1688,0.1982
1779202169.232,0.1528,0.1696,6.00,212.7,3.03,8.94,1.33,0.1682,0.2011
1779202169.302,0.1506,0.1717,6.00,212.7,3.08,8.89,1.36,0.1673,0.2040
1779202169.369,0.1479,0.1739,6.00,212.7,3.14,8.86,1.38,0.1671,0.2069
1779202169.436,0.1462,0.1761,6.00,212.7,3.20,8.73,1.39,0.1674,0.2098
1779202169.500,0.1445,0.1783,6.00,212.7,3.21,8.75,1.39,0.1687,0.2127
1779202169.565,0.1431,0.1804,6.00,212.7,3.18,8.73,1.38,0.1691,0.2156
1779202169.633,0.1419,0.1826,6.00,212.7,3.22,8.71,1.39,0.1690,0.2185
1779202169.699,0.1408,0.1848,6.00,212.7,3.24,8.81,1.39,0.1692,0.2214
1779202169.769,0.1405,0.1870,6.00,212.7,3.25,8.87,1.38,0.1690,0.2243
1779202169.833,0.1398,0.1891,6.00,212.7,3.27,8.76,1.40,0.1688,0.2272
1779202169.901,0.1393,0.1913,6.00,212.7,3.28,8.84,1.40,0.1692,0.2301
1779202169.965,0.1386,0.1935,6.00,212.7,3.29,8.80,1.40,0.1693,0.2330
1779202170.036,0.1377,0.1957,6.00,212.7,3.28,8.83,1.37,0.1693,0.2359
1779202170.098,0.1374,0.1978,6.00,212.7,3.28,8.76,1.38,0.1691,0.2388
1779202170.166,0.1371,0.2000,6.00,212.7,3.30,8.59,1.40,0.1688,0.2417
1779202170.236,0.1362,0.2022,6.00,212.7,3.31,8.49,1.40,0.1693,0.2446
1779202170.298,0.1355,0.2043,6.00,212.7,3.32,8.43,1.40,0.1692,0.2475
1779202170.365,0.1350,0.2065,6.00,212.7,3.31,8.54,1.40,0.1692,0.2504
1779202170.434,0.1340,0.2087,6.00,212.7,3.31,8.61,1.39,0.1693,0.2533
1779202170.503,0.1338,0.2109,6.00,212.7,3.30,8.72,1.39,0.1694,0.2562
1779202170.568,0.1337,0.2130,6.00,212.7,3.28,8.98,1.37,0.1696,0.2591
1779202170.636,0.1341,0.2152,6.00,212.7,3.30,9.09,1.36,0.1694,0.2620
1779202170.701,0.1333,0.2174,6.00,212.7,3.30,9.13,1.36,0.1693,0.2649
1779202170.767,0.1316,0.2196,6.00,212.7,3.31,9.13,1.36,0.1692,0.2678
1779202170.832,0.1297,0.2217,6.00,212.7,3.36,9.12,1.36,0.1690,0.2707
1779202170.902,0.1259,0.2239,6.00,212.7,3.37,9.13,1.36,0.1691,0.2736
1779202170.968,0.1239,0.2261,6.00,212.7,3.41,9.10,1.36,0.1687,0.2764
1779202171.035,0.1033,0.2283,6.00,212.7,3.54,8.99,1.37,0.1685,0.2793
1779202171.102,0.0862,0.2304,5.00,212.7,3.59,8.79,1.35,0.1682,0.2822
1779202171.170,0.0779,0.2326,5.00,212.7,3.59,8.86,1.33,0.1677,0.2851
1779202171.236,0.0776,0.2348,5.00,212.7,3.71,8.97,1.34,0.1675,0.2880
1779202171.303,0.0780,0.2370,5.00,212.7,3.76,8.90,1.36,0.1669,0.2909
1779202171.364,0.0787,0.2391,5.00,212.7,3.75,8.90,1.37,0.1669,0.2938
1779202171.432,0.0797,0.2413,5.00,212.7,3.74,8.90,1.39,0.1669,0.2967
1779202171.499,0.0805,0.2435,5.00,212.7,3.74,8.77,1.42,0.1670,0.2996
1779202171.566,0.0822,0.2457,5.00,212.7,3.72,8.65,1.44,0.1666,0.3025
1779202171.637,0.0835,0.2478,5.00,212.7,3.66,8.55,1.44,0.1668,0.3054
1779202171.703,0.0841,0.2500,5.00,212.7,3.66,8.53,1.44,0.1663,0.3083
1779202171.770,0.0843,0.2522,5.00,212.7,3.67,8.46,1.44,0.1661,0.3112
1779202171.837,0.0850,0.2543,5.00,212.7,3.63,8.34,1.45,0.1657,0.3141
1779202171.904,0.0858,0.2565,5.00,212.7,3.62,8.26,1.46,0.1662,0.3170
1779202171.969,0.0871,0.2587,5.00,212.7,3.63,8.31,1.46,0.1663,0.3199
1779202172.032,0.0881,0.2609,5.00,212.7,3.61,8.25,1.46,0.1667,0.3228
1779202172.102,0.0887,0.2630,5.00,212.7,3.58,8.17,1.48,0.1668,0.3257
1779202172.172,0.0903,0.2652,5.00,212.7,3.45,8.45,1.45,0.1669,0.3286
1779202172.236,0.0899,0.2674,4.00,212.7,3.34,8.43,1.45,0.1680,0.3315
1779202172.299,0.0917,0.2696,4.00,212.7,3.33,8.47,1.45,0.1680,0.3344
1779202172.368,0.0928,0.2717,4.00,212.7,3.34,8.46,1.45,0.1679,0.3373
1779202172.431,0.0943,0.2739,4.00,212.7,3.33,8.44,1.45,0.1681,0.3402
1779202172.502,0.0956,0.2761,4.00,212.7,3.32,8.37,1.45,0.1676,0.3431
1779202172.571,0.0967,0.2783,4.00,212.7,3.31,8.39,1.44,0.1678,0.3460
1779202172.633,0.0986,0.2804,4.00,212.7,3.33,8.33,1.44,0.1678,0.3489
1779202172.699,0.0963,0.2826,4.00,212.7,3.40,8.01,1.43,0.1682,0.3518
1779202172.767,0.0960,0.2854,4.00,212.7,3.51,7.78,1.37,0.1680,0.3555
1779202172.832,0.0964,0.2882,4.00,212.7,3.54,7.62,1.33,0.1677,0.3593
1779202172.900,0.0977,0.2910,4.00,212.7,3.60,7.46,1.28,0.1677,0.3630
1779202172.970,0.0980,0.2932,4.00,212.7,3.58,7.46,1.26,0.1683,0.3660
1779202173.036,0.0983,0.2954,4.00,212.7,3.57,7.32,1.25,0.1684,0.3689
1779202173.103,0.0982,0.2982,4.00,212.7,3.58,7.17,1.27,0.1684,0.3727
1779202173.167,0.0854,0.3011,4.00,212.7,3.42,7.44,1.22,0.1684,0.3765
1779202173.235,0.0860,0.3033,4.00,212.7,3.67,7.94,1.20,0.1671,0.3794
1779202173.303,0.0907,0.3055,4.00,212.7,3.68,7.96,1.22,0.1671,0.3823
1779202173.368,0.0983,0.3077,4.00,212.7,3.69,8.01,1.23,0.1665,0.3853
1779202173.435,0.1023,0.3099,4.00,212.7,3.69,8.19,1.23,0.1661,0.3882
1779202173.501,0.1052,0.3121,4.00,212.7,3.66,8.26,1.20,0.1662,0.3911
1779202173.568,0.1077,0.3143,4.00,212.7,3.90,8.04,1.37,0.1646,0.3940
1779202173.638,0.1092,0.3165,4.00,212.7,4.03,7.91,1.46,0.1639,0.3970
1779202173.704,0.1115,0.3187,4.00,212.7,4.10,8.06,1.46,0.1636,0.3999
1779202173.771,0.1129,0.3209,4.00,212.7,3.87,8.57,1.30,0.1647,0.4028
1779202173.836,0.1136,0.3231,4.00,212.7,3.53,8.92,1.14,0.1660,0.4058
1779202173.900,0.1137,0.3253,4.00,212.7,3.24,9.23,1.01,0.1693,0.4087
1779202173.970,0.1140,0.3275,4.00,212.7,3.05,9.26,0.98,0.1726,0.4116
1779202174.038,0.1147,0.3297,4.00,212.7,2.97,9.41,0.94,0.1741,0.4146
1779202174.103,0.1159,0.3319,4.00,212.7,2.92,9.71,0.87,0.1754,0.4175
1779202174.171,0.1165,0.3341,4.00,212.7,2.80,9.88,0.83,0.1767,0.4204
1779202174.236,0.1166,0.3363,4.00,212.7,2.77,9.99,0.80,0.1776,0.4234
1779202174.300,0.1170,0.3385,4.00,212.7,2.76,10.04,0.79,0.1779,0.4263
1779202174.370,0.1181,0.3407,4.00,212.7,2.71,10.18,0.78,0.1785,0.4292
1779202174.438,0.1187,0.3429,4.00,212.7,2.63,10.46,0.73,0.1794,0.4321
1779202174.502,0.1165,0.3451,4.00,212.7,2.55,10.65,0.71,0.1802,0.4351
1779202174.570,0.1150,0.3473,4.00,212.7,2.49,10.92,0.68,0.1805,0.4380
1779202174.638,0.1148,0.3495,4.00,212.7,2.44,11.03,0.68,0.1808,0.4409
1779202174.701,0.1138,0.3516,4.00,212.7,2.40,11.07,0.69,0.1810,0.4439
1779202174.769,0.1144,0.3538,4.00,212.7,2.38,11.13,0.69,0.1811,0.4468
1779202174.834,0.1147,0.3560,4.00,212.7,2.36,11.09,0.69,0.1812,0.4497
1779202174.898,0.1144,0.3582,4.00,212.7,2.32,11.12,0.68,0.1814,0.4527
1779202174.932,0.1149,0.3604,4.00,212.7,2.31,11.09,0.68,0.1814,0.4556
1779202174.965,0.1150,0.3618,4.00,212.7,2.30,11.09,0.67,0.1814,0.4575
1779202174.998,0.1149,0.3640,4.00,212.7,2.28,11.10,0.67,0.1813,0.4604
1779202175.034,0.1149,0.3654,4.00,212.7,2.26,11.11,0.67,0.1812,0.4622
1779202175.103,0.1147,0.3676,4.00,212.7,2.26,11.05,0.66,0.1812,0.4652
1779202175.169,0.1112,0.3698,4.00,212.7,2.26,10.98,0.65,0.1807,0.4681
1779202175.237,0.1097,0.3720,4.00,212.7,2.22,10.97,0.64,0.1803,0.4710
1779202175.305,0.1108,0.3742,4.00,212.7,2.21,10.88,0.64,0.1801,0.4739
1779202175.372,0.1120,0.3742,4.00,212.7,2.16,10.86,0.63,0.1800,0.4739
1779202175.439,0.1131,0.3742,4.00,212.7,2.14,10.85,0.64,0.1804,0.4739
1779202175.504,0.1133,0.3764,4.00,212.7,2.13,10.82,0.64,0.1806,0.4768
1779202175.569,0.1143,0.3786,4.00,212.7,2.14,10.66,0.66,0.1805,0.4797
1779202175.639,0.1164,0.3807,4.00,212.7,2.13,10.58,0.66,0.1807,0.4827
1779202175.706,0.1168,0.3829,4.00,212.7,2.15,10.67,0.65,0.1803,0.4856
1779202175.769,0.1178,0.3851,4.00,212.7,2.17,10.78,0.65,0.1805,0.4885
1779202175.841,0.1186,0.3873,4.00,212.7,2.17,10.76,0.65,0.1811,0.4914
1779202175.901,0.1193,0.3895,4.00,212.7,2.15,10.80,0.64,0.1818,0.4943
1779202175.971,0.1201,0.3917,4.00,212.7,2.14,10.80,0.63,0.1819,0.4972
1779202176.035,0.1205,0.3939,4.00,212.7,2.13,10.80,0.65,0.1824,0.5002
1779202176.107,0.1217,0.3961,4.00,212.7,2.11,10.79,0.68,0.1828,0.5031
1779202176.168,0.1220,0.3982,4.00,212.7,2.09,10.84,0.69,0.1837,0.5060
1779202176.235,0.1227,0.4004,4.00,212.7,2.09,10.83,0.69,0.1842,0.5089
1779202176.303,0.1226,0.4026,4.00,212.7,2.07,10.93,0.69,0.1841,0.5118
1779202176.370,0.1222,0.4048,4.00,212.7,2.07,10.88,0.69,0.1840,0.5148
1779202176.434,0.1220,0.4070,4.00,212.7,2.08,10.83,0.69,0.1843,0.5177
1779202176.504,0.1220,0.4092,4.00,212.7,2.11,10.80,0.70,0.1848,0.5206
1779202176.568,0.1219,0.4114,4.00,212.7,2.10,10.84,0.69,0.1850,0.5235
1779202176.635,0.1219,0.4136,4.00,212.7,2.10,10.80,0.69,0.1850,0.5264
1779202176.703,0.1223,0.4158,4.00,212.7,2.07,10.73,0.69,0.1851,0.5293
1779202176.767,0.1217,0.4179,4.00,212.7,2.08,10.52,0.71,0.1852,0.5323
1779202176.835,0.1185,0.4201,4.00,212.7,2.15,10.43,0.71,0.1854,0.5352
1779202176.901,0.1217,0.4223,4.00,212.7,2.18,10.51,0.66,0.1854,0.5381
1779202176.970,0.1631,0.4245,4.00,212.7,2.07,11.90,0.45,0.1856,0.5410
1779202177.038,0.2110,0.4245,4.00,212.7,2.22,12.39,0.37,0.1846,0.5410
1779202177.106,0.2370,0.4245,4.00,212.7,2.30,12.59,0.30,0.1836,0.5410
1779202177.167,0.2553,0.4245,4.00,212.7,2.38,12.70,0.23,0.1825,0.5410
1779202177.237,0.2667,0.4245,4.00,212.7,2.46,12.64,0.23,0.1821,0.5410
1779202177.303,0.2721,0.4245,4.00,212.7,2.50,12.61,0.24,0.1820,0.5410
1779202177.369,0.2761,0.4245,4.00,212.7,2.56,12.52,0.25,0.1817,0.5410
1779202177.438,0.2779,0.4245,4.00,212.7,2.59,12.53,0.25,0.1818,0.5410
1779202177.505,0.2794,0.4245,4.00,212.7,2.61,12.56,0.25,0.1815,0.5410
1779202177.569,0.2799,0.4245,4.00,212.7,2.63,12.56,0.24,0.1811,0.5410
1779202177.635,0.2805,0.4245,4.00,212.7,2.66,12.52,0.25,0.1809,0.5410
1779202177.702,0.2747,0.4245,4.00,212.7,2.59,12.55,0.27,0.1810,0.5410
1779202177.768,0.2725,0.4245,4.00,212.7,2.58,12.53,0.33,0.1809,0.5410
1779202177.835,0.2704,0.4245,4.00,212.7,2.59,12.44,0.36,0.1804,0.5410
1779202177.904,0.2703,0.4245,4.00,212.7,2.62,12.46,0.38,0.1799,0.5410
1779202177.969,0.2695,0.4245,4.00,212.7,2.60,12.49,0.39,0.1797,0.5410
1779202178.035,0.2630,0.4245,4.00,212.7,2.52,12.79,0.36,0.1799,0.5410
1779202178.107,0.2550,0.4245,4.00,212.7,2.37,13.22,0.34,0.1800,0.5410
1779202178.169,0.2455,0.4245,4.00,212.7,2.28,13.50,0.34,0.1801,0.5410
1779202178.236,0.2350,0.4245,4.00,212.7,2.21,13.54,0.36,0.1802,0.5410
1779202178.306,0.2277,0.4245,4.00,212.7,2.18,13.58,0.37,0.1804,0.5410
1779202178.370,0.2229,0.4245,4.00,212.7,2.12,13.58,0.37,0.1805,0.5410
1779202178.435,0.2201,0.4245,4.00,212.7,2.10,13.47,0.39,0.1803,0.5410
1779202178.508,0.2158,0.4245,4.00,212.7,2.07,13.45,0.39,0.1801,0.5410
1779202178.572,0.2139,0.4245,4.00,212.7,2.03,13.44,0.40,0.1802,0.5410
1779202178.636,0.2113,0.4245,4.00,212.7,2.01,13.39,0.41,0.1802,0.5410
1779202178.707,0.2078,0.4245,4.00,212.7,1.98,13.51,0.39,0.1800,0.5410
1779202178.769,0.2062,0.4245,4.00,212.7,1.96,13.71,0.38,0.1798,0.5410
1779202178.839,0.2024,0.4245,4.00,212.7,1.95,13.72,0.39,0.1792,0.5410
1779202178.904,0.1965,0.4245,4.00,212.7,1.89,13.95,0.34,0.1780,0.5410
1779202178.973,0.1899,0.4245,4.00,212.7,1.96,13.87,0.34,0.1780,0.5410
1779202179.041,0.1844,0.4267,4.00,212.7,2.01,13.66,0.37,0.1784,0.5439
1779202179.105,0.1783,0.4289,4.00,212.7,2.03,13.38,0.36,0.1784,0.5468
1779202179.170,0.1700,0.4311,4.00,212.7,2.09,12.91,0.38,0.1778,0.5498
1779202179.237,0.1667,0.4333,3.00,212.7,2.07,12.88,0.37,0.1778,0.5527
1779202179.303,0.1642,0.4354,3.00,212.7,2.05,12.65,0.40,0.1776,0.5556
1779202179.374,0.1635,0.4376,3.00,212.7,2.04,12.65,0.41,0.1774,0.5585
1779202179.441,0.1628,0.4398,3.00,212.7,2.03,12.58,0.43,0.1779,0.5614
1779202179.505,0.1613,0.4420,3.00,212.7,2.02,12.52,0.45,0.1784,0.5644
1779202179.574,0.1600,0.4442,3.00,212.7,2.01,12.45,0.45,0.1789,0.5673
1779202179.641,0.1575,0.4464,3.00,212.7,1.96,12.35,0.43,0.1790,0.5702
1779202179.707,0.1561,0.4486,3.00,212.7,1.98,12.16,0.44,0.1788,0.5731
1779202179.775,0.1524,0.4508,3.00,212.7,1.97,12.08,0.44,0.1788,0.5750
1779202179.834,0.1112,0.4530,3.00,212.7,1.86,11.64,0.46,0.1790,0.5750
1779202179.905,0.1107,0.4551,3.00,212.7,1.92,11.48,0.51,0.1794,0.5750
1779202179.969,0.1114,0.4573,3.00,212.7,1.92,11.40,0.52,0.1798,0.5750
1779202180.039,0.1123,0.4605,3.00,212.7,1.96,11.27,0.55,0.1805,0.5750
1779202180.106,0.1169,0.4637,3.00,212.7,2.02,11.31,0.59,0.1812,0.5750
1779202180.174,0.1232,0.4659,3.00,212.7,2.05,11.41,0.58,0.1816,0.5750
1779202180.236,0.1278,0.4681,3.00,212.7,2.02,11.49,0.56,0.1816,0.5750
1779202180.308,0.1317,0.4703,3.00,212.7,2.00,11.47,0.56,0.1814,0.5750
1779202180.374,0.1340,0.4725,3.00,212.7,2.00,11.45,0.55,0.1815,0.5750
1779202180.442,0.1353,0.4747,3.00,212.7,2.00,11.53,0.54,0.1815,0.5750
1779202180.505,0.1361,0.4769,3.00,212.7,1.99,11.52,0.54,0.1815,0.5750
1779202180.574,0.1317,0.4791,3.00,212.7,2.04,11.21,0.54,0.1817,0.5750
1779202180.638,0.1290,0.4813,3.00,212.7,2.09,11.21,0.53,0.1818,0.5750
1779202180.705,0.1319,0.4835,3.00,212.7,2.05,11.36,0.46,0.1818,0.5750
1779202180.774,0.1369,0.4857,3.00,212.7,2.06,11.53,0.39,0.1821,0.5750
1779202180.837,0.1431,0.4879,3.00,212.7,2.09,11.60,0.36,0.1822,0.5750
1779202180.908,0.1471,0.4901,3.00,212.7,2.11,11.76,0.33,0.1828,0.5750
1779202180.971,0.1510,0.4923,3.00,212.7,2.18,11.68,0.33,0.1825,0.5750
1779202181.039,0.1537,0.4945,3.00,212.7,2.20,11.69,0.31,0.1823,0.5750
1779202181.104,0.1558,0.4967,3.00,212.7,2.21,11.77,0.30,0.1824,0.5750
1779202181.172,0.1563,0.4989,3.00,212.7,2.22,11.85,0.28,0.1825,0.5750
1779202181.240,0.1588,0.5011,2.00,212.7,2.28,12.25,0.30,0.1826,0.5750
1779202181.304,0.1656,0.5033,2.00,212.7,2.24,12.88,0.30,0.1828,0.5750
1779202181.370,0.1687,0.5055,2.00,212.7,2.24,13.18,0.29,0.1831,0.5750
1779202181.441,0.1741,0.5077,2.00,212.7,2.27,13.42,0.31,0.1831,0.5750
1779202181.505,0.1772,0.5099,2.00,212.7,2.26,13.60,0.30,0.1829,0.5750
1779202181.570,0.1805,0.5121,2.00,212.7,2.28,13.67,0.31,0.1826,0.5750
1779202181.640,0.1847,0.5143,2.00,212.7,2.28,13.85,0.30,0.1821,0.5750
1779202181.704,0.1883,0.5143,2.00,212.7,2.28,13.94,0.29,0.1821,0.5750
1779202181.775,0.1902,0.5143,2.00,212.7,2.28,14.05,0.29,0.1819,0.5750
1779202181.842,0.1915,0.5143,2.00,212.7,2.29,14.05,0.30,0.1817,0.5750
1779202181.909,0.1936,0.5143,2.00,212.7,2.31,14.08,0.31,0.1816,0.5750
1779202181.975,0.1961,0.5143,2.00,212.7,2.35,14.10,0.32,0.1816,0.5750
1779202182.041,0.1985,0.5143,2.00,212.7,2.36,14.09,0.33,0.1815,0.5750
1779202182.108,0.2002,0.5143,2.00,212.7,2.36,14.07,0.34,0.1815,0.5750
1779202182.175,0.2040,0.5143,2.00,212.7,2.41,14.10,0.36,0.1811,0.5750
1779202182.242,0.2056,0.5143,2.00,212.7,2.38,14.12,0.35,0.1816,0.5750
1779202182.309,0.2079,0.5143,2.00,212.7,2.39,14.12,0.36,0.1817,0.5750
1779202182.375,0.2145,0.5143,2.00,212.7,2.37,14.13,0.33,0.1819,0.5750
1779202182.440,0.2315,0.5143,2.00,212.7,2.37,14.11,0.30,0.1822,0.5750
1779202182.508,0.2462,0.5143,2.00,212.7,2.44,14.12,0.29,0.1828,0.5750
1779202182.576,0.2562,0.5143,2.00,212.7,2.44,14.09,0.28,0.1828,0.5750
1779202182.642,0.2628,0.5143,2.00,212.7,2.38,14.01,0.22,0.1829,0.5750
1779202182.707,0.2670,0.5143,2.00,212.7,2.39,13.87,0.21,0.1822,0.5750
1779202182.768,0.2701,0.5154,2.00,212.7,2.42,13.79,0.19,0.1820,0.5750
1779202182.804,0.2718,0.5143,2.00,212.7,2.43,13.73,0.19,0.1816,0.5750
1779202182.870,0.2748,0.5143,2.00,212.7,2.40,13.65,0.18,0.1816,0.5750
1779202182.939,0.2767,0.5143,2.00,212.7,2.43,13.54,0.19,0.1811,0.5750
1779202183.009,0.2781,0.5143,2.00,212.7,2.45,13.43,0.20,0.1808,0.5750
1779202183.074,0.2785,0.5143,2.00,212.7,2.47,13.33,0.24,0.1804,0.5750
1779202183.140,0.2754,0.5143,2.00,212.7,2.44,13.22,0.25,0.1803,0.5750
1779202183.207,0.2752,0.5154,2.00,212.7,2.42,13.15,0.25,0.1806,0.5750
1779202183.271,0.2748,0.5154,2.00,212.7,2.37,13.08,0.26,0.1809,0.5750
1779202183.338,0.2752,0.5154,2.00,212.7,2.37,13.00,0.27,0.1809,0.5750
1779202183.409,0.2748,0.5154,2.00,212.7,2.33,12.92,0.27,0.1809,0.5750
1779202183.476,0.2743,0.5154,2.00,212.7,2.33,12.91,0.27,0.1807,0.5750
1779202183.541,0.2743,0.5154,2.00,212.7,2.31,12.90,0.27,0.1806,0.5750
1779202183.607,0.2746,0.5154,2.00,212.7,2.31,12.85,0.28,0.1804,0.5750
1779202183.675,0.2740,0.5154,2.00,212.7,2.30,12.77,0.29,0.1803,0.5750
1779202183.740,0.2729,0.5154,2.00,212.7,2.32,12.72,0.30,0.1804,0.5750
1779202183.806,0.2727,0.5154,2.00,212.7,2.26,12.68,0.31,0.1804,0.5750
1779202183.877,0.2727,0.5154,2.00,212.7,2.27,12.72,0.32,0.1799,0.5750
1779202183.940,0.2721,0.5154,2.00,212.7,2.27,12.69,0.33,0.1795,0.5750
1779202184.006,0.2718,0.5154,2.00,212.7,2.23,12.63,0.33,0.1795,0.5750
1779202184.076,0.2713,0.5154,2.00,212.7,2.22,12.54,0.32,0.1798,0.5750
1779202184.140,0.2707,0.5154,2.00,212.7,2.19,12.58,0.32,0.1800,0.5750
1779202184.209,0.2687,0.5154,2.00,212.7,2.14,12.71,0.33,0.1802,0.5750
1779202184.275,0.2610,0.5154,2.00,212.7,2.06,12.92,0.31,0.1804,0.5750
1779202184.340,0.2504,0.5154,2.00,212.7,1.94,13.15,0.27,0.1809,0.5750
1779202184.411,0.2449,0.5154,2.00,212.7,1.89,13.25,0.25,0.1810,0.5750
1779202184.476,0.2405,0.5154,2.00,212.7,1.88,13.36,0.23,0.1810,0.5750
1779202184.541,0.2368,0.5154,2.00,212.7,1.86,13.45,0.21,0.1808,0.5750
1779202184.609,0.2348,0.5154,2.00,212.7,1.83,13.58,0.19,0.1808,0.5750
1779202184.674,0.2334,0.5154,2.00,212.7,1.86,13.51,0.21,0.1805,0.5750
1779202184.743,0.2322,0.5154,2.00,212.7,1.86,13.54,0.22,0.1806,0.5750
1779202184.810,0.2310,0.5154,2.00,212.7,1.89,13.54,0.23,0.1805,0.5750
1779202184.868,0.2300,0.5154,2.00,212.7,1.89,13.54,0.22,0.1804,0.5750
1779202184.904,0.2290,0.5154,2.00,212.7,1.89,13.57,0.22,0.1804,0.5750
1779202184.936,0.2272,0.5143,2.00,212.7,1.93,13.53,0.22,0.1804,0.5750
1779202184.973,0.2219,0.5143,2.00,212.7,2.07,13.18,0.21,0.1805,0.5750
1779202185.043,0.2169,0.5143,2.00,212.7,2.19,13.07,0.16,0.1803,0.5750
1779202185.107,0.2136,0.5143,2.00,212.7,2.23,13.37,0.11,0.1807,0.5750
1779202185.176,0.2121,0.5143,2.00,212.7,2.25,13.46,0.09,0.1807,0.5750
1779202185.244,0.2106,0.5143,2.00,212.7,2.26,13.48,0.08,0.1807,0.5750
1779202185.310,0.2075,0.5143,2.00,212.7,2.34,13.58,0.11,0.1807,0.5750
1779202185.377,0.2071,0.5143,2.00,212.7,2.32,13.69,0.12,0.1808,0.5750
1779202185.443,0.2065,0.5143,2.00,212.7,2.35,13.82,0.13,0.1810,0.5750
1779202185.511,0.2073,0.5143,2.00,212.7,2.33,13.91,0.15,0.1814,0.5750
1779202185.576,0.2085,0.5143,2.00,212.7,2.31,14.03,0.17,0.1817,0.5750
1779202185.644,0.2088,0.5143,2.00,212.7,2.27,14.10,0.17,0.1820,0.5750
1779202185.711,0.2091,0.5143,2.00,212.7,2.27,14.07,0.18,0.1818,0.5750
1779202185.778,0.2098,0.5143,2.00,212.7,2.27,14.02,0.20,0.1818,0.5750
1779202185.841,0.2107,0.5143,2.00,212.7,2.28,14.00,0.22,0.1817,0.5750
1779202185.910,0.2109,0.5143,2.00,212.7,2.25,14.05,0.21,0.1816,0.5750
1779202185.977,0.2114,0.5143,2.00,212.7,2.28,13.99,0.23,0.1815,0.5750
1779202186.044,0.2117,0.5143,2.00,212.7,2.27,13.99,0.23,0.1813,0.5750
1779202186.110,0.2115,0.5143,2.00,212.7,2.28,13.94,0.24,0.1813,0.5750
1779202186.178,0.2115,0.5143,2.00,212.7,2.28,13.85,0.24,0.1812,0.5750
1779202186.245,0.2115,0.5143,2.00,212.7,2.28,13.81,0.25,0.1813,0.5750
1779202186.310,0.2115,0.5143,2.00,212.7,2.27,13.79,0.25,0.1813,0.5750
1779202186.373,0.2120,0.5143,2.00,212.7,2.26,13.83,0.24,0.1812,0.5750
1779202186.441,0.2122,0.5143,2.00,212.7,2.30,13.85,0.25,0.1809,0.5750
1779202186.511,0.2131,0.5143,2.00,212.7,2.30,13.85,0.24,0.1809,0.5750
1779202186.578,0.2149,0.5143,2.00,212.7,2.27,13.88,0.23,0.1809,0.5750
1779202186.644,0.2145,0.5143,2.00,212.7,2.21,14.02,0.22,0.1808,0.5750
1779202186.710,0.2141,0.5143,2.00,212.7,2.16,14.21,0.23,0.1805,0.5750
1779202186.775,0.2133,0.5143,2.00,212.7,2.09,14.33,0.23,0.1806,0.5750
1779202186.844,0.2129,0.5143,2.00,212.7,2.04,14.49,0.23,0.1809,0.5750
1779202186.911,0.2126,0.5143,2.00,212.7,1.99,14.44,0.23,0.1812,0.5750
1779202186.976,0.2134,0.5143,2.00,212.7,1.97,14.44,0.23,0.1807,0.5750
1779202187.043,0.2134,0.5143,2.00,212.7,1.93,14.50,0.21,0.1812,0.5750
1779202187.111,0.2137,0.5143,2.00,212.7,1.94,14.47,0.20,0.1803,0.5750
1779202187.178,0.2134,0.5143,2.00,212.7,1.96,14.53,0.19,0.1804,0.5750
1779202187.243,0.2127,0.5143,2.00,212.7,1.95,14.49,0.18,0.1808,0.5750
1779202187.311,0.2120,0.5143,2.00,212.7,1.93,14.47,0.17,0.1806,0.5750
1779202187.375,0.2118,0.5143,2.00,212.7,1.94,14.56,0.16,0.1806,0.5750
1779202187.443,0.2119,0.5143,2.00,212.7,1.99,14.61,0.17,0.1808,0.5750
1779202187.512,0.2142,0.5143,2.00,212.7,1.97,14.68,0.17,0.1814,0.5750
1779202187.575,0.2291,0.5143,2.00,212.7,2.05,14.43,0.16,0.1812,0.5750
1779202187.645,0.2604,0.5143,2.00,212.7,1.74,14.99,0.04,0.1807,0.5750
1779202187.710,0.2797,0.5143,2.00,212.7,1.14,15.23,-0.12,0.1866,0.5750
1779202187.778,0.2776,0.5143,2.00,212.7,0.56,14.90,-0.21,0.1901,0.5750
1779202187.845,0.2780,0.5143,2.00,212.7,0.14,15.15,-0.37,0.1896,0.5750
1779202187.913,0.2749,0.5143,2.00,212.7,0.28,14.80,-0.36,0.1906,0.5750
1779202187.975,0.2795,0.5143,2.00,212.7,0.01,15.09,-0.46,0.1932,0.5750
1779202188.046,0.2797,0.5143,2.00,212.7,-0.50,14.73,-0.57,0.1961,0.5750
1779202188.110,0.2703,0.5121,2.00,212.7,-0.50,14.85,-0.63,0.1875,0.5750
1779202188.179,0.2687,0.5099,2.00,212.7,-0.43,15.10,-0.67,0.1854,0.5750
1779202188.242,0.2654,0.5077,2.00,212.7,-0.42,15.17,-0.65,0.1856,0.5750
1779202188.311,0.2634,0.5077,2.00,212.7,-0.34,14.95,-0.61,0.1850,0.5750
1779202188.379,0.2629,0.5077,2.00,212.7,-0.36,14.85,-0.60,0.1852,0.5750
1779202188.446,0.2628,0.5077,2.00,212.7,-0.37,14.75,-0.57,0.1855,0.5750
1779202188.509,0.2629,0.5077,2.00,212.7,-0.36,14.89,-0.59,0.1863,0.5750
1779202188.579,0.2621,0.5077,2.00,212.7,-0.36,15.22,-0.67,0.1876,0.5750
1779202188.646,0.2473,0.5077,2.00,212.7,-0.44,15.34,-0.77,0.1930,0.5750
1779202188.712,0.2154,0.5077,2.00,212.7,-0.24,15.46,-0.79,0.2021,0.5750
1779202188.778,0.2003,0.5077,2.00,212.7,0.14,15.57,-0.76,0.2036,0.5750
1779202188.845,0.1985,0.5077,2.00,212.7,0.03,15.94,-0.79,0.2069,0.5750
1779202188.910,0.1997,0.5077,2.00,212.7,0.04,16.27,-0.80,0.2031,0.5750
1779202188.977,0.2012,0.5077,2.00,212.7,0.45,16.45,-0.69,0.1960,0.5750
1779202189.046,0.2014,0.5077,2.00,212.7,0.64,16.33,-0.57,0.1884,0.5750
1779202189.110,0.2056,0.5077,2.00,212.7,0.89,16.32,-0.53,0.1827,0.5750
1779202189.178,0.2092,0.5077,2.00,212.7,1.00,15.69,-0.46,0.1846,0.5750
1779202189.245,0.2097,0.5077,2.00,212.7,0.90,15.77,-0.49,0.1876,0.5750
1779202189.309,0.2133,0.5077,2.00,212.7,0.94,16.07,-0.49,0.1850,0.5750
1779202189.376,0.2157,0.5077,2.00,212.7,1.02,16.07,-0.44,0.1843,0.5750
1779202189.446,0.2187,0.5077,2.00,212.7,1.01,16.12,-0.43,0.1841,0.5750
1779202189.510,0.2239,0.5077,2.00,212.7,1.01,16.02,-0.38,0.1854,0.5750
1779202189.579,0.2410,0.5077,2.00,212.7,1.10,16.13,-0.36,0.1861,0.5750
1779202189.644,0.2638,0.5077,2.00,212.7,1.01,16.30,-0.30,0.1926,0.5750
1779202189.712,0.2685,0.5077,2.00,212.7,0.32,15.68,-0.43,0.1952,0.5750
1779202189.778,0.2659,0.5077,2.00,212.7,-0.11,14.84,-0.28,0.2078,0.5750
1779202189.846,0.2806,0.5077,2.00,212.7,-0.28,14.93,-0.27,0.2079,0.5750
1779202189.903,0.2737,0.5077,2.00,212.7,-1.04,15.27,-0.58,0.2101,0.5750
1779202189.941,0.2721,0.5066,2.00,212.7,-1.32,15.29,-0.65,0.2095,0.5750
1779202190.011,0.2703,0.5066,2.00,212.7,-1.86,15.49,-0.92,0.2173,0.5750
1779202190.077,0.2657,0.5066,2.00,212.7,-1.75,15.50,-0.86,0.2140,0.5750
1779202190.146,0.2600,0.5066,2.00,212.7,-1.97,15.54,-0.95,0.2110,0.5750
1779202190.208,0.2599,0.5066,2.00,212.7,-1.93,15.52,-0.98,0.2091,0.5750
1779202190.279,0.2578,0.5066,2.00,212.7,-1.84,15.67,-1.01,0.2089,0.5750
1779202190.344,0.2566,0.5066,2.00,212.7,-1.74,15.67,-1.00,0.2079,0.5750
1779202190.413,0.2553,0.5066,2.00,212.7,-1.77,15.44,-0.97,0.2086,0.5750
1779202190.478,0.2558,0.5066,2.00,212.7,-1.78,15.08,-0.92,0.2063,0.5750
1779202190.547,0.2561,0.5066,2.00,212.7,-1.77,15.16,-0.90,0.2050,0.5750
1779202190.610,0.2514,0.5066,2.00,212.7,-1.74,14.89,-0.86,0.2003,0.5750
1779202190.679,0.2320,0.5066,2.00,212.7,-1.50,14.56,-0.77,0.1956,0.5750
1779202190.742,0.2169,0.5066,2.00,212.7,-1.21,14.71,-0.74,0.1963,0.5750
1779202190.813,0.2054,0.5066,2.00,212.7,-0.91,14.94,-0.69,0.1951,0.5750
1779202190.880,0.2066,0.5066,2.00,212.7,-1.11,15.31,-0.80,0.1951,0.5750
1779202190.944,0.2047,0.5066,2.00,212.7,-1.01,15.84,-0.82,0.1960,0.5750
1779202191.012,0.2060,0.5066,2.00,212.7,-0.74,16.06,-0.82,0.1914,0.5750
1779202191.077,0.2098,0.5066,2.00,212.7,-0.76,16.05,-0.83,0.1930,0.5750
1779202191.142,0.2094,0.5066,2.00,212.7,-0.66,16.23,-0.80,0.1917,0.5750
1779202191.212,0.2099,0.5066,2.00,212.7,-0.68,16.19,-0.81,0.1901,0.5750
1779202191.280,0.2097,0.5066,2.00,212.7,-0.44,16.31,-0.73,0.1942,0.5750
1779202191.345,0.2115,0.5066,2.00,212.7,-0.40,16.17,-0.69,0.1924,0.5750
1779202191.410,0.2123,0.5066,2.00,212.7,-0.41,16.32,-0.75,0.1940,0.5750
1779202191.480,0.2153,0.5066,2.00,212.7,-0.34,16.41,-0.79,0.1935,0.5750
1779202191.544,0.2185,0.5066,2.00,212.7,-0.30,16.30,-0.81,0.1927,0.5750
1779202191.608,0.2305,0.5044,2.00,212.7,-0.28,15.99,-0.81,0.1919,0.5750
1779202191.680,0.2407,0.5022,2.00,212.7,-0.12,15.39,-0.71,0.1932,0.5750
1779202191.747,0.2485,0.5000,2.00,212.7,0.10,15.35,-0.68,0.1896,0.5750
1779202191.813,0.2536,0.4978,2.00,212.7,0.55,15.52,-0.72,0.1763,0.5750
1779202191.876,0.2587,0.4956,2.00,212.7,0.84,15.45,-0.72,0.1746,0.5750
1779202191.947,0.2622,0.4934,2.00,212.7,1.23,15.28,-0.62,0.1701,0.5750
1779202192.013,0.2637,0.4912,2.00,212.7,1.51,15.06,-0.50,0.1673,0.5750
1779202192.081,0.2645,0.4890,2.00,212.7,1.72,14.72,-0.35,0.1658,0.5750
1779202192.146,0.2652,0.4868,2.00,212.7,1.82,14.23,-0.25,0.1639,0.5750
1779202192.214,0.2641,0.4846,2.00,212.7,1.93,13.69,-0.13,0.1596,0.5750
1779202192.280,0.2631,0.4825,2.00,212.7,1.96,13.48,-0.08,0.1564,0.5750
1779202192.347,0.2635,0.4803,2.00,212.7,1.90,13.40,-0.06,0.1544,0.5750
1779202192.414,0.2628,0.4781,2.00,212.7,1.89,13.43,-0.05,0.1539,0.5750
1779202192.480,0.2631,0.4759,2.00,212.7,1.88,13.37,-0.05,0.1521,0.5750
1779202192.547,0.2629,0.4737,2.00,212.7,1.83,13.38,-0.06,0.1506,0.5750
1779202192.611,0.2627,0.4715,2.00,212.7,1.79,13.38,-0.07,0.1502,0.5750
1779202192.681,0.2625,0.4693,2.00,212.7,1.77,13.36,-0.07,0.1497,0.5750
1779202192.747,0.2624,0.4671,2.00,212.7,1.76,13.32,-0.06,0.1509,0.5750
1779202192.814,0.2621,0.4649,2.00,212.7,1.72,13.29,-0.07,0.1514,0.5750
1779202192.876,0.2617,0.4627,2.00,212.7,1.73,13.30,-0.08,0.1506,0.5750
1779202192.947,0.2617,0.4605,2.00,212.7,1.73,13.25,-0.09,0.1505,0.5750
1779202193.012,0.2614,0.4583,2.00,212.7,1.73,13.28,-0.09,0.1502,0.5750
1779202193.081,0.2614,0.4561,2.00,212.7,1.73,13.30,-0.08,0.1504,0.5750
1779202193.148,0.2615,0.4539,2.00,212.7,1.76,13.28,-0.06,0.1497,0.5750
1779202193.214,0.2615,0.4518,2.00,212.7,1.78,13.19,-0.04,0.1498,0.5750
1779202193.280,0.2615,0.4496,2.00,212.7,1.78,13.20,-0.02,0.1497,0.5744
1779202193.346,0.2618,0.4474,2.00,212.7,1.79,13.15,-0.01,0.1499,0.5715
1779202193.411,0.2617,0.4452,2.00,212.7,1.64,13.13,0.07,0.1497,0.5686
1779202193.479,0.2626,0.4430,2.00,212.7,1.43,12.92,0.44,0.1524,0.5656
1779202193.548,0.2629,0.4408,2.00,212.7,1.30,12.47,0.88,0.1510,0.5627
1779202193.614,0.2619,0.4386,2.00,212.7,1.44,12.11,1.36,0.1506,0.5598
1779202193.682,0.2611,0.4364,2.00,212.7,1.50,12.00,1.57,0.1560,0.5569
1779202193.746,0.2604,0.4342,2.00,212.7,1.33,12.26,1.58,0.1738,0.5539
1779202193.809,0.2600,0.4320,2.00,212.7,0.66,14.20,1.09,0.2071,0.5510
1779202193.880,0.2611,0.4298,2.00,212.7,0.20,15.49,0.60,0.2330,0.5481
1779202193.943,0.2617,0.4276,2.00,212.7,0.03,16.21,0.27,0.2488,0.5452
1779202194.010,0.2634,0.4242,2.00,212.7,-0.16,17.03,-0.14,0.2650,0.5406
1779202194.083,0.2649,0.4220,2.00,212.7,-0.32,18.25,-0.52,0.2700,0.5376
1779202194.144,0.2604,0.4198,2.00,212.7,-0.27,18.13,-0.81,0.2212,0.5347
1779202194.214,0.2590,0.4176,2.00,212.7,0.12,16.69,-0.47,0.1920,0.5318
1779202194.280,0.2589,0.4154,2.00,212.7,0.76,15.78,0.00,0.1790,0.5288
1779202194.344,0.2587,0.4132,2.00,212.7,1.02,14.77,0.42,0.1680,0.5259
1779202194.413,0.2587,0.4110,2.00,212.7,1.23,14.35,0.59,0.1597,0.5230
1779202194.481,0.2586,0.4088,2.00,212.7,1.16,14.75,0.79,0.1542,0.5201
1779202194.544,0.2586,0.4066,2.00,212.7,1.34,14.52,0.99,0.1500,0.5171
1779202194.612,0.1354,0.4066,2.00,212.7,1.17,13.68,1.22,0.1506,0.5171
1779202194.684,0.0342,0.4066,2.00,212.7,1.05,12.95,1.44,0.1509,0.5171
1779202194.747,0.0616,0.4066,2.00,212.7,0.88,12.48,1.69,0.1499,0.5171
1779202194.815,0.1527,0.4066,2.00,212.7,0.95,13.02,1.83,0.1472,0.5171
1779202194.876,0.2091,0.4044,3.00,199.1,1.03,14.28,1.83,0.1479,0.5142
1779202194.945,0.2363,0.4022,3.00,199.1,0.80,15.62,1.98,0.1548,0.5113
1779202195.010,0.2507,0.4000,3.00,199.1,0.14,17.10,1.87,0.1656,0.5083
1779202195.082,0.2576,0.3978,3.00,199.1,-0.87,19.87,1.42,0.1850,0.5054
1779202195.146,0.2623,0.3956,3.00,199.1,-1.32,20.84,1.29,0.1852,0.5025
1779202195.210,0.2674,0.3934,3.00,199.1,-1.55,21.75,1.40,0.1885,0.4995
1779202195.278,0.2715,0.3912,3.00,199.1,-1.96,22.56,1.26,0.1983,0.4966
1779202195.348,0.2711,0.3890,3.00,199.1,-2.24,22.96,1.19,0.2031,0.4937
1779202195.412,0.2727,0.3868,3.00,199.1,-2.40,23.36,1.20,0.2098,0.4908
1779202195.482,0.2750,0.3846,3.00,199.1,-2.28,23.36,1.32,0.2097,0.4878
1779202195.548,0.2779,0.3846,3.00,199.1,-2.22,23.22,1.38,0.2083,0.4878
1779202195.610,0.1118,0.3868,3.00,199.1,-2.93,22.23,1.19,0.2087,0.4908
1779202195.680,0.1320,0.3890,3.00,199.1,-2.74,22.49,1.25,0.2095,0.4937
1779202195.745,0.1969,0.3890,4.00,192.6,-2.50,22.42,1.29,0.2041,0.4937
1779202195.810,0.2460,0.3890,4.00,192.6,-2.07,22.37,1.40,0.1991,0.4937
1779202195.882,0.2710,0.3890,4.00,192.6,-1.56,22.27,1.60,0.1958,0.4937
1779202195.945,0.2813,0.3890,4.00,192.6,-1.01,22.11,1.81,0.1942,0.4937
1779202196.013,0.2876,0.3890,4.00,192.6,-0.86,21.87,1.93,0.1930,0.4937
1779202196.081,0.2926,0.3890,4.00,192.6,-0.85,21.76,1.99,0.1918,0.4937
1779202196.147,0.2950,0.3890,4.00,192.6,-1.07,21.12,2.30,0.1852,0.4937
1779202196.214,0.2966,0.3890,4.00,192.6,-1.00,20.69,2.51,0.1761,0.4937
1779202196.279,0.2976,0.3890,4.00,192.6,-1.06,20.40,2.24,0.1712,0.4937
1779202196.349,0.2991,0.3890,4.00,192.6,0.15,18.63,1.76,0.1566,0.4937
1779202196.412,0.3018,0.3890,4.00,192.6,1.46,16.88,1.26,0.1492,0.4937
1779202196.478,0.3042,0.3890,4.00,192.6,3.09,14.57,0.72,0.1358,0.4937
1779202196.547,0.3027,0.3890,4.00,192.6,4.34,11.56,0.53,0.1231,0.4937
1779202196.611,0.3015,0.3890,4.00,192.6,5.54,10.36,0.52,0.1179,0.4937
1779202196.682,0.3035,0.3890,4.00,192.6,6.18,10.25,0.59,0.1179,0.4937
1779202196.748,0.3029,0.3890,4.00,192.6,6.60,9.75,0.60,0.1137,0.4937
1779202196.812,0.3038,0.3890,4.00,192.6,6.55,9.27,0.58,0.1123,0.4937
1779202196.878,0.3051,0.3890,4.00,192.6,6.40,9.88,0.42,0.1118,0.4937
1779202196.945,0.3041,0.3890,4.00,192.6,5.96,10.48,-0.03,0.1096,0.4937
1779202197.014,0.3057,0.3890,4.00,192.6,5.47,11.43,-0.19,0.1078,0.4937
1779202197.115,0.3075,0.3899,4.00,192.6,4.42,13.12,-0.47,0.1168,0.4948
1779202197.176,0.3079,0.3899,4.00,192.6,2.74,17.55,-1.18,0.1164,0.4948
1779202197.207,0.3087,0.3890,4.00,192.6,2.48,17.88,-1.29,0.1157,0.4937
1779202197.244,0.3091,0.3890,4.00,192.6,2.36,18.01,-1.24,0.1211,0.4937
1779202197.316,0.3115,0.3890,4.00,192.6,2.03,19.40,-1.40,0.1267,0.4937
1779202197.378,0.3123,0.3890,4.00,192.6,1.96,19.53,-1.48,0.1396,0.4937
1779202197.445,0.3126,0.3890,4.00,192.6,2.12,19.31,-1.41,0.1357,0.4937
1779202197.512,0.3132,0.3890,4.00,192.6,2.26,18.68,-1.34,0.1336,0.4937
1779202197.581,0.3129,0.3890,4.00,192.6,3.00,17.46,-1.17,0.1243,0.4937
1779202197.647,0.3120,0.3890,4.00,192.6,3.51,15.76,-0.87,0.1210,0.4937
1779202197.713,0.3010,0.3890,4.00,192.6,3.73,14.94,-0.85,0.1213,0.4937
1779202197.782,0.2969,0.3890,4.00,192.6,3.93,14.60,-0.77,0.1108,0.4937
1779202197.847,0.2946,0.3890,4.00,192.6,4.05,14.63,-0.75,0.1037,0.4937
1779202197.915,0.2914,0.3890,4.00,192.6,4.11,14.39,-0.72,0.0911,0.4937
1779202197.978,0.2910,0.3890,4.00,192.6,4.29,14.33,-0.65,0.0818,0.4937
1779202198.049,0.2908,0.3890,4.00,192.6,4.46,13.95,-0.61,0.0736,0.4937
1779202198.117,0.2883,0.3890,4.00,192.6,4.59,13.69,-0.56,0.0695,0.4937
1779202198.178,0.2868,0.3890,4.00,192.6,4.50,13.34,-0.57,0.0704,0.4937
1779202198.250,0.2854,0.3890,4.00,192.6,4.29,13.42,-0.60,0.0697,0.4937
1779202198.315,0.2847,0.3890,4.00,192.6,4.05,13.59,-0.64,0.0679,0.4937
1779202198.380,0.2837,0.3890,4.00,192.6,3.89,13.45,-0.60,0.0681,0.4937
1779202198.446,0.2830,0.3868,4.00,192.6,3.74,13.43,-0.59,0.0681,0.4908
1779202198.513,0.2833,0.3846,4.00,192.6,3.59,13.50,-0.59,0.0686,0.4878
1779202198.583,0.2828,0.3824,4.00,192.6,3.24,13.91,-0.54,0.0717,0.4849
1779202198.649,0.2839,0.3802,4.00,192.6,2.96,14.22,-0.47,0.0762,0.4820
1779202198.713,0.2829,0.3780,4.00,192.6,2.63,14.52,-0.46,0.0776,0.4790
1779202198.782,0.2837,0.3758,4.00,192.6,2.56,14.72,-0.45,0.0777,0.4761
1779202198.849,0.2841,0.3736,4.00,192.6,2.51,14.79,-0.44,0.0770,0.4732
1779202198.914,0.2843,0.3714,4.00,192.6,2.50,15.23,-0.47,0.0767,0.4702
1779202198.982,0.2855,0.3692,4.00,192.6,2.55,15.32,-0.46,0.0772,0.4673
1779202199.047,0.2876,0.3670,4.00,192.6,2.54,15.59,-0.47,0.0771,0.4644
1779202199.115,0.2884,0.3648,4.00,192.6,2.62,15.40,-0.40,0.0767,0.4614
1779202199.180,0.2891,0.3626,4.00,192.6,2.66,15.44,-0.36,0.0761,0.4585
1779202199.247,0.2889,0.3604,4.00,192.6,2.69,15.42,-0.34,0.0756,0.4556
1779202199.314,0.2894,0.3582,4.00,192.6,2.69,15.39,-0.34,0.0742,0.4527
1779202199.382,0.2898,0.3560,4.00,192.6,2.65,15.45,-0.39,0.0760,0.4497
1779202199.451,0.2892,0.3538,4.00,192.6,2.43,16.00,-0.50,0.0771,0.4468
1779202199.513,0.2888,0.3516,4.00,192.6,2.34,15.90,-0.54,0.0799,0.4439
1779202199.581,0.2897,0.3495,4.00,192.6,2.05,16.51,-0.62,0.0922,0.4409
1779202199.649,0.2907,0.3473,4.00,192.6,1.38,17.49,-0.79,0.1081,0.4380
1779202199.715,0.2904,0.3451,4.00,192.6,1.08,18.03,-0.91,0.1099,0.4351
1779202199.780,0.2906,0.3429,4.00,192.6,0.73,18.99,-1.09,0.1163,0.4321
1779202199.846,0.2901,0.3407,4.00,192.6,0.51,20.02,-1.28,0.1353,0.4292
1779202199.916,0.2886,0.3385,4.00,192.6,0.31,20.50,-1.31,0.1420,0.4263
1779202199.984,0.2875,0.3363,4.00,192.6,0.12,21.06,-1.45,0.1467,0.4234
1779202200.051,0.2861,0.3341,4.00,192.6,-0.05,21.53,-1.54,0.1561,0.4204
1779202200.114,0.2826,0.3319,4.00,192.6,-0.13,21.63,-1.55,0.1607,0.4175
1779202200.183,0.2797,0.3297,4.00,192.6,-0.15,21.55,-1.54,0.1611,0.4146
1779202200.251,0.2787,0.3275,4.00,192.6,-0.14,21.39,-1.50,0.1632,0.4116
1779202200.317,0.2781,0.3253,4.00,192.6,-0.05,21.13,-1.46,0.1646,0.4087
1779202200.379,0.2784,0.3231,4.00,192.6,0.28,20.47,-1.30,0.1643,0.4058
1779202200.449,0.2783,0.3209,4.00,192.6,0.59,18.96,-1.19,0.1609,0.4028
1779202200.518,0.2793,0.3187,4.00,192.6,0.87,17.86,-1.16,0.1558,0.3999
1779202200.584,0.2797,0.3165,4.00,192.6,1.24,17.32,-0.95,0.1558,0.3970
1779202200.651,0.2794,0.3143,4.00,192.6,1.25,17.42,-0.67,0.1455,0.3940
1779202200.718,0.2787,0.3121,4.00,192.6,0.55,17.44,0.58,0.1384,0.3911
1779202200.785,0.2794,0.3099,4.00,192.6,-0.23,18.15,1.25,0.1424,0.3882
1779202200.850,0.2803,0.3077,4.00,192.6,-0.19,17.98,1.53,0.1417,0.3853
1779202200.918,0.2806,0.3055,4.00,192.6,-0.02,17.45,1.80,0.1416,0.3823
1779202200.982,0.2815,0.3033,4.00,192.6,0.36,17.28,1.81,0.1431,0.3794
1779202201.051,0.2822,0.3011,4.00,192.6,0.77,16.89,1.95,0.1392,0.3765
1779202201.117,0.2832,0.2989,4.00,192.6,0.95,16.49,2.02,0.1422,0.3735
1779202201.185,0.2834,0.2967,4.00,192.6,1.05,15.44,2.02,0.1384,0.3706
1779202201.251,0.2833,0.2945,4.00,192.6,1.21,14.90,1.92,0.1367,0.3677
1779202201.316,0.2837,0.2923,4.00,192.6,1.26,14.87,1.87,0.1350,0.3647
1779202201.380,0.2839,0.2901,4.00,192.6,1.20,14.79,1.79,0.1340,0.3618
1779202201.451,0.2841,0.2879,4.00,192.6,1.05,14.64,1.76,0.1297,0.3589
1779202201.516,0.2845,0.2857,4.00,192.6,0.87,14.38,1.75,0.1316,0.3560
1779202201.581,0.2847,0.2835,4.00,192.6,0.73,14.32,1.73,0.1328,0.3530
1779202201.649,0.2855,0.2813,4.00,192.6,0.73,14.45,1.69,0.1333,0.3501
1779202201.713,0.2853,0.2791,4.00,192.6,0.52,14.68,1.65,0.1383,0.3472
1779202201.782,0.2854,0.2769,4.00,192.6,0.52,15.29,1.46,0.1534,0.3442
1779202201.851,0.2148,0.2747,4.00,192.6,-0.05,16.89,1.16,0.1661,0.3413
1779202201.916,0.2243,0.2725,4.00,192.6,-0.15,17.84,1.01,0.1557,0.3384
1779202201.983,0.2336,0.2703,4.00,192.6,0.03,17.83,1.03,0.1511,0.3354
1779202202.049,0.2465,0.2681,4.00,192.6,0.27,17.83,1.11,0.1495,0.3325
1779202202.119,0.2627,0.2659,4.00,192.6,0.40,18.01,1.10,0.1489,0.3296
1779202202.181,0.2730,0.2637,4.00,192.6,0.56,17.85,1.12,0.1470,0.3266
1779202202.249,0.2782,0.2615,4.00,192.6,0.78,17.49,1.22,0.1422,0.3237
1779202202.317,0.2804,0.2593,4.00,192.6,0.41,17.31,1.18,0.1451,0.3208
1779202202.381,0.2807,0.2571,4.00,192.6,0.11,17.56,1.05,0.1492,0.3179
1779202202.448,0.2820,0.2549,4.00,192.6,-0.05,17.90,0.78,0.1526,0.3149
1779202202.516,0.2828,0.2527,4.00,192.6,-0.15,17.33,0.53,0.1530,0.3120
1779202202.583,0.2848,0.2505,4.00,192.6,0.07,17.00,0.15,0.1465,0.3091
1779202202.651,0.2862,0.2484,4.00,192.6,0.26,17.12,-0.21,0.1453,0.3061
1779202202.714,0.2878,0.2462,4.00,192.6,0.21,16.91,-0.37,0.1442,0.3032
1779202202.781,0.2885,0.2440,4.00,192.6,-0.07,17.14,-0.45,0.1451,0.3003
1779202202.850,0.2884,0.2418,4.00,192.6,-0.19,16.61,-0.42,0.1525,0.2973
1779202202.914,0.2858,0.2396,4.00,192.6,-0.17,15.84,-0.37,0.1545,0.2944
1779202202.980,0.2832,0.2374,4.00,192.6,-0.16,15.16,-0.33,0.1536,0.2915
1779202203.051,0.2802,0.2352,4.00,192.6,-0.11,14.88,-0.30,0.1574,0.2886
1779202203.116,0.2779,0.2330,4.00,192.6,-0.04,14.45,-0.22,0.1622,0.2856
1779202203.182,0.2787,0.2308,4.00,192.6,-0.05,14.75,-0.27,0.1645,0.2827
1779202203.248,0.2795,0.2286,4.00,192.6,-0.22,15.98,-0.50,0.1805,0.2798
1779202203.317,0.2821,0.2264,4.00,192.6,-0.49,16.80,-0.64,0.1884,0.2768
1779202203.383,0.2855,0.2242,4.00,192.6,-0.64,18.92,-1.32,0.2030,0.2739
1779202203.452,0.2851,0.2220,4.00,192.6,-0.45,19.44,-2.01,0.2002,0.2710
1779202203.515,0.2850,0.2198,4.00,192.6,-0.11,18.78,-2.25,0.1935,0.2680
1779202203.579,0.2849,0.2176,4.00,192.6,-0.11,17.98,-2.11,0.1888,0.2651
1779202203.615,0.2851,0.2171,4.00,192.6,-0.14,17.91,-2.07,0.1878,0.2645
1779202203.683,0.2853,0.2149,4.00,192.6,-0.12,16.83,-1.70,0.1783,0.2615
1779202203.748,0.2925,0.2127,4.00,192.6,-0.13,15.99,-1.14,0.1759,0.2586
1779202203.818,0.2983,0.2105,4.00,192.6,0.06,16.04,-0.89,0.1716,0.2557
1779202203.885,0.3046,0.2083,4.00,192.6,0.06,16.05,-0.92,0.1749,0.2528
1779202203.949,0.3072,0.2061,4.00,192.6,-0.12,16.37,-1.16,0.1772,0.2499
1779202204.017,0.3104,0.2039,4.00,192.6,0.13,17.38,-1.55,0.1910,0.2469
1779202204.086,0.3109,0.2018,4.00,192.6,0.79,18.29,-2.38,0.2108,0.2440
1779202204.153,0.3114,0.1996,4.00,192.6,0.62,17.20,-2.33,0.2165,0.2411
1779202204.215,0.3113,0.1974,4.00,192.6,-0.01,15.23,-1.60,0.2309,0.2382
1779202204.286,0.3114,0.1952,4.00,192.6,-0.60,14.57,-0.75,0.2437,0.2352
1779202204.352,0.3024,0.1930,4.00,192.6,-0.63,15.54,-0.55,0.2420,0.2323
1779202204.419,0.2940,0.1908,4.00,192.6,-0.66,15.63,-0.46,0.2422,0.2294
1779202204.484,0.2913,0.1886,4.00,192.6,-0.70,15.76,-0.38,0.2149,0.2265
1779202204.550,0.2919,0.1864,4.00,192.6,-0.35,14.88,-0.16,0.1902,0.2235
1779202204.620,0.2868,0.1842,4.00,192.6,-0.43,14.36,0.06,0.1832,0.2206
1779202204.687,0.2810,0.1820,4.00,192.6,-1.61,11.98,0.13,0.2019,0.2177
1779202204.752,0.2773,0.1798,4.00,192.6,-1.72,9.44,0.55,0.2202,0.2148
1779202204.818,0.2794,0.1776,4.00,192.6,-2.39,7.70,0.78,0.2116,0.2118
1779202204.886,0.2812,0.1754,4.00,192.6,-2.32,6.88,1.07,0.2176,0.2089
1779202204.951,0.2864,0.1714,4.00,192.6,-2.75,5.78,0.95,0.2049,0.2036
1779202205.020,0.2888,0.1674,4.00,192.6,-3.81,3.91,1.18,0.2017,0.1982
1779202205.086,0.2939,0.1652,4.00,192.6,-4.02,3.31,1.10,0.2017,0.1953
1779202205.153,0.2828,0.1630,4.00,192.6,-3.31,4.06,0.68,0.1990,0.1923
1779202205.217,0.2823,0.1608,4.00,192.6,-3.48,4.58,0.22,0.1961,0.1894
1779202205.286,0.2848,0.1586,4.00,192.6,-2.93,2.47,0.11,0.1850,0.1865
1779202205.350,0.2839,0.1564,4.00,192.6,-3.15,0.44,0.24,0.1880,0.1835
1779202205.420,0.2802,0.1542,4.00,192.6,-3.64,-2.30,0.70,0.2263,0.1806
1779202205.485,0.2840,0.1520,3.00,192.6,-3.89,6.32,-0.58,0.2944,0.1776
1779202205.554,0.2866,0.1498,3.00,192.6,-3.99,8.70,-0.97,0.3219,0.1750
1779202205.619,0.2903,0.1476,3.00,192.6,-3.81,10.25,-1.36,0.3455,0.1750
1779202205.684,0.2852,0.1454,3.00,192.6,-3.61,10.98,-1.24,0.3313,0.1750
1779202205.751,0.2850,0.1432,3.00,192.6,-4.58,4.73,-0.33,0.2196,0.1750
1779202205.816,0.2928,0.1410,3.00,192.6,-3.35,5.24,-0.13,0.1768,0.1750
1779202205.884,0.2886,0.1388,3.00,192.6,-2.57,4.68,-0.06,0.1683,0.1750
1779202205.951,0.2814,0.1366,3.00,192.6,-1.32,2.40,0.28,0.1635,0.1750
1779202206.019,0.2816,0.1344,3.00,192.6,-0.62,-2.83,0.75,0.1638,0.1750
1779202206.084,0.2800,0.1322,3.00,192.6,1.26,-7.96,0.83,0.1573,0.1750
1779202206.153,0.3022,0.1300,3.00,192.6,2.17,-8.29,0.08,0.1559,0.1750
1779202206.217,0.2870,0.1278,3.00,192.6,3.28,-2.02,-1.44,0.1404,0.1750
1779202206.285,0.2888,0.1256,3.00,192.6,2.00,-2.98,-0.92,0.1583,0.1750
1779202206.351,0.2699,0.1233,3.00,192.6,2.65,-0.99,-1.30,0.1583,0.1750
1779202206.416,0.2679,0.1211,3.00,192.6,2.60,-3.09,-1.38,0.1608,0.1750
1779202206.485,0.2536,0.1189,3.00,192.6,2.58,0.01,-1.87,0.1750,0.1750
1779202206.554,0.2675,0.1167,3.00,192.6,1.99,-2.35,-1.11,0.1654,0.1750
1779202206.617,0.2665,0.1145,3.00,192.6,0.89,-0.43,-0.95,0.1759,0.1750
1779202206.686,0.2712,0.1123,3.00,192.6,0.98,-2.66,-0.21,0.1649,0.1750
1779202206.751,0.2802,0.1101,3.00,192.6,0.09,-2.58,-0.14,0.1768,0.1750
1779202206.819,0.2868,0.1079,3.00,192.6,0.88,-2.57,-0.18,0.1649,0.1750
1779202206.884,0.2939,0.1057,3.00,192.6,0.21,-2.08,-0.21,0.1727,0.1750
1779202206.954,0.2883,0.1035,3.00,192.6,0.02,-2.31,-0.09,0.1679,0.1750
1779202207.019,0.2877,0.1013,3.00,192.6,-0.08,-1.29,-0.19,0.1706,0.1750
1779202207.083,0.2782,0.1013,3.00,192.6,-0.12,-0.53,-0.19,0.1652,0.1750
1779202207.149,0.2756,0.1013,3.00,192.6,-0.09,0.25,-0.21,0.1664,0.1750
1779202207.222,0.2717,0.1013,3.00,192.6,0.15,0.06,-0.25,0.1606,0.1750
1779202207.287,0.2701,0.1013,3.00,192.6,0.01,0.93,-0.37,0.1631,0.1750
1779202207.351,0.2738,0.1013,3.00,192.6,0.09,-0.15,-0.30,0.1634,0.1750
1779202207.419,0.2732,0.1013,3.00,192.6,-0.23,-0.32,-0.33,0.1777,0.1750
1779202207.483,0.2731,0.1013,3.00,192.6,-0.32,-0.83,-0.08,0.1758,0.1750
1779202207.553,0.2789,0.1013,3.00,192.6,-0.11,0.58,-0.24,0.1854,0.1750
1779202207.619,0.2774,0.1013,3.00,192.6,-0.21,-0.74,-0.06,0.1756,0.1750
1779202207.683,0.2717,0.1013,3.00,192.6,0.01,-0.25,-0.01,0.1742,0.1750
1779202207.751,0.2768,0.1013,3.00,192.6,0.83,-5.54,0.54,0.1667,0.1750
1779202207.819,0.2792,0.1013,3.00,192.6,0.99,-3.41,0.12,0.1656,0.1750
1779202207.888,0.2792,0.1013,3.00,192.6,0.87,-3.41,-0.14,0.1637,0.1750
1779202207.951,0.2852,0.1013,3.00,192.6,0.65,-2.00,-0.58,0.1681,0.1750
1779202208.020,0.2852,0.1013,3.00,192.6,0.78,-1.42,-0.87,0.1627,0.1750
1779202208.088,0.2847,0.1013,3.00,192.6,0.73,-0.42,-1.08,0.1645,0.1750
1779202208.151,0.2838,0.1013,3.00,192.6,0.46,4.00,-1.50,0.1712,0.1750
1779202208.218,0.2842,0.1013,3.00,192.6,0.31,5.48,-1.78,0.1731,0.1750
1779202208.284,0.2804,0.1013,3.00,192.6,0.42,3.52,-1.73,0.1677,0.1750
1779202208.352,0.2789,0.1013,3.00,192.6,0.76,1.68,-1.40,0.1680,0.1750
1779202208.419,0.2742,0.1013,3.00,192.6,0.99,2.78,-1.44,0.1666,0.1750
1779202208.483,0.2811,0.1013,3.00,192.6,0.93,2.01,-1.37,0.1662,0.1750
1779202208.547,0.2876,0.1013,3.00,192.6,0.80,1.61,-1.12,0.1660,0.1750
1779202208.578,0.2872,0.1013,3.00,192.6,0.69,1.49,-1.07,0.1665,0.1750
1779202208.616,0.2819,0.1011,3.00,192.6,0.49,1.46,-1.05,0.1637,0.1750
1779202208.686,0.2758,0.1011,3.00,192.6,0.04,2.27,-0.87,0.1619,0.1750
1779202208.748,0.2720,0.1011,3.00,192.6,-0.13,1.50,-0.52,0.1624,0.1750
1779202208.783,0.2710,0.1011,3.00,192.6,-0.27,1.23,-0.41,0.1604,0.1750
1779202208.849,0.2740,0.1011,3.00,192.6,-0.88,0.40,-0.24,0.1649,0.1750
1779202208.922,0.2676,0.1011,3.00,192.6,-0.93,0.37,-0.19,0.1606,0.1750
1779202208.988,0.2690,0.1011,3.00,192.6,-0.95,0.38,-0.28,0.1617,0.1750
1779202209.055,0.2687,0.0989,3.00,192.6,-0.98,0.75,-0.49,0.1621,0.1750
1779202209.119,0.2714,0.0967,3.00,192.6,-0.33,2.18,-0.76,0.1643,0.1750
1779202209.185,0.2780,0.0945,3.00,192.6,-0.17,1.91,-0.64,0.1652,0.1750
1779202209.249,0.2859,0.0923,3.00,192.6,-0.43,3.31,-0.70,0.1803,0.1750
1779202209.318,0.2833,0.0901,3.00,192.6,-0.76,2.64,-0.53,0.1798,0.1750
1779202209.384,0.2849,0.0879,3.00,192.6,-0.83,2.14,-0.52,0.1732,0.1750
1779202209.451,0.2911,0.0857,3.00,192.6,-0.95,1.46,-0.59,0.1710,0.1750
1779202209.515,0.2932,0.0835,3.00,192.6,-0.77,0.78,-0.51,0.1708,0.1750
1779202209.550,0.2925,0.0833,3.00,192.6,-0.71,1.56,-0.59,0.1720,0.1750
1779202209.581,0.2921,0.0811,3.00,192.6,-0.67,2.17,-0.62,0.1729,0.1750
1779202209.616,0.2912,0.0810,3.00,192.6,-0.67,2.44,-0.60,0.1743,0.1750
1779202209.649,0.2897,0.0788,3.00,192.6,-0.57,2.36,-0.51,0.1729,0.1750
1779202209.683,0.2880,0.0786,3.00,192.6,-0.66,1.44,-0.33,0.1733,0.1750
1779202209.753,0.2825,0.0764,3.00,192.6,-0.89,-2.20,0.21,0.1761,0.1750
1779202209.817,0.2822,0.0742,3.00,192.6,-0.90,-2.96,0.43,0.1773,0.1750
1779202209.886,0.2849,0.0721,3.00,192.6,-1.74,-4.59,0.53,0.1891,0.1750
1779202209.951,0.2847,0.0699,3.00,192.6,-2.14,-0.98,-0.25,0.1939,0.1750
1779202210.019,0.2833,0.0677,3.00,192.6,-2.34,-1.54,-0.18,0.1918,0.1750
1779202210.089,0.2820,0.0655,3.00,192.6,-2.30,-2.64,-0.04,0.1882,0.1750
1779202210.155,0.2828,0.0633,3.00,192.6,-2.24,-2.66,-0.07,0.1921,0.1750
1779202210.220,0.2881,0.0611,3.00,192.6,-2.07,-0.04,-0.67,0.1924,0.1750
1779202210.289,0.2889,0.0590,3.00,192.6,-2.12,1.34,-1.09,0.1938,0.1750
1779202210.351,0.2829,0.0568,3.00,192.6,-2.38,2.34,-1.41,0.1888,0.1750
1779202210.419,0.1362,0.0568,3.00,192.6,-2.28,-0.04,-1.31,0.1867,0.1750
1779202210.489,0.1675,0.0568,3.00,192.6,-1.97,3.41,-1.77,0.1839,0.1750
1779202210.556,0.2008,0.0546,4.00,186.3,-1.47,4.99,-1.89,0.1832,0.1750
1779202210.616,0.2174,0.0524,4.00,186.3,-1.40,6.49,-1.82,0.1846,0.1750
1779202210.650,0.2226,0.0502,4.00,186.3,-1.43,5.40,-1.66,0.1857,0.1750
1779202210.718,0.2393,0.0480,4.00,186.3,-1.53,6.68,-1.65,0.1904,0.1750
1779202210.785,0.2512,0.0459,4.00,186.3,-1.61,7.37,-1.65,0.1931,0.1750
1779202210.851,0.2610,0.0437,4.00,186.3,-1.79,8.85,-1.78,0.2100,0.1750
1779202210.923,0.2653,0.0415,4.00,186.3,-2.47,10.94,-2.04,0.3562,0.1750
1779202210.985,0.2688,0.0393,4.00,186.3,-2.51,12.00,-2.18,0.4508,0.1750
1779202211.056,0.2761,0.0371,4.00,186.3,-2.42,13.90,-2.44,0.5249,0.1750
1779202211.119,0.2816,0.0349,4.00,186.3,-2.71,17.92,-3.09,0.5776,0.1750
1779202211.188,0.2828,0.0328,4.00,186.3,-3.96,21.57,-3.96,0.6210,0.1750
1779202211.255,0.2846,0.0306,4.00,186.3,-4.21,22.56,-4.15,0.6540,0.1750
1779202211.323,0.2665,0.0284,4.00,186.3,-1.63,16.94,-2.92,0.6686,0.1750
1779202211.385,0.2639,0.0262,4.00,186.3,-1.87,18.38,-3.06,0.6714,0.1750
1779202211.457,0.2644,0.0240,4.00,186.3,-3.00,20.41,-3.44,0.6762,0.1750
1779202211.522,0.2649,0.0218,4.00,186.3,-2.29,19.00,-3.03,0.6776,0.1750
1779202211.588,0.2644,0.0197,4.00,186.3,-2.05,16.65,-2.66,0.6744,0.1750
1779202211.652,0.2635,0.0175,4.00,186.3,-4.14,21.02,-3.68,0.6747,0.1750
1779202211.724,0.2626,0.0175,4.00,186.3,-3.54,19.70,-3.37,0.6792,0.1750
1779202211.788,0.2620,0.0175,4.00,186.3,-4.56,20.88,-3.78,0.6817,0.1750
1779202211.857,0.2616,0.0175,4.00,186.3,-4.11,20.95,-3.68,0.6840,0.1750
1779202211.923,0.2603,0.0175,4.00,186.3,-4.18,20.88,-3.69,0.6850,0.1750
1779202211.990,0.2597,0.0175,4.00,186.3,-4.22,20.96,-3.69,0.6866,0.1750
1779202212.056,0.2590,0.0175,4.00,186.3,-4.28,20.88,-3.71,0.6840,0.1750
1779202212.124,0.2590,0.0175,4.00,186.3,-4.20,20.50,-3.60,0.6758,0.1750
1779202212.184,0.2520,0.0175,4.00,186.3,-3.12,16.82,-2.96,0.6700,0.1750
1779202212.218,0.2527,0.0174,4.00,186.3,-3.84,14.82,-2.81,0.6649,0.1750
1779202212.285,0.2535,0.0174,4.00,186.3,-6.35,2.28,-1.04,0.6572,0.1750
1779202212.355,0.2557,0.0174,4.00,186.3,-4.10,-12.59,1.50,0.6582,0.1750
1779202212.418,0.2583,0.0174,4.00,186.3,-3.49,-15.64,1.98,0.6637,0.1750
1779202212.486,0.2575,0.0174,4.00,186.3,-5.11,-7.63,1.21,0.6684,0.1750
1779202212.557,0.2579,0.0174,4.00,186.3,-3.04,-15.54,2.19,0.6779,0.1750
1779202212.620,0.2591,0.0174,4.00,186.3,-3.09,-15.28,2.16,0.6936,0.1750
1779202212.688,0.2602,0.0174,4.00,186.3,-6.21,2.97,-0.42,0.6973,0.1750
1779202212.757,0.2598,0.0174,4.00,186.3,-4.76,9.00,-1.28,0.6964,0.1750
1779202212.822,0.2595,0.0175,4.00,186.3,-3.84,18.85,-2.54,0.6545,0.1750
1779202212.887,0.2599,0.0175,4.00,186.3,-4.57,20.84,-3.09,0.5460,0.1750
1779202212.952,0.2580,0.0175,4.00,186.3,-4.80,19.16,-3.21,0.4598,0.1750
1779202213.022,0.2579,0.0175,4.00,186.3,-4.60,16.13,-3.10,0.3610,0.1750
1779202213.090,0.2589,0.0175,4.00,186.3,-4.77,11.99,-2.89,0.2673,0.1750
1779202213.155,0.2604,0.0175,4.00,186.3,-4.07,9.59,-2.52,0.2335,0.1750
1779202213.219,0.2693,0.0175,4.00,186.3,-3.30,7.15,-1.95,0.2073,0.1750
1779202213.290,0.2730,0.0175,4.00,186.3,-2.62,4.87,-1.45,0.1931,0.1750
1779202213.355,0.2744,0.0175,4.00,186.3,-2.02,5.07,-1.36,0.1834,0.1750
1779202213.420,0.2746,0.0175,4.00,186.3,-1.49,5.17,-1.17,0.1778,0.1750
1779202213.491,0.2749,0.0175,4.00,186.3,-1.14,5.16,-1.05,0.1704,0.1750
1779202213.550,0.2758,0.0175,4.00,186.3,-0.84,5.09,-0.88,0.1631,0.1750
1779202213.619,0.2773,0.0175,4.00,186.3,-0.64,5.00,-0.84,0.1542,0.1750
1779202213.689,0.2762,0.0175,4.00,186.3,-0.54,4.94,-0.76,0.1469,0.1750
1779202213.753,0.2755,0.0175,4.00,186.3,-0.46,5.03,-0.77,0.1427,0.1750
1779202213.819,0.2752,0.0175,4.00,186.3,-0.34,5.33,-0.77,0.1427,0.1750
1779202213.888,0.2750,0.0175,4.00,186.3,-0.35,5.33,-0.76,0.1467,0.1750
1779202213.952,0.2746,0.0175,4.00,186.3,-0.77,5.64,-0.82,0.1606,0.1750
1779202214.021,0.2744,0.0175,4.00,186.3,-1.09,6.29,-0.95,0.1738,0.1750
1779202214.091,0.2733,0.0175,4.00,186.3,-1.16,6.95,-1.06,0.1789,0.1750
1779202214.157,0.2727,0.0175,4.00,186.3,-1.14,7.04,-1.04,0.1827,0.1750
1779202214.223,0.2729,0.0175,4.00,186.3,-1.16,6.85,-1.01,0.1848,0.1750
1779202214.291,0.2730,0.0175,4.00,186.3,-1.25,6.98,-1.06,0.1873,0.1750
1779202214.357,0.2729,0.0175,4.00,186.3,-1.36,6.52,-0.94,0.2012,0.1750
1779202214.423,0.2725,0.0175,4.00,186.3,-1.36,7.52,-1.07,0.2236,0.1750
1779202214.488,0.2717,0.0175,4.00,186.3,-1.43,11.31,-1.51,0.3396,0.1750
1779202214.556,0.2750,0.0175,4.00,186.3,-1.69,13.80,-1.87,0.3868,0.1750
1779202214.621,0.2782,0.0175,4.00,186.3,-1.71,14.66,-2.05,0.4067,0.1750
1779202214.692,0.2810,0.0175,4.00,186.3,-1.95,17.44,-2.48,0.4566,0.1750
1779202214.753,0.2827,0.0175,4.00,186.3,-2.66,19.10,-2.88,0.5098,0.1750
1779202214.822,0.2864,0.0175,4.00,186.3,-3.35,21.83,-3.42,0.5799,0.1750
1779202214.891,0.2872,0.0175,4.00,186.3,-3.82,23.30,-3.79,0.6446,0.1750
1779202214.954,0.2873,0.0175,4.00,186.3,-4.01,23.95,-3.95,0.6894,0.1750
1779202215.025,0.2878,0.0175,4.00,186.3,-4.16,24.20,-4.05,0.7127,0.1750
1779202215.090,0.2872,0.0175,4.00,186.3,-4.54,24.09,-4.13,0.7275,0.1750
1779202215.156,0.2870,0.0175,4.00,186.3,-4.42,23.78,-4.08,0.7364,0.1750
1779202215.224,0.2866,0.0175,4.00,186.3,-4.10,23.35,-3.96,0.7382,0.1750
1779202215.288,0.2861,0.0175,4.00,186.3,-4.33,23.30,-3.99,0.7368,0.1750
1779202215.353,0.2869,0.0175,4.00,186.3,-3.69,22.45,-3.69,0.7384,0.1750
1779202215.421,0.2879,0.0175,4.00,186.3,-2.49,21.26,-3.25,0.7437,0.1750
1779202215.489,0.2880,0.0175,4.00,186.3,-3.24,21.65,-3.61,0.7337,0.1750
1779202215.558,0.2889,0.0175,4.00,186.3,-5.08,23.36,-4.45,0.7137,0.1750
1779202215.621,0.2883,0.0175,4.00,186.3,-5.30,23.04,-4.54,0.7045,0.1750
1779202215.691,0.2878,0.0175,4.00,186.3,-5.14,22.84,-4.55,0.6872,0.1750
1779202215.757,0.2875,0.0175,4.00,186.3,-4.82,22.73,-4.51,0.6721,0.1750
1779202215.825,0.2877,0.0175,4.00,186.3,-4.68,22.32,-4.43,0.6613,0.1750
1779202215.888,0.2881,0.0175,4.00,186.3,-4.67,21.97,-4.32,0.6610,0.1750
1779202215.954,0.2877,0.0175,4.00,186.3,-5.52,21.57,-4.36,0.6848,0.1750
1779202216.022,0.2876,0.0175,4.00,186.3,-5.86,18.71,-3.86,0.7081,0.1750
1779202216.092,0.2878,0.0175,4.00,186.3,-6.34,-1.54,-0.52,0.7210,0.1750
1779202216.158,0.2883,0.0175,4.00,186.3,-0.87,17.60,-2.53,0.7456,0.1750
1779202216.224,0.2888,0.0175,4.00,186.3,-2.24,12.92,-2.18,0.7629,0.1750
1779202216.290,0.2887,0.0175,4.00,186.3,-5.81,-10.02,1.18,0.7741,0.1750
1779202216.359,0.2914,0.0175,4.00,186.3,-7.51,0.45,-0.49,0.7774,0.1750
1779202216.425,0.2934,0.0175,4.00,186.3,-6.31,8.49,-1.78,0.7883,0.1750
1779202216.492,0.2929,0.0175,4.00,186.3,-4.52,22.17,-3.51,0.7978,0.1750
1779202216.559,0.2949,0.0175,4.00,186.3,-5.37,23.47,-3.93,0.8070,0.1750
1779202216.623,0.2958,0.0175,4.00,186.3,-5.17,23.15,-3.80,0.8047,0.1750
1779202216.692,0.2955,0.0175,4.00,186.3,-5.62,23.00,-3.87,0.8002,0.1750
1779202216.756,0.2948,0.0175,4.00,186.3,-5.50,23.15,-3.86,0.7965,0.1750
1779202216.822,0.2946,0.0175,4.00,186.3,-5.40,23.07,-3.82,0.7943,0.1750
1779202216.892,0.2942,0.0175,4.00,186.3,-5.56,23.19,-3.86,0.7904,0.1750
1779202216.959,0.2942,0.0175,4.00,186.3,-5.62,23.62,-3.95,0.7944,0.1750
1779202217.025,0.2936,0.0175,4.00,186.3,-6.10,24.21,-4.14,0.7931,0.1750
1779202217.090,0.2933,0.0175,4.00,186.3,-6.12,24.31,-4.13,0.7919,0.1750
1779202217.155,0.2932,0.0175,4.00,186.3,-6.19,24.49,-4.15,0.7907,0.1750
1779202217.223,0.2930,0.0175,4.00,186.3,-6.29,24.64,-4.19,0.7908,0.1750
1779202217.290,0.2929,0.0175,4.00,186.3,-6.36,24.76,-4.21,0.7894,0.1750
1779202217.357,0.2922,0.0175,4.00,186.3,-6.32,24.70,-4.20,0.7946,0.1750
1779202217.421,0.2921,0.0175,4.00,186.3,-6.32,24.72,-4.20,0.7938,0.1750
1779202217.487,0.2921,0.0175,4.00,186.3,-6.36,24.77,-4.22,0.7928,0.1750
1779202217.556,0.2917,0.0175,4.00,186.3,-6.08,24.66,-4.12,0.7893,0.1750
1779202217.625,0.2915,0.0175,4.00,186.3,-6.17,24.77,-4.15,0.7851,0.1750
1779202217.688,0.2917,0.0175,4.00,186.3,-6.25,24.82,-4.17,0.7740,0.1750
1779202217.755,0.2912,0.0175,4.00,186.3,-6.55,24.95,-4.21,0.7625,0.1750
1779202217.822,0.2917,0.0175,4.00,186.3,-6.59,24.72,-4.17,0.7565,0.1750
1779202217.887,0.2915,0.0175,4.00,186.3,-6.47,24.66,-4.14,0.7467,0.1750
1779202217.959,0.2919,0.0175,4.00,186.3,-6.38,24.68,-4.15,0.7391,0.1750
1779202218.027,0.2920,0.0175,4.00,186.3,-6.31,24.30,-4.08,0.7143,0.1750
1779202218.091,0.2911,0.0175,4.00,186.3,-5.97,23.75,-3.98,0.6779,0.1750
1779202218.156,0.2897,0.0175,4.00,186.3,-5.52,22.98,-3.88,0.6383,0.1750
1779202218.221,0.2897,0.0175,4.00,186.3,-5.04,21.70,-3.73,0.5768,0.2125
1779202218.291,0.2896,0.0175,4.00,186.3,-4.61,19.57,-3.45,0.4816,0.2125
1779202218.359,0.2893,0.0175,3.00,186.3,-4.74,15.83,-2.99,0.4085,0.2125
1779202218.422,0.2883,0.0175,3.00,186.3,-4.80,13.53,-2.68,0.3780,0.2125
1779202218.489,0.2879,0.0175,3.00,186.3,-4.53,11.16,-2.22,0.3513,0.2125
1779202218.557,0.2875,0.0175,3.00,186.3,-4.20,10.28,-1.98,0.3288,0.2125
1779202218.627,0.2865,0.0175,3.00,186.3,-3.86,9.10,-1.72,0.3046,0.2125
1779202218.689,0.2857,0.0175,3.00,186.3,-3.33,9.51,-1.65,0.2853,0.2125
1779202218.757,0.2848,0.0175,3.00,186.3,-3.06,9.33,-1.50,0.2603,0.2125
1779202218.826,0.2847,0.0175,3.00,186.3,-2.97,8.36,-1.33,0.2371,0.2125
1779202218.890,0.2824,0.0175,3.00,186.3,-2.89,8.05,-1.23,0.2245,0.2125
1779202218.961,0.2819,0.0175,3.00,186.3,-2.72,7.77,-1.16,0.2123,0.2125
1779202219.028,0.2809,0.0175,3.00,186.3,-2.70,7.41,-1.10,0.2003,0.2125
1779202219.092,0.2803,0.0175,3.00,186.3,-2.60,7.15,-1.06,0.1936,0.2125
1779202219.158,0.2803,0.0175,3.00,186.3,-2.48,7.04,-1.03,0.1897,0.2125
1779202219.228,0.2800,0.0175,3.00,186.3,-2.41,6.96,-1.02,0.1859,0.2125
1779202219.291,0.2796,0.0175,3.00,186.3,-2.39,6.92,-1.02,0.1830,0.2125
1779202219.357,0.2791,0.0175,3.00,186.3,-2.34,6.85,-1.01,0.1814,0.2125
1779202219.426,0.2782,0.0175,3.00,186.3,-2.32,6.83,-1.01,0.1796,0.2125
1779202219.494,0.2785,0.0175,3.00,186.3,-2.21,6.71,-0.99,0.1793,0.2125
1779202219.558,0.2782,0.0175,3.00,186.3,-2.12,6.84,-1.00,0.1788,0.2125
1779202219.627,0.2781,0.0175,3.00,186.3,-2.12,7.13,-1.06,0.1791,0.2125
1779202219.688,0.2774,0.0175,3.00,186.3,-2.14,7.23,-1.08,0.1790,0.2125
1779202219.758,0.2773,0.0175,3.00,186.3,-2.15,7.36,-1.11,0.1792,0.2125
1779202219.825,0.2765,0.0175,3.00,186.3,-2.16,7.42,-1.12,0.1793,0.2125
1779202219.889,0.2769,0.0175,3.00,186.3,-2.13,7.48,-1.09,0.1790,0.2125
1779202219.959,0.2779,0.0175,3.00,186.3,-1.98,7.56,-1.06,0.1777,0.2125
1779202220.027,0.2787,0.0175,3.00,186.3,-1.90,7.62,-1.05,0.1769,0.2125
1779202220.094,0.2787,0.0175,3.00,186.3,-1.93,7.73,-1.07,0.1760,0.2125
1779202220.158,0.2786,0.0175,3.00,186.3,-1.95,7.70,-1.08,0.1753,0.2125
1779202220.226,0.2804,0.0175,3.00,186.3,-1.94,7.55,-1.07,0.1756,0.2125
1779202220.289,0.2828,0.0175,3.00,186.3,-1.88,7.47,-1.10,0.1752,0.2125
1779202220.361,0.2865,0.0175,3.00,186.3,-1.84,7.40,-1.10,0.1761,0.2125
1779202220.428,0.2869,0.0175,3.00,186.3,-1.86,7.38,-1.08,0.1774,0.2125
1779202220.494,0.2863,0.0175,3.00,186.3,-1.76,7.41,-1.09,0.1780,0.2125
1779202220.559,0.2864,0.0175,3.00,186.3,-1.65,7.43,-1.07,0.1774,0.2125
1779202220.624,0.2862,0.0175,3.00,186.3,-1.67,7.38,-1.06,0.1776,0.2125
1779202220.689,0.2853,0.0175,3.00,186.3,-1.69,7.50,-1.09,0.1784,0.2125
1779202220.761,0.2845,0.0175,3.00,186.3,-1.88,7.87,-1.13,0.1832,0.2125
1779202220.828,0.2843,0.0175,3.00,186.3,-2.06,8.74,-1.24,0.1909,0.2125
1779202220.892,0.2845,0.0175,3.00,186.3,-2.24,9.38,-1.32,0.2089,0.2125
1779202220.961,0.2844,0.0175,3.00,186.3,-2.34,10.33,-1.38,0.2394,0.2125
1779202221.027,0.2851,0.0175,3.00,186.3,-2.48,12.06,-1.61,0.2876,0.2125
1779202221.089,0.2856,0.0175,3.00,186.3,-2.81,13.41,-1.88,0.3167,0.2125
1779202221.157,0.2871,0.0175,3.00,186.3,-2.98,14.04,-2.00,0.3311,0.2125
1779202221.228,0.2885,0.0175,3.00,186.3,-3.27,15.07,-2.18,0.3580,0.2125
1779202221.291,0.2904,0.0175,3.00,186.3,-3.56,16.83,-2.41,0.3880,0.2125
1779202221.361,0.2944,0.0175,3.00,186.3,-3.72,18.41,-2.68,0.4354,0.2125
1779202221.422,0.2966,0.0175,3.00,186.3,-4.17,20.36,-3.14,0.4936,0.2125
1779202221.494,0.2973,0.0175,3.00,186.3,-4.51,22.71,-3.60,0.5562,0.2125
1779202221.561,0.2982,0.0175,3.00,186.3,-4.58,23.40,-3.68,0.5759,0.2125
1779202221.625,0.2979,0.0175,3.00,186.3,-4.70,24.08,-3.81,0.5852,0.2125
1779202221.695,0.2966,0.0175,3.00,186.3,-4.82,24.34,-3.88,0.5932,0.2125
1779202221.760,0.2950,0.0175,3.00,186.3,-4.93,24.74,-3.99,0.6111,0.2125
1779202221.826,0.2949,0.0175,3.00,186.3,-4.94,24.97,-4.01,0.6338,0.2125
1779202221.890,0.2945,0.0175,3.00,186.3,-5.02,25.25,-4.04,0.6509,0.2125
1779202221.960,0.2947,0.0175,3.00,186.3,-5.12,25.28,-4.07,0.6621,0.2125
1779202222.025,0.2951,0.0175,3.00,186.3,-5.13,25.43,-4.10,0.6665,0.2125
1779202222.091,0.2944,0.0175,3.00,186.3,-5.19,25.36,-4.09,0.6721,0.2125
1779202222.162,0.2949,0.0175,3.00,186.3,-5.24,25.31,-4.12,0.6748,0.2125
1779202222.225,0.2952,0.0175,3.00,186.3,-5.23,25.41,-4.15,0.6762,0.2125
1779202222.292,0.2957,0.0175,3.00,186.3,-5.24,25.48,-4.13,0.6813,0.2125
1779202222.361,0.2953,0.0175,3.00,186.3,-5.32,25.49,-4.11,0.6876,0.2125
1779202222.426,0.2969,0.0175,3.00,186.3,-5.37,25.52,-4.10,0.6913,0.2125
1779202222.494,0.2963,0.0175,3.00,186.3,-5.39,25.51,-4.08,0.6939,0.2125
1779202222.562,0.2961,0.0175,3.00,186.3,-5.46,25.44,-4.06,0.6945,0.2125
1779202222.624,0.2957,0.0175,3.00,186.3,-5.58,25.46,-4.09,0.6986,0.2125
1779202222.691,0.2960,0.0175,3.00,186.3,-5.61,25.52,-4.09,0.7030,0.2125
1779202222.757,0.2965,0.0175,3.00,186.3,-5.60,25.59,-4.09,0.7028,0.2125
1779202222.822,0.2965,0.0175,3.00,186.3,-5.59,25.59,-4.08,0.7037,0.2125
1779202222.856,0.2963,0.0175,3.00,186.3,-5.58,25.56,-4.08,0.7037,0.2125
1779202222.925,0.2966,0.0175,3.00,186.3,-5.58,25.58,-4.10,0.7038,0.2125
1779202222.991,0.2964,0.0175,3.00,186.3,-5.57,25.53,-4.07,0.7040,0.2125
1779202223.061,0.2964,0.0175,3.00,186.3,-5.55,25.68,-4.09,0.7070,0.2125
1779202223.128,0.2966,0.0175,3.00,186.3,-5.52,25.83,-4.13,0.7095,0.2125
1779202223.192,0.2969,0.0175,3.00,186.3,-5.56,25.56,-4.15,0.7091,0.2125
1779202223.258,0.2963,0.0175,3.00,186.3,-5.57,25.65,-4.23,0.7122,0.2125
1779202223.325,0.2965,0.0175,3.00,186.3,-5.54,25.82,-4.27,0.7137,0.2125
1779202223.396,0.2970,0.0175,3.00,186.3,-5.50,26.08,-4.32,0.7157,0.2125
1779202223.462,0.2976,0.0175,3.00,186.3,-5.50,26.26,-4.36,0.7192,0.2125
1779202223.529,0.2982,0.0175,3.00,186.3,-5.48,26.40,-4.41,0.7203,0.2125
1779202223.592,0.2987,0.0175,3.00,186.3,-5.45,26.50,-4.43,0.7201,0.2125
1779202223.661,0.2978,0.0175,3.00,186.3,-5.43,26.53,-4.45,0.7196,0.2125
1779202223.728,0.2973,0.0175,3.00,186.3,-5.44,26.54,-4.44,0.7202,0.2125
1779202223.795,0.2957,0.0175,3.00,186.3,-5.46,26.58,-4.44,0.7200,0.2125
1779202223.860,0.2935,0.0175,3.00,186.3,-5.53,26.62,-4.46,0.7219,0.2125
1779202223.924,0.2942,0.0175,3.00,186.3,-5.66,26.71,-4.51,0.7317,0.2125
1779202223.996,0.2932,0.0175,3.00,186.3,-5.76,26.60,-4.47,0.7460,0.2125
1779202224.062,0.2921,0.0175,3.00,186.3,-5.84,26.84,-4.51,0.7562,0.2125
1779202224.129,0.2914,0.0175,3.00,186.3,-5.80,26.81,-4.51,0.7545,0.2125
1779202224.193,0.2908,0.0175,3.00,186.3,-5.71,26.92,-4.52,0.7533,0.2125
1779202224.257,0.2904,0.0175,3.00,186.3,-5.79,26.77,-4.51,0.7500,0.2125
1779202224.327,0.2908,0.0175,3.00,186.3,-5.77,26.78,-4.53,0.7489,0.2125
1779202224.392,0.2906,0.0175,3.00,186.3,-5.84,26.57,-4.51,0.7460,0.2125
1779202224.461,0.2906,0.0175,3.00,186.3,-5.84,26.62,-4.52,0.7390,0.2125
1779202224.525,0.2911,0.0175,3.00,186.3,-5.86,26.65,-4.51,0.7384,0.2125
1779202224.592,0.2911,0.0175,3.00,186.3,-5.89,26.58,-4.50,0.7360,0.2125
1779202224.659,0.2913,0.0153,3.00,186.3,-5.90,26.55,-4.50,0.7332,0.2125
1779202224.726,0.2918,0.0131,3.00,186.3,-6.01,26.47,-4.49,0.7350,0.2125
1779202224.795,0.2919,0.0109,3.00,186.3,-5.98,26.45,-4.49,0.7305,0.2125
1779202224.859,0.2918,0.0088,3.00,186.3,-6.05,26.21,-4.43,0.7291,0.2125
1779202224.924,0.2920,0.0088,3.00,186.3,-6.11,26.13,-4.42,0.7189,0.2125
1779202224.994,0.2918,0.0088,3.00,186.3,-6.22,25.84,-4.37,0.7130,0.2125
1779202225.060,0.2917,0.0088,3.00,186.3,-6.27,25.59,-4.35,0.7103,0.2125
1779202225.125,0.2919,0.0088,3.00,186.3,-6.32,25.52,-4.32,0.7064,0.2125
1779202225.192,0.2928,0.0088,3.00,186.3,-6.28,25.51,-4.28,0.6820,0.2125
1779202225.256,0.2928,0.0088,3.00,186.3,-6.25,25.36,-4.22,0.6693,0.2125
1779202225.291,0.2925,0.0088,3.00,186.3,-6.25,25.25,-4.20,0.6616,0.2125
1779202225.358,0.2923,0.0088,3.00,186.3,-6.04,24.94,-4.06,0.6243,0.2125
1779202225.426,0.2917,0.0088,3.00,186.3,-5.49,23.72,-3.70,0.5408,0.2500
1779202225.494,0.2915,0.0088,3.00,186.3,-5.16,20.32,-2.81,0.4618,0.2500
1779202225.563,0.2935,0.0088,3.00,186.3,-4.90,16.84,-1.98,0.4109,0.2500
1779202225.628,0.2911,0.0066,3.00,186.3,-4.23,15.32,-1.64,0.3681,0.2500
1779202225.697,0.2904,0.0044,3.00,186.3,-3.64,13.00,-1.41,0.3378,0.2500
1779202225.762,0.2893,0.0044,3.00,186.3,-2.91,11.66,-1.31,0.3076,0.2500
1779202225.829,0.2886,0.0044,3.00,186.3,-2.40,11.31,-1.18,0.2717,0.2500
1779202225.893,0.2881,0.0044,3.00,186.3,-2.24,11.11,-1.15,0.2564,0.2500
1779202225.964,0.2879,0.0044,3.00,186.3,-2.10,10.66,-1.09,0.2388,0.2500
1779202226.029,0.2878,0.0044,3.00,186.3,-1.98,10.57,-1.06,0.2333,0.2500
1779202226.097,0.2878,0.0044,3.00,186.3,-1.92,10.64,-1.06,0.2221,0.2500
1779202226.161,0.2881,0.0044,3.00,186.3,-1.85,10.81,-1.12,0.2075,0.2500
1779202226.230,0.2879,0.0044,3.00,186.3,-1.79,10.63,-1.12,0.1910,0.2500
1779202226.296,0.2876,0.0044,3.00,186.3,-1.68,10.69,-1.17,0.1786,0.2500
1779202226.362,0.2872,0.0044,3.00,186.3,-1.58,11.12,-1.26,0.1725,0.2500
1779202226.431,0.2869,0.0044,3.00,186.3,-1.53,11.28,-1.31,0.1709,0.2500
1779202226.496,0.2870,0.0044,3.00,186.3,-1.51,12.00,-1.43,0.1667,0.2500
1779202226.561,0.2877,0.0044,3.00,186.3,-1.81,12.81,-1.51,0.1543,0.2500
1779202226.627,0.2880,0.0044,3.00,186.3,-2.18,13.92,-1.62,0.1509,0.2500
1779202226.693,0.2890,0.0044,3.00,186.3,-2.18,14.55,-1.73,0.1542,0.2500
1779202226.759,0.2898,0.0044,3.00,186.3,-2.18,15.40,-1.80,0.1587,0.2500
1779202226.828,0.2901,0.0044,3.00,186.3,-2.23,15.90,-1.78,0.1754,0.2500
1779202226.898,0.2899,0.0044,3.00,186.3,-2.28,16.18,-1.78,0.1803,0.2500
1779202226.961,0.2904,0.0044,3.00,186.3,-2.26,16.37,-1.80,0.1851,0.2500
1779202227.031,0.2914,0.0044,3.00,186.3,-2.12,17.61,-2.05,0.1918,0.2500
1779202227.097,0.2917,0.0044,3.00,186.3,-2.02,17.80,-2.08,0.1923,0.2500
1779202227.159,0.2489,0.0044,3.00,186.3,-2.27,18.63,-1.87,0.2020,0.2500
1779202227.229,0.2494,0.0044,3.00,186.3,-2.35,19.42,-1.95,0.2089,0.2500
1779202227.292,0.2632,0.0044,3.00,186.3,-2.21,19.39,-1.94,0.2171,0.2500
1779202227.360,0.2736,0.0044,3.00,186.3,-2.05,19.10,-1.91,0.2185,0.2500
1779202227.431,0.2799,0.0044,3.00,186.3,-1.85,18.37,-1.99,0.2150,0.2500
1779202227.493,0.2812,0.0044,3.00,186.3,-1.81,17.73,-1.94,0.2037,0.2500
1779202227.559,0.2853,0.0044,3.00,186.3,-1.70,16.98,-1.94,0.1736,0.2500
1779202227.633,0.2958,0.0044,3.00,186.3,-0.95,15.70,-1.69,0.1475,0.2500
1779202227.693,0.2985,0.0044,3.00,186.3,-0.46,14.77,-1.45,0.1333,0.2500
1779202227.759,0.2967,0.0044,3.00,186.3,-0.16,14.12,-1.33,0.1307,0.2500
1779202227.830,0.2944,0.0044,3.00,186.3,-0.23,14.15,-1.33,0.1263,0.2500
1779202227.895,0.2934,0.0044,3.00,186.3,-0.07,14.24,-1.25,0.1162,0.2500
1779202227.960,0.2931,0.0044,3.00,186.3,0.02,14.39,-1.22,0.1115,0.2500
1779202228.030,0.2933,0.0044,3.00,186.3,0.04,14.29,-1.21,0.0919,0.2500
1779202228.097,0.2935,0.0044,3.00,186.3,0.27,13.40,-1.05,0.0897,0.2500
1779202228.164,0.2933,0.0044,3.00,186.3,0.36,13.02,-1.13,0.0901,0.2500
1779202228.231,0.2935,0.0044,3.00,186.3,0.11,12.50,-1.13,0.0925,0.2500
1779202228.293,0.2939,0.0044,3.00,186.3,-0.05,12.21,-1.11,0.0966,0.2500
1779202228.363,0.2931,0.0044,3.00,186.3,-0.16,11.92,-1.08,0.0987,0.2500
1779202228.431,0.2916,0.0044,3.00,186.3,-0.29,11.90,-1.09,0.1008,0.2500
1779202228.498,0.2912,0.0044,3.00,186.3,-0.45,11.70,-1.14,0.1054,0.2500
1779202228.563,0.2915,0.0044,3.00,186.3,-1.13,11.32,-1.10,0.1173,0.2500
1779202228.629,0.2896,0.0044,3.00,186.3,-1.13,10.69,-0.91,0.1175,0.2500
1779202228.694,0.2879,0.0044,3.00,186.3,-1.19,10.90,-0.96,0.1189,0.2500
1779202228.765,0.2880,0.0044,3.00,186.3,-1.18,10.91,-0.96,0.1225,0.2500
1779202228.828,0.2890,0.0044,3.00,186.3,-1.34,11.00,-1.00,0.1241,0.2500
1779202228.895,0.2899,0.0044,3.00,186.3,-1.44,11.18,-1.05,0.1250,0.2500
1779202228.962,0.2899,0.0044,3.00,186.3,-1.53,11.20,-1.08,0.1248,0.2500
1779202229.029,0.2909,0.0044,3.00,186.3,-1.75,11.15,-1.40,0.1289,0.2500
1779202229.096,0.2918,0.0044,3.00,186.3,-1.79,10.85,-1.60,0.1187,0.2500
1779202229.155,0.2920,0.0044,3.00,186.3,-1.60,10.54,-1.81,0.1193,0.2500
1779202229.192,0.2916,0.0044,3.00,186.3,-1.63,10.30,-1.90,0.1208,0.2500
1779202229.226,0.2916,0.0044,3.00,186.3,-1.54,10.78,-2.07,0.1210,0.2500
1779202229.260,0.2921,0.0044,3.00,186.3,-1.49,10.87,-2.11,0.1212,0.2500
1779202229.291,0.2921,0.0044,3.00,186.3,-1.41,11.04,-2.15,0.1203,0.2500
1779202229.328,0.2923,0.0044,3.00,186.3,-1.41,11.10,-2.16,0.1198,0.2500
1779202229.393,0.2921,0.0044,3.00,186.3,-1.37,11.34,-2.12,0.1206,0.2500
1779202229.425,0.2920,0.0043,3.00,186.3,-1.32,10.86,-1.97,0.1209,0.2500
1779202229.460,0.2918,0.0043,3.00,186.3,-1.27,9.76,-1.72,0.1206,0.2500
1779202229.491,0.2918,0.0043,3.00,186.3,-1.25,8.98,-1.56,0.1202,0.2500
1779202229.527,0.2917,0.0043,3.00,186.3,-1.24,8.65,-1.46,0.1195,0.2500
1779202229.598,0.2914,0.0043,3.00,186.3,-1.20,8.69,-1.43,0.1198,0.2500
1779202229.661,0.2915,0.0043,3.00,186.3,-1.19,8.89,-1.37,0.1214,0.2500
1779202229.731,0.2915,0.0043,3.00,186.3,-1.18,9.19,-1.33,0.1231,0.2500
1779202229.794,0.2914,0.0043,3.00,186.3,-1.22,9.11,-1.26,0.1247,0.2500
1779202229.865,0.2913,0.0043,3.00,186.3,-1.21,9.39,-1.26,0.1247,0.2500
1779202229.932,0.2914,0.0043,3.00,186.3,-1.17,9.81,-1.28,0.1240,0.2500
1779202229.995,0.2913,0.0043,3.00,186.3,-1.17,9.82,-1.27,0.1256,0.2500
1779202230.064,0.2911,0.0043,3.00,186.3,-1.23,9.79,-1.28,0.1275,0.2500
1779202230.129,0.2910,0.0043,3.00,186.3,-1.29,10.22,-1.34,0.1260,0.2500
1779202230.199,0.2914,0.0043,3.00,186.3,-1.59,10.46,-1.39,0.1255,0.2500
1779202230.262,0.2906,0.0043,3.00,186.3,-1.93,11.05,-1.50,0.1242,0.2500
1779202230.330,0.2895,0.0043,3.00,186.3,-2.08,11.09,-1.53,0.1258,0.2500
1779202230.397,0.2880,0.0043,3.00,186.3,-2.23,12.52,-1.66,0.1311,0.2500
1779202230.462,0.3096,0.0043,3.00,186.3,-2.08,13.01,-1.68,0.1350,0.2500
1779202230.530,0.3307,0.0043,3.00,186.3,-1.73,14.02,-1.66,0.1417,0.2500
1779202230.595,0.3378,0.0043,3.00,186.3,-1.57,14.57,-1.67,0.1468,0.2500
1779202230.666,0.3364,0.0043,3.00,186.3,-1.36,15.74,-1.74,0.1540,0.2500
1779202230.726,0.3468,0.0043,3.00,186.3,-1.41,16.12,-1.71,0.1624,0.2500
1779202230.789,0.3088,0.0043,3.00,186.3,-2.08,16.90,-1.69,0.1716,0.2500
1779202230.828,0.2582,0.0043,3.00,186.3,-2.80,19.47,-2.15,0.1765,0.2500
1779202230.895,0.2548,0.0043,3.00,186.3,-4.43,16.58,-2.03,0.1804,0.2500
1779202230.966,0.3306,0.0043,3.00,186.3,-4.27,15.67,-1.83,0.1840,0.2500
1779202231.032,0.3530,0.0043,3.00,186.3,-4.77,-12.96,1.75,0.1871,0.2500
1779202231.100,0.3481,0.0043,3.00,186.3,-4.87,-14.60,1.50,0.1740,0.2500
1779202231.162,0.3495,0.0043,3.00,186.3,-5.94,-14.29,1.21,0.1626,0.2500
1779202231.230,0.3532,0.0043,3.00,186.3,-6.92,-13.74,1.38,0.1693,0.2500
1779202231.298,0.3444,0.0043,3.00,186.3,-7.94,-13.52,1.63,0.1643,0.2500
1779202231.366,0.3473,0.0043,3.00,186.3,-8.41,-12.17,1.31,0.1753,0.2500
1779202231.428,0.3494,0.0043,3.00,186.3,-9.40,-11.98,1.36,0.1870,0.2500
1779202231.502,0.3508,0.0043,3.00,186.3,5.89,21.64,179.99,0.2038,0.2500
1779202231.564,0.3396,0.0043,3.00,186.3,-10.93,-11.40,0.79,0.2044,0.2500
1779202231.633,0.3394,0.0043,3.00,186.3,-11.00,-11.73,0.68,0.2229,0.2500
1779202231.694,0.3405,0.0043,3.00,186.3,-11.30,-9.35,-0.01,0.2304,0.2500
1779202231.765,0.3445,0.0043,3.00,186.3,-11.96,-8.43,-0.58,0.2540,0.2500
1779202231.828,0.3371,0.0043,3.00,186.3,-13.26,-7.75,-0.87,0.2515,0.2500
1779202231.900,0.3271,0.0043,3.00,186.3,-13.74,-7.93,-0.95,0.2525,0.2500
1779202231.963,0.3215,0.0043,3.00,186.3,-15.25,-6.78,-1.11,0.2410,0.2525
1779202232.033,0.3154,0.0043,3.00,186.3,-17.59,-6.01,-1.17,0.2198,0.2759
1779202232.098,0.3126,0.0043,3.00,186.3,-19.02,-4.31,-1.44,0.2063,0.2902
1779202232.157,0.3073,0.0043,3.00,186.3,-22.08,-3.51,-1.51,0.2264,0.3208
1779202232.193,0.3031,0.0043,3.00,186.3,-23.88,-3.05,-1.43,0.2291,0.3388
1779202232.228,0.3003,0.0043,3.00,186.3,-25.26,-2.41,-1.28,0.2256,0.3526
1779202232.259,0.2978,0.0043,3.00,186.3,-27.55,-2.36,-1.16,0.2226,0.3755
1779202232.295,0.2895,0.0043,3.00,186.3,-27.98,-2.01,-1.39,0.2131,0.3798
1779202232.362,0.2928,0.0043,3.00,186.3,-29.03,-1.62,-1.43,0.1987,0.3903
1779202232.429,0.2938,0.0043,3.00,186.3,-31.02,-2.15,-0.96,0.2178,0.4102
1779202232.495,0.2840,0.0043,3.00,186.3,-30.40,-1.98,-1.02,0.2106,0.4040
1779202232.562,0.2761,0.0043,3.00,186.3,-32.26,-2.41,-0.71,0.2213,0.4226
1779202232.631,0.2715,0.0043,3.00,186.3,-32.15,-2.74,-0.67,0.2174,0.4215
1779202232.698,0.2738,0.0043,3.00,186.3,-32.75,-2.89,-0.63,0.2110,0.4275
1779202232.763,0.2724,0.0043,3.00,186.3,-32.97,-3.32,-0.71,0.2120,0.4297
1779202232.832,0.2720,0.0043,3.00,186.3,-32.80,-2.94,-0.74,0.2140,0.4280
1779202232.898,0.2712,0.0043,3.00,186.3,-33.07,-2.69,-0.74,0.2126,0.4307
1779202232.967,0.2693,0.0043,3.00,186.3,-33.06,-2.31,-0.70,0.2106,0.4306
1779202233.029,0.2541,0.0043,3.00,186.3,-33.29,-1.60,-0.52,0.2096,0.4329
1779202233.100,0.2493,0.0043,3.00,186.3,-34.26,-1.50,-0.42,0.2000,0.4426
1779202233.163,0.2508,0.0043,3.00,186.3,-35.03,-0.65,-0.17,0.1955,0.4503
1779202233.234,0.2558,0.0043,3.00,186.3,-35.00,-0.62,0.15,0.2020,0.4500
1779202233.300,0.2567,0.0043,3.00,186.3,-35.30,-0.30,0.09,0.2043,0.4530
1779202233.365,0.2569,0.0043,3.00,186.3,-35.56,0.08,0.07,0.2024,0.4556
1779202233.432,0.2609,0.0043,3.00,186.3,-35.53,0.29,0.13,0.2011,0.4553
1779202233.498,0.2632,0.0043,3.00,186.3,-35.35,0.49,0.18,0.1990,0.4535
1779202233.567,0.2639,0.0043,3.00,186.3,-35.48,0.60,0.27,0.1960,0.4548
1779202233.631,0.2649,0.0043,3.00,186.3,-35.15,0.68,0.34,0.1992,0.4515
1779202233.696,0.2639,0.0043,3.00,186.3,-34.43,1.13,0.49,0.2026,0.4443
1779202233.764,0.2655,0.0043,3.00,186.3,-34.43,0.99,0.50,0.2038,0.4443
1779202233.831,0.2667,0.0043,3.00,186.3,-34.41,0.84,0.53,0.2042,0.4441
1779202233.899,0.2715,0.0043,3.00,186.3,-34.27,1.43,0.36,0.2031,0.4427
1779202233.961,0.2728,0.0043,3.00,186.3,-34.26,2.44,0.13,0.2054,0.4426
1779202234.030,0.2684,0.0043,3.00,186.3,-34.56,3.21,-0.11,0.1999,0.4456
1779202234.101,0.2672,0.0043,3.00,186.3,-35.34,3.34,-0.24,0.1966,0.4534
1779202234.166,0.2629,0.0043,3.00,186.3,-35.99,3.40,-0.20,0.1920,0.4599
1779202234.234,0.2604,0.0043,3.00,186.3,-35.91,3.96,-0.17,0.2059,0.4591
1779202234.299,0.2586,0.0043,3.00,186.3,-35.46,4.02,-0.26,0.2103,0.4546
1779202234.366,0.2581,0.0043,3.00,186.3,-35.88,4.02,-0.38,0.2025,0.4588
1779202234.434,0.2589,0.0043,3.00,186.3,-36.30,3.65,-0.53,0.1936,0.4630
1779202234.497,0.2584,0.0043,3.00,186.3,-36.58,3.08,-0.77,0.1909,0.4658
1779202234.563,0.2575,0.0043,3.00,186.3,-37.32,2.90,-0.82,0.1903,0.4732
1779202234.634,0.2574,0.0043,3.00,186.3,-37.63,2.89,-0.84,0.1883,0.4763
1779202234.700,0.2576,0.0043,3.00,186.3,-38.12,3.08,-0.91,0.1897,0.4812
1779202234.763,0.2599,0.0043,3.00,186.3,-37.96,3.42,-1.02,0.1845,0.4796
1779202234.834,0.2599,0.0043,3.00,186.3,-37.76,4.16,-1.15,0.1871,0.4776
1779202234.901,0.2571,0.0043,3.00,186.3,-38.05,4.49,-1.21,0.1821,0.4805
1779202234.966,0.2559,0.0043,3.00,186.3,-37.65,4.71,-1.28,0.1783,0.4765
1779202235.035,0.2566,0.0043,3.00,186.3,-37.14,4.84,-1.23,0.1790,0.4714
1779202235.098,0.2552,0.0043,3.00,186.3,-37.28,4.75,-1.20,0.1765,0.4728
1779202235.164,0.2544,0.0043,3.00,186.3,-37.24,4.73,-1.27,0.1718,0.4724
1779202235.234,0.2549,0.0043,3.00,186.3,-37.16,4.76,-1.39,0.1692,0.4716
1779202235.301,0.2547,0.0043,3.00,186.3,-37.20,4.72,-1.46,0.1672,0.4720
1779202235.363,0.2562,0.0043,3.00,186.3,-36.94,4.82,-1.47,0.1697,0.4694
1779202235.433,0.2587,0.0043,3.00,186.3,-36.79,4.98,-1.38,0.1752,0.4679
1779202235.499,0.2584,0.0043,3.00,186.3,-36.87,5.08,-1.34,0.1735,0.4687
1779202235.568,0.2569,0.0043,3.00,186.3,-36.73,5.21,-1.14,0.1740,0.4673
1779202235.632,0.2588,0.0043,3.00,186.3,-35.65,5.46,-1.02,0.1719,0.4565
1779202235.700,0.2634,0.0043,3.00,186.3,-35.48,5.35,-1.08,0.1839,0.4548
1779202235.766,0.2614,0.0043,3.00,186.3,-32.85,5.81,-1.20,0.1879,0.4285
1779202235.834,0.2525,0.0043,3.00,186.3,-31.72,6.92,-1.60,0.1730,0.4172
1779202235.897,0.2506,0.0043,3.00,186.3,-29.73,7.06,-1.69,0.2030,0.3973
1779202235.968,0.2360,0.0043,3.00,186.3,-15.54,14.84,179.14,0.2024,0.2554
1779202236.033,0.2413,0.0043,3.00,186.3,-15.88,-0.07,-1.17,0.2026,0.2588
1779202236.092,0.2375,0.0043,3.00,186.3,-19.16,10.25,-1.98,0.2175,0.2916
1779202236.129,0.2400,0.0043,3.00,186.3,-17.95,11.94,-2.41,0.2283,0.2795
1779202236.160,0.2282,0.0043,3.00,186.3,-16.43,13.00,-2.65,0.2468,0.2643
1779202236.198,0.2250,0.0043,3.00,186.3,-16.19,12.04,-2.95,0.2708,0.2619
1779202236.263,0.2141,0.0043,3.00,186.3,-14.21,15.84,-4.10,0.3882,0.2500
1779202236.296,0.2154,0.0043,3.00,186.3,-151.12,56.37,-114.72,0.4309,0.5000
1779202236.329,0.2193,0.0043,3.00,186.3,-16.07,-0.11,-4.46,0.4423,0.2607
1779202236.361,0.2244,0.0043,3.00,186.3,-8.84,20.71,-4.17,0.4277,0.2500
1779202236.398,0.2146,0.0043,3.00,186.3,-7.45,22.15,-3.63,0.4288,0.2500
1779202236.463,0.2290,0.0043,3.00,186.3,-10.04,21.96,-2.08,0.2795,0.2500
1779202236.533,0.2422,0.0043,3.00,186.3,-8.40,21.96,-1.65,0.2315,0.2500
1779202236.599,0.2398,0.0043,3.00,186.3,-8.54,19.74,-1.93,0.1912,0.2500
1779202236.664,0.2374,0.0043,3.00,186.3,-8.05,21.03,-2.63,0.1946,0.2500
1779202236.730,0.2479,0.0043,3.00,186.3,-8.99,22.01,-2.66,0.1850,0.2500
1779202236.799,0.2475,0.0043,3.00,186.3,-9.24,22.29,-3.07,0.1969,0.2500
1779202236.869,0.2472,0.0043,3.00,186.3,-8.93,23.19,-2.94,0.2018,0.2500
1779202236.931,0.2544,0.0043,3.00,186.3,-8.36,22.90,-2.71,0.2025,0.2500
1779202237.002,0.2548,0.0043,3.00,186.3,-8.57,24.17,-2.83,0.1992,0.2500
1779202237.069,0.2654,0.0043,3.00,186.3,-7.83,23.89,-3.24,0.1904,0.2500
1779202237.136,0.2733,0.0043,3.00,186.3,-7.48,24.16,-3.25,0.1789,0.2500
1779202237.202,0.2626,0.0043,3.00,186.3,-6.93,23.55,-3.23,0.1750,0.2500
1779202237.264,0.2592,0.0043,3.00,186.3,-6.93,23.64,-3.36,0.1804,0.2500
1779202237.334,0.2600,0.0043,3.00,186.3,-6.37,22.72,-3.40,0.1717,0.2500
1779202237.398,0.2594,0.0043,3.00,186.3,-6.50,23.21,-3.20,0.1776,0.2500
1779202237.466,0.2604,0.0043,3.00,186.3,-5.49,21.95,-3.12,0.1748,0.2500
1779202237.534,0.2570,0.0043,3.00,186.3,-5.48,21.78,-3.08,0.1763,0.2500
1779202237.599,0.2614,0.0043,3.00,186.3,-5.73,22.12,-3.11,0.1772,0.2500
1779202237.666,0.2625,0.0043,3.00,186.3,-6.21,23.00,-3.21,0.1817,0.2500
1779202237.733,0.2642,0.0043,3.00,186.3,-5.75,22.87,-3.14,0.1811,0.2500
1779202237.803,0.2622,0.0043,3.00,186.3,-5.42,22.76,-3.20,0.1833,0.2500
1779202237.863,0.2641,0.0043,3.00,186.3,-5.11,22.20,-3.01,0.1782,0.2500
1779202237.935,0.2677,0.0043,3.00,186.3,-5.08,21.50,-2.74,0.1793,0.2500
1779202238.002,0.2689,0.0043,3.00,186.3,-5.39,21.48,-2.53,0.1694,0.2500
1779202238.069,0.2655,0.0043,3.00,186.3,-4.65,19.30,-1.76,0.1538,0.2500
1779202238.134,0.2181,0.0043,3.00,186.3,-5.00,18.54,-1.19,0.1489,0.2500
1779202238.202,0.0419,0.0064,3.00,186.3,-5.71,17.76,-0.78,0.1607,0.2500
1779202238.264,0.0408,0.0086,3.00,186.3,-4.83,21.21,-2.63,0.1666,0.2500
1779202238.297,0.0623,0.0107,3.00,186.3,-4.40,23.00,-3.27,0.2173,0.2500
1779202238.330,0.1008,0.0128,3.00,186.3,-4.03,24.93,-3.40,0.2273,0.2500
1779202238.365,0.1478,0.0150,3.00,186.3,-3.21,23.60,-2.52,0.2266,0.2500
1779202238.432,0.2273,0.0150,4.00,189.1,-1.89,23.61,-2.07,0.2246,0.2500
1779202238.498,0.2666,0.0150,4.00,189.1,-1.02,23.23,-1.78,0.2157,0.2500
1779202238.568,0.2821,0.0150,4.00,189.1,-0.50,21.68,-1.28,0.2067,0.2500
1779202238.633,0.2823,0.0150,4.00,189.1,-0.23,21.65,-1.13,0.2076,0.2500
1779202238.701,0.2781,0.0150,4.00,189.1,-0.15,21.01,-1.08,0.2021,0.2500
1779202238.769,0.2871,0.0150,4.00,189.1,0.51,21.62,-1.06,0.1975,0.2500
1779202238.833,0.2936,0.0150,4.00,189.1,0.84,20.69,-1.18,0.1916,0.2500
1779202238.900,0.2937,0.0150,4.00,189.1,1.62,18.83,-0.83,0.1825,0.2500
1779202238.968,0.2956,0.0150,4.00,189.1,1.64,16.68,-0.41,0.1807,0.2500
1779202239.037,0.2907,0.0150,4.00,189.1,1.93,16.12,-0.25,0.1742,0.2500
1779202239.099,0.2910,0.0150,4.00,189.1,2.09,15.88,-0.25,0.1701,0.2500
1779202239.166,0.2920,0.0150,4.00,189.1,1.84,16.33,-0.29,0.1748,0.2500
1779202239.238,0.2878,0.0150,4.00,189.1,1.56,16.33,-0.17,0.1745,0.2500
1779202239.300,0.2846,0.0150,4.00,189.1,1.57,15.80,-0.01,0.1736,0.2500
1779202239.367,0.2825,0.0150,4.00,189.1,1.54,15.02,0.17,0.1728,0.2500
1779202239.434,0.2814,0.0150,4.00,189.1,1.77,13.67,0.36,0.1661,0.2500
1779202239.500,0.2768,0.0150,4.00,189.1,1.91,12.57,0.41,0.1596,0.2500
1779202239.567,0.2769,0.0150,4.00,189.1,1.98,11.88,0.50,0.1596,0.2500
1779202239.632,0.2764,0.0151,4.00,189.1,2.00,11.64,0.47,0.1588,0.2500
1779202239.703,0.2884,0.0151,4.00,189.1,2.04,12.07,0.40,0.1613,0.2500
1779202239.766,0.2995,0.0151,4.00,189.1,1.92,12.05,0.40,0.1633,0.2500
1779202239.833,0.2971,0.0151,4.00,189.1,1.80,12.03,0.43,0.1625,0.2500
1779202239.904,0.2961,0.0151,4.00,189.1,1.55,11.06,0.60,0.1615,0.2500
1779202239.969,0.2966,0.0151,4.00,189.1,1.24,10.95,0.62,0.1616,0.2500
1779202240.035,0.2950,0.0151,4.00,189.1,0.82,11.47,0.45,0.1612,0.2500
1779202240.100,0.2942,0.0151,4.00,189.1,0.64,13.84,-0.07,0.1567,0.2500
1779202240.169,0.2979,0.0151,4.00,189.1,0.33,13.99,-0.31,0.1585,0.2500
1779202240.236,0.2968,0.0151,4.00,189.1,0.46,12.55,-0.44,0.1664,0.2500
1779202240.299,0.3025,0.0151,4.00,189.1,0.78,10.61,-0.52,0.1607,0.2500
1779202240.369,0.3076,0.0151,4.00,189.1,0.75,10.71,-0.59,0.1598,0.2500
1779202240.437,0.3095,0.0129,4.00,189.1,0.76,9.41,-0.44,0.1545,0.2500
1779202240.503,0.3091,0.0108,4.00,189.1,0.87,8.82,-0.40,0.1526,0.2500
1779202240.566,0.3075,0.0108,4.00,189.1,1.06,8.47,-0.37,0.1489,0.2500
1779202240.635,0.3067,0.0108,4.00,189.1,1.14,9.12,-0.45,0.1485,0.2500
1779202240.728,0.3091,0.0108,4.00,189.1,1.22,9.66,-0.40,0.1510,0.2500
1779202240.767,0.3103,0.0108,4.00,189.1,1.09,9.98,-0.38,0.1523,0.2500
1779202240.834,0.3108,0.0108,4.00,189.1,1.04,10.39,-0.48,0.1532,0.2500
1779202240.896,0.3105,0.0108,4.00,189.1,1.07,11.26,-0.57,0.1548,0.2500
1779202240.971,0.3104,0.0108,4.00,189.1,0.94,11.74,-0.47,0.1554,0.2500
1779202241.035,0.3114,0.0108,4.00,189.1,0.79,12.84,-0.48,0.1515,0.2500
1779202241.096,0.3108,0.0108,4.00,189.1,0.46,14.05,-0.45,0.1597,0.2500
1779202241.132,0.3119,0.0108,4.00,189.1,0.33,14.47,-0.45,0.1662,0.2500
1779202241.163,0.3114,0.0108,4.00,189.1,0.19,14.92,-0.52,0.1745,0.2500
1779202241.199,0.3112,0.0108,4.00,189.1,0.03,15.25,-0.57,0.1894,0.2500
1779202241.230,0.3118,0.0107,4.00,189.1,-0.04,16.00,-0.64,0.2263,0.2500
1779202241.266,0.3128,0.0107,4.00,189.1,-0.14,15.39,-0.54,0.2502,0.2500
1779202241.297,0.3133,0.0107,4.00,189.1,-0.15,15.10,-0.46,0.2514,0.2500
1779202241.332,0.3133,0.0107,4.00,189.1,-0.03,14.31,-0.30,0.2403,0.2500
1779202241.365,0.3128,0.0107,4.00,189.1,0.24,13.51,-0.25,0.1896,0.2500
1779202241.400,0.3120,0.0107,4.00,189.1,0.58,12.58,-0.14,0.1560,0.2500
1779202241.464,0.3128,0.0107,4.00,189.1,1.13,10.39,0.16,0.1321,0.2500
1779202241.497,0.3134,0.0107,4.00,189.1,1.47,9.55,0.24,0.1187,0.2500
1779202241.534,0.3147,0.0107,4.00,189.1,1.92,8.17,0.46,0.1100,0.2500
1779202241.603,0.3159,0.0107,4.00,189.1,2.26,6.75,0.79,0.1133,0.2500
1779202241.667,0.3159,0.0107,4.00,189.1,2.05,6.34,0.82,0.1110,0.2500
1779202241.732,0.3137,0.0107,4.00,189.1,2.25,5.93,0.77,0.1109,0.2500
1779202241.800,0.3130,0.0107,4.00,189.1,2.42,5.34,0.81,0.1133,0.2500
1779202241.872,0.3133,0.0107,4.00,189.1,2.34,4.72,0.75,0.1142,0.2500
1779202241.933,0.3128,0.0107,4.00,189.1,2.19,3.45,0.81,0.1138,0.2500
1779202242.003,0.3135,0.0107,4.00,189.1,1.60,3.19,0.69,0.1177,0.2500
1779202242.069,0.3123,0.0107,4.00,189.1,1.11,3.42,0.55,0.1190,0.2500
1779202242.138,0.3096,0.0107,4.00,189.1,0.94,5.03,0.19,0.1213,0.2500
1779202242.202,0.3080,0.0107,4.00,189.1,0.84,4.72,0.17,0.1219,0.2500
1779202242.271,0.3064,0.0107,4.00,189.1,0.55,5.16,0.14,0.1239,0.2500
1779202242.331,0.3095,0.0107,4.00,189.1,0.34,5.64,0.04,0.1259,0.2500
1779202242.366,0.3096,0.0107,4.00,189.1,0.32,5.20,0.05,0.1257,0.2500
1779202242.398,0.3104,0.0106,4.00,189.1,0.29,5.22,0.01,0.1256,0.2500
1779202242.431,0.3083,0.0106,4.00,189.1,0.40,6.71,-0.20,0.1265,0.2500
1779202242.466,0.3076,0.0106,4.00,189.1,0.27,6.06,-0.10,0.1273,0.2500
1779202242.497,0.3070,0.0106,4.00,189.1,0.09,5.73,-0.05,0.1282,0.2500
1779202242.533,0.3061,0.0106,4.00,189.1,0.04,3.51,0.21,0.1275,0.2500
1779202242.564,0.3072,0.0106,4.00,189.1,-0.00,2.36,0.36,0.1268,0.2500
1779202242.600,0.3069,0.0106,4.00,189.1,-0.09,1.66,0.43,0.1263,0.2500
1779202242.672,0.3045,0.0106,4.00,189.1,-0.05,4.78,0.24,0.1245,0.2500
1779202242.734,0.3044,0.0106,4.00,189.1,0.07,5.92,0.19,0.1249,0.2500
1779202242.799,0.3071,0.0106,4.00,189.1,0.24,6.36,0.28,0.1247,0.2500
1779202242.870,0.3085,0.0106,4.00,189.1,0.51,7.17,0.24,0.1225,0.2500
1779202242.935,0.2942,0.0106,4.00,189.1,0.14,6.98,0.35,0.1220,0.2500
1779202243.002,0.2871,0.0106,4.00,189.1,0.02,7.09,0.37,0.1226,0.2500
1779202243.073,0.2888,0.0106,4.00,189.1,-0.14,7.56,0.35,0.1186,0.2500
1779202243.138,0.2907,0.0106,4.00,189.1,-0.17,8.39,0.26,0.1210,0.2500
1779202243.203,0.2887,0.0106,4.00,189.1,-0.33,9.92,0.01,0.1258,0.2500
1779202243.269,0.2891,0.0106,4.00,189.1,-0.28,9.90,-0.07,0.1267,0.2500
1779202243.334,0.2898,0.0106,4.00,189.1,-0.39,9.43,-0.10,0.1268,0.2500
1779202243.400,0.2883,0.0106,4.00,189.1,-0.41,9.41,-0.17,0.1272,0.2500
1779202243.468,0.2876,0.0106,4.00,189.1,-0.41,9.31,-0.21,0.1277,0.2500
1779202243.534,0.2862,0.0106,4.00,189.1,-0.43,9.30,-0.23,0.1277,0.2500
1779202243.598,0.2845,0.0106,4.00,189.1,-0.60,9.54,-0.24,0.1290,0.2500
1779202243.633,0.2836,0.0106,4.00,189.1,-0.65,9.35,-0.24,0.1299,0.2500
1779202243.700,0.2827,0.0106,4.00,189.1,-0.70,9.21,-0.20,0.1303,0.2500
1779202243.731,0.2829,0.0105,4.00,189.1,-0.72,9.21,-0.21,0.1312,0.2500
1779202243.765,0.2829,0.0105,4.00,189.1,-0.75,9.05,-0.18,0.1315,0.2500
1779202243.798,0.2832,0.0105,4.00,189.1,-0.77,8.83,-0.14,0.1315,0.2500
1779202243.833,0.2834,0.0105,4.00,189.1,-0.79,8.84,-0.14,0.1320,0.2500
1779202243.863,0.2832,0.0105,4.00,189.1,-0.80,8.69,-0.12,0.1323,0.2500
1779202243.897,0.2828,0.0105,4.00,189.1,-0.78,8.60,-0.13,0.1330,0.2500
1779202243.934,0.2817,0.0105,4.00,189.1,-0.73,8.93,-0.20,0.1336,0.2500
1779202243.964,0.2815,0.0105,4.00,189.1,-0.74,8.40,-0.13,0.1340,0.2500
1779202243.997,0.2841,0.0105,4.00,189.1,-0.66,8.98,-0.34,0.1346,0.2500
1779202244.034,0.2866,0.0105,4.00,189.1,-0.67,9.04,-0.45,0.1359,0.2500
1779202244.064,0.2884,0.0104,4.00,189.1,-0.60,9.37,-0.53,0.1379,0.2500
1779202244.099,0.2902,0.0104,4.00,189.1,-0.56,9.76,-0.58,0.1393,0.2500
1779202244.131,0.2910,0.0104,4.00,189.1,-0.61,10.03,-0.59,0.1404,0.2500
1779202244.166,0.2922,0.0104,4.00,189.1,-0.64,10.13,-0.64,0.1413,0.2500
1779202244.196,0.2931,0.0104,4.00,189.1,-0.66,10.37,-0.68,0.1423,0.2500
1779202244.230,0.2934,0.0104,4.00,189.1,-0.67,10.72,-0.72,0.1431,0.2500
1779202244.264,0.2940,0.0104,4.00,189.1,-0.75,11.19,-0.77,0.1446,0.2500
1779202244.299,0.2940,0.0104,4.00,189.1,-0.84,11.50,-0.82,0.1460,0.2500
1779202244.334,0.2943,0.0104,4.00,189.1,-0.91,11.71,-0.83,0.1465,0.2500
1779202244.363,0.2943,0.0104,4.00,189.1,-0.95,11.72,-0.85,0.1469,0.2500
1779202244.399,0.2941,0.0103,4.00,189.1,-0.98,12.08,-0.89,0.1479,0.2500
1779202244.432,0.2940,0.0103,4.00,189.1,-0.90,12.33,-0.90,0.1489,0.2500
1779202244.463,0.2970,0.0103,4.00,189.1,-0.86,12.44,-0.85,0.1490,0.2500
1779202244.499,0.2995,0.0103,4.00,189.1,-0.84,12.56,-0.83,0.1495,0.2500
1779202244.534,0.3010,0.0103,4.00,189.1,-0.86,12.76,-0.82,0.1499,0.2500
1779202244.564,0.3018,0.0103,4.00,189.1,-0.87,13.09,-0.85,0.1511,0.2500
1779202244.598,0.3021,0.0103,4.00,189.1,-0.87,13.26,-0.86,0.1518,0.2500
1779202244.633,0.3020,0.0103,4.00,189.1,-0.86,13.47,-0.86,0.1543,0.2500
1779202244.665,0.3021,0.0102,4.00,189.1,-0.80,13.58,-0.85,0.1556,0.2500
1779202244.697,0.3021,0.0102,4.00,189.1,-0.82,13.76,-0.84,0.1625,0.2500
1779202244.734,0.3020,0.0102,4.00,189.1,-0.85,14.50,-0.90,0.1909,0.2500
1779202244.764,0.3020,0.0102,4.00,189.1,-0.73,14.90,-0.95,0.2439,0.2500
1779202244.801,0.3018,0.0102,4.00,189.1,-0.52,14.98,-0.92,0.2749,0.2500
1779202244.830,0.3014,0.0102,4.00,189.1,-0.48,14.94,-0.92,0.2862,0.2500
1779202244.865,0.3013,0.0102,4.00,189.1,-0.43,15.00,-0.94,0.2944,0.2500
1779202244.900,0.3013,0.0102,4.00,189.1,-0.36,14.80,-0.91,0.2974,0.2500
1779202244.931,0.3012,0.0102,4.00,189.1,-0.31,14.64,-0.88,0.2967,0.2500
1779202244.965,0.3012,0.0102,4.00,189.1,-0.18,14.34,-0.84,0.2963,0.2500
1779202245.000,0.3015,0.0101,4.00,189.1,-0.03,13.65,-0.75,0.2933,0.2500
1779202245.032,0.3016,0.0101,4.00,189.1,0.08,13.02,-0.64,0.2920,0.2500
1779202245.065,0.3015,0.0101,4.00,189.1,0.17,12.55,-0.53,0.2915,0.2500
1779202245.100,0.3018,0.0101,4.00,189.1,0.26,12.39,-0.49,0.2913,0.2500
1779202245.133,0.3023,0.0101,4.00,189.1,0.30,12.27,-0.47,0.2905,0.2500
1779202245.167,0.3025,0.0101,4.00,189.1,0.32,12.04,-0.42,0.2896,0.2500
1779202245.197,0.3027,0.0101,4.00,189.1,0.34,11.99,-0.41,0.2894,0.2500
1779202245.232,0.3028,0.0101,4.00,189.1,0.37,11.88,-0.39,0.2880,0.2500
1779202245.266,0.3029,0.0101,4.00,189.1,0.38,11.86,-0.38,0.2863,0.2500
1779202245.299,0.3029,0.0101,4.00,189.1,0.41,11.86,-0.38,0.2838,0.2500
1779202245.332,0.3029,0.0100,4.00,189.1,0.42,11.80,-0.37,0.2817,0.2500
1779202245.366,0.3029,0.0100,4.00,189.1,0.44,11.76,-0.36,0.2805,0.2500
1779202245.399,0.3029,0.0100,4.00,189.1,0.46,11.69,-0.35,0.2795,0.2500
1779202245.433,0.3029,0.0100,4.00,189.1,0.49,11.68,-0.36,0.2784,0.2500
1779202245.463,0.3029,0.0100,4.00,189.1,0.67,11.64,-0.49,0.2738,0.2500
1779202245.498,0.3029,0.0100,4.00,189.1,0.85,11.60,-0.64,0.2691,0.2500
1779202245.530,0.3031,0.0100,4.00,189.1,0.97,11.53,-0.71,0.2671,0.2500
1779202245.563,0.3034,0.0100,4.00,189.1,1.08,11.27,-0.74,0.2654,0.2500
1779202245.596,0.3037,0.0100,4.00,189.1,1.21,11.03,-0.74,0.2640,0.2500
1779202245.630,0.3039,0.0100,4.00,189.1,1.28,10.90,-0.75,0.2641,0.2500
1779202245.666,0.3043,0.0099,4.00,189.1,1.31,10.87,-0.76,0.2641,0.2500
1779202245.699,0.3046,0.0099,4.00,189.1,1.37,10.82,-0.77,0.2638,0.2500
1779202245.734,0.3047,0.0099,4.00,189.1,1.43,10.87,-0.78,0.2633,0.2500
1779202245.768,0.3049,0.0099,4.00,189.1,1.48,10.92,-0.80,0.2635,0.2500
1779202245.798,0.3051,0.0099,4.00,189.1,1.46,11.15,-0.83,0.2640,0.2500
1779202245.833,0.3052,0.0099,4.00,189.1,1.43,11.14,-0.86,0.2653,0.2500
1779202245.867,0.3052,0.0099,4.00,189.1,1.43,11.14,-0.89,0.2667,0.2500
1779202245.897,0.3052,0.0099,4.00,189.1,1.46,11.07,-0.94,0.2671,0.2500
1779202245.937,0.3054,0.0099,4.00,189.1,1.49,11.11,-0.99,0.2668,0.2500
1779202246.004,0.3059,0.0099,4.00,189.1,1.50,11.22,-1.07,0.2683,0.2500
1779202246.064,0.3065,0.0099,4.00,189.1,1.56,11.95,-1.32,0.2689,0.2500
1779202246.096,0.3065,0.0099,4.00,189.1,1.54,12.27,-1.43,0.2692,0.2500
1779202246.133,0.3065,0.0098,4.00,189.1,1.53,12.42,-1.47,0.2685,0.2500
1779202246.168,0.3064,0.0098,4.00,189.1,1.51,12.57,-1.48,0.2685,0.2500
1779202246.199,0.3065,0.0098,4.00,189.1,1.48,12.53,-1.47,0.2682,0.2500
1779202246.232,0.3064,0.0098,4.00,189.1,1.45,12.56,-1.46,0.2674,0.2500
1779202246.267,0.3066,0.0098,4.00,189.1,1.43,12.60,-1.45,0.2669,0.2500
1779202246.299,0.3069,0.0098,4.00,189.1,1.41,12.61,-1.44,0.2624,0.2500
1779202246.333,0.3071,0.0098,4.00,189.1,1.41,12.68,-1.43,0.2598,0.2500
1779202246.368,0.3076,0.0098,4.00,189.1,1.40,12.78,-1.44,0.2569,0.2500
1779202246.397,0.3078,0.0098,4.00,189.1,1.34,13.10,-1.50,0.2551,0.2500
1779202246.433,0.3078,0.0098,4.00,189.1,1.05,13.56,-1.60,0.2614,0.2500
1779202246.467,0.3079,0.0097,4.00,189.1,0.65,14.35,-1.75,0.2709,0.2500
1779202246.502,0.3080,0.0097,4.00,189.1,0.20,15.04,-1.90,0.2808,0.2500
1779202246.530,0.3079,0.0097,4.00,189.1,-0.14,15.54,-1.96,0.2872,0.2500
1779202246.566,0.3073,0.0097,4.00,189.1,-0.68,15.98,-2.05,0.2943,0.2500
1779202246.602,0.3068,0.0097,4.00,189.1,-0.91,16.04,-2.04,0.3007,0.2500
1779202246.631,0.3065,0.0097,4.00,189.1,-0.99,16.07,-2.03,0.2988,0.2500
1779202246.666,0.3061,0.0097,4.00,189.1,-1.04,16.30,-2.05,0.2965,0.2500
1779202246.699,0.3058,0.0097,4.00,189.1,-1.10,16.16,-1.98,0.2931,0.2500
1779202246.732,0.3052,0.0097,4.00,189.1,-1.11,16.11,-1.81,0.2914,0.2500
1779202246.765,0.3055,0.0097,4.00,189.1,-1.13,16.50,-1.70,0.2890,0.2500
1779202246.800,0.3054,0.0097,4.00,189.1,-1.19,16.74,-1.62,0.2806,0.2500
1779202246.833,0.3051,0.0097,4.00,189.1,-1.24,16.75,-1.55,0.2747,0.2500
1779202246.866,0.3050,0.0096,4.00,189.1,-1.23,16.61,-1.49,0.2635,0.2500
1779202246.899,0.3053,0.0096,4.00,189.1,-1.26,15.90,-1.39,0.2370,0.2500
1779202246.931,0.3057,0.0096,4.00,189.1,-1.23,15.35,-1.32,0.1965,0.2500
1779202246.965,0.3064,0.0096,4.00,189.1,-1.23,14.48,-1.13,0.1740,0.2500
1779202247.000,0.3064,0.0096,4.00,189.1,-1.33,12.68,-0.80,0.1547,0.2500
1779202247.034,0.3077,0.0096,4.00,189.1,-1.14,12.52,-0.68,0.1483,0.2500
1779202247.066,0.3082,0.0096,4.00,189.1,-1.09,12.47,-0.61,0.1552,0.2500
1779202247.100,0.3089,0.0096,4.00,189.1,-1.08,12.40,-0.51,0.1568,0.2500
1779202247.132,0.3088,0.0096,4.00,189.1,-1.08,12.63,-0.44,0.1582,0.2500
1779202247.167,0.3087,0.0096,4.00,189.1,-0.94,12.53,-0.37,0.1607,0.2500
1779202247.200,0.3101,0.0095,4.00,189.1,-0.82,12.20,-0.26,0.1652,0.2500
1779202247.234,0.3107,0.0095,4.00,189.1,-0.64,11.91,-0.15,0.1675,0.2500
1779202247.267,0.3111,0.0095,4.00,189.1,-0.56,11.89,-0.10,0.1654,0.2500
1779202247.301,0.3110,0.0095,4.00,189.1,-0.63,11.72,-0.10,0.1681,0.2500
1779202247.330,0.3112,0.0095,4.00,189.1,-0.51,11.56,-0.09,0.1671,0.2500
1779202247.367,0.3104,0.0095,4.00,189.1,-0.38,11.35,-0.07,0.1672,0.2500
1779202247.399,0.3104,0.0095,4.00,189.1,-0.34,10.98,-0.03,0.1673,0.2500
1779202247.433,0.3098,0.0095,4.00,189.1,-0.31,10.88,-0.02,0.1669,0.2500
1779202247.466,0.3098,0.0095,4.00,189.1,-0.28,10.81,-0.02,0.1661,0.2500
1779202247.498,0.3090,0.0095,4.00,189.1,-0.29,10.80,-0.01,0.1658,0.2500
1779202247.534,0.3079,0.0095,4.00,189.1,-0.26,10.51,0.02,0.1639,0.2500
1779202247.568,0.3067,0.0095,4.00,189.1,-0.22,10.17,0.06,0.1620,0.2500
1779202247.597,0.3060,0.0094,4.00,189.1,-0.25,10.31,0.01,0.1607,0.2500
1779202247.632,0.3055,0.0094,4.00,189.1,-0.22,10.13,0.03,0.1597,0.2500
1779202247.667,0.3050,0.0094,4.00,189.1,-0.18,10.01,0.04,0.1586,0.2500
1779202247.700,0.3048,0.0094,4.00,189.1,-0.18,9.96,0.04,0.1580,0.2500
1779202247.732,0.3038,0.0094,4.00,189.1,-0.21,10.11,0.05,0.1575,0.2500
1779202247.767,0.3030,0.0094,4.00,189.1,-0.24,10.33,0.04,0.1572,0.2500
1779202247.798,0.3013,0.0094,4.00,189.1,-0.24,10.40,0.05,0.1571,0.2500
1779202247.832,0.2990,0.0094,4.00,189.1,-0.24,10.51,0.04,0.1572,0.2500
1779202247.869,0.2960,0.0094,4.00,189.1,-0.24,10.53,0.04,0.1571,0.2500
1779202247.899,0.2926,0.0094,4.00,189.1,-0.25,10.59,0.04,0.1569,0.2500
1779202247.934,0.2878,0.0093,4.00,189.1,-0.28,10.76,0.00,0.1568,0.2500
1779202247.967,0.2838,0.0093,4.00,189.1,-0.31,10.90,-0.02,0.1566,0.2500
1779202248.002,0.2812,0.0093,4.00,189.1,-0.33,11.03,-0.06,0.1564,0.2500
1779202248.033,0.2779,0.0093,4.00,189.1,-0.35,11.11,-0.08,0.1565,0.2500
1779202248.069,0.2707,0.0093,4.00,189.1,-0.41,11.30,-0.11,0.1566,0.2500
1779202248.100,0.2657,0.0093,4.00,189.1,-0.46,11.53,-0.15,0.1568,0.2500
1779202248.136,0.2600,0.0093,4.00,189.1,-0.51,11.68,-0.16,0.1569,0.2500
1779202248.167,0.2561,0.0093,4.00,189.1,-0.54,11.88,-0.17,0.1570,0.2500
1779202248.202,0.2523,0.0093,4.00,189.1,-0.56,11.97,-0.18,0.1572,0.2500
1779202248.233,0.2495,0.0093,4.00,189.1,-0.58,12.02,-0.18,0.1574,0.2500
1779202248.267,0.2459,0.0093,4.00,189.1,-0.60,12.12,-0.19,0.1579,0.2500
1779202248.303,0.2433,0.0093,4.00,189.1,-0.60,12.19,-0.20,0.1582,0.2500
1779202248.367,0.2383,0.0093,4.00,189.1,-0.62,12.27,-0.22,0.1583,0.2500
1779202248.403,0.2363,0.0092,4.00,189.1,-0.61,12.15,-0.22,0.1583,0.2500
1779202248.470,0.2322,0.0092,4.00,189.1,-0.62,12.07,-0.26,0.1585,0.2500
1779202248.536,0.2296,0.0092,4.00,189.1,-0.56,12.00,-0.27,0.1592,0.2500
1779202248.608,0.2284,0.0092,4.00,189.1,-0.46,12.02,-0.28,0.1599,0.2500
1779202248.673,0.2280,0.0092,4.00,189.1,-0.37,12.07,-0.29,0.1613,0.2500
1779202248.738,0.2272,0.0092,4.00,189.1,-0.32,12.08,-0.29,0.1618,0.2500
1779202248.805,0.2160,0.0092,4.00,189.1,-0.37,12.12,-0.38,0.1636,0.2500
1779202248.874,0.2076,0.0092,4.00,189.1,-0.65,12.37,-0.45,0.1666,0.2500
1779202248.941,0.2043,0.0092,4.00,189.1,-0.85,12.37,-0.45,0.1709,0.2500
1779202249.009,0.2007,0.0092,4.00,189.1,-0.87,12.38,-0.46,0.1747,0.2500
1779202249.070,0.1997,0.0092,4.00,189.1,-0.98,12.40,-0.45,0.1768,0.2500
1779202249.141,0.1984,0.0092,4.00,189.1,-1.00,12.49,-0.44,0.1782,0.2500
1779202249.206,0.1973,0.0092,4.00,189.1,-1.01,12.49,-0.44,0.1786,0.2500
1779202249.275,0.1980,0.0092,4.00,189.1,-1.02,12.51,-0.45,0.1799,0.2500
1779202249.338,0.1055,0.0111,4.00,189.1,-1.37,11.99,-0.51,0.1835,0.2500
1779202249.408,0.0304,0.0129,4.00,189.1,-1.91,10.85,-0.46,0.1883,0.2500
1779202249.473,0.0435,0.0148,4.00,189.1,-1.86,10.14,-0.42,0.1908,0.2500
1779202249.543,0.1127,0.0166,4.00,189.1,-1.60,11.07,-0.42,0.1908,0.2500
1779202249.603,0.1746,0.0185,4.00,189.1,-1.34,12.47,-0.45,0.1904,0.2500
1779202249.675,0.2007,0.0185,5.00,206.1,-1.22,13.19,-0.51,0.1904,0.2500
1779202249.742,0.2084,0.0185,5.00,206.1,-1.19,13.53,-0.51,0.1902,0.2500
1779202249.809,0.2119,0.0185,5.00,206.1,-1.17,13.72,-0.51,0.1891,0.2500
1779202249.876,0.2161,0.0185,5.00,206.1,-1.16,13.98,-0.54,0.1891,0.2500
1779202249.942,0.2187,0.0185,5.00,206.1,-1.16,14.14,-0.55,0.1889,0.2500
1779202250.009,0.2204,0.0185,5.00,206.1,-1.15,14.31,-0.55,0.1889,0.2500
1779202250.074,0.2214,0.0185,5.00,206.1,-1.13,14.37,-0.54,0.1881,0.2500
1779202250.143,0.2214,0.0185,5.00,206.1,-1.16,14.27,-0.52,0.1873,0.2500
1779202250.208,0.2215,0.0185,5.00,206.1,-1.18,14.10,-0.50,0.1870,0.2500
1779202250.277,0.0646,0.0203,5.00,206.1,-1.56,11.43,-0.06,0.1879,0.2500
1779202250.342,0.0367,0.0222,5.00,206.1,-1.85,10.43,-0.05,0.1895,0.2500
1779202250.409,0.0599,0.0240,5.00,206.1,-2.01,10.69,-0.12,0.1900,0.2500
1779202250.475,0.1495,0.0259,5.00,206.1,-1.78,11.86,-0.21,0.1895,0.2500
1779202250.542,0.1905,0.0259,6.00,212.8,-1.58,12.53,-0.28,0.1890,0.2500
1779202250.609,0.2028,0.0259,6.00,212.8,-1.47,12.87,-0.31,0.1891,0.2500
1779202250.675,0.2079,0.0259,6.00,212.8,-1.44,13.04,-0.34,0.1889,0.2500
1779202250.741,0.2097,0.0259,6.00,212.8,-1.42,13.11,-0.34,0.1887,0.2500
1779202250.809,0.2110,0.0259,6.00,212.8,-1.40,13.12,-0.35,0.1884,0.2500
1779202250.876,0.2113,0.0259,6.00,212.8,-1.38,13.14,-0.34,0.1880,0.2500
1779202250.942,0.2114,0.0259,6.00,212.8,-1.42,13.51,-0.35,0.1879,0.2500
1779202251.005,0.2112,0.0259,6.00,212.8,-1.43,13.64,-0.36,0.1884,0.2500
1779202251.072,0.2105,0.0259,6.00,212.8,-1.42,13.78,-0.37,0.1887,0.2500
1779202251.137,0.2101,0.0259,6.00,212.8,-1.41,13.95,-0.39,0.1887,0.2500
1779202251.207,0.2099,0.0259,6.00,212.8,-1.41,14.05,-0.40,0.1887,0.2500
1779202251.273,0.2102,0.0259,6.00,212.8,-1.39,13.95,-0.41,0.1888,0.2500
1779202251.340,0.2106,0.0259,6.00,212.8,-1.36,13.86,-0.43,0.1887,0.2500
1779202251.405,0.2114,0.0259,6.00,212.8,-1.31,14.05,-0.46,0.1883,0.2500
1779202251.471,0.2117,0.0259,6.00,212.8,-1.30,14.06,-0.46,0.1881,0.2500
1779202251.542,0.2122,0.0259,6.00,212.8,-1.29,14.04,-0.46,0.1877,0.2500
1779202251.605,0.2125,0.0259,6.00,212.8,-1.30,14.05,-0.46,0.1876,0.2500
1779202251.672,0.2126,0.0259,6.00,212.8,-1.33,14.05,-0.46,0.1877,0.2500
1779202251.738,0.0512,0.0277,6.00,212.8,-1.84,10.44,-0.16,0.1898,0.2500
1779202251.806,0.0619,0.0296,6.00,212.8,-1.90,10.85,-0.29,0.1901,0.2500
1779202251.875,0.1788,0.0314,6.00,212.8,-1.77,11.75,-0.40,0.1894,0.2500
1779202251.939,0.2220,0.0314,7.00,210.1,-1.56,12.36,-0.45,0.1889,0.2500
1779202252.006,0.2346,0.0314,7.00,210.1,-1.43,12.70,-0.48,0.1884,0.2500
1779202252.073,0.2367,0.0314,7.00,210.1,-1.38,13.01,-0.47,0.1879,0.2500
1779202252.140,0.2363,0.0314,7.00,210.1,-1.37,13.19,-0.49,0.1876,0.2500
1779202252.205,0.2363,0.0314,7.00,210.1,-1.37,13.23,-0.48,0.1870,0.2500
1779202252.271,0.2359,0.0314,7.00,210.1,-1.34,13.17,-0.47,0.1863,0.2500
1779202252.342,0.1361,0.0333,7.00,210.1,-1.44,11.84,-0.16,0.1867,0.2500
1779202252.405,0.1388,0.0351,7.00,210.1,-1.68,11.79,-0.19,0.1874,0.2500
1779202252.474,0.1786,0.0370,7.00,210.1,-1.69,12.56,-0.27,0.1871,0.2500
1779202252.539,0.2025,0.0370,8.00,209.6,-1.61,12.96,-0.32,0.1870,0.2500
1779202252.606,0.2153,0.0370,8.00,209.6,-1.55,13.41,-0.38,0.1866,0.2500
1779202252.677,0.2220,0.0370,8.00,209.6,-1.50,13.60,-0.42,0.1866,0.2500
1779202252.738,0.2261,0.0370,8.00,209.6,-1.47,13.77,-0.45,0.1866,0.2500
1779202252.810,0.2275,0.0370,8.00,209.6,-1.42,13.69,-0.47,0.1862,0.2500
1779202252.875,0.2288,0.0370,8.00,209.6,-1.39,13.58,-0.47,0.1852,0.2500
1779202252.939,0.2298,0.0370,8.00,209.6,-1.29,13.39,-0.46,0.1861,0.2500
1779202253.010,0.1848,0.0389,8.00,209.6,-1.46,12.78,-0.33,0.1863,0.2500
1779202253.074,0.0992,0.0407,8.00,209.6,-1.68,10.38,-0.12,0.1880,0.2500
1779202253.140,0.1493,0.0426,8.00,209.6,-1.75,10.82,-0.19,0.1887,0.2500
1779202253.207,0.1912,0.0426,9.00,216.1,-1.72,11.14,-0.23,0.1880,0.2500
1779202253.274,0.2079,0.0426,9.00,216.1,-1.59,11.45,-0.29,0.1872,0.2500
1779202253.340,0.2182,0.0426,9.00,216.1,-1.49,11.75,-0.35,0.1868,0.2500
1779202253.408,0.2237,0.0426,9.00,216.1,-1.36,11.93,-0.37,0.1863,0.2500
1779202253.477,0.2298,0.0426,9.00,216.1,-1.28,12.08,-0.39,0.1861,0.2500
1779202253.541,0.1882,0.0426,9.00,216.1,-1.36,12.25,-0.34,0.1863,0.2500
1779202253.607,0.1370,0.0444,9.00,216.1,-1.43,10.86,-0.18,0.1867,0.2500
1779202253.677,0.1757,0.0463,9.00,216.1,-1.43,11.05,-0.23,0.1872,0.2500
1779202253.742,0.2079,0.0463,10.00,210.0,-1.38,11.40,-0.32,0.1867,0.2500
1779202253.808,0.2213,0.0463,10.00,210.0,-1.30,11.61,-0.36,0.1862,0.2500
1779202253.877,0.2315,0.0463,10.00,210.0,-1.23,11.90,-0.40,0.1863,0.2500
1779202253.944,0.2351,0.0463,10.00,210.0,-1.18,12.05,-0.42,0.1860,0.2500
1779202254.011,0.2368,0.0463,10.00,210.0,-1.15,12.42,-0.44,0.1859,0.2500
1779202254.077,0.0854,0.0481,10.00,210.0,-1.59,10.71,-0.19,0.1877,0.2500
1779202254.139,0.1040,0.0500,10.00,210.0,-1.65,10.96,-0.26,0.1889,0.2500
1779202254.211,0.1611,0.0519,10.00,210.0,-1.68,11.83,-0.33,0.1890,0.2500
1779202254.277,0.2011,0.0519,11.00,203.6,-1.50,12.32,-0.34,0.1885,0.2300
1779202254.343,0.2190,0.0519,11.00,203.6,-1.43,12.61,-0.39,0.1878,0.2300
1779202254.408,0.2252,0.0519,11.00,203.6,-1.37,12.86,-0.42,0.1876,0.2300
1779202254.477,0.2289,0.0519,11.00,203.6,-1.35,13.00,-0.45,0.1876,0.2300
1779202254.541,0.2301,0.0519,11.00,203.6,-1.34,13.17,-0.46,0.1879,0.2300
1779202254.610,0.2293,0.0519,11.00,203.6,-1.34,13.30,-0.45,0.1880,0.2300
1779202254.675,0.0676,0.0537,11.00,203.6,-1.71,10.62,-0.16,0.1889,0.2300
1779202254.741,0.1084,0.0556,11.00,203.6,-1.80,10.84,-0.19,0.1902,0.2300
1779202254.809,0.1843,0.0574,11.00,203.6,-1.62,12.00,-0.32,0.1899,0.2300
1779202254.877,0.2112,0.0574,11.00,210.3,-1.48,12.54,-0.36,0.1890,0.2300
1779202254.941,0.2215,0.0574,11.00,210.3,-1.45,12.95,-0.40,0.1892,0.2300
1779202255.009,0.2243,0.0574,11.00,210.3,-1.41,13.13,-0.40,0.1892,0.2300
1779202255.073,0.2242,0.0574,11.00,210.3,-1.38,13.24,-0.41,0.1891,0.2300
1779202255.142,0.0598,0.0593,11.00,210.3,-1.95,10.59,-0.27,0.1899,0.2300
1779202255.211,0.0595,0.0611,11.00,210.3,-1.89,10.09,-0.19,0.1927,0.2300
1779202255.272,0.1541,0.0630,11.00,210.3,-1.81,11.65,-0.34,0.1930,0.2300
1779202255.345,0.2145,0.0630,12.00,216.9,-1.57,12.20,-0.41,0.1907,0.2100
1779202255.409,0.2273,0.0630,12.00,216.9,-1.44,12.40,-0.41,0.1893,0.2100
1779202255.478,0.2344,0.0630,12.00,216.9,-1.39,12.54,-0.42,0.1879,0.2100
1779202255.542,0.2323,0.0630,12.00,216.9,-1.36,12.65,-0.42,0.1873,0.2100
1779202255.611,0.2312,0.0630,12.00,216.9,-1.38,12.71,-0.43,0.1870,0.2100
1779202255.676,0.0461,0.0648,12.00,216.9,-1.92,10.21,-0.13,0.1883,0.2100
1779202255.743,0.0235,0.0667,12.00,216.9,-2.35,8.36,-0.05,0.1912,0.2100
1779202255.809,0.0411,0.0685,11.00,216.9,-2.07,8.49,-0.01,0.1922,0.2300
1779202255.878,0.1547,0.0704,11.00,216.9,-1.74,11.20,-0.39,0.1909,0.2300
1779202255.944,0.2028,0.0704,12.00,220.7,-1.45,12.39,-0.43,0.1898,0.2100
1779202256.011,0.2189,0.0704,12.00,220.7,-1.30,12.84,-0.46,0.1886,0.2100
1779202256.074,0.2208,0.0704,12.00,220.7,-1.24,13.01,-0.46,0.1881,0.2100
1779202256.140,0.2215,0.0704,12.00,220.7,-1.22,13.07,-0.45,0.1874,0.2100
1779202256.210,0.1202,0.0722,12.00,220.7,-1.33,12.30,-0.30,0.1882,0.2100
1779202256.273,0.0221,0.0741,12.00,220.7,-2.22,9.30,-0.14,0.1903,0.2100
1779202256.342,0.0322,0.0759,12.00,220.7,-2.09,8.99,-0.13,0.1918,0.2100
1779202256.410,0.0815,0.0778,12.00,220.7,-2.06,9.40,-0.14,0.1923,0.2100
1779202256.476,0.1411,0.0796,12.00,220.7,-1.85,10.16,-0.19,0.1918,0.2100
1779202256.545,0.1687,0.0815,12.00,220.7,-1.75,10.88,-0.23,0.1913,0.2100
1779202256.609,0.1796,0.0833,12.00,220.7,-1.73,11.45,-0.25,0.1903,0.2100
1779202256.676,0.1842,0.0852,12.00,220.7,-1.71,11.84,-0.27,0.1896,0.2100
1779202256.744,0.1864,0.0870,12.00,220.7,-1.69,11.84,-0.25,0.1891,0.2100
1779202256.808,0.0247,0.0889,12.00,220.7,-2.60,8.47,-0.05,0.1898,0.2100
1779202256.876,0.0446,0.0907,12.00,220.7,-2.40,8.99,-0.12,0.1919,0.2100
1779202256.944,0.1246,0.0926,12.00,220.7,-2.03,10.18,-0.21,0.1921,0.2100
1779202257.010,0.1859,0.0944,12.00,220.7,-1.86,11.00,-0.26,0.1903,0.2100
1779202257.075,0.2026,0.0944,12.00,220.7,-1.79,11.73,-0.29,0.1902,0.2100
1779202257.143,0.0474,0.0963,12.00,220.7,-2.28,9.00,0.02,0.1909,0.2100
1779202257.211,0.0591,0.0981,12.00,220.7,-1.94,9.94,-0.10,0.1908,0.2100
1779202257.275,0.1805,0.1000,12.00,220.7,-1.61,12.16,-0.36,0.1897,0.2100
1779202257.341,0.2241,0.1000,13.00,206.9,-1.38,13.10,-0.49,0.1889,0.1900
1779202257.410,0.2312,0.1000,13.00,206.9,-1.26,13.27,-0.52,0.1874,0.1900
1779202257.476,0.2343,0.1000,13.00,206.9,-1.16,13.39,-0.52,0.1868,0.1900
1779202257.545,0.1702,0.1019,13.00,206.9,-1.20,12.62,-0.32,0.1868,0.1900
1779202257.610,0.0283,0.1037,13.00,206.9,-1.78,9.63,-0.02,0.1877,0.1900
1779202257.675,0.0572,0.1056,13.00,206.9,-1.67,10.28,-0.11,0.1887,0.1900
1779202257.746,0.1771,0.1074,13.00,206.9,-1.34,12.03,-0.29,0.1877,0.1900
1779202257.808,0.2192,0.1074,14.00,206.6,-1.17,12.84,-0.36,0.1872,0.1700
1779202257.879,0.2289,0.1074,14.00,206.6,-1.07,13.06,-0.40,0.1857,0.1700
1779202257.943,0.2306,0.1074,14.00,206.6,-1.04,13.28,-0.41,0.1854,0.1700
1779202258.012,0.2279,0.1074,14.00,206.6,-1.03,13.49,-0.42,0.1849,0.1700
1779202258.079,0.2204,0.1074,14.00,206.6,-1.05,13.61,-0.42,0.1851,0.1700
1779202258.144,0.0358,0.1093,14.00,206.6,-1.70,10.85,-0.23,0.1869,0.1700
1779202258.211,0.0816,0.1111,14.00,206.6,-1.69,11.41,-0.33,0.1888,0.1700
1779202258.276,0.2050,0.1111,15.00,199.6,-1.32,12.65,-0.40,0.1882,0.1500
1779202258.346,0.2461,0.1111,15.00,199.6,-1.12,13.10,-0.54,0.1873,0.1500
1779202258.413,0.2523,0.1111,15.00,199.6,-0.91,13.23,-0.55,0.1867,0.1500
1779202258.477,0.2549,0.1111,15.00,199.6,-0.83,13.35,-0.55,0.1867,0.1500
1779202258.547,0.2561,0.1111,15.00,199.6,-0.75,13.39,-0.55,0.1864,0.1500
1779202258.610,0.2511,0.1111,15.00,199.6,-0.75,13.85,-0.55,0.1863,0.1500
1779202258.675,0.0297,0.1130,15.00,199.6,-1.75,10.73,-0.31,0.1881,0.1500
1779202258.745,0.0591,0.1148,15.00,199.6,-1.62,10.88,-0.34,0.1901,0.1500
1779202258.810,0.1692,0.1167,15.00,199.6,-1.44,13.04,-0.55,0.1899,0.1500
1779202258.880,0.2357,0.1167,16.00,200.4,-1.07,13.72,-0.60,0.1886,0.1500
1779202258.946,0.2527,0.1167,16.00,200.4,-0.87,13.69,-0.58,0.1879,0.1500
1779202259.007,0.0467,0.1185,16.00,200.4,-1.51,11.28,-0.44,0.1883,0.1500
1779202259.077,0.0705,0.1204,16.00,200.4,-1.62,11.69,-0.47,0.1907,0.1500
1779202259.145,0.1927,0.1204,17.00,194.4,-1.30,12.26,-0.44,0.1885,0.1500
1779202259.208,0.2346,0.1206,17.00,194.4,-1.05,13.04,-0.52,0.1878,0.1500
1779202259.276,0.2418,0.1208,17.00,194.4,-0.94,13.32,-0.53,0.1871,0.1500
1779202259.345,0.2333,0.1210,17.00,194.4,-0.98,13.32,-0.48,0.1867,0.1500
1779202259.414,0.0401,0.1229,17.00,194.4,-1.64,10.40,-0.27,0.1880,0.1500
1779202259.478,0.1147,0.1250,17.00,194.4,-1.70,11.36,-0.35,0.1887,0.1500
1779202259.548,0.2045,0.1252,18.00,194.3,-1.34,12.74,-0.45,0.1882,0.1500
1779202259.609,0.2276,0.1252,18.00,194.3,-1.22,13.30,-0.55,0.1875,0.1500
1779202259.676,0.2223,0.1252,18.00,194.3,-1.21,13.42,-0.53,0.1871,0.1500
1779202259.745,0.1239,0.1271,18.00,194.3,-1.23,11.95,-0.33,0.1877,0.1500
1779202259.809,0.1219,0.1290,18.00,194.3,-1.27,12.03,-0.35,0.1888,0.1500
1779202259.880,0.1632,0.1308,18.00,194.3,-1.29,12.17,-0.36,0.1878,0.1500
1779202259.947,0.0374,0.1327,18.00,194.3,-1.85,10.01,-0.31,0.1876,0.1500
1779202260.012,0.0546,0.1346,18.00,194.3,-1.74,9.02,-0.26,0.1902,0.1500
1779202260.075,0.0912,0.1364,18.00,194.3,-1.74,9.28,-0.21,0.1905,0.1500
1779202260.143,0.1253,0.1383,18.00,194.3,-1.66,9.83,-0.24,0.1899,0.1500
1779202260.210,0.1249,0.1402,18.00,194.3,-1.69,10.06,-0.23,0.1897,0.1500
1779202260.280,0.0761,0.1421,18.00,194.3,-1.71,9.66,-0.14,0.1907,0.1500
1779202260.347,0.0813,0.1439,18.00,194.3,-1.63,9.20,-0.09,0.1919,0.1500
1779202260.413,0.1285,0.1458,18.00,194.3,-1.63,10.30,-0.20,0.1915,0.1500
1779202260.479,0.1619,0.1477,18.00,194.3,-1.57,10.83,-0.24,0.1911,0.1500
1779202260.547,0.1728,0.1495,18.00,194.3,-1.51,11.02,-0.23,0.1903,0.1500
1779202260.614,0.0227,0.1514,18.00,194.3,-2.14,9.24,-0.12,0.1907,0.1519
1779202260.678,0.0190,0.1533,18.00,194.3,-2.17,9.29,-0.18,0.1924,0.1544
1779202260.747,0.1604,0.1551,18.00,194.3,-1.48,12.12,-0.42,0.1931,0.1569
1779202260.811,0.2195,0.1551,18.00,194.3,-1.15,13.26,-0.50,0.1921,0.1569
1779202260.880,0.1640,0.1570,18.00,194.3,-1.12,12.20,-0.43,0.1913,0.1593
1779202260.946,0.0264,0.1589,18.00,194.3,-2.04,9.12,-0.21,0.1913,0.1618
1779202261.009,0.0337,0.1607,18.00,194.3,-1.87,9.00,-0.26,0.1917,0.1643
1779202261.082,0.1650,0.1626,18.00,194.3,-1.44,13.06,-0.60,0.1899,0.1668
1779202261.148,0.1818,0.1645,18.00,194.3,-1.29,13.37,-0.53,0.1893,0.1693
1779202261.212,0.0550,0.1664,18.00,194.3,-1.47,10.38,-0.27,0.1885,0.1718
1779202261.281,0.0643,0.1682,18.00,194.3,-1.42,10.10,-0.25,0.1886,0.1743
1779202261.346,0.1592,0.1701,18.00,194.3,-1.24,12.09,-0.44,0.1881,0.1768
1779202261.414,0.1935,0.1701,18.00,194.3,-1.12,12.71,-0.47,0.1880,0.1768
1779202261.479,0.0280,0.1720,18.00,194.3,-2.29,9.60,-0.30,0.1889,0.1793
1779202261.547,0.0498,0.1738,18.00,194.3,-2.10,8.39,-0.25,0.1918,0.1818
1779202261.614,0.1782,0.1757,18.00,194.3,-1.53,11.95,-0.56,0.1913,0.1843
1779202261.680,0.1989,0.1757,19.00,194.3,-1.23,13.07,-0.60,0.1905,0.1843
1779202261.744,0.0386,0.1776,19.00,194.3,-1.86,10.03,-0.38,0.1910,0.1868
1779202261.812,0.0996,0.1794,19.00,194.3,-1.58,10.27,-0.32,0.1927,0.1893
1779202261.881,0.2028,0.1794,20.00,187.8,-1.18,11.83,-0.46,0.1913,0.1893
1779202261.948,0.0475,0.1813,20.00,187.8,-1.63,10.29,-0.41,0.1917,0.1917
1779202262.014,0.0531,0.1832,20.00,187.8,-1.55,9.51,-0.33,0.1933,0.1942
1779202262.081,0.1808,0.1850,20.00,187.8,-1.35,11.76,-0.57,0.1919,0.1967
1779202262.142,0.2247,0.1850,21.00,186.9,-1.11,12.52,-0.64,0.1907,0.2167
1779202262.212,0.1488,0.1873,21.00,186.9,-1.04,11.43,-0.44,0.1900,0.2197
1779202262.280,0.0296,0.1895,21.00,186.9,-1.53,8.61,-0.08,0.1900,0.2227
1779202262.349,0.1119,0.1914,21.00,186.9,-1.39,10.26,-0.35,0.1898,0.2252
1779202262.412,0.1789,0.1932,21.00,186.9,-1.23,11.68,-0.43,0.1883,0.2277
1779202262.481,0.1725,0.1951,21.00,186.9,-1.21,12.18,-0.43,0.1870,0.2302
1779202262.548,0.0297,0.1970,21.00,186.9,-1.71,9.97,-0.32,0.1874,0.2327
1779202262.610,0.0403,0.1989,21.00,186.9,-1.61,9.21,-0.27,0.1893,0.2352
1779202262.678,0.1658,0.2008,21.00,186.9,-1.40,12.48,-0.54,0.1888,0.2377
1779202262.744,0.2211,0.2008,21.00,186.9,-1.04,13.57,-0.61,0.1878,0.2377
1779202262.815,0.2031,0.2008,21.00,186.9,-1.07,13.35,-0.59,0.1876,0.2377
1779202262.881,0.0817,0.2026,21.00,186.9,-1.27,11.81,-0.45,0.1880,0.2402
1779202262.945,0.1291,0.2045,21.00,186.9,-1.16,12.37,-0.49,0.1883,0.2427
1779202263.010,0.1775,0.2064,21.00,186.9,-1.10,12.84,-0.50,0.1877,0.2452
1779202263.082,0.1955,0.2064,22.00,180.3,-1.02,13.44,-0.53,0.1872,0.2652
1779202263.144,0.0352,0.2083,22.00,180.3,-1.62,11.49,-0.49,0.1883,0.2677
1779202263.211,0.0509,0.2101,22.00,180.3,-1.47,12.23,-0.56,0.1900,0.2702
1779202263.278,0.1636,0.2120,22.00,180.3,-1.24,13.71,-0.71,0.1891,0.2727
1779202263.345,0.1937,0.2120,23.00,180.5,-1.07,14.05,-0.68,0.1883,0.2927
1779202263.413,0.0357,0.2139,23.00,180.5,-1.44,11.10,-0.34,0.1890,0.2952
1779202263.483,0.1178,0.2158,23.00,180.5,-1.22,11.86,-0.44,0.1889,0.2977
1779202263.545,0.1984,0.2158,24.00,167.4,-0.99,13.09,-0.57,0.1879,0.3177
1779202263.615,0.0394,0.2176,24.00,167.4,-1.61,11.29,-0.63,0.1890,0.3202
1779202263.682,0.0508,0.2195,24.00,167.4,-1.42,9.93,-0.41,0.1909,0.3227
1779202263.745,0.1774,0.2214,24.00,167.4,-1.15,12.14,-0.63,0.1900,0.3252
1779202263.812,0.2118,0.2214,25.00,173.9,-0.97,12.92,-0.67,0.1892,0.3452
1779202263.882,0.0270,0.2233,25.00,173.9,-2.04,11.02,-0.69,0.1903,0.3477
1779202263.948,0.0391,0.2251,25.00,173.9,-1.85,10.20,-0.59,0.1917,0.3502
1779202264.014,0.1698,0.2270,25.00,173.9,-1.29,12.27,-0.61,0.1908,0.3527
1779202264.082,0.2200,0.2270,26.00,173.4,-0.95,13.09,-0.63,0.1898,0.3527
1779202264.147,0.2013,0.2270,26.00,173.4,-0.99,12.84,-0.61,0.1898,0.3527
1779202264.214,0.0395,0.2289,26.00,173.4,-1.44,9.65,-0.36,0.1901,0.3552
1779202264.280,0.1254,0.2308,26.00,173.4,-1.26,11.37,-0.53,0.1913,0.3577
1779202264.345,0.2124,0.2308,27.00,172.7,-1.02,12.74,-0.66,0.1894,0.3577
1779202264.412,0.2473,0.2308,27.00,172.7,-0.82,13.39,-0.71,0.1887,0.3577
1779202264.481,0.0306,0.2326,27.00,172.7,-1.85,9.75,-0.33,0.1887,0.3602
1779202264.549,0.0427,0.2345,27.00,172.7,-1.44,10.34,-0.24,0.1915,0.3627
1779202264.612,0.1562,0.2364,27.00,172.7,-1.10,12.50,-0.48,0.1904,0.3652
1779202264.679,0.0784,0.2383,27.00,172.7,-1.23,12.32,-0.52,0.1906,0.3677
1779202264.748,0.0719,0.2402,27.00,172.7,-1.16,11.18,-0.39,0.1918,0.3702
1779202264.813,0.1778,0.2420,27.00,172.7,-1.13,12.87,-0.56,0.1908,0.3727
1779202264.879,0.2141,0.2420,28.00,199.0,-0.89,13.44,-0.58,0.1890,0.3727
1779202264.948,0.0254,0.2439,28.00,199.0,-2.03,9.98,-0.29,0.1894,0.3752
1779202265.015,0.0301,0.2458,28.00,199.0,-1.69,9.48,-0.08,0.1909,0.3777
1779202265.083,0.1795,0.2477,28.00,199.0,-1.27,12.41,-0.43,0.1908,0.3802
1779202265.150,0.2344,0.2477,29.00,199.1,-0.94,13.37,-0.55,0.1886,0.3802
1779202265.215,0.2216,0.2477,29.00,199.1,-0.90,13.44,-0.47,0.1876,0.3802
1779202265.281,0.0276,0.2495,29.00,199.1,-1.94,9.73,-0.20,0.1887,0.3827
1779202265.350,0.0368,0.2514,29.00,199.1,-1.65,9.69,-0.05,0.1903,0.3852
1779202265.414,0.1604,0.2533,29.00,199.1,-1.32,12.13,-0.44,0.1897,0.3877
1779202265.480,0.1951,0.2533,30.00,205.3,-1.16,12.88,-0.50,0.1893,0.3877
1779202265.548,0.2019,0.2533,30.00,205.3,-1.12,13.22,-0.52,0.1892,0.3877
1779202265.615,0.0392,0.2552,30.00,205.3,-1.64,11.06,-0.37,0.1898,0.3902
1779202265.683,0.0566,0.2570,30.00,205.3,-1.59,10.39,-0.25,0.1915,0.3927
1779202265.750,0.1702,0.2589,30.00,205.3,-1.43,12.82,-0.61,0.1916,0.3952
1779202265.816,0.0311,0.2608,30.00,205.3,-2.14,10.20,-0.44,0.1909,0.3977
1779202265.881,0.0428,0.2627,30.00,205.3,-1.95,9.45,-0.35,0.1918,0.4002
1779202265.946,0.1902,0.2627,31.00,219.0,-1.44,12.54,-0.64,0.1909,0.4002
1779202266.013,0.2385,0.2627,31.00,219.0,-1.10,13.36,-0.65,0.1887,0.4002
1779202266.082,0.1700,0.2645,31.00,219.0,-1.11,13.27,-0.64,0.1881,0.4027
1779202266.150,0.0239,0.2669,31.00,219.0,-1.76,9.85,-0.23,0.1889,0.4059
1779202266.215,0.0967,0.2693,31.00,219.0,-1.47,11.06,-0.34,0.1892,0.4091
1779202266.283,0.1981,0.2693,32.00,218.9,-1.21,12.89,-0.55,0.1881,0.4091
1779202266.349,0.2306,0.2698,32.00,218.9,-1.04,13.61,-0.67,0.1870,0.4097
1779202266.416,0.0541,0.2722,32.00,218.9,-1.61,12.17,-0.72,0.1874,0.4129
1779202266.484,0.0284,0.2741,32.00,218.9,-1.48,9.40,-0.33,0.1911,0.4155
1779202266.550,0.1377,0.2760,32.00,218.9,-1.43,11.75,-0.53,0.1909,0.4180
1779202266.615,0.0750,0.2779,32.00,218.9,-1.46,11.23,-0.45,0.1909,0.4205
1779202266.684,0.0230,0.2798,32.00,218.9,-1.73,9.46,-0.32,0.1920,0.4230
1779202266.746,0.1146,0.2817,32.00,218.9,-1.34,10.92,-0.42,0.1916,0.4256
1779202266.817,0.0795,0.2836,32.00,218.9,-1.48,10.46,-0.40,0.1914,0.4281
1779202266.881,0.0811,0.2854,32.00,218.9,-1.48,10.32,-0.39,0.1918,0.4306
1779202266.952,0.1569,0.2873,32.00,218.9,-1.47,11.40,-0.47,0.1917,0.4331
1779202267.017,0.0260,0.2892,32.00,218.9,-2.45,9.47,-0.42,0.1917,0.4356
1779202267.084,0.0319,0.2911,32.00,218.9,-1.83,8.53,-0.11,0.1923,0.4382
1779202267.150,0.1903,0.2911,32.00,218.9,-1.54,12.15,-0.53,0.1909,0.4382
1779202267.217,0.2548,0.2911,32.00,218.9,-1.05,13.25,-0.62,0.1887,0.4382
1779202267.276,0.0426,0.2930,32.00,218.9,-1.94,10.21,-0.48,0.1888,0.4407
1779202267.312,0.0446,0.2943,32.00,218.9,-1.85,9.77,-0.41,0.1897,0.4425
1779202267.343,0.0685,0.2962,32.00,218.9,-1.68,10.35,-0.39,0.1898,0.4450
1779202267.376,0.1694,0.2976,32.00,218.9,-1.41,12.14,-0.60,0.1893,0.4467
1779202267.413,0.2352,0.2976,33.00,212.5,-1.08,13.14,-0.67,0.1884,0.4467
1779202267.478,0.2711,0.2976,33.00,212.5,-0.80,13.64,-0.74,0.1867,0.4467
1779202267.547,0.0524,0.2994,33.00,212.5,-2.00,10.99,-0.85,0.1873,0.4492
1779202267.617,0.0614,0.3013,33.00,212.5,-1.65,10.51,-0.59,0.1895,0.4518
1779202267.682,0.1984,0.3013,34.00,212.8,-1.26,12.44,-0.68,0.1891,0.4518
1779202267.751,0.2629,0.3013,34.00,212.8,-0.84,13.16,-0.70,0.1878,0.4518
1779202267.817,0.0516,0.3032,34.00,212.8,-1.64,10.96,-0.71,0.1888,0.4543
1779202267.880,0.0341,0.3051,34.00,212.8,-1.62,9.98,-0.55,0.1913,0.4568
1779202267.950,0.1592,0.3070,34.00,212.8,-1.34,12.82,-0.75,0.1910,0.4593
1779202268.013,0.2409,0.3070,35.00,212.8,-1.02,13.81,-0.84,0.1898,0.4593
1779202268.080,0.2639,0.3070,35.00,212.8,-0.83,14.06,-0.86,0.1884,0.4593
1779202268.147,0.0497,0.3089,35.00,212.8,-1.92,11.21,-0.93,0.1883,0.4618
1779202268.216,0.0211,0.3089,35.00,212.8,-1.90,9.55,-0.51,0.1899,0.4618
1779202268.284,0.1685,0.3089,35.00,212.8,-1.34,12.06,-0.62,0.1897,0.4618
1779202268.351,0.2715,0.3057,36.00,213.2,-0.77,13.07,-0.67,0.1893,0.4575
1779202268.417,0.3022,0.3038,36.00,213.2,-0.45,13.00,-0.69,0.1883,0.4550
1779202268.478,0.3052,0.3038,36.00,213.2,-0.30,12.56,-0.66,0.1875,0.4550
1779202268.547,0.3064,0.3038,36.00,213.2,-0.24,12.36,-0.63,0.1866,0.4550
1779202268.613,0.3064,0.3038,36.00,213.2,-0.19,12.33,-0.63,0.1864,0.4550
1779202268.680,0.3059,0.3038,36.00,213.2,-0.16,12.14,-0.61,0.1861,0.4550
1779202268.749,0.3049,0.3038,36.00,213.2,-0.16,11.92,-0.59,0.1855,0.4550
1779202268.818,0.3039,0.3038,36.00,213.2,-0.16,11.98,-0.59,0.1856,0.4550
1779202268.885,0.0807,0.3057,36.00,213.2,-1.01,10.52,-0.20,0.1865,0.4575
1779202268.951,0.0272,0.3075,36.00,213.2,-1.76,8.79,-0.05,0.1897,0.4601
1779202269.017,0.0284,0.3094,36.00,213.2,-1.76,10.47,-0.30,0.1900,0.4626
1779202269.083,0.1244,0.3113,36.00,213.2,-1.76,11.77,-0.41,0.1892,0.4651
1779202269.150,0.1715,0.3132,36.00,213.2,-1.54,12.26,-0.42,0.1881,0.4676
1779202269.217,0.1717,0.3151,36.00,213.2,-1.48,12.50,-0.39,0.1876,0.4701
1779202269.280,0.0208,0.3170,36.00,213.2,-2.81,9.96,-0.34,0.1878,0.4726
1779202269.347,0.0420,0.3189,36.00,213.2,-2.45,8.95,-0.28,0.1893,0.4752
1779202269.417,0.1355,0.3208,36.00,213.2,-1.82,10.57,-0.27,0.1896,0.4777
1779202269.481,0.1780,0.3226,36.00,213.2,-1.57,11.65,-0.32,0.1895,0.4802
1779202269.551,0.1976,0.3226,36.00,213.2,-1.47,12.19,-0.38,0.1887,0.4802
1779202269.616,0.2075,0.3226,36.00,213.2,-1.45,12.52,-0.44,0.1883,0.4802
1779202269.682,0.2137,0.3226,36.00,213.2,-1.41,12.77,-0.46,0.1883,0.4802
1779202269.752,0.2168,0.3226,36.00,213.2,-1.37,12.82,-0.48,0.1883,0.4802
1779202269.813,0.2171,0.3226,36.00,213.2,-1.37,12.85,-0.50,0.1881,0.4802
1779202269.880,0.2170,0.3226,36.00,213.2,-1.36,12.81,-0.50,0.1876,0.4802
1779202269.950,0.2162,0.3226,36.00,213.2,-1.37,12.87,-0.51,0.1876,0.4802
1779202270.015,0.2159,0.3226,36.00,213.2,-1.38,12.83,-0.50,0.1876,0.4802
1779202270.085,0.2152,0.3226,36.00,213.2,-1.38,12.84,-0.53,0.1875,0.4802
1779202270.148,0.2147,0.3226,36.00,213.2,-1.37,12.91,-0.50,0.1876,0.4802
1779202270.216,0.2142,0.3226,36.00,213.2,-1.43,12.72,-0.46,0.1874,0.4802
1779202270.285,0.2232,0.3226,36.00,213.2,-1.32,13.44,-0.34,0.1875,0.4802
1779202270.352,0.2294,0.3226,36.00,213.2,-1.29,13.25,-0.32,0.1876,0.4802
1779202270.415,0.2307,0.3226,36.00,213.2,-1.19,13.33,-0.33,0.1875,0.4802
1779202270.482,0.2322,0.3226,36.00,213.2,-1.16,13.23,-0.34,0.1873,0.4802
1779202270.552,0.2333,0.3226,36.00,213.2,-1.11,13.30,-0.37,0.1867,0.4802
1779202270.615,0.2339,0.3226,35.00,213.2,-1.10,13.34,-0.39,0.1866,0.4802
1779202270.686,0.2349,0.3226,35.00,213.2,-1.07,13.37,-0.41,0.1862,0.4802
1779202270.752,0.2346,0.3226,35.00,213.2,-1.06,13.36,-0.41,0.1860,0.4802
1779202270.817,0.2350,0.3226,35.00,213.2,-1.05,13.35,-0.43,0.1860,0.4802
1779202270.884,0.2353,0.3226,35.00,213.2,-1.06,13.26,-0.44,0.1860,0.4802
1779202270.948,0.2367,0.3226,35.00,213.2,-1.03,13.37,-0.48,0.1862,0.4802
1779202271.016,0.2367,0.3226,35.00,213.2,-1.03,13.46,-0.47,0.1863,0.4802
1779202271.086,0.0292,0.3245,35.00,213.2,-2.12,9.75,-0.13,0.1887,0.4827
1779202271.152,0.0533,0.3270,35.00,213.2,-1.85,8.81,-0.04,0.1899,0.4860
1779202271.216,0.1608,0.3295,35.00,213.2,-1.71,10.62,-0.19,0.1894,0.4894
1779202271.286,0.2249,0.3302,36.00,220.2,-1.32,11.87,-0.31,0.1888,0.4902
1779202271.351,0.2449,0.3308,36.00,220.2,-1.12,12.50,-0.40,0.1881,0.4911
1779202271.420,0.2544,0.3314,36.00,220.2,-1.00,12.68,-0.43,0.1875,0.4919
1779202271.480,0.2592,0.3314,36.00,220.2,-0.92,12.97,-0.47,0.1869,0.4919
1779202271.550,0.2603,0.3321,36.00,220.2,-0.87,12.96,-0.45,0.1870,0.4927
1779202271.617,0.2614,0.3321,36.00,220.2,-0.84,12.89,-0.45,0.1867,0.4927
1779202271.682,0.2616,0.3321,36.00,220.2,-0.80,12.89,-0.46,0.1862,0.4927
1779202271.748,0.2625,0.3321,36.00,220.2,-0.78,12.95,-0.47,0.1859,0.4927
1779202271.815,0.2562,0.3321,36.00,220.2,-0.81,12.98,-0.45,0.1857,0.4927
1779202271.884,0.2518,0.3321,36.00,220.2,-0.88,12.88,-0.43,0.1857,0.4927
1779202271.953,0.2493,0.3321,36.00,220.2,-0.89,12.72,-0.42,0.1855,0.4927
1779202272.017,0.2496,0.3321,36.00,220.2,-0.92,12.58,-0.42,0.1850,0.4927
1779202272.086,0.2493,0.3321,36.00,220.2,-0.96,12.46,-0.40,0.1851,0.4927
1779202272.154,0.2498,0.3321,36.00,220.2,-0.94,12.30,-0.38,0.1845,0.4927
1779202272.217,0.2488,0.3321,36.00,220.2,-0.94,12.17,-0.36,0.1841,0.4927
1779202272.280,0.2450,0.3321,36.00,220.2,-0.98,12.10,-0.34,0.1839,0.4927
1779202272.312,0.0491,0.3333,36.00,220.2,-2.01,9.74,-0.33,0.1845,0.4944
1779202272.349,0.0196,0.3352,36.00,220.2,-2.33,8.67,-0.19,0.1868,0.4970
1779202272.379,0.0413,0.3371,36.00,220.2,-2.17,8.63,-0.15,0.1879,0.4995
1779202272.416,0.0532,0.3390,36.00,220.2,-2.06,9.05,-0.14,0.1876,0.5021
1779202272.482,0.1436,0.3416,36.00,220.2,-1.76,9.79,-0.17,0.1872,0.5055
1779202272.552,0.1928,0.3423,37.00,204.5,-1.48,10.71,-0.21,0.1870,0.5063
1779202272.617,0.0285,0.3448,37.00,204.5,-2.55,9.68,-0.38,0.1884,0.5098
1779202272.685,0.0606,0.3467,37.00,204.5,-2.35,8.89,-0.30,0.1902,0.5123
1779202272.751,0.1778,0.3487,37.00,204.5,-2.03,10.64,-0.51,0.1896,0.5149
1779202272.817,0.2268,0.3487,38.00,204.4,-1.56,11.62,-0.55,0.1884,0.5149
1779202272.883,0.0374,0.3506,38.00,204.4,-2.30,9.81,-0.59,0.1898,0.5174
1779202272.953,0.0509,0.3525,38.00,204.4,-2.08,8.98,-0.49,0.1905,0.5200
1779202273.019,0.1628,0.3544,38.00,204.4,-1.84,11.25,-0.67,0.1906,0.5225
1779202273.085,0.2311,0.3544,39.00,204.7,-1.48,12.11,-0.67,0.1899,0.5225
1779202273.152,0.0583,0.3563,39.00,204.7,-2.10,10.73,-0.62,0.1904,0.5251
1779202273.219,0.0520,0.3582,39.00,204.7,-1.87,9.54,-0.45,0.1913,0.5277
1779202273.283,0.2186,0.3582,40.00,184.8,-1.31,11.65,-0.68,0.1909,0.5277
1779202273.352,0.2925,0.3582,40.00,184.8,-0.69,12.73,-0.73,0.1899,0.5277
1779202273.416,0.3100,0.3582,40.00,184.8,-0.46,12.69,-0.71,0.1880,0.5277
1779202273.484,0.1518,0.3602,40.00,184.8,-1.04,12.42,-0.71,0.1877,0.5302
1779202273.549,0.0776,0.3621,40.00,184.8,-1.27,10.60,-0.46,0.1894,0.5328
1779202273.617,0.1814,0.3640,40.00,184.8,-1.30,12.16,-0.59,0.1896,0.5353
1779202273.686,0.2476,0.3640,41.00,184.9,-1.05,12.59,-0.64,0.1888,0.5353
1779202273.750,0.2757,0.3647,41.00,184.9,-0.81,12.38,-0.67,0.1882,0.5362
1779202273.816,0.2867,0.3654,41.00,184.9,-0.62,12.13,-0.69,0.1875,0.5372
1779202273.883,0.2867,0.3661,41.00,184.9,-0.58,12.08,-0.70,0.1868,0.5381
1779202273.952,0.0440,0.3687,41.00,184.9,-1.82,9.10,-0.49,0.1879,0.5416
1779202274.021,0.0389,0.3714,41.00,184.9,-1.81,8.87,-0.46,0.1910,0.5452
1779202274.083,0.0593,0.3740,41.00,184.9,-1.92,9.76,-0.58,0.1913,0.5487
1779202274.149,0.1198,0.3767,41.00,184.9,-1.73,10.11,-0.45,0.1906,0.5523
1779202274.216,0.0775,0.3794,41.00,184.9,-1.80,10.57,-0.48,0.1911,0.5558
1779202274.288,0.0217,0.3821,41.00,184.9,-1.95,8.84,-0.27,0.1930,0.5594
1779202274.353,0.1317,0.3848,41.00,184.9,-1.78,10.99,-0.54,0.1927,0.5630
1779202274.418,0.1918,0.3855,42.00,217.9,-1.54,11.70,-0.61,0.1914,0.5640
1779202274.484,0.2150,0.3863,42.00,217.9,-1.45,12.01,-0.64,0.1902,0.5650
1779202274.554,0.2096,0.3870,42.00,217.9,-1.52,12.80,-0.68,0.1894,0.5660
1779202274.620,0.0415,0.3898,42.00,217.9,-1.77,10.34,-0.36,0.1899,0.5697
1779202274.684,0.1298,0.3925,42.00,217.9,-1.63,11.48,-0.56,0.1901,0.5733
1779202274.751,0.1939,0.3933,43.00,217.5,-1.45,12.17,-0.59,0.1892,0.5744
1779202274.821,0.2152,0.3941,43.00,217.5,-1.36,12.33,-0.60,0.1885,0.5754
1779202274.887,0.2189,0.3948,43.00,217.5,-1.28,12.51,-0.59,0.1872,0.5765
1779202274.954,0.0608,0.3976,43.00,217.5,-2.22,10.70,-0.65,0.1882,0.5802
1779202275.021,0.0278,0.4004,43.00,217.5,-2.05,9.70,-0.48,0.1912,0.5839
1779202275.088,0.1240,0.4032,43.00,217.5,-1.77,11.00,-0.55,0.1914,0.5876
1779202275.150,0.1744,0.4060,43.00,217.5,-1.50,11.91,-0.59,0.1906,0.5913
1779202275.221,0.0294,0.4088,43.00,217.5,-2.64,10.05,-0.65,0.1910,0.5951
1779202275.287,0.0275,0.4116,43.00,217.5,-2.48,9.57,-0.50,0.1938,0.5989
1779202275.354,0.1883,0.4125,44.00,237.9,-1.64,12.77,-0.64,0.1934,0.6000
1779202275.420,0.2545,0.4133,44.00,237.9,-1.12,14.14,-0.75,0.1925,0.6011
1779202275.487,0.1448,0.4162,44.00,237.9,-1.44,13.83,-0.87,0.1921,0.6049
1779202275.553,0.0871,0.4190,44.00,237.9,-1.29,12.04,-0.56,0.1937,0.6087
1779202275.622,0.1997,0.4199,45.00,231.0,-1.14,13.07,-0.64,0.1930,0.6098
1779202275.688,0.2497,0.4207,45.00,231.0,-0.92,13.45,-0.71,0.1907,0.6110
1779202275.750,0.2603,0.4216,45.00,231.0,-0.79,13.19,-0.75,0.1887,0.6121
1779202275.820,0.0400,0.4245,45.00,231.0,-1.80,9.96,-0.58,0.1889,0.6160
1779202275.889,0.0646,0.4274,45.00,231.0,-1.72,10.04,-0.57,0.1903,0.6199
1779202275.950,0.1859,0.4303,45.00,231.0,-1.38,11.54,-0.65,0.1895,0.6238
1779202276.021,0.2399,0.4303,46.00,231.1,-1.03,12.51,-0.75,0.1873,0.6238
1779202276.086,0.2542,0.4303,46.00,231.1,-0.89,12.56,-0.76,0.1868,0.6238
1779202276.151,0.2667,0.4312,46.00,231.1,-0.73,12.96,-0.81,0.1870,0.6249
1779202276.218,0.2707,0.4321,46.00,231.1,-0.67,12.99,-0.80,0.1861,0.6261
1779202276.288,0.2044,0.4330,46.00,231.1,-0.80,13.07,-0.76,0.1862,0.6273
1779202276.354,0.0379,0.4360,46.00,231.1,-1.35,10.01,-0.41,0.1875,0.6313
1779202276.422,0.0996,0.4389,46.00,231.1,-1.49,11.24,-0.57,0.1883,0.6352
1779202276.488,0.1944,0.4398,47.00,220.4,-1.32,11.85,-0.63,0.1876,0.6364
1779202276.555,0.2356,0.4407,47.00,220.4,-1.12,12.52,-0.73,0.1874,0.6377
1779202276.617,0.2473,0.4417,47.00,220.4,-1.06,12.69,-0.75,0.1871,0.6389
1779202276.688,0.2428,0.4426,47.00,220.4,-1.04,13.01,-0.72,0.1869,0.6401
1779202276.751,0.0311,0.4456,47.00,220.4,-2.08,8.72,-0.54,0.1877,0.6441
1779202276.820,0.0301,0.4486,47.00,220.4,-1.89,8.35,-0.44,0.1899,0.6482
1779202276.885,0.1307,0.4517,47.00,220.4,-1.68,9.69,-0.44,0.1903,0.6500
1779202276.952,0.2256,0.4526,48.00,220.5,-1.24,11.19,-0.66,0.1896,0.6500
1779202277.021,0.2558,0.4536,48.00,220.5,-0.99,12.01,-0.72,0.1886,0.6500
1779202277.088,0.2564,0.4545,48.00,220.5,-0.87,12.45,-0.73,0.1882,0.6500
1779202277.154,0.0503,0.4576,48.00,220.5,-1.88,9.60,-0.56,0.1890,0.6500
1779202277.222,0.0625,0.4607,48.00,220.5,-1.83,9.13,-0.46,0.1915,0.6500
1779202277.279,0.1699,0.4638,48.00,220.5,-1.70,11.23,-0.59,0.1913,0.6500
1779202277.320,0.2251,0.4638,49.00,216.9,-1.38,12.41,-0.72,0.1905,0.6500
1779202277.382,0.2622,0.4648,49.00,216.9,-1.09,13.24,-0.80,0.1895,0.6500
1779202277.417,0.2690,0.4648,49.00,216.9,-1.01,13.41,-0.83,0.1890,0.6500
1779202277.486,0.2794,0.4658,49.00,216.9,-0.84,13.38,-0.82,0.1884,0.6500
1779202277.553,0.2823,0.4668,49.00,216.9,-0.76,13.16,-0.79,0.1875,0.6500
1779202277.622,0.2861,0.4678,49.00,216.9,-0.67,12.89,-0.77,0.1870,0.6500
1779202277.687,0.2882,0.4688,49.00,216.9,-0.60,12.75,-0.77,0.1868,0.6500
1779202277.752,0.2898,0.4698,49.00,216.9,-0.56,12.66,-0.75,0.1866,0.6500
1779202277.822,0.2608,0.4708,49.00,216.9,-0.76,13.68,-0.75,0.1855,0.6500
1779202277.888,0.0392,0.4740,49.00,216.9,-1.51,10.67,-0.47,0.1866,0.6500
1779202277.955,0.1288,0.4772,49.00,216.9,-1.55,11.90,-0.60,0.1871,0.6500
1779202278.019,0.2265,0.4783,50.00,216.9,-1.19,12.68,-0.70,0.1863,0.6500
1779202278.087,0.2601,0.4793,50.00,216.9,-0.93,12.87,-0.78,0.1852,0.6500
1779202278.153,0.2727,0.4803,50.00,216.9,-0.80,13.00,-0.79,0.1843,0.6500
1779202278.219,0.2772,0.4814,50.00,216.9,-0.73,13.07,-0.80,0.1833,0.6500
1779202278.288,0.0300,0.4846,50.00,216.9,-1.91,10.62,-0.84,0.1850,0.6500
1779202278.356,0.0271,0.4868,50.00,216.9,-1.71,9.19,-0.57,0.1881,0.6500
1779202278.422,0.0910,0.4901,50.00,216.9,-1.46,10.25,-0.46,0.1883,0.6500
1779202278.489,0.2088,0.4901,51.00,216.7,-1.11,11.89,-0.66,0.1882,0.6500
1779202278.556,0.2498,0.4901,51.00,216.7,-0.89,12.86,-0.77,0.1878,0.6500
1779202278.619,0.2621,0.4901,51.00,216.7,-0.78,13.20,-0.82,0.1874,0.6500
1779202278.690,0.2668,0.4901,51.00,216.7,-0.75,13.35,-0.85,0.1870,0.6500
1779202278.757,0.1630,0.4923,51.00,216.7,-1.26,13.64,-1.01,0.1872,0.6500
1779202278.822,0.0297,0.4945,51.00,216.7,-1.51,10.88,-0.57,0.1904,0.6500
1779202278.889,0.0852,0.4967,51.00,216.7,-1.37,11.29,-0.49,0.1910,0.6500
1779202278.955,0.1995,0.4967,52.00,189.9,-1.09,12.28,-0.61,0.1894,0.6500
1779202279.023,0.2424,0.4967,52.00,189.9,-0.91,12.80,-0.67,0.1887,0.6500
1779202279.088,0.2587,0.4967,52.00,189.9,-0.82,12.89,-0.70,0.1876,0.6500
1779202279.156,0.2708,0.4967,52.00,189.9,-0.71,12.90,-0.69,0.1866,0.6500
1779202279.218,0.2764,0.4967,52.00,189.9,-0.63,12.90,-0.72,0.1859,0.6500
1779202279.291,0.2838,0.4967,52.00,189.9,-0.52,12.41,-0.72,0.1849,0.6500
1779202279.355,0.2952,0.4945,52.00,189.9,-0.34,12.08,-0.67,0.1845,0.6500
1779202279.422,0.3032,0.4923,52.00,189.9,-0.16,11.77,-0.65,0.1843,0.6500
1779202279.489,0.3067,0.4901,52.00,189.9,-0.06,11.47,-0.61,0.1843,0.6500
1779202279.555,0.3090,0.4879,52.00,189.9,-0.01,11.14,-0.59,0.1840,0.6500
1779202279.620,0.3113,0.4857,52.00,189.9,0.02,10.98,-0.57,0.1832,0.6500
1779202279.688,0.3198,0.4857,52.00,189.9,0.17,11.17,-0.55,0.1827,0.6500
1779202279.755,0.3322,0.4857,52.00,189.9,0.35,11.38,-0.54,0.1824,0.6500
1779202279.819,0.3398,0.4857,52.00,189.9,0.44,11.55,-0.56,0.1822,0.6500
1779202279.885,0.3413,0.4857,52.00,189.9,0.44,11.33,-0.57,0.1817,0.6500
1779202279.957,0.3377,0.4857,52.00,189.9,0.17,11.18,-0.58,0.1854,0.6500
1779202280.021,0.3348,0.4857,52.00,189.9,-0.22,13.05,-0.76,0.3095,0.6500
1779202280.119,0.3241,0.4857,52.00,189.9,-1.27,16.53,-1.18,0.4115,0.6500
1779202280.186,0.3190,0.4857,52.00,189.9,-1.99,19.01,-1.67,0.4692,0.6500
1779202280.256,0.3171,0.4857,52.00,189.9,-2.47,20.49,-1.97,0.5225,0.6500
1779202280.320,0.3159,0.4835,52.00,189.9,-2.83,21.62,-2.24,0.5617,0.6500
1779202280.386,0.3146,0.4813,52.00,189.9,-3.28,22.46,-2.49,0.5895,0.6500
1779202280.454,0.3133,0.4791,52.00,189.9,-3.56,22.94,-2.60,0.6065,0.6500
1779202280.523,0.3110,0.4769,52.00,189.9,-3.73,23.56,-2.73,0.6210,0.6500
1779202280.591,0.3094,0.4769,52.00,189.9,-3.85,24.06,-2.78,0.6298,0.6500
1779202280.657,0.3055,0.4769,52.00,189.9,-4.10,24.38,-2.82,0.6413,0.6500
1779202280.719,0.3031,0.4769,52.00,189.9,-4.19,24.49,-2.79,0.6521,0.6500
1779202280.787,0.2996,0.4769,52.00,189.9,-4.41,24.61,-2.83,0.6580,0.6500
1779202280.856,0.2966,0.4769,52.00,189.9,-4.22,24.81,-2.72,0.6652,0.6500
1779202280.919,0.2936,0.4769,52.00,189.9,-4.09,25.30,-2.69,0.6683,0.6500
1779202280.988,0.2916,0.4769,52.00,189.9,-4.20,25.48,-2.74,0.6714,0.6500
1779202281.057,0.2906,0.4769,52.00,189.9,-4.16,25.91,-2.81,0.6767,0.6500
1779202281.123,0.2910,0.4769,52.00,189.9,-4.21,26.28,-2.88,0.6866,0.6500
1779202281.187,0.2891,0.4769,52.00,189.9,-4.17,25.93,-2.88,0.7150,0.6500
1779202281.259,0.2883,0.4769,52.00,189.9,-4.28,25.87,-2.91,0.7321,0.6500
1779202281.320,0.2874,0.4769,52.00,189.9,-4.42,25.97,-2.97,0.7379,0.6500
1779202281.388,0.2877,0.4769,52.00,189.9,-4.44,26.18,-3.02,0.7422,0.6500
1779202281.454,0.2875,0.4769,52.00,189.9,-4.43,26.45,-3.06,0.7446,0.6500
1779202281.524,0.2861,0.4769,52.00,189.9,-4.46,26.64,-3.14,0.7465,0.6500
1779202281.587,0.2853,0.4769,52.00,189.9,-4.56,26.83,-3.20,0.7430,0.6500
1779202281.655,0.2853,0.4769,52.00,189.9,-4.53,27.06,-3.24,0.7343,0.6500
1779202281.720,0.2859,0.4769,52.00,189.9,-4.43,27.05,-3.28,0.7167,0.6500
1779202281.786,0.2853,0.4747,52.00,189.9,-3.76,26.86,-3.68,0.6559,0.6500
1779202281.856,0.2845,0.4725,52.00,189.9,-3.09,25.71,-4.08,0.5860,0.6500
1779202281.921,0.2825,0.4703,52.00,189.9,-2.68,24.26,-4.30,0.4973,0.6500
1779202281.986,0.2827,0.4703,52.00,189.9,-2.42,22.55,-3.96,0.4166,0.6500
1779202282.056,0.2819,0.4703,52.00,189.9,-2.35,20.00,-3.48,0.3499,0.6500
1779202282.120,0.2838,0.4703,52.00,189.9,-1.45,18.53,-2.70,0.2943,0.6500
1779202282.191,0.2878,0.4703,52.00,189.9,-1.14,16.42,-1.84,0.2144,0.6500
1779202282.256,0.2904,0.4703,52.00,189.9,-0.75,14.48,-1.28,0.1745,0.6500
1779202282.320,0.2910,0.4703,52.00,189.9,-0.35,13.17,-0.91,0.1571,0.6500
1779202282.388,0.2916,0.4681,52.00,189.9,-0.18,12.44,-0.68,0.1536,0.6500
1779202282.458,0.2917,0.4659,52.00,189.9,-0.12,11.94,-0.57,0.1544,0.6500
1779202282.520,0.2919,0.4637,52.00,189.9,-0.12,11.61,-0.49,0.1530,0.6500
1779202282.591,0.2920,0.4637,52.00,189.9,-0.13,11.36,-0.46,0.1520,0.6500
1779202282.653,0.2917,0.4637,52.00,189.9,-0.15,11.14,-0.43,0.1520,0.6500
1779202282.722,0.2917,0.4637,52.00,189.9,-0.15,11.11,-0.43,0.1527,0.6500
1779202282.789,0.2913,0.4637,52.00,189.9,-0.19,11.00,-0.43,0.1547,0.6500
1779202282.855,0.2910,0.4637,52.00,189.9,-0.22,11.04,-0.44,0.1569,0.6500
1779202282.923,0.2907,0.4637,52.00,189.9,-0.30,11.31,-0.49,0.1597,0.6500
1779202282.991,0.2908,0.4637,52.00,189.9,-0.49,12.05,-0.66,0.1711,0.6500
1779202283.058,0.2903,0.4615,52.00,189.9,-0.75,14.97,-1.05,0.2414,0.6500
1779202283.124,0.2908,0.4593,52.00,189.9,-1.76,18.09,-1.69,0.3404,0.6500
1779202283.191,0.2905,0.4571,52.00,189.9,-2.71,19.78,-2.04,0.4210,0.6500
1779202283.256,0.2888,0.4571,52.00,189.9,-4.02,22.04,-2.66,0.5413,0.6500
1779202283.320,0.2908,0.4571,52.00,189.9,-4.78,24.13,-3.13,0.6330,0.6500
1779202283.392,0.2882,0.4571,52.00,189.9,-5.92,24.87,-3.45,0.6970,0.6500
1779202283.458,0.2891,0.4571,52.00,189.9,-6.53,25.69,-3.54,0.7388,0.6500
1779202283.524,0.2840,0.4571,52.00,189.9,-6.67,25.66,-3.41,0.7610,0.6500
1779202283.591,0.2825,0.4571,52.00,189.9,-7.24,25.76,-3.53,0.7973,0.6500
1779202283.652,0.2733,0.4549,52.00,189.9,-7.80,25.78,-3.64,0.8177,0.6500
1779202283.686,0.2704,0.4527,52.00,189.9,-7.83,25.85,-3.67,0.8259,0.6500
1779202283.756,0.2722,0.4527,52.00,189.9,-7.82,26.07,-3.67,0.8516,0.6500
1779202283.824,0.2712,0.4527,52.00,189.9,-7.79,25.84,-3.58,0.8714,0.6500
1779202283.892,0.2677,0.4527,52.00,189.9,-7.53,25.50,-3.71,0.8474,0.6500
1779202283.953,0.2666,0.4527,52.00,189.9,-7.90,25.26,-3.84,0.8454,0.6500
1779202284.022,0.2688,0.4527,52.00,189.9,-8.21,25.59,-4.00,0.8603,0.6500
1779202284.093,0.2763,0.4505,52.00,189.9,-8.24,25.65,-4.01,0.8611,0.6500
1779202284.156,0.2758,0.4484,52.00,189.9,-8.25,25.71,-4.02,0.8598,0.6478
1779202284.225,0.2758,0.4462,52.00,189.9,-8.25,25.93,-3.99,0.8646,0.6449
1779202284.291,0.2757,0.4462,52.00,189.9,-8.30,26.01,-4.00,0.8658,0.6449
1779202284.354,0.2760,0.4462,52.00,189.9,-8.35,26.22,-3.98,0.8716,0.6449
1779202284.421,0.2759,0.4462,52.00,189.9,-8.29,26.80,-3.95,0.8812,0.6449
1779202284.492,0.2758,0.4462,52.00,189.9,-8.30,27.38,-4.05,0.9012,0.6449
1779202284.555,0.2761,0.4462,52.00,189.9,-8.37,27.49,-4.10,0.8948,0.6449
1779202284.621,0.2786,0.4462,52.00,189.9,-8.31,27.48,-4.08,0.8776,0.6449
1779202284.689,0.2808,0.4440,52.00,189.9,-8.41,27.26,-4.06,0.8694,0.6419
1779202284.754,0.2827,0.4418,52.00,189.9,-8.72,27.60,-3.99,0.8693,0.6390
1779202284.824,0.2826,0.4396,52.00,189.9,-8.99,27.51,-3.86,0.8719,0.6361
1779202284.889,0.1525,0.4418,52.00,189.9,-9.78,27.01,-4.11,0.8622,0.6390
1779202284.959,0.0209,0.4440,52.00,189.9,-11.51,22.02,-3.76,0.8571,0.6419
1779202285.022,0.0113,0.4462,52.00,189.9,-10.87,20.71,-3.43,0.8500,0.6449
1779202285.089,0.1083,0.4484,52.00,189.9,-10.27,24.37,-3.67,0.8449,0.6478
1779202285.155,0.0706,0.4484,52.00,189.9,-10.35,23.33,-3.62,0.8255,0.6478
1779202285.223,0.0223,0.4484,52.00,189.9,-11.37,20.35,-3.53,0.8191,0.6478
1779202285.289,0.0143,0.4484,52.00,189.9,-10.93,20.53,-3.49,0.8041,0.6478
1779202285.357,0.1507,0.4505,52.00,189.9,-10.00,24.33,-3.86,0.7853,0.6500
1779202285.421,0.2019,0.4505,52.00,189.9,-8.65,25.49,-3.73,0.7034,0.6500
1779202285.491,0.2259,0.4505,52.00,189.9,-7.10,24.91,-3.30,0.6251,0.6500
1779202285.558,0.2300,0.4505,52.00,189.9,-6.04,24.86,-3.16,0.5748,0.6500
1779202285.627,0.0195,0.4527,52.00,189.9,-6.04,16.37,-2.18,0.4812,0.6500
1779202285.689,0.0474,0.4527,52.00,189.9,-5.49,13.84,-2.00,0.3906,0.6500
1779202285.756,0.1695,0.4527,52.00,189.9,-3.51,14.60,-2.19,0.3510,0.6500
1779202285.821,0.2259,0.4505,53.00,196.2,-1.51,14.69,-2.12,0.2941,0.6500
1779202285.891,0.2392,0.4484,53.00,196.2,-0.77,15.11,-1.90,0.2288,0.6478
1779202285.954,0.1955,0.4484,53.00,196.2,-0.79,14.54,-1.67,0.1933,0.6478
1779202286.026,0.0291,0.4505,53.00,196.2,-1.65,10.22,-1.16,0.1801,0.6500
1779202286.091,0.0759,0.4527,53.00,196.2,-1.40,10.13,-1.07,0.1700,0.6500
1779202286.155,0.1876,0.4527,54.00,169.0,-1.38,10.15,-0.99,0.1635,0.6500
1779202286.224,0.2394,0.4505,54.00,169.0,-1.13,10.46,-1.00,0.1574,0.6500
1779202286.290,0.2559,0.4484,54.00,169.0,-0.80,10.78,-0.99,0.1476,0.6478
1779202286.360,0.2644,0.4462,54.00,169.0,-0.52,10.86,-0.95,0.1441,0.6449
1779202286.424,0.2674,0.4440,54.00,169.0,-0.47,10.96,-0.95,0.1422,0.6419
1779202286.489,0.2679,0.4418,54.00,169.0,-0.43,10.90,-0.91,0.1404,0.6390
1779202286.556,0.2686,0.4396,54.00,169.0,-0.56,10.42,-0.90,0.1376,0.6361
1779202286.626,0.2685,0.4374,54.00,169.0,-0.71,10.78,-1.02,0.1385,0.6332
1779202286.693,0.2700,0.4352,54.00,169.0,-0.92,11.54,-1.19,0.1427,0.6302
1779202286.755,0.2695,0.4330,54.00,169.0,-1.16,11.83,-1.17,0.1454,0.6273
1779202286.824,0.2689,0.4308,54.00,169.0,-1.40,12.24,-1.20,0.1491,0.6244
1779202286.894,0.2693,0.4286,54.00,169.0,-1.49,12.26,-1.18,0.1515,0.6214
1779202286.957,0.2691,0.4264,54.00,169.0,-1.47,12.39,-1.17,0.1539,0.6185
1779202287.022,0.2691,0.4242,54.00,169.0,-1.44,12.44,-1.15,0.1568,0.6156
1779202287.094,0.2692,0.4242,54.00,169.0,-1.41,12.39,-1.10,0.1584,0.6156
1779202287.160,0.2698,0.4220,54.00,169.0,-1.39,12.24,-1.04,0.1597,0.6126
1779202287.225,0.0649,0.4220,54.00,169.0,-2.25,10.32,-0.93,0.1646,0.6126
1779202287.294,0.0362,0.4220,54.00,169.0,-2.43,9.41,-0.72,0.1681,0.6126
1779202287.356,0.1294,0.4242,54.00,169.0,-2.41,11.03,-0.74,0.1686,0.6156
1779202287.427,0.2115,0.4242,55.00,175.8,-2.01,12.34,-0.80,0.1686,0.6156
1779202287.494,0.2381,0.4242,55.00,175.8,-1.81,12.79,-0.83,0.1685,0.6156
1779202287.558,0.2504,0.4220,55.00,175.8,-1.75,12.86,-0.82,0.1685,0.6126
1779202287.627,0.0217,0.4220,55.00,175.8,-3.22,10.00,-0.76,0.1709,0.6126
1779202287.688,0.0451,0.4220,55.00,175.8,-3.06,9.37,-0.72,0.1733,0.6126
1779202287.760,0.1533,0.4220,55.00,175.8,-2.61,11.62,-0.78,0.1736,0.6126
1779202287.827,0.1959,0.4220,56.00,175.7,-2.25,12.88,-0.87,0.1732,0.6126
1779202287.889,0.2044,0.4220,56.00,175.7,-2.05,13.50,-0.92,0.1732,0.6126
1779202287.959,0.0349,0.4242,56.00,175.7,-2.85,10.92,-0.81,0.1756,0.6156
1779202288.027,0.0693,0.4264,56.00,175.7,-2.68,11.05,-0.71,0.1760,0.6185
1779202288.094,0.1872,0.4286,56.00,175.7,-2.31,12.35,-0.90,0.1751,0.6214
1779202288.161,0.2232,0.4264,57.00,182.6,-2.04,13.16,-0.94,0.1747,0.6185
1779202288.225,0.2204,0.4242,57.00,182.6,-2.01,13.66,-0.97,0.1745,0.6156
1779202288.292,0.2178,0.4242,57.00,182.6,-2.01,14.00,-0.99,0.1746,0.6156
1779202288.359,0.2152,0.4242,57.00,182.6,-1.98,14.35,-1.01,0.1746,0.6156
1779202288.427,0.2135,0.4242,57.00,182.6,-1.98,14.48,-1.02,0.1746,0.6156
1779202288.490,0.2117,0.4242,57.00,182.6,-1.98,14.61,-1.01,0.1748,0.6156
1779202288.559,0.2104,0.4242,57.00,182.6,-1.99,14.70,-1.02,0.1750,0.6156
1779202288.628,0.2074,0.4242,57.00,182.6,-2.01,14.83,-1.02,0.1753,0.6156
1779202288.694,0.2039,0.4220,57.00,182.6,-2.07,14.95,-1.05,0.1755,0.6126
1779202288.762,0.2011,0.4198,57.00,182.6,-2.21,15.63,-1.17,0.1773,0.6097
1779202288.822,0.1956,0.4176,57.00,182.6,-2.84,16.95,-1.49,0.2028,0.6068
1779202288.891,0.1900,0.4176,57.00,182.6,-2.91,19.25,-1.99,0.2923,0.6068
1779202288.958,0.1704,0.4198,57.00,182.6,-3.39,19.77,-2.22,0.3284,0.6097
1779202289.027,0.1639,0.4198,57.00,182.6,-3.80,20.35,-2.39,0.3536,0.6097
1779202289.094,0.1814,0.4198,57.00,182.6,-4.44,20.49,-2.54,0.3601,0.6097
1779202289.156,0.1824,0.4220,57.00,182.6,-4.74,18.99,-2.29,0.3550,0.6126
1779202289.228,0.1788,0.4242,57.00,182.6,-4.90,17.75,-2.19,0.2959,0.6156
1779202289.295,0.1846,0.4264,57.00,182.6,-5.54,16.34,-2.25,0.2372,0.6185
1779202289.358,0.1721,0.4286,57.00,182.6,-6.18,14.30,-2.12,0.2053,0.6214
1779202289.428,0.1793,0.4286,57.00,182.6,-6.50,12.43,-1.85,0.1940,0.6214
1779202289.490,0.1806,0.4286,57.00,182.6,-7.56,10.23,-1.64,0.1844,0.6214
1779202289.562,0.1835,0.4308,57.00,182.6,-9.26,7.14,-1.16,0.1867,0.6244
1779202289.627,0.1782,0.4330,57.00,182.6,-9.43,8.14,-1.49,0.1859,0.6273
1779202289.691,0.1592,0.4352,57.00,182.6,-10.67,5.89,-1.14,0.1850,0.6302
1779202289.760,0.1587,0.4352,57.00,182.6,-11.53,5.47,-1.21,0.1733,0.6302
1779202289.828,0.1367,0.4352,57.00,182.6,-12.46,3.87,-1.04,0.1741,0.6302
1779202289.890,0.1306,0.4352,57.00,182.6,-13.80,2.99,-0.95,0.1821,0.6302
1779202289.958,0.1377,0.4352,57.00,182.6,-14.68,2.76,-1.11,0.1706,0.6302
1779202290.028,0.1383,0.4352,57.00,182.6,-15.27,2.92,-1.29,0.1684,0.6329
1779202290.093,0.1438,0.4352,57.00,182.6,-16.89,2.38,-1.27,0.1822,0.6491
1779202290.160,0.1328,0.4352,57.00,182.6,-17.58,2.29,-1.46,0.1812,0.6560
1779202290.225,0.1257,0.4352,57.00,182.6,-17.96,2.32,-1.69,0.1723,0.6598
1779202290.291,0.1330,0.4352,57.00,182.6,-18.84,2.32,-1.78,0.1735,0.6687
1779202290.359,0.1341,0.4352,57.00,182.6,-20.11,2.10,-1.76,0.1766,0.6813
1779202290.425,0.1408,0.4352,57.00,182.6,-20.36,1.68,-1.83,0.1736,0.6838
1779202290.492,0.1496,0.4352,57.00,182.6,-21.29,1.86,-2.23,0.1744,0.6931
1779202290.559,0.1558,0.4352,57.00,182.6,-22.25,1.08,-2.19,0.1720,0.7027
1779202290.629,0.1619,0.4352,57.00,182.6,-22.97,0.70,-2.25,0.1667,0.7099
1779202290.692,0.1649,0.4352,57.00,182.6,-24.09,0.14,-2.17,0.1754,0.7211
1779202290.759,0.1667,0.4352,57.00,182.6,-24.64,-0.62,-2.00,0.1650,0.7267
1779202290.828,0.1712,0.4374,57.00,182.6,-24.64,-1.88,-1.92,0.1637,0.7295
1779202290.891,0.1740,0.4374,57.00,182.6,-24.49,-2.41,-1.88,0.1664,0.7280
1779202290.962,0.1734,0.4374,57.00,182.6,-24.87,-1.95,-1.99,0.1721,0.7318
1779202291.024,0.1239,0.4374,57.00,182.6,-24.04,-2.42,-1.90,0.1673,0.7235
1779202291.091,0.1004,0.4374,57.00,182.6,-22.18,-3.13,-1.55,0.1804,0.7050
1779202291.162,0.1446,0.4374,57.00,182.6,-19.49,-1.95,-1.61,0.1707,0.6781
1779202291.226,0.1836,0.4374,57.00,182.6,-17.19,-0.93,-1.71,0.1797,0.6551
1779202291.293,0.1944,0.4352,57.00,182.6,-14.31,-0.08,-1.39,0.1766,0.6302
1779202291.363,0.2056,0.4330,57.00,182.6,-11.86,1.26,-1.58,0.1840,0.6273
1779202291.426,0.2248,0.4330,57.00,182.6,-7.32,5.63,-1.96,0.1820,0.6273
1779202291.496,0.2581,0.4308,57.00,182.6,-4.62,11.47,-2.29,0.1905,0.6244
1779202291.563,0.2777,0.4286,57.00,182.6,-0.76,10.39,-1.39,0.1853,0.6214
1779202291.623,0.2940,0.4264,57.00,182.6,2.19,9.71,-0.38,0.1717,0.6185
1779202291.657,0.2983,0.4254,57.00,182.6,4.46,8.67,0.04,0.1689,0.6173
1779202291.726,0.3122,0.4254,57.00,182.6,7.40,5.85,1.03,0.1742,0.6173
1779202291.795,0.3136,0.4232,57.00,182.6,11.58,2.23,1.91,0.1541,0.6143
1779202291.861,0.3251,0.4211,57.00,182.6,32.08,-0.63,-177.72,0.1446,0.7822
1779202291.928,0.3393,0.4211,57.00,182.6,32.68,-1.76,-177.91,0.1429,0.7882
1779202291.996,0.3417,0.4189,57.00,182.6,32.54,-2.38,-178.22,0.1451,0.7839
1779202292.062,0.3481,0.4167,57.00,182.6,15.05,-0.91,2.79,0.1504,0.6060
1779202292.125,0.3486,0.4145,57.00,182.6,15.21,-0.91,3.02,0.1507,0.6047
1779202292.194,0.3420,0.4145,57.00,182.6,13.62,-2.15,2.47,0.1425,0.6026
1779202292.259,0.3406,0.4123,57.00,182.6,12.65,-10.47,0.80,0.1765,0.5997
1779202292.329,0.3293,0.4101,57.00,182.6,9.87,-20.99,-0.18,0.1727,0.5968
1779202292.392,0.3199,0.4079,57.00,182.6,8.17,-25.38,-0.57,0.1774,0.5939
1779202292.462,0.3249,0.4057,57.00,182.6,5.19,-29.60,-0.44,0.1910,0.5909
1779202292.524,0.3485,0.4035,57.00,182.6,16.38,-40.32,171.13,0.2018,0.6018
1779202292.595,0.3583,0.4013,57.00,182.6,14.37,-45.71,171.73,0.2124,0.5851
1779202292.658,0.3811,0.3991,57.00,182.6,12.85,-50.14,172.23,0.2402,0.5822
1779202292.728,0.3985,0.3969,57.00,182.6,-134.56,8.01,-122.83,0.2546,0.8292
1779202292.791,0.3984,0.3969,57.00,182.6,9.48,-54.13,175.16,0.2566,0.5792
1779202292.860,0.3943,0.3969,57.00,182.6,-63.84,27.18,-175.00,0.2711,0.8292
1779202292.925,0.3856,0.3947,57.00,182.6,-9.95,-5.81,6.78,0.2659,0.5763
1779202292.997,0.4015,0.3925,57.00,182.6,14.02,-12.51,164.00,0.2775,0.5734
1779202293.059,0.4001,0.3904,57.00,182.6,3.13,-58.49,-179.54,0.2637,0.5705
1779202293.127,0.3826,0.3904,57.00,182.6,1.01,-58.15,-177.95,0.2744,0.5705
1779202293.192,0.3713,0.3882,57.00,182.6,4.33,28.09,4.88,0.2666,0.5675
1779202293.260,0.3692,0.3860,57.00,182.6,-37.92,69.25,-70.21,0.2757,0.7938
1779202293.327,0.3687,0.3838,57.00,182.6,-1.85,-57.86,-175.12,0.2768,0.5617
1779202293.396,0.3721,0.3838,57.00,182.6,78.80,60.54,25.64,0.2827,0.8117
1779202293.463,0.3675,0.3816,57.00,182.6,-151.20,-51.36,-42.01,0.2865,0.8088
1779202293.529,0.3650,0.3794,57.00,182.6,-73.95,-6.51,-169.26,0.2824,0.8058
1779202293.597,0.3580,0.3794,57.00,182.6,175.54,-35.03,-114.31,0.2842,0.8058
1779202293.660,0.3508,0.3772,57.00,182.6,-62.91,-23.48,78.47,0.2769,0.8029
1779202293.729,0.1397,0.3772,57.00,182.6,-1.44,-53.87,-173.73,0.2676,0.5529
1779202293.790,0.1084,0.3772,57.00,182.6,-11.86,-34.27,14.90,0.2301,0.5529
1779202293.824,0.1851,0.3794,57.00,182.6,-10.30,-32.00,14.08,0.2129,0.5558
1779202293.859,0.2329,0.3786,58.00,175.4,-9.16,-28.52,12.79,0.2101,0.5547
1779202293.927,0.2753,0.3764,58.00,175.4,-7.60,-25.65,11.75,0.1816,0.5518
1779202293.995,0.2758,0.3742,58.00,175.4,-6.21,-21.79,10.77,0.1792,0.5489
1779202294.058,0.2801,0.3720,58.00,175.4,-4.86,-17.92,9.83,0.1810,0.5460
1779202294.127,0.2577,0.3720,58.00,175.4,-5.17,-14.80,8.48,0.1630,0.5460
1779202294.197,0.2636,0.3720,58.00,175.4,-4.03,-8.97,6.47,0.1488,0.5460
1779202294.261,0.2624,0.3698,58.00,175.4,-2.23,-5.92,5.37,0.1562,0.5431
1779202294.326,0.2619,0.3676,58.00,175.4,-0.93,5.78,3.40,0.1642,0.5402
1779202294.394,0.2617,0.3676,58.00,175.4,-0.57,9.26,2.60,0.1609,0.5402
1779202294.464,0.2604,0.3676,58.00,175.4,0.30,9.80,2.14,0.1576,0.5402
1779202294.527,0.2594,0.3654,58.00,175.4,0.08,11.91,1.31,0.1653,0.5372
1779202294.594,0.2559,0.3632,58.00,175.4,-0.07,12.83,0.88,0.1630,0.5343
1779202294.662,0.2529,0.3611,58.00,175.4,0.29,12.72,0.90,0.1612,0.5314
1779202294.729,0.2543,0.3589,58.00,175.4,0.37,12.41,0.74,0.1655,0.5285
1779202294.797,0.2561,0.3567,58.00,175.4,0.43,12.50,0.67,0.1662,0.5256
1779202294.864,0.2589,0.3545,58.00,175.4,0.39,11.79,0.69,0.1651,0.5226
1779202294.928,0.2615,0.3545,58.00,175.4,0.40,11.19,0.72,0.1639,0.5226
1779202294.998,0.2601,0.3523,58.00,175.4,0.45,10.90,0.74,0.1644,0.5197
1779202295.062,0.2610,0.3501,58.00,175.4,0.49,10.55,0.76,0.1638,0.5168
1779202295.127,0.2599,0.3479,58.00,175.4,0.47,10.38,0.75,0.1638,0.5139
1779202295.196,0.2592,0.3479,58.00,175.4,0.43,10.20,0.74,0.1637,0.5139
1779202295.259,0.2585,0.3479,58.00,175.4,0.44,10.65,0.70,0.1639,0.5139
1779202295.331,0.2585,0.3457,58.00,175.4,0.43,10.72,0.69,0.1643,0.5110
1779202295.397,0.2572,0.3435,58.00,175.4,0.44,10.85,0.70,0.1644,0.5081
1779202295.460,0.2574,0.3414,58.00,175.4,0.32,10.90,0.68,0.1654,0.5051
1779202295.528,0.2593,0.3414,58.00,175.4,0.17,11.09,0.62,0.1672,0.5051
1779202295.597,0.2958,0.3414,58.00,175.4,0.55,11.00,0.53,0.1697,0.5051
1779202295.665,0.3142,0.3392,58.00,175.4,0.67,10.82,0.52,0.1718,0.5022
1779202295.728,0.3221,0.3370,58.00,175.4,0.73,10.67,0.50,0.1691,0.4993
1779202295.793,0.3248,0.3348,58.00,175.4,0.63,10.61,0.49,0.1696,0.4964
1779202295.865,0.3251,0.3326,58.00,175.4,0.60,10.42,0.48,0.1694,0.4935
1779202295.927,0.3258,0.3304,58.00,175.4,0.50,10.30,0.47,0.1689,0.4906
1779202295.998,0.3259,0.3304,58.00,175.4,0.42,10.03,0.48,0.1698,0.4906
1779202296.064,0.3260,0.3304,58.00,175.4,0.27,10.28,0.42,0.1707,0.4906
1779202296.131,0.3253,0.3282,58.00,175.4,0.05,10.74,0.32,0.1734,0.4876
1779202296.194,0.3247,0.3260,58.00,175.4,-0.08,12.17,0.20,0.2277,0.4847
1779202296.263,0.3218,0.3239,58.00,175.4,-0.45,15.14,-0.10,0.2782,0.4818
1779202296.331,0.0204,0.3260,58.00,175.4,-2.21,12.22,-0.03,0.3161,0.4847
1779202296.398,0.0667,0.3282,58.00,175.4,-1.86,13.45,-0.22,0.3017,0.4876
1779202296.462,0.1633,0.3282,58.00,175.4,-1.85,15.16,-0.51,0.2473,0.4876
1779202296.530,0.2435,0.3260,59.00,178.7,-1.15,13.56,-0.19,0.2065,0.4847
1779202296.598,0.2699,0.3239,59.00,178.7,-0.55,12.33,-0.03,0.1835,0.4818
1779202296.664,0.2810,0.3217,59.00,178.7,-0.13,11.18,0.14,0.1726,0.4789
1779202296.729,0.2825,0.3195,59.00,178.7,0.12,10.74,0.22,0.1671,0.4760
1779202296.797,0.2832,0.3173,59.00,178.7,0.27,10.40,0.27,0.1633,0.4730
1779202296.862,0.2886,0.3151,59.00,178.7,0.50,10.16,0.30,0.1608,0.4701
1779202296.931,0.2877,0.3129,59.00,178.7,0.65,9.91,0.35,0.1596,0.4672
1779202296.994,0.0450,0.3129,59.00,178.7,-0.39,7.60,0.31,0.1630,0.4672
1779202297.064,0.0350,0.3129,59.00,178.7,-0.42,6.24,0.54,0.1645,0.4672
1779202297.133,0.1279,0.3129,59.00,178.7,-0.52,8.47,0.46,0.1648,0.4672
1779202297.198,0.2196,0.3129,60.00,185.9,-0.16,9.48,0.29,0.1638,0.4672
1779202297.263,0.2545,0.3129,60.00,185.9,0.10,9.97,0.22,0.1636,0.4672
1779202297.330,0.2750,0.3092,60.00,185.9,0.31,10.09,0.17,0.1635,0.4623
1779202297.395,0.2859,0.3055,60.00,185.9,0.48,9.66,0.13,0.1625,0.4573
1779202297.463,0.2960,0.3055,60.00,185.9,0.65,9.27,0.13,0.1626,0.4573
1779202297.529,0.3029,0.3055,60.00,185.9,0.68,8.74,0.20,0.1643,0.4573
1779202297.597,0.3032,0.3033,60.00,185.9,0.73,8.74,0.35,0.1665,0.4544
1779202297.664,0.3041,0.3011,60.00,185.9,0.54,6.25,0.88,0.1686,0.4515
1779202297.732,0.3061,0.3011,60.00,185.9,0.50,2.86,1.44,0.1679,0.4515
1779202297.797,0.3122,0.3011,60.00,185.9,0.32,-0.18,2.11,0.1744,0.4515
1779202297.862,0.3158,0.2989,60.00,185.9,0.58,-2.35,2.60,0.1728,0.4485
1779202297.932,0.3306,0.2967,60.00,185.9,0.23,-2.81,2.87,0.1772,0.4456
1779202297.997,0.3361,0.2945,60.00,185.9,0.61,-6.14,3.09,0.1860,0.4427
1779202298.063,0.3370,0.2945,60.00,185.9,0.42,-10.34,3.72,0.1825,0.4427
1779202298.134,0.3324,0.2945,60.00,185.9,0.02,-7.94,3.46,0.1850,0.4427
1779202298.196,0.3249,0.2923,60.00,185.9,-0.03,-9.98,3.31,0.1814,0.4397
1779202298.263,0.0486,0.2923,60.00,185.9,-1.67,-5.40,2.19,0.1800,0.4397
1779202298.328,0.0320,0.2923,60.00,185.9,-1.82,-6.15,2.12,0.1816,0.4397
1779202298.398,0.1074,0.2945,60.00,185.9,-1.76,-6.44,1.81,0.1850,0.4427
1779202298.464,0.2285,0.2945,60.00,185.9,-1.33,-4.64,0.84,0.1838,0.4427
1779202298.531,0.2810,0.2945,60.00,185.9,-1.17,-2.65,0.38,0.1817,0.4427
1779202298.598,0.3071,0.2945,60.00,185.9,-0.92,-4.00,0.47,0.1787,0.4427
1779202298.664,0.3205,0.2945,60.00,185.9,-0.66,-6.03,0.64,0.1803,0.4427
1779202298.731,0.3364,0.2945,60.00,185.9,-0.82,-5.37,0.77,0.1805,0.4427
1779202298.790,0.3390,0.2945,60.00,185.9,-0.11,1.82,-0.15,0.1833,0.4427
1779202298.828,0.3331,0.2945,60.00,185.9,0.36,5.87,-0.53,0.1827,0.4427
1779202298.895,0.3317,0.2923,60.00,185.9,0.44,6.03,-0.78,0.1801,0.4397
1779202298.965,0.3292,0.2901,60.00,185.9,0.49,5.94,-0.71,0.1781,0.4368
1779202299.032,0.3128,0.2879,60.00,185.9,0.69,7.60,-0.70,0.1778,0.4339
1779202299.100,0.2804,0.2857,60.00,185.9,-0.03,4.51,-0.46,0.1789,0.4310
1779202299.163,0.2203,0.2835,60.00,185.9,-1.42,7.51,-1.32,0.1795,0.4280
1779202299.230,0.1960,0.2813,60.00,185.9,-2.52,10.22,-2.19,0.1796,0.4251
1779202299.297,0.1880,0.2791,60.00,185.9,-2.70,9.27,-2.37,0.1838,0.4222
1779202299.363,0.1777,0.2791,60.00,185.9,-3.06,9.04,-2.66,0.1834,0.4222
1779202299.429,0.1780,0.2791,60.00,185.9,-3.42,10.93,-3.35,0.1811,0.4222
1779202299.496,0.1797,0.2791,60.00,185.9,-3.89,12.47,-3.91,0.1808,0.4222
1779202299.566,0.1941,0.2791,61.00,186.3,-3.64,13.73,-4.45,0.1824,0.4222
1779202299.633,0.1830,0.2813,61.00,186.3,-3.30,10.60,-4.57,0.1834,0.4251
1779202299.697,0.1684,0.2835,61.00,186.3,-2.98,6.75,-4.49,0.1851,0.4280
1779202299.766,0.1717,0.2857,61.00,186.3,-3.02,4.97,-4.68,0.1871,0.4310
1779202299.833,0.1797,0.2879,61.00,186.3,-3.52,6.82,-5.20,0.1873,0.4339
1779202299.900,0.1823,0.2901,61.00,186.3,-4.27,11.13,-6.27,0.1957,0.4368
1779202299.963,0.1948,0.2901,62.00,199.9,-3.57,11.86,-6.40,0.1895,0.4368
1779202300.033,0.1990,0.2901,62.00,199.9,-3.60,14.28,-7.40,0.1909,0.4368
1779202300.098,0.1964,0.2901,62.00,199.9,-2.63,10.90,-7.32,0.1912,0.4368
1779202300.167,0.1921,0.2901,62.00,199.9,-2.32,9.88,-7.58,0.1955,0.4368
1779202300.231,0.1993,0.2901,62.00,199.9,-1.19,5.26,-7.17,0.1863,0.4368
1779202300.299,0.2121,0.2901,62.00,199.9,-0.45,7.81,-7.47,0.1884,0.4368
1779202300.365,0.2214,0.2901,62.00,199.9,1.13,2.93,-6.82,0.1889,0.4368
1779202300.434,0.2193,0.2901,62.00,199.9,1.19,3.97,-6.81,0.1859,0.4368
1779202300.498,0.2213,0.2901,62.00,199.9,1.52,5.92,-6.81,0.1800,0.4368
1779202300.567,0.2247,0.2901,62.00,199.9,2.13,5.99,-5.93,0.1812,0.4368
1779202300.632,0.2313,0.2901,62.00,199.9,1.83,8.47,-4.68,0.1866,0.4368
1779202300.700,0.2319,0.2901,62.00,199.9,2.19,11.17,-3.29,0.1917,0.4368
1779202300.765,0.2469,0.2901,62.00,199.9,2.05,16.45,-1.39,0.1944,0.4368
1779202300.833,0.2780,0.2901,62.00,199.9,2.11,19.51,0.35,0.1929,0.4368
1779202300.900,0.2769,0.2901,62.00,199.9,2.69,19.30,1.68,0.1888,0.4368
1779202300.967,0.2630,0.2901,62.00,199.9,3.66,18.58,2.15,0.1895,0.4368
1779202301.034,0.2406,0.2901,62.00,199.9,4.57,13.80,2.67,0.1887,0.4368
1779202301.100,0.2291,0.2879,62.00,199.9,5.55,8.61,2.43,0.1924,0.4339
1779202301.167,0.2034,0.2857,62.00,199.9,7.10,4.78,2.87,0.1945,0.4310
1779202301.233,0.2146,0.2835,62.00,199.9,10.61,-2.49,2.71,0.1732,0.4280
1779202301.299,0.2014,0.2835,62.00,199.9,13.97,-3.81,2.12,0.1593,0.4280
1779202301.364,0.2086,0.2835,62.00,199.9,16.23,-5.00,1.79,0.1462,0.4403
1779202301.431,0.2129,0.2835,62.00,199.9,40.65,-4.86,179.04,0.1338,0.6780
1779202301.495,0.2343,0.2835,62.00,199.9,41.99,-4.40,179.81,0.1203,0.6780
1779202301.568,0.2172,0.2835,62.00,199.9,47.00,-5.84,179.56,0.1109,0.6780
1779202301.634,0.2192,0.2835,62.00,199.9,48.54,-6.60,179.58,0.1032,0.6780
1779202301.696,0.2195,0.2835,62.00,199.9,45.87,-8.61,178.98,0.0867,0.6780
1779202301.762,0.2097,0.2835,62.00,199.9,45.46,-7.68,-179.58,0.0942,0.6780
1779202301.831,0.1878,0.2835,62.00,199.9,46.27,-8.31,-179.80,0.0958,0.6780
1779202301.896,0.1929,0.2835,62.00,199.9,46.22,-7.03,-178.87,0.0916,0.6780
1779202301.967,0.1955,0.2835,62.00,199.9,46.81,-8.22,-177.57,0.0945,0.6780
1779202302.031,0.2002,0.2835,62.00,199.9,45.62,-7.17,-176.30,0.0880,0.6780
1779202302.098,0.2272,0.2835,62.00,199.9,45.92,-5.59,-175.53,0.0847,0.6780
1779202302.161,0.2400,0.2835,62.00,199.9,45.73,-5.78,-175.53,0.0784,0.6780
1779202302.195,0.2457,0.2829,62.00,199.9,45.42,-6.45,-174.99,0.0772,0.6772
1779202302.228,0.2503,0.2829,62.00,199.9,44.88,-8.30,-175.24,0.0711,0.6772
1779202302.262,0.2480,0.2823,62.00,199.9,45.08,-8.84,-175.17,0.0730,0.6764
1779202302.331,0.2152,0.2807,62.00,199.9,46.96,-9.75,-175.89,0.0736,0.6743
1779202302.398,0.2441,0.2769,62.00,199.9,43.69,-11.35,-176.13,0.1012,0.6692
1779202302.466,0.2494,0.2747,62.00,199.9,44.09,-11.38,-175.78,0.0974,0.6663
1779202302.535,0.2199,0.2725,62.00,199.9,22.69,-11.64,7.72,0.1210,0.4903
1779202302.599,0.2356,0.2725,62.00,199.9,17.98,-10.93,7.35,0.1450,0.4432
1779202303.003,0.3052,0.2644,62.00,199.9,46.55,-4.29,-176.03,0.0875,0.6526
1779202303.200,0.2373,0.2612,62.00,199.9,45.24,-9.28,-177.80,0.1245,0.6482
1779202303.269,0.3060,0.2589,62.00,199.9,20.76,-6.16,7.01,0.1232,0.4529
1779202303.329,0.3255,0.2589,62.00,199.9,41.77,-7.37,-175.07,0.0912,0.6452
1779202306.267,0.2276,0.2296,62.00,199.9,22.00,11.95,-176.12,0.2148,0.4262
1779202306.333,0.2741,0.2296,62.00,199.9,29.64,11.45,-174.05,0.1556,0.5026
1779202306.401,0.3061,0.2272,62.00,199.9,19.05,3.74,3.96,0.1137,0.3934
1779202306.465,0.3137,0.2247,62.00,199.9,41.25,7.89,-173.79,0.0842,0.5996
1779202306.533,0.3344,0.2247,62.00,199.9,40.59,11.27,-173.30,0.1056,0.5996
1779202306.599,0.3300,0.2247,62.00,199.9,39.36,11.34,-173.28,0.1233,0.5932
1779202306.670,0.3288,0.2247,62.00,199.9,38.95,11.75,-173.25,0.1231,0.5891
1779202306.737,0.3231,0.2247,62.00,199.9,39.41,11.03,-173.42,0.1222,0.5937
1779202306.800,0.3213,0.2222,62.00,199.9,39.51,9.74,-173.70,0.1148,0.5914
1779202306.867,0.3216,0.2198,62.00,199.9,34.61,10.77,-173.97,0.1211,0.5392
1779202306.936,0.3133,0.2173,62.00,199.9,27.80,14.34,-174.49,0.1504,0.4678
1779202306.998,0.2811,0.2173,62.00,199.9,11.68,7.55,0.58,0.1549,0.3397
1779202308.137,0.2958,0.2139,62.00,199.9,15.20,7.62,0.53,0.1640,0.3373
1779202308.203,0.2997,0.2139,62.00,199.9,17.53,6.96,1.46,0.1432,0.3606
1779202308.268,0.3179,0.2139,62.00,199.9,34.36,7.59,-175.40,0.0979,0.5288
1779202308.336,0.3204,0.2113,62.00,199.9,40.58,8.18,-175.16,0.0938,0.5818
1779202308.400,0.3260,0.2088,62.00,199.9,41.34,9.93,-174.66,0.1128,0.5784
1779202308.468,0.3278,0.2062,62.00,199.9,40.60,10.84,-174.41,0.1234,0.5749
1779202308.535,0.3302,0.2062,62.00,199.9,40.53,10.77,-174.42,0.1267,0.5749
1779202308.603,0.3291,0.2062,62.00,199.9,40.75,10.22,-174.53,0.1270,0.5749
1779202308.666,0.3275,0.2062,62.00,199.9,40.51,9.63,-174.70,0.1249,0.5749
1779202308.737,0.3229,0.2062,62.00,199.9,40.96,7.84,-174.92,0.0993,0.5749
1779202308.801,0.3127,0.2036,62.00,199.9,37.09,6.92,-175.96,0.1243,0.5424
1779202308.869,0.2962,0.2010,62.00,199.9,18.38,-2.07,2.56,0.1279,0.3519
1779202314.107,0.2166,0.2484,56.00,199.9,7.56,-4.84,3.49,0.1840,0.3812
1779202314.169,0.2064,0.2484,56.00,199.9,10.01,-4.86,1.30,0.1644,0.3812
1779202314.238,0.2251,0.2484,56.00,199.9,24.37,-4.44,178.95,0.1683,0.4749
1779202314.307,0.2618,0.2484,55.00,199.9,23.23,-2.37,-179.94,0.1762,0.4635
1779202314.365,0.2582,0.2484,55.00,199.9,22.75,-5.20,179.39,0.1901,0.4586
1779202314.397,0.2465,0.2476,55.00,199.9,8.82,-6.18,1.09,0.1961,0.3801
1779202314.434,0.2147,0.2476,55.00,199.9,9.45,-5.17,0.13,0.1970,0.3801
1779202314.468,0.2046,0.2468,55.00,199.9,8.19,-3.87,0.36,0.2046,0.3791
1779202314.535,0.0685,0.2500,55.00,199.9,6.58,-14.54,1.54,0.1850,0.3833
1779202314.566,0.0327,0.2532,55.00,199.9,1.97,-12.97,1.81,0.2792,0.3876
1779202314.602,0.0538,0.2556,55.00,199.9,8.90,-13.22,0.51,0.1931,0.3908
1779202314.670,0.1980,0.2556,56.00,200.6,7.44,-10.66,1.03,0.1576,0.3908
1779202314.738,0.2386,0.2556,56.00,200.6,2.81,-11.51,2.99,0.1787,0.3908
1779202314.804,0.0694,0.2588,56.00,200.6,1.17,-8.76,3.36,0.1948,0.3950
1779202314.870,0.2063,0.2588,57.00,187.0,-1.20,-10.03,4.17,0.1940,0.3950
1779202314.941,0.2617,0.2556,56.00,187.0,-2.04,-10.75,4.62,0.1958,0.3908
1779202315.008,0.2676,0.2524,56.00,187.0,-3.34,-10.51,4.75,0.1928,0.3865
1779202315.070,0.2625,0.2492,56.00,187.0,-3.67,-11.25,4.78,0.1897,0.3823
1779202315.138,0.2573,0.2460,56.00,187.0,-3.93,-11.13,4.82,0.1943,0.3780
1779202315.205,0.2543,0.2428,56.00,187.0,-3.46,-8.85,4.20,0.1849,0.3737
1779202315.273,0.2602,0.2396,56.00,187.0,-2.83,-7.64,3.61,0.1810,0.3695
1779202315.339,0.2616,0.2364,56.00,187.0,-2.78,-7.11,3.30,0.1784,0.3652
1779202315.405,0.2651,0.2332,55.00,187.0,-3.33,-7.63,2.91,0.1716,0.3610
1779202315.469,0.2610,0.2332,55.00,187.0,-3.19,-6.04,2.24,0.1693,0.3610
1779202315.541,0.2639,0.2332,55.00,187.0,-2.06,-3.73,1.49,0.1565,0.3610
1779202315.606,0.2613,0.2332,55.00,187.0,-1.87,-2.34,1.19,0.1625,0.3610
1779202315.672,0.2850,0.2300,55.00,187.0,-1.11,-1.43,0.87,0.1552,0.3567
1779202315.739,0.3031,0.2268,55.00,187.0,-0.63,-1.86,0.56,0.1536,0.3524
1779202315.806,0.3133,0.2236,55.00,187.0,-0.62,-2.38,0.38,0.1551,0.3482
1779202315.872,0.3190,0.2236,55.00,187.0,-0.84,-3.76,0.29,0.1557,0.3482
1779202315.941,0.3165,0.2236,55.00,187.0,-1.05,-3.67,0.15,0.1560,0.3482
1779202316.003,0.3173,0.2236,54.00,187.0,-0.81,-2.20,-0.04,0.1562,0.3482
1779202316.076,0.3174,0.2204,54.00,187.0,-0.68,-1.60,-0.17,0.1562,0.3439
1779202316.139,0.3174,0.2173,54.00,187.0,-0.61,-1.15,-0.26,0.1565,0.3397
1779202316.207,0.3167,0.2173,54.00,187.0,-0.55,1.10,-0.46,0.1577,0.3397
1779202316.270,0.3169,0.2173,54.00,187.0,-0.64,0.98,-0.46,0.1586,0.3397
1779202316.340,0.3162,0.2173,54.00,187.0,-0.68,1.66,-0.50,0.1615,0.3397
1779202316.406,0.3135,0.2173,54.00,187.0,-0.74,1.98,-0.62,0.1597,0.3397
1779202316.473,0.0376,0.2204,54.00,187.0,-2.14,1.79,-0.79,0.1649,0.3439
1779202316.539,0.1144,0.2236,54.00,187.0,-2.29,0.62,-1.11,0.1671,0.3482
1779202316.608,0.1939,0.2236,55.00,180.5,-1.62,3.62,-1.81,0.1677,0.3482
1779202316.674,0.2304,0.2236,55.00,180.5,-1.32,5.00,-2.13,0.1640,0.3482
1779202316.742,0.2517,0.2236,55.00,180.5,-1.16,4.35,-2.18,0.1580,0.3482
1779202316.804,0.2601,0.2236,55.00,180.5,-0.97,5.43,-2.37,0.1567,0.3482
1779202316.875,0.2617,0.2236,55.00,180.5,-0.84,6.81,-2.45,0.1565,0.3482
1779202316.941,0.2624,0.2236,55.00,180.5,-0.82,7.71,-2.46,0.1566,0.3482
1779202317.009,0.2633,0.2236,55.00,180.5,-0.76,8.16,-2.45,0.1571,0.3482
1779202317.070,0.2645,0.2236,55.00,180.5,-0.70,8.43,-2.45,0.1559,0.3482
1779202317.142,0.2664,0.2236,55.00,180.5,-0.65,8.47,-2.46,0.1551,0.3482
1779202317.206,0.2677,0.2236,55.00,180.5,-0.57,8.26,-2.37,0.1544,0.3482
1779202317.273,0.2690,0.2204,55.00,180.5,-0.50,8.13,-2.34,0.1539,0.3439
1779202317.339,0.2582,0.2173,55.00,180.5,-0.50,8.38,-2.29,0.1531,0.3397
1779202317.405,0.2514,0.2141,54.00,180.5,-0.53,8.69,-2.31,0.1533,0.3354
1779202317.475,0.2473,0.2141,54.00,180.5,-0.55,9.15,-2.36,0.1525,0.3354
1779202317.539,0.2445,0.2141,54.00,180.5,-0.70,9.47,-2.42,0.1524,0.3354
1779202317.604,0.2416,0.2141,54.00,180.5,-0.79,10.33,-2.53,0.1525,0.3354
1779202317.674,0.2408,0.2109,54.00,180.5,-0.95,11.12,-2.61,0.1530,0.3312
1779202317.740,0.2383,0.2077,54.00,180.5,-0.99,11.84,-2.66,0.1535,0.3269
1779202317.808,0.2350,0.2045,53.00,180.5,-0.74,12.35,-2.62,0.1550,0.3226
1779202317.875,0.2352,0.2045,53.00,180.5,-0.74,12.48,-2.56,0.1554,0.3226
1779202317.942,0.2350,0.2045,53.00,180.5,-0.75,12.53,-2.50,0.1565,0.3226
1779202318.009,0.2339,0.2013,53.00,180.5,-0.75,12.27,-2.43,0.1565,0.3184
1779202318.076,0.2307,0.1981,53.00,180.5,-0.68,11.81,-2.34,0.1559,0.3141
1779202318.139,0.2286,0.1949,53.00,180.5,-0.62,11.54,-2.26,0.1560,0.3099
1779202318.206,0.2268,0.1949,53.00,180.5,-0.56,11.34,-2.14,0.1554,0.3099
1779202318.276,0.2309,0.1949,52.00,180.5,-0.69,11.46,-2.00,0.1555,0.3099
1779202318.339,0.2314,0.1949,52.00,180.5,-0.65,13.33,-2.06,0.1584,0.3099
1779202318.410,0.2190,0.1949,52.00,180.5,-0.95,14.32,-2.02,0.1637,0.3099
1779202318.471,0.1430,0.1981,52.00,180.5,-0.97,12.92,-1.89,0.1748,0.3141
1779202318.536,0.1744,0.2013,52.00,180.5,-0.21,5.53,-0.94,0.0989,0.3184
1779202318.605,0.2006,0.2013,53.00,173.6,2.05,5.45,-1.58,0.1700,0.3184
1779202318.675,0.2456,0.2013,53.00,173.6,-0.05,-10.37,-2.02,0.2056,0.3184
1779202318.738,0.2377,0.2013,53.00,173.6,1.27,-16.18,-1.45,0.1909,0.3184
1779202318.809,0.1719,0.2045,53.00,173.6,3.71,-2.91,-6.07,0.1966,0.3226
1779202318.872,0.1883,0.2045,54.00,166.9,21.48,9.63,176.07,0.2276,0.3875
1779202318.943,0.2152,0.2045,53.00,166.9,63.20,0.52,-8.11,0.2475,0.5726
1779202319.005,0.2058,0.2013,53.00,166.9,2.70,-18.07,-8.24,0.2353,0.3184
1779202319.073,0.2183,0.1981,53.00,166.9,1.93,-16.86,-13.16,0.2415,0.3141
1779202319.139,0.2368,0.1949,53.00,166.9,9.03,-22.22,-15.26,0.2393,0.3099
1779202319.209,0.2518,0.1917,52.00,166.9,11.17,-21.34,-16.40,0.1664,0.3056
1779202319.272,0.2530,0.1885,52.00,166.9,13.57,-18.80,-17.50,0.1840,0.3013
1779202319.336,0.2425,0.1853,52.00,166.9,12.87,-16.82,-17.23,0.1736,0.2971
1779202319.399,0.2423,0.1821,52.00,166.9,12.56,-16.36,-17.69,0.1532,0.2928
1779202319.437,0.2487,0.1789,52.00,166.9,10.04,-14.19,-15.89,0.1284,0.2886
1779202319.469,0.2378,0.1783,52.00,166.9,12.38,-11.45,-16.04,0.1237,0.2878
1779202319.505,0.2239,0.1752,52.00,166.9,12.77,-9.87,-16.30,0.1162,0.2835
1779202319.535,0.2312,0.1746,52.00,166.9,12.85,-10.83,-17.03,0.1201,0.2828
1779202319.573,0.2360,0.1714,51.00,166.9,11.19,-6.63,-16.57,0.1148,0.2786
1779202320.473,0.1226,0.1386,51.00,166.9,-38.62,-70.37,23.76,0.2102,0.4862
1779202320.538,0.0898,0.1386,51.00,166.9,1.70,11.88,-0.51,0.2138,0.2500
1779202320.675,0.1461,0.1358,51.00,166.9,12.68,31.02,-175.87,0.2049,0.2500
1779202320.740,0.1893,0.1325,52.00,173.7,4.17,23.96,-175.97,0.1829,0.2500
1779202320.808,0.2366,0.1291,52.00,173.7,98.58,62.79,-89.53,0.1772,0.5000
1779202320.875,0.2787,0.1258,52.00,173.7,19.32,9.17,-178.80,0.1675,0.2932
1779202320.944,0.2843,0.1225,52.00,173.7,18.75,10.68,-178.61,0.1593,0.2875
1779202321.006,0.2785,0.1192,52.00,173.7,17.55,12.58,-178.43,0.1730,0.2755
1779202321.073,0.2726,0.1159,52.00,173.7,16.76,13.36,-178.13,0.1780,0.2676
1779202321.138,0.2722,0.1126,52.00,173.7,18.53,12.09,-178.23,0.1753,0.2853
1779202321.172,0.2716,0.1093,52.00,173.7,18.09,12.11,-178.30,0.1767,0.2809
1779202321.239,0.2715,0.1060,52.00,173.7,17.52,12.48,-178.35,0.1755,0.2752
1779202321.310,0.2699,0.1060,52.00,173.7,17.71,11.80,-178.83,0.1776,0.2771
1779202321.376,0.2669,0.1060,52.00,173.7,17.78,11.63,-178.95,0.1699,0.2778
1779202321.445,0.2681,0.1060,52.00,173.7,16.44,13.32,-179.17,0.1747,0.2644
1779202321.505,0.2700,0.1060,52.00,173.7,16.63,13.22,-179.23,0.1699,0.2663
1779202321.572,0.2672,0.1060,52.00,173.7,17.40,11.90,-179.46,0.1651,0.2740
1779202321.641,0.2626,0.1060,52.00,173.7,16.59,13.78,-178.84,0.1698,0.2659
1779202321.707,0.2735,0.1060,51.00,173.7,15.86,14.57,-178.43,0.1703,0.2586
1779202321.778,0.2649,0.1060,51.00,173.7,14.04,15.84,-178.28,0.1621,0.2500
1779202321.844,0.2346,0.1060,51.00,173.7,2.35,10.12,-2.33,0.1627,0.2500
1779202321.909,0.1073,0.1093,50.00,173.7,12.54,13.86,-179.30,0.1629,0.2500
1779202321.971,0.0957,0.1126,50.00,173.7,13.31,17.71,-178.88,0.1832,0.2500
1779202322.004,0.1316,0.1159,50.00,173.7,40.35,-27.09,168.00,0.1845,0.5000
1779202322.036,0.1560,0.1188,50.00,173.7,117.20,73.07,-87.93,0.2010,0.5000
1779202322.072,0.1730,0.1221,50.00,173.7,4.72,12.87,-4.85,0.1856,0.2500
1779202322.104,0.1823,0.1250,50.00,173.7,4.06,14.87,-6.45,0.1903,0.2500
1779202322.139,0.1514,0.1283,50.00,173.7,1.64,5.47,-6.89,0.2085,0.2500
1779202322.171,0.1426,0.1311,49.00,173.7,0.57,5.68,-7.55,0.2124,0.2500
1779202322.207,0.1491,0.1344,49.00,173.7,1.09,-5.01,-5.91,0.1958,0.2500
1779202322.270,0.1480,0.1377,49.00,173.7,4.79,1.03,-5.93,0.2010,0.2500
1779202322.304,0.1497,0.1405,49.00,173.7,17.91,0.68,175.43,0.2245,0.2791
1779202322.339,0.1635,0.1438,49.00,173.7,18.82,-8.66,173.40,0.2326,0.2882
1779202322.406,0.1621,0.1471,49.00,173.7,5.19,2.75,-5.54,0.2266,0.2500
1779202322.477,0.1583,0.1503,49.00,173.7,7.93,1.77,-5.61,0.2181,0.2504
1779202322.539,0.1413,0.1536,49.00,173.7,10.33,0.85,-7.82,0.1965,0.2548
1779202322.612,0.1201,0.1569,49.00,173.7,11.50,1.31,-7.35,0.1842,0.2592
1779202322.678,0.1452,0.1601,49.00,173.7,12.62,1.84,-7.66,0.1903,0.2635
1779202322.744,0.2046,0.1601,49.00,173.7,11.08,3.34,-8.30,0.1746,0.2635
1779202322.808,0.2279,0.1601,49.00,173.7,10.43,2.44,-7.43,0.1675,0.2635
1779202322.878,0.1804,0.1634,49.00,173.7,17.05,3.41,169.69,0.1903,0.2884
1779202322.937,0.1540,0.1667,49.00,173.7,15.90,-0.74,169.56,0.1830,0.2813
1779202322.973,0.1576,0.1694,49.00,173.7,11.63,-2.67,-11.52,0.1665,0.2758
1779202323.042,0.1988,0.1694,50.00,169.8,17.01,2.35,170.42,0.1390,0.2959
1779202323.106,0.2405,0.1694,49.00,169.8,12.12,2.23,169.47,0.1327,0.2758
1779202323.175,0.2508,0.1694,49.00,169.8,11.83,2.67,168.63,0.1181,0.2758
1779202323.242,0.2489,0.1694,49.00,169.8,4.95,-2.83,-11.00,0.1347,0.2758
1779202323.307,0.2640,0.1694,49.00,169.8,5.86,-7.61,-9.84,0.1405,0.2758
1779202323.376,0.2434,0.1694,48.00,169.8,8.09,-5.07,-11.34,0.1319,0.2758
1779202323.444,0.2229,0.1694,48.00,169.8,9.59,-4.32,-10.99,0.1369,0.2758
1779202323.507,0.2190,0.1694,48.00,169.8,9.23,-2.66,-11.66,0.1202,0.2758
1779202323.573,0.2135,0.1694,47.00,169.8,10.05,-5.12,-12.91,0.1104,0.2758
1779202323.642,0.2120,0.1694,47.00,169.8,23.19,-0.66,165.61,0.1120,0.3577
1779202323.712,0.1289,0.1726,47.00,169.8,11.40,-12.46,-12.01,0.1647,0.2802
1779202323.777,0.1239,0.1726,47.00,169.8,8.60,-12.66,-11.83,0.1538,0.2802
1779202323.842,0.1444,0.1699,46.00,169.8,14.50,-4.42,166.22,0.1250,0.2766
1779202323.907,0.1775,0.1732,46.00,169.8,14.95,-6.78,166.41,0.1327,0.2809
1779202323.978,0.2095,0.1732,47.00,176.3,17.98,-9.06,167.52,0.1362,0.3108
1779202324.044,0.2285,0.1732,47.00,176.3,21.22,-9.66,167.61,0.1381,0.3431
1779202324.112,0.2305,0.1732,46.00,176.3,12.09,-15.84,-9.47,0.1514,0.2809
1779202324.175,0.2273,0.1732,46.00,176.3,11.12,-13.98,-9.63,0.1470,0.2809
1779202324.242,0.2303,0.1732,46.00,176.3,10.41,-13.20,-10.32,0.1476,0.2809
1779202324.313,0.2429,0.1732,46.00,176.3,11.36,-11.43,-10.61,0.1519,0.2809
1779202324.374,0.2318,0.1732,45.00,176.3,10.77,-10.40,-10.52,0.1600,0.2809
1779202324.445,0.2327,0.1732,45.00,176.3,9.67,-7.75,-10.77,0.1500,0.2809
1779202324.512,0.2273,0.1732,45.00,176.3,7.43,-7.51,-10.75,0.1483,0.2809
1779202324.578,0.2232,0.1732,45.00,176.3,5.74,-5.70,-10.21,0.1402,0.2809
1779202324.674,0.2148,0.1738,45.00,176.3,7.29,-6.22,-10.72,0.1310,0.2817
1779202324.743,0.1985,0.1738,45.00,176.3,12.18,-4.15,-11.75,0.1334,0.2817
1779202324.807,0.2161,0.1738,45.00,176.3,9.69,-3.60,-11.73,0.1315,0.2817
1779202324.875,0.2235,0.1738,45.00,176.3,11.09,-4.42,-12.12,0.1248,0.2817
1779202324.945,0.2145,0.1738,44.00,176.3,5.24,-0.22,-10.69,0.1271,0.2817
1779202325.011,0.2125,0.1738,44.00,176.3,5.54,-1.74,-11.15,0.1229,0.2817
1779202325.077,0.2066,0.1738,44.00,176.3,4.41,-0.15,-11.14,0.1228,0.2817
1779202325.145,0.2117,0.1738,44.00,176.3,7.39,-4.49,-10.62,0.1261,0.2817
1779202325.212,0.2058,0.1738,43.00,176.3,10.77,-5.32,-7.67,0.1355,0.2817
1779202325.274,0.2019,0.1738,43.00,176.3,6.43,-6.93,-4.26,0.1573,0.2817
1779202325.346,0.1694,0.1770,43.00,176.3,7.66,-5.14,-3.51,0.1798,0.2861
1779202325.412,0.1605,0.1803,43.00,176.3,7.29,-9.12,-2.07,0.1930,0.2904
1779202325.946,0.1232,0.1879,41.00,176.3,10.17,-6.60,-0.82,0.2521,0.3006
1779202326.012,0.1113,0.1913,41.00,176.3,7.31,-4.54,-1.45,0.1842,0.3050
1779202326.075,0.1534,0.1946,41.00,176.3,6.59,-5.24,-1.93,0.1449,0.3095
1779202326.142,0.1607,0.1980,41.00,176.3,5.96,-6.27,-1.32,0.1568,0.3140
1779202326.208,0.1517,0.2013,41.00,176.3,6.81,-5.49,-1.98,0.1468,0.3185
1779202326.277,0.1455,0.2047,41.00,176.3,7.42,-8.50,-2.36,0.1476,0.3229
1779202326.345,0.1483,0.2047,40.00,176.3,8.58,-10.47,-3.02,0.1593,0.3229
1779202326.414,0.1527,0.2047,40.00,176.3,8.08,-9.06,-4.61,0.1863,0.3229
1779202326.476,0.1594,0.2047,40.00,176.3,6.94,-8.94,-4.17,0.1979,0.3229
1779202326.547,0.1565,0.2081,40.00,176.3,7.46,-9.52,-3.74,0.1985,0.3274
1779202326.612,0.1542,0.2114,40.00,176.3,7.93,-9.82,-3.83,0.1985,0.3319
1779202326.676,0.1492,0.2148,40.00,176.3,7.71,-9.92,-4.05,0.1999,0.3364
1779202326.746,0.1447,0.2181,40.00,176.3,5.89,-9.49,-4.57,0.2002,0.3408
1779202326.810,0.1476,0.2215,40.00,176.3,4.25,-8.71,-5.56,0.2008,0.3453
1779202326.876,0.1444,0.2248,40.00,176.3,2.58,-5.75,-6.41,0.2019,0.3498
1779202328.815,0.1768,0.2296,36.00,176.3,2.83,-4.78,-0.72,0.2096,0.3562
1779202328.877,0.1476,0.2333,36.00,176.3,5.06,-2.75,-2.71,0.1714,0.3611
1779202328.948,0.1518,0.2370,36.00,176.3,10.39,-1.30,-4.59,0.1438,0.3660
1779202329.014,0.1838,0.2407,36.00,176.3,10.03,-3.97,-4.96,0.1450,0.3710
1779202329.079,0.1904,0.2407,36.00,176.3,11.53,-4.98,-5.77,0.1494,0.3710
1779202329.146,0.1955,0.2407,36.00,176.3,11.77,-4.89,-6.94,0.1492,0.3710
1779202329.212,0.2021,0.2407,36.00,176.3,11.43,-5.38,-7.20,0.1532,0.3710
1779202329.277,0.2110,0.2407,36.00,176.3,11.22,-5.74,-7.26,0.1564,0.3710
1779202329.346,0.2057,0.2407,36.00,176.3,10.82,-5.78,-6.97,0.1602,0.3710
1779202329.409,0.2026,0.2370,36.00,176.3,10.83,-5.74,-6.78,0.1605,0.3660
1779202329.479,0.1889,0.2333,36.00,176.3,10.07,-5.67,-6.27,0.1598,0.3611
1779202329.546,0.1393,0.2333,36.00,176.3,6.65,-6.55,-5.20,0.1678,0.3611
1779202329.614,0.1236,0.2370,36.00,176.3,9.13,-7.02,-5.58,0.1703,0.3660
1779202329.677,0.1310,0.2370,36.00,176.3,8.52,-5.60,-5.15,0.1666,0.3660
1779202329.746,0.1415,0.2370,36.00,176.3,9.90,-6.35,-5.20,0.1687,0.3660
1779202329.814,0.1436,0.2370,36.00,176.3,9.25,-4.49,-5.11,0.1645,0.3660
1779202329.879,0.1460,0.2370,36.00,176.3,9.17,-4.90,-5.04,0.1636,0.3660
1779202329.948,0.1513,0.2370,36.00,176.3,9.07,-5.08,-5.43,0.1594,0.3660
1779202330.013,0.1507,0.2407,36.00,176.3,8.46,-4.81,-5.23,0.1634,0.3710
1779202330.078,0.1605,0.2444,36.00,176.3,8.72,-4.10,-5.18,0.1668,0.3759
1779202330.148,0.1650,0.2481,36.00,176.3,10.13,-5.50,-5.20,0.1606,0.3809
1779202330.211,0.1644,0.2519,36.00,176.3,10.47,-6.10,-5.26,0.1591,0.3858
1779202330.280,0.1713,0.2556,36.00,176.3,10.73,-5.61,-5.90,0.1511,0.3907
1779202330.345,0.1684,0.2593,36.00,176.3,9.68,-5.21,-5.76,0.1532,0.3957
1779202330.412,0.1766,0.2630,36.00,176.3,9.67,-4.79,-5.86,0.1571,0.4006
1779202330.476,0.1775,0.2667,36.00,176.3,9.92,-4.84,-5.74,0.1590,0.4056
1779202330.548,0.1821,0.2704,36.00,176.3,9.75,-4.56,-5.53,0.1583,0.4105
1779202330.610,0.1907,0.2704,36.00,176.3,11.11,-5.63,-5.07,0.1511,0.4105
1779202330.681,0.1906,0.2704,36.00,176.3,9.61,-5.32,-5.00,0.1533,0.4105
1779202330.746,0.1901,0.2704,36.00,176.3,10.40,-5.52,-4.89,0.1551,0.4105
1779202330.815,0.1840,0.2741,36.00,176.3,9.17,-4.93,-5.11,0.1553,0.4154
1779202333.483,0.1566,0.3151,31.00,176.3,5.01,-3.09,-1.27,0.1865,0.4702
1779202333.550,0.1911,0.3138,31.00,176.3,3.74,-5.04,-3.60,0.1849,0.4684
1779202333.616,0.1914,0.3125,31.00,176.3,1.09,-4.34,-5.05,0.1835,0.4667
1779202333.683,0.1656,0.3154,31.00,176.3,1.54,-3.93,-5.90,0.1645,0.4705
1779202333.748,0.1656,0.3182,30.00,176.3,3.50,-3.66,-4.91,0.1623,0.4742
1779202333.816,0.1709,0.3210,30.00,176.3,3.84,-5.09,-3.99,0.1575,0.4780
1779202333.881,0.1733,0.3238,30.00,176.3,5.52,-4.82,-3.02,0.1571,0.4817
1779202333.948,0.1592,0.3265,30.00,176.3,6.10,-3.09,-4.29,0.1409,0.4854
1779202334.016,0.0855,0.3293,30.00,176.3,7.03,-3.54,-4.81,0.1399,0.4890
1779202334.081,0.1182,0.3320,30.00,176.3,2.63,-5.54,-2.79,0.1659,0.4926
1779202334.150,0.1920,0.3306,31.00,202.7,2.57,-7.17,-0.34,0.1631,0.4909
1779202334.208,0.2382,0.3293,31.00,202.7,2.92,-2.34,1.40,0.1633,0.4891
1779202334.244,0.2488,0.3280,31.00,202.7,4.03,-1.12,1.45,0.1557,0.4873
1779202334.278,0.2599,0.3267,31.00,202.7,4.16,-0.48,1.75,0.1557,0.4856
1779202334.308,0.2607,0.3254,31.00,202.7,3.88,-0.89,2.31,0.1583,0.4839
1779202334.347,0.2748,0.3241,31.00,202.7,3.93,-1.16,2.30,0.1583,0.4821
1779202334.415,0.3126,0.3228,31.00,202.7,2.53,-2.36,0.50,0.1553,0.4804
1779202334.482,0.3238,0.3216,30.00,202.7,3.24,-5.16,1.05,0.1576,0.4788
1779202334.548,0.3348,0.3203,30.00,202.7,0.62,-9.66,0.62,0.1800,0.4771
1779202334.617,0.3541,0.3191,30.00,202.7,2.14,-5.42,0.68,0.1836,0.4754
1779202334.684,0.3526,0.3178,30.00,202.7,3.43,-4.36,0.51,0.1817,0.4738
1779202334.750,0.0904,0.3205,30.00,202.7,6.36,-2.55,1.06,0.1676,0.4773
1779202334.817,0.1408,0.3231,29.00,202.7,4.60,-3.67,1.12,0.1585,0.4808
1779202334.882,0.2828,0.3218,30.00,182.9,4.66,-4.82,-0.11,0.1611,0.4791
1779202334.950,0.3570,0.3206,30.00,182.9,5.39,-3.35,-0.72,0.1591,0.4775
1779202335.014,0.3776,0.3194,30.00,182.9,7.44,-3.33,-0.55,0.1720,0.4759
1779202335.083,0.3595,0.3182,30.00,182.9,8.44,-3.20,-0.37,0.1695,0.4742
1779202335.151,0.0941,0.3208,30.00,182.9,11.76,-5.73,0.91,0.1744,0.4777
1779202335.217,0.1806,0.3233,30.00,182.9,10.65,0.57,-0.91,0.1579,0.4811
1779202335.280,0.2879,0.3221,31.00,182.3,9.66,-0.97,-0.82,0.1654,0.4795
1779202335.346,0.3257,0.3209,31.00,182.3,9.72,-2.38,-1.32,0.1785,0.4779
1779202335.417,0.3370,0.3197,30.00,182.3,9.55,-2.08,-1.42,0.1784,0.4763
1779202335.484,0.3523,0.3185,30.00,182.3,8.70,-2.28,-1.70,0.1587,0.4747
1779202335.547,0.3576,0.3173,30.00,182.3,7.93,-3.26,-1.61,0.1494,0.4731
1779202335.616,0.3576,0.3162,30.00,182.3,8.05,-3.66,-1.63,0.1499,0.4716
1779202335.683,0.3573,0.3150,29.00,182.3,8.37,-5.57,-1.15,0.1448,0.4700
1779202335.746,0.3576,0.3139,29.00,182.3,8.32,-5.59,-1.02,0.1426,0.4685
1779202335.813,0.3580,0.3127,29.00,182.3,8.30,-5.99,-1.05,0.1434,0.4670
1779202335.880,0.3595,0.3116,29.00,182.3,8.00,-6.23,-0.99,0.1391,0.4655
1779202335.947,0.3646,0.3105,29.00,182.3,7.29,-6.70,-0.84,0.1409,0.4640
1779202336.017,0.3675,0.3094,29.00,182.3,6.51,-7.72,-0.50,0.1439,0.4625
1779202336.083,0.3663,0.3082,28.00,182.3,7.12,-10.26,0.52,0.1375,0.4610
1779202336.146,0.3622,0.3071,28.00,182.3,8.43,-9.78,0.95,0.1122,0.4595
1779202336.215,0.3577,0.3060,28.00,182.3,9.20,-8.96,0.98,0.1007,0.4581
1779202336.282,0.3568,0.3060,28.00,182.3,9.22,-8.86,0.82,0.1034,0.4581
1779202336.347,0.3578,0.3060,28.00,182.3,8.83,-7.99,0.73,0.1084,0.4581
1779202336.416,0.3583,0.3060,28.00,182.3,8.81,-7.86,0.71,0.1096,0.4581
1779202336.483,0.3573,0.3060,28.00,182.3,8.99,-7.87,0.81,0.1106,0.4581
1779202336.546,0.3574,0.3060,27.00,182.3,9.11,-7.69,0.76,0.1100,0.4581
1779202336.618,0.3593,0.3060,27.00,182.3,8.61,-7.90,0.79,0.1150,0.4581
1779202336.683,0.3606,0.3060,27.00,182.3,8.44,-7.92,0.83,0.1178,0.4581
1779202336.751,0.3615,0.3060,27.00,182.3,8.23,-8.18,0.73,0.1230,0.4581
1779202336.814,0.3628,0.3060,27.00,182.3,8.17,-8.36,0.61,0.1244,0.4581
1779202336.884,0.3639,0.3060,27.00,182.3,8.29,-8.22,0.57,0.1218,0.4581
1779202336.951,0.3648,0.3060,27.00,182.3,8.43,-8.09,0.56,0.1203,0.4581
1779202337.018,0.3655,0.3060,26.00,182.3,9.03,-7.75,0.52,0.1136,0.4581
1779202337.082,0.3649,0.3050,26.00,182.3,9.20,-7.89,0.56,0.1114,0.4566
1779202337.151,0.3640,0.3039,26.00,182.3,9.14,-7.89,0.56,0.1104,0.4552
1779202337.217,0.3641,0.3028,26.00,182.3,9.11,-7.77,0.57,0.1091,0.4538
1779202337.286,0.3646,0.3018,26.00,182.3,9.16,-7.79,0.56,0.1067,0.4523
1779202337.352,0.3656,0.3007,25.00,182.3,9.14,-7.72,0.54,0.1055,0.4509
1779202337.412,0.3663,0.2997,25.00,182.3,9.03,-7.76,0.53,0.1042,0.4495
1779202337.483,0.3660,0.2986,25.00,182.3,9.29,-7.51,0.55,0.1033,0.4481
1779202337.552,0.3660,0.2976,25.00,182.3,9.23,-7.58,0.54,0.1041,0.4468
1779202337.615,0.3663,0.2966,25.00,182.3,9.11,-7.33,0.49,0.1043,0.4454
1779202337.684,0.3678,0.2955,25.00,182.3,8.74,-7.31,0.41,0.1076,0.4440
1779202337.751,0.3675,0.2945,25.00,182.3,8.72,-7.40,0.42,0.1063,0.4427
1779202337.815,0.3682,0.2935,25.00,182.3,8.52,-7.54,0.35,0.1080,0.4414
1779202337.884,0.3689,0.2925,25.00,182.3,8.24,-7.63,0.33,0.1080,0.4400
1779202337.950,0.1135,0.2949,25.00,182.3,7.75,-5.97,0.22,0.1075,0.4432
1779202338.017,0.1668,0.2973,25.00,182.3,7.01,-6.26,0.36,0.1086,0.4464
1779202338.081,0.2602,0.2963,25.00,188.8,7.39,-6.71,0.24,0.1061,0.4451
1779202338.149,0.3157,0.2963,25.00,188.8,7.44,-6.95,0.32,0.1060,0.4451
1779202338.218,0.3373,0.2963,25.00,188.8,7.31,-7.05,0.25,0.1072,0.4451
1779202338.284,0.3479,0.2963,25.00,188.8,7.34,-7.04,0.22,0.1072,0.4451
1779202338.352,0.3515,0.2963,25.00,188.8,7.39,-7.08,0.23,0.1070,0.4451
1779202338.415,0.3537,0.2963,25.00,188.8,7.44,-7.23,0.18,0.1077,0.4451
1779202338.486,0.3582,0.2963,25.00,188.8,7.40,-7.75,0.18,0.1081,0.4451
1779202338.551,0.3611,0.2963,24.00,188.8,7.11,-8.21,-0.00,0.1110,0.4251
1779202338.619,0.3635,0.2963,24.00,188.8,6.48,-7.90,-0.32,0.1166,0.4251
1779202338.681,0.3649,0.2963,24.00,188.8,5.94,-7.18,-0.91,0.1197,0.4251
1779202338.750,0.3648,0.2963,24.00,188.8,5.51,-5.90,-1.23,0.1198,0.4251
1779202338.817,0.3694,0.2963,24.00,188.8,5.35,-6.44,-1.13,0.1170,0.4251
1779202338.886,0.3715,0.2963,24.00,188.8,5.22,-5.78,-1.22,0.1174,0.4251
1779202338.949,0.3639,0.2953,24.00,188.8,4.42,-10.49,-0.71,0.1250,0.4237
1779202339.020,0.3586,0.2943,23.00,188.8,2.39,-10.41,-0.30,0.1350,0.4024
1779202339.085,0.3460,0.2933,23.00,188.8,2.89,-14.41,-0.11,0.1363,0.4011
1779202339.150,0.3405,0.2924,23.00,188.8,3.11,-13.67,-0.32,0.1357,0.3998
1779202339.217,0.3453,0.2914,23.00,188.8,2.70,-10.34,-0.56,0.1284,0.3985
1779202339.286,0.3415,0.2904,23.00,188.8,1.96,-11.37,-0.14,0.1291,0.3972
1779202339.382,0.3535,0.2895,23.00,188.8,1.72,-12.25,-0.07,0.1305,0.3960
1779202339.447,0.3465,0.2885,23.00,188.8,0.90,-15.13,-0.21,0.1498,0.3947
1779202339.515,0.3472,0.2876,23.00,188.8,0.58,-17.73,0.15,0.1727,0.3934
1779202339.582,0.3444,0.2866,23.00,188.8,0.40,-17.89,0.07,0.1983,0.3922
1779202339.651,0.2583,0.2857,23.00,188.8,-0.55,-19.12,0.11,0.2209,0.3910
1779202339.715,0.0668,0.2880,23.00,188.8,-2.27,-16.09,-0.01,0.2462,0.3940
1779202339.785,0.0927,0.2903,23.00,188.8,-2.60,-13.73,-0.24,0.2434,0.3971
1779202339.850,0.1932,0.2894,24.00,188.8,-1.85,-9.20,-1.15,0.2198,0.4159
1779202339.916,0.2331,0.2885,24.00,188.8,-1.26,-6.69,-1.39,0.2001,0.4146
1779202339.984,0.2460,0.2875,24.00,188.8,-0.98,-1.91,-1.93,0.1942,0.4134
1779202340.051,0.2544,0.2866,24.00,188.8,-0.68,-1.53,-2.02,0.1812,0.4122
1779202340.117,0.2593,0.2857,24.00,188.8,-0.49,-1.41,-2.10,0.1774,0.4110
1779202340.183,0.2635,0.2848,24.00,188.8,0.10,0.41,-2.22,0.1640,0.4097
1779202340.250,0.2738,0.2839,24.00,188.8,0.37,1.72,-2.26,0.1626,0.4085
1779202340.316,0.1943,0.2830,24.00,188.8,-0.42,0.02,-2.13,0.1706,0.4074
1779202340.385,0.0246,0.2853,24.00,188.8,-1.62,9.23,-3.29,0.1723,0.4104
1779202340.450,0.0484,0.2875,24.00,188.8,-1.43,14.33,-2.13,0.1889,0.4133
1779202340.517,0.2259,0.2866,25.00,188.6,-0.38,17.40,-2.20,0.1858,0.4321
1779202340.587,0.2899,0.2857,25.00,188.6,0.78,16.18,-1.87,0.1649,0.4310
1779202340.653,0.3110,0.2848,25.00,188.6,1.42,15.19,-1.75,0.1572,0.4298
1779202340.717,0.3221,0.2840,25.00,188.6,1.59,14.86,-1.48,0.1578,0.4286
1779202340.783,0.3322,0.2831,25.00,188.6,0.72,15.37,-1.32,0.1686,0.4274
1779202340.854,0.3298,0.2822,25.00,188.6,-0.45,18.63,-0.84,0.1965,0.4263
1779202340.915,0.3380,0.2813,25.00,188.6,-0.48,19.99,-0.46,0.2291,0.4251
1779202340.987,0.3265,0.2805,25.00,188.6,-0.75,21.10,0.14,0.2006,0.4240
1779202341.050,0.3232,0.2796,25.00,188.6,-0.98,20.76,0.80,0.1913,0.4228
1779202341.117,0.0302,0.2818,25.00,188.6,-1.40,20.25,0.98,0.1893,0.4258
1779202341.186,0.0209,0.2840,25.00,188.6,-1.46,19.11,1.40,0.1847,0.4287
1779202341.252,0.1268,0.2861,25.00,188.6,-1.31,20.49,1.34,0.1757,0.4315
1779202341.317,0.2183,0.2853,26.00,202.4,-0.45,18.52,1.71,0.1875,0.4304
1779202341.384,0.2643,0.2844,26.00,202.4,0.68,16.63,1.57,0.1929,0.4292
1779202341.451,0.2899,0.2836,26.00,202.4,1.43,13.93,1.14,0.1865,0.4281
1779202341.518,0.2981,0.2827,26.00,202.4,0.82,12.03,0.41,0.1921,0.4270
1779202341.584,0.3021,0.2819,26.00,202.4,0.80,9.06,-0.37,0.1920,0.4259
1779202341.649,0.3023,0.2811,26.00,202.4,0.40,6.30,-0.31,0.2019,0.4248
1779202341.717,0.2999,0.2802,26.00,202.4,0.13,5.10,0.48,0.2735,0.4236
1779202341.785,0.3001,0.2794,26.00,202.4,-0.39,3.06,0.70,0.2821,0.4225
1779202341.854,0.2982,0.2786,26.00,202.4,-1.31,3.28,0.68,0.2571,0.4215
1779202341.919,0.2991,0.2778,26.00,202.4,-1.89,-0.42,1.14,0.2153,0.4204
1779202341.986,0.2987,0.2770,26.00,202.4,-2.18,-8.12,2.27,0.1911,0.4193
1779202342.054,0.2990,0.2762,26.00,202.4,-2.10,-9.54,2.43,0.1772,0.4182
1779202342.116,0.3004,0.2754,26.00,202.4,-2.23,-7.46,2.27,0.1619,0.4171
1779202342.188,0.3048,0.2746,26.00,202.4,-1.75,-6.69,2.06,0.1575,0.4161
1779202342.252,0.3036,0.2738,26.00,202.4,-1.32,-9.24,2.00,0.1834,0.4150
1779202342.321,0.3064,0.2730,26.00,202.4,-1.59,-12.07,1.80,0.1958,0.4140
1779202342.387,0.2983,0.2722,26.00,202.4,-2.46,-15.72,2.39,0.2036,0.4129
1779202342.449,0.2945,0.2714,26.00,202.4,-1.81,-13.80,1.42,0.1579,0.4119
1779202342.517,0.3161,0.2707,26.00,202.4,-4.00,-15.02,-0.96,0.1473,0.4109
1779202342.587,0.3172,0.2699,26.00,202.4,2.37,-13.92,-0.69,0.1739,0.4098
1779202342.652,0.2304,0.2691,26.00,202.4,1.67,-7.48,-3.00,0.1523,0.4088
1779202342.717,0.2540,0.2684,26.00,202.4,-8.47,-19.55,-3.28,0.1966,0.4078
1779202342.786,0.2629,0.2676,26.00,202.4,-5.58,-21.79,-3.33,0.2031,0.4068
1779202342.853,0.2613,0.2669,26.00,202.4,-4.80,-23.10,-5.65,0.1884,0.4058
1779202342.917,0.0289,0.2689,26.00,202.4,-5.09,-20.80,-8.90,0.1878,0.4085
1779202342.987,0.0426,0.2709,26.00,202.4,-1.54,-17.83,-11.46,0.1872,0.4113
1779202343.050,0.1882,0.2702,27.00,189.0,-0.16,-15.49,-12.86,0.1640,0.4103
1779202343.119,0.2566,0.2694,27.00,189.0,3.62,-0.20,-15.66,0.1633,0.4093
1779202343.187,0.2859,0.2687,27.00,189.0,4.98,8.32,-16.17,0.1718,0.4083
1779202343.250,0.2895,0.2680,27.00,189.0,4.93,12.95,-16.35,0.1638,0.4073
1779202343.318,0.2843,0.2672,27.00,189.0,5.51,17.41,-16.53,0.1682,0.4063
1779202343.385,0.2877,0.2665,27.00,189.0,6.41,20.21,-16.52,0.1659,0.4053
1779202343.454,0.2921,0.2658,27.00,189.0,7.31,20.98,-15.90,0.1668,0.4043
1779202343.517,0.2878,0.2650,27.00,189.0,7.19,21.75,-15.91,0.1737,0.4034
1779202343.586,0.2889,0.2643,27.00,189.0,7.35,21.47,-15.89,0.1693,0.4024
1779202343.650,0.2906,0.2636,27.00,189.0,7.23,21.34,-15.74,0.1718,0.4014
1779202343.719,0.2930,0.2629,27.00,189.0,7.67,20.77,-15.68,0.1693,0.4005
1779202343.784,0.2914,0.2622,27.00,189.0,7.91,20.63,-15.50,0.1653,0.3995
1779202343.855,0.2911,0.2615,27.00,189.0,7.68,20.49,-15.44,0.1653,0.3986
1779202343.920,0.2916,0.2608,27.00,189.0,7.56,20.60,-14.62,0.1623,0.3977
1779202343.988,0.2950,0.2601,27.00,189.0,7.21,21.59,-14.10,0.1614,0.3967
1779202344.050,0.2874,0.2594,27.00,189.0,7.62,20.98,-13.92,0.1623,0.3958
1779202344.122,0.2858,0.2594,27.00,189.0,7.97,21.05,-13.84,0.1658,0.3958
1779202344.184,0.2934,0.2594,27.00,189.0,8.18,20.88,-13.35,0.1744,0.3958
1779202344.254,0.3017,0.2594,27.00,189.0,8.06,20.78,-12.76,0.1800,0.3958
1779202344.317,0.3053,0.2594,27.00,189.0,7.61,20.23,-12.21,0.1830,0.3958
1779202344.389,0.3041,0.2594,27.00,189.0,7.19,19.60,-12.03,0.1795,0.3958
1779202344.453,0.3000,0.2601,27.00,189.0,6.31,20.53,-12.07,0.1815,0.3967
1779202344.519,0.3024,0.2601,27.00,189.0,5.56,20.53,-12.17,0.1844,0.3967
1779202344.587,0.3106,0.2554,27.00,189.0,5.09,21.01,-12.04,0.1917,0.3905
1779202344.653,0.3157,0.2527,27.00,189.0,4.07,22.08,-11.53,0.1994,0.3869
1779202344.720,0.3165,0.2527,27.00,189.0,3.93,22.14,-10.70,0.2006,0.3869
1779202344.785,0.3193,0.2527,27.00,189.0,3.86,22.61,-10.52,0.1826,0.3869
1779202344.853,0.3334,0.2500,27.00,189.0,4.68,21.60,-9.29,0.1671,0.3833
1779202344.924,0.3066,0.2500,27.00,189.0,3.97,21.37,-8.60,0.1498,0.3833
1779202344.988,0.0759,0.2527,27.00,189.0,1.70,18.73,-7.58,0.1600,0.3869
1779202345.053,0.1781,0.2554,27.00,189.0,1.19,19.01,-6.53,0.1618,0.3905
1779202345.121,0.2557,0.2554,28.00,185.8,-0.03,17.14,-4.85,0.1722,0.3905
1779202345.189,0.2709,0.2554,28.00,185.8,-0.42,16.73,-3.86,0.1800,0.3905
1779202345.251,0.2770,0.2554,28.00,185.8,-0.79,14.01,-2.12,0.1695,0.3905
1779202345.323,0.2872,0.2554,28.00,185.8,-1.03,14.01,-1.03,0.1656,0.3905
1779202345.386,0.2866,0.2554,28.00,185.8,-1.51,13.70,-0.60,0.1749,0.3905
1779202345.456,0.2785,0.2554,28.00,185.8,-4.24,2.64,-0.01,0.1838,0.3905
1779202345.522,0.2959,0.2554,28.00,185.8,-4.96,6.66,1.24,0.1835,0.3905
1779202345.589,0.2962,0.2554,28.00,185.8,-4.48,10.10,1.61,0.1846,0.3905
1779202345.653,0.2893,0.2554,28.00,185.8,-3.39,8.85,2.68,0.1928,0.3905
1779202345.723,0.3125,0.2554,28.00,185.8,-3.39,11.76,2.30,0.1878,0.3905
1779202345.785,0.3158,0.2554,28.00,185.8,-3.15,19.01,-0.27,0.2010,0.3905
1779202345.856,0.3068,0.2554,27.00,185.8,-2.27,19.11,-1.33,0.1845,0.3905
1779202345.923,0.2886,0.2554,27.00,185.8,-2.55,18.23,-1.97,0.1766,0.3905
1779202345.989,0.2730,0.2554,27.00,185.8,-1.92,18.81,-1.93,0.1685,0.3905
1779202346.055,0.2715,0.2554,27.00,185.8,-0.95,17.76,-1.53,0.1679,0.3905
1779202346.121,0.2612,0.2554,27.00,185.8,-1.10,17.68,-1.53,0.1660,0.3905
1779202346.188,0.2410,0.2554,26.00,185.8,-0.11,16.58,-1.24,0.1299,0.3905
1779202346.254,0.2381,0.2554,26.00,185.8,0.04,16.47,-1.34,0.1032,0.3905
1779202346.319,0.2288,0.2554,26.00,185.8,0.79,16.32,-1.01,0.0910,0.3905
1779202346.388,0.2248,0.2554,26.00,185.8,0.43,16.30,-1.07,0.0932,0.3905
1779202346.454,0.2125,0.2554,26.00,185.8,0.80,16.18,-1.15,0.0951,0.3905
1779202346.523,0.2166,0.2527,26.00,185.8,0.61,16.59,-1.45,0.1016,0.3869
1779202346.587,0.2092,0.2500,26.00,185.8,1.01,17.36,-1.39,0.1128,0.3833
1779202346.655,0.2130,0.2500,26.00,185.8,0.41,18.09,-1.47,0.1146,0.3833
1779202346.720,0.2144,0.2500,26.00,185.8,0.12,18.99,-1.09,0.1151,0.3833
1779202346.787,0.2235,0.2500,26.00,185.8,-0.15,19.55,-0.90,0.1109,0.3833
1779202346.853,0.2209,0.2500,26.00,185.8,-0.36,20.10,-0.47,0.1072,0.3833
1779202346.921,0.2189,0.2500,26.00,185.8,-0.26,19.79,-0.24,0.1092,0.3833
1779202346.989,0.2221,0.2500,26.00,185.8,0.11,20.17,-0.42,0.1048,0.3833
1779202347.057,0.2181,0.2500,26.00,185.8,0.35,20.62,-0.54,0.1070,0.3833
1779202347.119,0.2349,0.2500,26.00,185.8,0.07,20.67,-0.54,0.1009,0.3833
1779202347.187,0.2368,0.2500,26.00,185.8,-0.15,21.07,-0.56,0.0937,0.3833
1779202347.255,0.2368,0.2500,26.00,185.8,-0.42,21.60,-0.39,0.0942,0.3833
1779202347.323,0.2364,0.2500,26.00,185.8,-0.50,21.80,-0.26,0.0962,0.3833
1779202347.385,0.2432,0.2500,26.00,185.8,-0.67,21.46,-0.06,0.0970,0.3833
1779202347.454,0.2508,0.2500,25.00,185.8,-0.63,21.02,-0.26,0.0976,0.3833
1779202347.523,0.2537,0.2500,25.00,185.8,-1.23,21.34,-0.39,0.1071,0.3833
1779202347.588,0.2617,0.2500,25.00,185.8,-0.97,21.05,-0.36,0.1084,0.3833
1779202347.656,0.2646,0.2500,25.00,185.8,-0.85,20.17,-0.14,0.1075,0.3833
1779202347.723,0.2658,0.2500,25.00,185.8,-0.85,19.97,-0.11,0.1041,0.3833
1779202347.790,0.2690,0.2500,25.00,185.8,-0.74,19.85,-0.13,0.1064,0.3833
1779202347.855,0.2737,0.2500,24.00,185.8,-0.45,19.10,-0.12,0.1052,0.3633
1779202347.923,0.2666,0.2500,24.00,185.8,-0.38,19.57,-0.32,0.1044,0.3633
1779202347.990,0.2453,0.2500,24.00,185.8,-0.45,19.85,-0.47,0.1060,0.3633
1779202348.055,0.2229,0.2500,24.00,185.8,-0.31,20.06,-0.46,0.1072,0.3633
1779202348.124,0.1992,0.2500,24.00,185.8,0.15,19.45,-0.11,0.1169,0.3633
1779202348.185,0.1941,0.2500,23.00,185.8,0.29,18.60,0.09,0.1309,0.3433
1779202348.254,0.1875,0.2500,23.00,185.8,0.56,18.55,0.32,0.1335,0.3433
1779202348.323,0.1958,0.2500,23.00,185.8,1.63,17.79,0.46,0.1103,0.3433
1779202348.390,0.1851,0.2527,23.00,185.8,1.68,18.12,0.58,0.1246,0.3469
1779202348.452,0.1903,0.2527,24.00,165.5,1.96,18.03,0.63,0.1221,0.3669
1779202348.519,0.1963,0.2500,24.00,165.5,1.93,17.34,0.72,0.1330,0.3633
1779202348.590,0.1944,0.2473,24.00,165.5,1.65,17.43,0.67,0.1357,0.3597
1779202348.657,0.1879,0.2473,24.00,165.5,1.14,17.91,0.23,0.1402,0.3597
1779202348.720,0.1959,0.2473,24.00,165.5,0.37,18.59,-0.26,0.1543,0.3597
1779202348.788,0.1968,0.2473,24.00,165.5,0.29,18.65,-0.47,0.1560,0.3597
1779202348.855,0.1952,0.2446,24.00,165.5,0.28,18.37,-0.51,0.1579,0.3562
1779202348.921,0.1929,0.2446,24.00,165.5,0.32,18.34,-0.63,0.1631,0.3562
1779202348.989,0.1879,0.2446,24.00,165.5,0.29,18.80,-0.78,0.1650,0.3562
1779202349.057,0.1788,0.2473,24.00,165.5,0.15,19.00,-1.03,0.1695,0.3597
1779202349.124,0.1594,0.2500,24.00,165.5,0.15,18.77,-1.09,0.1728,0.3633
1779202349.187,0.1478,0.2527,24.00,165.5,0.08,18.75,-1.19,0.1723,0.3669
1779202349.254,0.1433,0.2554,24.00,165.5,0.14,18.89,-1.27,0.1715,0.3705
1779202349.320,0.1383,0.2581,24.00,165.5,0.01,18.33,-1.25,0.1784,0.3741
1779202349.389,0.1337,0.2608,24.00,165.5,0.03,18.82,-1.33,0.1784,0.3777
1779202349.455,0.1276,0.2642,24.00,165.5,0.07,18.52,-1.30,0.1782,0.3822
1779202349.525,0.1260,0.2676,24.00,165.5,0.24,18.38,-1.26,0.1756,0.3868
1779202349.591,0.1243,0.2710,24.00,165.5,0.33,18.11,-1.20,0.1736,0.3913
1779202349.657,0.1245,0.2730,24.00,165.5,0.38,18.66,-1.30,0.1754,0.3940
1779202349.724,0.1219,0.2749,24.00,165.5,0.31,19.00,-1.39,0.1769,0.3966
1779202349.789,0.1210,0.2769,24.00,165.5,0.19,18.95,-1.44,0.1799,0.3992
1779202349.854,0.1205,0.2788,24.00,165.5,0.01,18.90,-1.54,0.1792,0.4018
1779202349.925,0.1187,0.2807,24.00,165.5,0.02,18.49,-1.56,0.1787,0.4043
1779202349.989,0.1143,0.2827,24.00,165.5,-0.00,18.18,-1.60,0.1768,0.4069
1779202350.053,0.1126,0.2846,24.00,165.5,0.05,18.00,-1.61,0.1766,0.4094
1779202350.122,0.1104,0.2865,24.00,165.5,0.13,17.90,-1.59,0.1780,0.4120
1779202350.191,0.1092,0.2884,24.00,165.5,0.18,17.65,-1.54,0.1801,0.4145
1779202350.258,0.1075,0.2902,24.00,165.5,0.21,17.56,-1.51,0.1816,0.4170
1779202350.323,0.1019,0.2921,24.00,165.5,0.25,17.15,-1.44,0.1848,0.4195
1779202350.389,0.0929,0.2940,24.00,165.5,-0.14,16.79,-1.52,0.1980,0.4220
1779202350.456,0.0804,0.2958,24.00,165.5,0.36,17.30,-1.17,0.2044,0.4244
1779202350.524,0.0678,0.2958,24.00,165.5,-0.11,13.69,-0.03,0.1916,0.4244
1779202350.591,0.0703,0.2958,24.00,165.5,-0.23,12.52,0.72,0.1861,0.4244
1779202350.658,0.0793,0.2977,24.00,165.5,-0.10,12.16,1.41,0.1886,0.4269
1779202350.725,0.0843,0.2977,24.00,165.5,0.09,14.17,1.73,0.1878,0.4269
1779202350.789,0.0884,0.3003,24.00,165.5,0.32,15.23,1.83,0.2023,0.4303
1779202350.854,0.0794,0.3029,24.00,165.5,-0.14,15.33,1.80,0.2003,0.4338
1779202350.925,0.0717,0.3055,24.00,165.5,-1.01,15.11,1.81,0.1984,0.4373
1779202350.992,0.0633,0.3081,24.00,165.5,-1.55,14.86,1.66,0.1989,0.4408
1779202351.058,0.0703,0.3107,24.00,165.5,-1.38,15.21,1.57,0.1912,0.4443
1779202351.124,0.0826,0.3133,24.00,165.5,-1.37,16.61,1.27,0.1863,0.4478
1779202351.189,0.0831,0.3168,24.00,165.5,-1.16,16.17,1.20,0.1839,0.4523
1779202351.259,0.0850,0.3194,24.00,165.5,-1.01,16.51,1.06,0.1883,0.4558
1779202351.325,0.0915,0.3220,24.00,165.5,-1.06,17.03,0.87,0.1933,0.4593
1779202351.392,0.0890,0.3246,24.00,165.5,-1.11,16.66,0.81,0.1908,0.4628
1779202351.458,0.0885,0.3272,24.00,165.5,-1.13,16.41,0.77,0.1905,0.4663
1779202351.522,0.0876,0.3298,24.00,165.5,-1.15,16.00,0.72,0.1857,0.4698
1779202351.589,0.0898,0.3325,24.00,165.5,-1.44,15.85,0.54,0.1879,0.4733
1779202351.656,0.0859,0.3351,24.00,165.5,-1.44,15.99,0.46,0.1873,0.4768
1779202351.725,0.0837,0.3377,24.00,165.5,-1.05,16.30,0.50,0.1693,0.4803
1779202351.792,0.0859,0.3403,24.00,165.5,-0.85,17.57,0.49,0.1582,0.4838
1779202351.859,0.0888,0.3429,24.00,165.5,-0.47,17.60,0.65,0.1548,0.4872
1779202351.920,0.0902,0.3429,24.00,165.5,-0.60,17.93,0.73,0.1572,0.4872
1779202351.989,0.0910,0.3429,24.00,165.5,-0.65,18.54,0.67,0.1549,0.4872
1779202352.059,0.0894,0.3412,24.00,165.5,-2.57,20.69,0.16,0.1548,0.4849
1779202352.121,0.0899,0.3395,24.00,165.5,-4.05,22.98,-0.16,0.1694,0.4826
1779202352.188,0.0545,0.3377,24.00,165.5,-4.49,22.12,-0.34,0.1865,0.4803
1779202352.260,0.0612,0.3377,24.00,165.5,-4.51,23.83,-0.94,0.1872,0.4803
1779202352.325,0.0858,0.3360,24.00,165.5,-4.74,25.04,-0.99,0.2010,0.4780
1779202352.388,0.0759,0.3360,24.00,165.5,-5.76,26.45,-0.62,0.2454,0.4780
1779202352.459,0.0729,0.3360,24.00,165.5,-5.39,26.43,-0.60,0.3641,0.4780
1779202352.525,0.0720,0.3360,24.00,165.5,-4.82,27.23,-0.67,0.3871,0.4780
1779202352.593,0.0692,0.3360,24.00,165.5,-4.47,27.87,-0.53,0.3105,0.4780
1779202352.654,0.0676,0.3360,24.00,165.5,-5.09,28.08,-0.36,0.2577,0.4780
1779202352.722,0.0835,0.3360,24.00,165.5,-4.70,25.04,-0.63,0.1759,0.4780
1779202352.793,0.1022,0.3386,24.00,165.5,-3.90,23.28,-0.36,0.1592,0.4815
1779202352.854,0.1136,0.3413,24.00,165.5,-5.56,24.86,-0.55,0.1558,0.4850
1779202352.922,0.1053,0.3413,24.00,165.5,-5.47,24.62,-0.83,0.1558,0.4850
1779202352.990,0.1064,0.3395,24.00,165.5,-5.17,26.24,-1.11,0.1498,0.4827
1779202353.059,0.1068,0.3422,24.00,165.5,-5.07,25.74,-1.34,0.1399,0.4862
1779202353.124,0.1019,0.3448,24.00,165.5,-5.25,25.13,-1.33,0.1419,0.4898
1779202353.189,0.1049,0.3475,24.00,165.5,-4.74,25.00,-1.10,0.1425,0.4933
1779202353.254,0.1127,0.3501,24.00,165.5,-4.61,25.16,-0.94,0.1474,0.4968
1779202353.325,0.1129,0.3528,24.00,165.5,-4.95,25.70,-1.03,0.1518,0.5004
1779202353.388,0.1168,0.3554,24.00,165.5,-5.00,26.67,-1.23,0.1524,0.5039
1779202353.457,0.1115,0.3581,24.00,165.5,-4.89,26.91,-1.29,0.1479,0.5075
1779202353.526,0.1038,0.3607,24.00,165.5,-4.77,26.96,-1.29,0.1453,0.5110
1779202353.594,0.1047,0.3634,24.00,165.5,-4.81,27.22,-1.48,0.1467,0.5145
1779202353.657,0.1019,0.3660,24.00,165.5,-4.90,27.17,-1.53,0.1454,0.5181
1779202353.726,0.1010,0.3660,24.00,165.5,-4.90,27.15,-1.53,0.1448,0.5181
1779202353.791,0.1014,0.3660,24.00,165.5,-4.87,27.23,-1.56,0.1458,0.5181
1779202353.857,0.1015,0.3660,24.00,165.5,-4.62,27.01,-1.50,0.1480,0.5181
1779202353.926,0.1025,0.3660,23.00,165.5,-4.65,26.92,-1.59,0.1507,0.4981
1779202353.993,0.1027,0.3687,23.00,165.5,-4.30,26.60,-1.58,0.1570,0.5016
1779202354.054,0.1027,0.3714,23.00,165.5,-4.36,26.62,-1.60,0.1578,0.5051
1779202354.087,0.1021,0.3730,23.00,165.5,-4.28,26.74,-1.64,0.1589,0.5074
1779202354.120,0.1037,0.3757,23.00,165.5,-4.29,26.69,-1.64,0.1575,0.5109
1779202354.153,0.1043,0.3773,23.00,165.5,-4.31,26.72,-1.65,0.1577,0.5131
1779202354.188,0.1066,0.3799,23.00,165.5,-4.30,26.67,-1.59,0.1582,0.5166
1779202354.218,0.1077,0.3816,23.00,165.5,-4.31,26.63,-1.56,0.1563,0.5188
1779202354.256,0.1087,0.3842,23.00,165.5,-4.38,26.48,-1.45,0.1551,0.5223
1779202354.323,0.1090,0.3868,23.00,165.5,-4.62,26.52,-1.50,0.1574,0.5258
1779202354.388,0.1093,0.3895,23.00,165.5,-4.45,26.41,-1.48,0.1550,0.5293
1779202354.456,0.1036,0.3921,23.00,165.5,-3.73,25.89,-1.50,0.1499,0.5328
1779202354.524,0.1008,0.3947,23.00,165.5,-2.88,26.08,-1.64,0.1537,0.5363
1779202354.593,0.1069,0.3974,23.00,165.5,-1.49,25.79,-1.85,0.1590,0.5398
1779202354.658,0.1012,0.3990,23.00,165.5,-1.91,25.92,-2.25,0.1660,0.5419
1779202354.725,0.0912,0.4016,23.00,165.5,-1.53,24.48,-1.94,0.1675,0.5454
1779202354.789,0.0814,0.4042,23.00,165.5,-1.35,25.18,-1.67,0.1406,0.5489
1779202354.856,0.0768,0.4068,23.00,165.5,-1.29,24.71,-1.71,0.1445,0.5524
1779202354.923,0.0624,0.4094,23.00,165.5,-0.42,25.42,-1.53,0.1474,0.5559
1779202354.989,0.0646,0.4121,23.00,165.5,-0.43,24.20,-1.15,0.1466,0.5594
1779202355.055,0.0808,0.4147,23.00,165.5,-2.30,27.52,-1.30,0.1594,0.5629
1779202355.124,0.0518,0.4173,23.00,165.5,-3.85,26.68,-1.57,0.2104,0.5664
1779202355.194,0.0465,0.4199,23.00,165.5,-3.68,25.71,-1.48,0.2241,0.5699
1779202355.257,0.0476,0.4226,23.00,165.5,-3.03,23.53,-1.52,0.2255,0.5734
1779202355.327,0.0531,0.4252,23.00,165.5,-3.22,23.22,-1.52,0.2217,0.5769
1779202355.392,0.0468,0.4252,23.00,165.5,-3.01,21.17,-1.27,0.2176,0.5769
1779202355.461,0.0546,0.4252,23.00,165.5,-2.92,21.30,-0.86,0.2262,0.5769
1779202355.525,0.0562,0.4267,23.00,165.5,-2.95,19.38,-0.72,0.2183,0.5789
1779202355.590,0.0579,0.4282,23.00,165.5,-2.98,18.16,-0.37,0.2142,0.5809
1779202355.659,0.0521,0.4297,23.00,165.5,-3.10,16.37,0.16,0.2120,0.5829
1779202355.727,0.0497,0.4312,23.00,165.5,-3.35,16.75,0.31,0.2114,0.5849
1779202355.793,0.0486,0.4326,23.00,165.5,-3.42,16.59,0.41,0.2085,0.5869
1779202355.860,0.0413,0.4341,23.00,165.5,-3.27,16.94,0.60,0.2124,0.5888
1779202355.927,0.0378,0.4356,23.00,165.5,-3.23,17.60,0.55,0.2144,0.5908
1779202355.990,0.0402,0.4356,23.00,165.5,-2.93,17.90,0.47,0.2156,0.5908
1779202356.059,0.0416,0.4356,23.00,165.5,-2.72,18.26,0.44,0.2158,0.5908
1779202356.128,0.0411,0.4356,23.00,165.5,-2.78,18.43,0.37,0.2142,0.5908
1779202356.194,0.0412,0.4356,23.00,165.5,-2.95,18.99,0.29,0.2134,0.5908
1779202356.258,0.0422,0.4356,23.00,165.5,-3.07,19.27,0.31,0.2313,0.5908
1779202356.323,0.0362,0.4356,23.00,165.5,-3.29,19.82,0.46,0.2602,0.5908
1779202356.395,0.0434,0.4356,23.00,165.5,-3.03,19.39,0.79,0.2479,0.5908
1779202356.459,0.0574,0.4356,23.00,165.5,-2.40,17.57,1.32,0.2111,0.5908
1779202356.528,0.0735,0.4356,23.00,165.5,-1.50,15.64,1.90,0.1874,0.5908
1779202356.590,0.0734,0.4356,22.00,165.5,-1.08,15.24,2.19,0.1902,0.5708
1779202356.661,0.0678,0.4356,22.00,165.5,-1.04,14.02,2.42,0.1853,0.5708
1779202356.726,0.0581,0.4356,22.00,165.5,-1.27,11.65,2.95,0.1829,0.5708
1779202356.791,0.0647,0.4356,22.00,165.5,-0.68,9.26,3.28,0.1745,0.5708
1779202356.861,0.0604,0.4356,22.00,165.5,-0.53,9.11,3.28,0.1748,0.5708
1779202356.928,0.0772,0.4356,22.00,165.5,0.01,9.48,3.33,0.1722,0.5708
1779202356.993,0.0438,0.4370,22.00,165.5,-0.67,8.31,3.21,0.1743,0.5727
1779202357.060,0.0233,0.4385,22.00,165.5,-1.55,6.85,3.05,0.1789,0.5746
1779202357.123,0.0249,0.4399,22.00,165.5,-1.44,6.26,2.77,0.1829,0.5765
1779202357.191,0.1618,0.4413,22.00,165.5,-1.43,12.03,1.60,0.1912,0.5784
1779202357.262,0.2538,0.4402,21.00,165.5,-1.17,15.06,0.83,0.1966,0.5569
1779202357.328,0.2677,0.4391,21.00,165.5,-1.27,16.03,0.60,0.1987,0.5554
1779202357.390,0.2607,0.4380,21.00,165.5,-1.49,16.86,0.34,0.1990,0.5540
1779202357.461,0.2619,0.4369,21.00,165.5,-1.70,16.63,0.38,0.1927,0.5525
1779202357.527,0.2676,0.4358,21.00,165.5,-1.71,18.28,0.03,0.1942,0.5510
1779202357.595,0.2748,0.4347,21.00,165.5,-1.69,18.68,0.00,0.2129,0.5496
1779202357.656,0.2793,0.4336,21.00,165.5,-1.78,19.13,-0.11,0.2378,0.5481
1779202357.726,0.2838,0.4325,21.00,165.5,-1.77,19.39,-0.14,0.2532,0.5467
1779202357.793,0.2862,0.4314,21.00,165.5,-1.67,19.07,-0.12,0.2360,0.5452
1779202357.860,0.2823,0.4303,21.00,165.5,-1.11,18.03,-0.15,0.2124,0.5438
1779202357.926,0.2798,0.4293,21.00,165.5,-0.27,17.34,-0.11,0.1936,0.5424
1779202357.995,0.0255,0.4307,21.00,165.5,-0.68,12.21,0.45,0.1742,0.5443
1779202358.059,0.0573,0.4321,21.00,165.5,0.46,10.86,0.70,0.1683,0.5461
1779202358.124,0.1319,0.4335,21.00,165.5,1.05,11.16,0.82,0.1580,0.5480
1779202358.195,0.1762,0.4349,21.00,165.5,1.28,11.31,0.86,0.1542,0.5499
1779202358.257,0.1977,0.4338,22.00,145.0,1.62,11.83,0.77,0.1539,0.5684
1779202358.324,0.2104,0.4328,22.00,145.0,1.76,11.89,0.79,0.1543,0.5670
1779202358.389,0.2186,0.4317,22.00,145.0,1.89,11.74,0.73,0.1551,0.5656
1779202358.457,0.2257,0.4307,22.00,145.0,1.88,11.93,0.55,0.1559,0.5642
1779202358.527,0.2313,0.4296,21.00,145.0,1.77,12.02,0.38,0.1569,0.5428
1779202358.594,0.0242,0.4310,21.00,145.0,0.93,9.62,0.49,0.1596,0.5447
1779202358.661,0.0221,0.4324,21.00,145.0,0.75,9.09,0.59,0.1626,0.5465
1779202358.724,0.0263,0.4337,21.00,145.0,1.18,9.96,0.54,0.1633,0.5483
1779202358.791,0.1754,0.4351,21.00,145.0,1.29,12.18,0.28,0.1634,0.5501
1779202358.858,0.2450,0.4327,22.00,158.2,1.58,12.78,0.28,0.1625,0.5669
1779202358.922,0.2664,0.4303,22.00,158.2,1.63,13.35,0.20,0.1629,0.5637
1779202358.991,0.2733,0.4279,22.00,158.2,1.58,13.55,0.17,0.1633,0.5605
1779202359.058,0.2771,0.4255,22.00,158.2,1.49,13.65,0.13,0.1638,0.5573
1779202359.127,0.2817,0.4255,22.00,158.2,1.12,14.01,0.06,0.1664,0.5573
1779202359.191,0.2866,0.4255,22.00,158.2,0.29,15.57,0.07,0.1738,0.5573
1779202359.258,0.2919,0.4255,22.00,158.2,-0.42,17.21,-0.27,0.1826,0.5573
1779202359.323,0.2925,0.4255,22.00,158.2,-0.89,18.61,-0.56,0.1853,0.5573
1779202359.393,0.2933,0.4255,22.00,158.2,-0.65,19.36,-0.57,0.1791,0.5573
1779202359.459,0.2949,0.4255,22.00,158.2,-0.80,20.23,-0.75,0.1799,0.5573
1779202359.529,0.2957,0.4255,22.00,158.2,-0.53,21.03,-0.78,0.1807,0.5573
1779202359.592,0.2961,0.4231,21.00,158.2,-0.32,21.16,-0.75,0.1762,0.5341
1779202359.662,0.2967,0.4207,21.00,158.2,-0.12,21.25,-0.69,0.1783,0.5309
1779202359.723,0.2973,0.4183,21.00,158.2,-0.11,21.73,-0.74,0.1858,0.5277
1779202359.794,0.2977,0.4159,21.00,158.2,-0.02,21.97,-0.75,0.1895,0.5245
1779202359.860,0.2934,0.4135,21.00,158.2,0.14,22.00,-0.71,0.1816,0.5213
1779202359.925,0.2912,0.4111,21.00,158.2,0.21,21.77,-0.64,0.1776,0.5181
1779202359.991,0.2906,0.4087,20.00,158.2,0.37,21.34,-0.55,0.1663,0.4949
1779202360.059,0.2902,0.4062,20.00,158.2,0.24,20.51,-0.62,0.1324,0.4917
1779202360.127,0.2895,0.4038,20.00,158.2,0.37,19.59,-0.71,0.1160,0.4885
1779202360.193,0.2890,0.4014,20.00,158.2,0.53,18.77,-0.61,0.1094,0.4853
1779202360.258,0.2889,0.3990,20.00,158.2,0.68,18.41,-0.56,0.1105,0.4821
1779202360.329,0.2882,0.3966,20.00,158.2,0.73,17.97,-0.50,0.1104,0.4788
1779202360.393,0.2875,0.3942,20.00,158.2,0.67,17.76,-0.47,0.1125,0.4756
1779202360.461,0.2718,0.3918,20.00,158.2,0.49,17.45,-0.54,0.1145,0.4724
1779202360.525,0.2667,0.3894,20.00,158.2,0.40,17.26,-0.63,0.1152,0.4692
1779202360.596,0.2646,0.3870,20.00,158.2,0.39,16.84,-0.65,0.1162,0.4660
1779202360.658,0.2641,0.3870,20.00,158.2,0.37,16.66,-0.69,0.1168,0.4660
1779202360.724,0.2637,0.3870,20.00,158.2,0.34,16.69,-0.74,0.1186,0.4660
1779202360.793,0.2635,0.3870,20.00,158.2,0.33,16.64,-0.76,0.1206,0.4660
1779202360.861,0.2640,0.3846,20.00,158.2,0.40,16.56,-0.78,0.1215,0.4628
1779202360.928,0.2644,0.3837,20.00,158.2,0.45,16.53,-0.82,0.1219,0.4616
1779202360.996,0.2654,0.3828,20.00,158.2,0.53,16.39,-0.78,0.1216,0.4604
1779202361.059,0.2670,0.3819,20.00,158.2,0.57,16.45,-0.79,0.1203,0.4591
1779202361.126,0.2686,0.3810,20.00,158.2,0.57,16.66,-0.81,0.1199,0.4579
1779202361.196,0.2703,0.3800,20.00,158.2,0.39,16.95,-0.89,0.1207,0.4567
1779202361.259,0.2740,0.3791,20.00,158.2,-0.04,18.28,-1.26,0.1284,0.4555
1779202361.323,0.2764,0.3783,20.00,158.2,-0.39,18.24,-1.52,0.1388,0.4543
1779202361.390,0.2779,0.3774,20.00,158.2,-0.50,18.16,-1.49,0.1434,0.4531
1779202361.459,0.2796,0.3765,20.00,158.2,-0.51,17.94,-1.41,0.1471,0.4520
1779202361.523,0.2813,0.3756,20.00,158.2,-0.53,17.86,-1.26,0.1497,0.4508
1779202361.556,0.2819,0.3747,20.00,158.2,-0.51,17.78,-1.19,0.1511,0.4496
1779202361.591,0.2836,0.3738,20.00,158.2,-0.36,17.86,-1.10,0.1532,0.4484
1779202361.657,0.2944,0.3730,20.00,158.2,-0.04,17.98,-1.00,0.1578,0.4473
1779202361.687,0.2986,0.3721,20.00,158.2,-0.00,18.10,-0.97,0.1591,0.4461
1779202361.726,0.3029,0.3712,20.00,158.2,0.02,18.18,-0.93,0.1612,0.4450
1779202361.789,0.3071,0.3704,20.00,158.2,-0.26,18.84,-0.79,0.1642,0.4438
1779202361.822,0.3086,0.3695,20.00,158.2,-0.41,19.65,-0.79,0.1691,0.4427
1779202361.858,0.3090,0.3687,20.00,158.2,-0.56,20.08,-0.76,0.1745,0.4416
1779202361.923,0.3084,0.3678,20.00,158.2,-0.72,20.29,-0.69,0.1819,0.4404
1779202361.957,0.3087,0.3670,20.00,158.2,-0.80,20.24,-0.65,0.1829,0.4393
1779202361.989,0.3086,0.3661,20.00,158.2,-0.91,19.95,-0.55,0.1829,0.4382
1779202362.021,0.3092,0.3653,20.00,158.2,-1.04,19.61,-0.47,0.1843,0.4371
1779202362.055,0.3094,0.3645,20.00,158.2,-1.53,19.77,-0.52,0.2205,0.4360
1779202362.091,0.3091,0.3636,20.00,158.2,-1.76,20.13,-0.57,0.2477,0.4348
1779202362.122,0.3083,0.3628,20.00,158.2,-1.80,20.31,-0.42,0.2667,0.4337
1779202362.157,0.3122,0.3620,20.00,158.2,-2.09,19.87,0.16,0.2870,0.4327
1779202362.188,0.3147,0.3612,20.00,158.2,-2.38,20.33,0.97,0.2967,0.4316
1779202362.222,0.3171,0.3604,20.00,158.2,-2.81,14.67,2.61,0.3105,0.4305
1779202362.256,0.2878,0.3596,20.00,158.2,-3.34,13.55,3.81,0.2945,0.4294
1779202362.291,0.1210,0.3610,20.00,158.2,-2.62,-13.82,8.57,0.2725,0.4313
1779202362.321,0.0566,0.3624,20.00,158.2,-3.18,-19.87,11.19,0.2765,0.4332
1779202362.357,0.1127,0.3638,20.00,158.2,9.86,-32.52,-172.94,0.2772,0.4351
1779202362.389,0.1705,0.3653,20.00,158.2,11.22,-35.99,-171.12,0.2559,0.4370
1779202362.426,0.2344,0.3644,21.00,158.8,10.78,-39.03,-169.08,0.2415,0.4559
1779202362.492,0.3210,0.3636,21.00,158.8,-128.62,3.42,-1.66,0.2566,0.7048
1779202362.563,0.3652,0.3628,21.00,158.8,-41.11,70.62,-35.75,0.2915,0.7038
1779202362.626,0.3863,0.3620,21.00,158.8,-40.32,71.90,-13.36,0.2821,0.7027
1779202362.693,0.4142,0.3612,21.00,158.8,-41.64,71.80,-16.02,0.3140,0.7016
1779202362.762,0.3970,0.3604,21.00,158.8,8.95,-61.44,-165.57,0.2867,0.4506
1779202362.827,0.4202,0.3596,21.00,158.8,-41.21,71.29,-27.85,0.3189,0.6995
1779202362.892,0.4001,0.3589,21.00,158.8,-41.28,71.97,-14.47,0.3050,0.6985
1779202362.956,0.3985,0.3581,21.00,158.8,4.41,-61.58,-158.13,0.3291,0.4474
1779202362.991,0.4032,0.3573,21.00,158.8,-7.27,-13.34,17.65,0.3131,0.4464
1779202363.024,0.4211,0.3565,21.00,158.8,2.54,-61.93,-155.37,0.2929,0.4454
1779202363.056,0.4247,0.3557,21.00,158.8,3.29,-62.34,-155.21,0.2798,0.4443
1779202363.091,0.4224,0.3550,21.00,158.8,2.62,-61.71,-154.72,0.2713,0.4433
1779202363.157,0.4175,0.3542,21.00,158.8,2.72,-61.60,-154.07,0.2708,0.4423
1779202363.221,0.4282,0.3534,21.00,158.8,3.03,-62.44,-154.20,0.2663,0.4413
1779202363.257,0.4130,0.3527,21.00,158.8,2.88,-61.42,-154.20,0.2641,0.4403
1779202363.293,0.4033,0.3519,21.00,158.8,2.84,-60.84,-154.27,0.2640,0.4392
1779202363.359,0.4045,0.3512,21.00,158.8,3.52,-60.67,-154.64,0.2634,0.4382
1779202363.426,0.3866,0.3504,21.00,158.8,-13.48,3.56,10.01,0.2570,0.4372
1779202363.495,0.3688,0.3483,21.00,158.8,4.39,-57.90,-154.83,0.2522,0.4344
1779202363.564,0.3639,0.3483,21.00,158.8,7.83,-22.21,-151.37,0.2490,0.4344
1779202363.627,0.3604,0.3483,21.00,158.8,3.53,-57.65,-154.21,0.2498,0.4344
1779202363.694,0.3555,0.3462,21.00,158.8,6.55,33.56,12.69,0.2443,0.4315
1779202363.763,0.3509,0.3440,21.00,158.8,7.88,-12.12,-150.94,0.2422,0.4287
1779202363.828,0.3487,0.3419,21.00,158.8,141.68,8.93,135.71,0.2402,0.6758
1779202363.897,0.3409,0.3397,21.00,158.8,20.16,-58.14,-147.56,0.2358,0.4746
1779202363.961,0.3276,0.3376,21.00,158.8,164.11,-32.29,130.71,0.2380,0.6701
1779202364.028,0.3223,0.3355,21.00,158.8,-36.53,-42.71,72.94,0.2431,0.6326
1779202364.096,0.3114,0.3333,21.00,158.8,4.31,-56.36,-153.66,0.2520,0.4144
1779202364.159,0.3141,0.3333,21.00,158.8,4.85,-56.80,-153.59,0.2536,0.4144
1779202364.230,0.3200,0.3333,21.00,158.8,9.29,-18.92,-156.84,0.2531,0.4144
1779202364.297,0.3172,0.3340,21.00,158.8,5.39,-56.89,-152.45,0.2320,0.4154
1779202364.359,0.3154,0.3348,21.00,158.8,6.15,-56.37,-152.35,0.2077,0.4164
1779202364.431,0.3211,0.3348,21.00,158.8,6.86,-56.34,-152.38,0.2026,0.4164
1779202364.493,0.3396,0.3348,21.00,158.8,7.05,-56.45,-152.48,0.2026,0.4164
1779202364.562,0.3504,0.3348,21.00,158.8,7.12,-56.42,-152.31,0.2041,0.4164
1779202364.629,0.3598,0.3348,21.00,158.8,7.16,-56.99,-152.22,0.2030,0.4164
1779202364.695,0.3752,0.3348,21.00,158.8,6.74,-57.30,-152.24,0.1981,0.4164
1779202364.762,0.3801,0.3326,21.00,158.8,6.59,-57.09,-152.10,0.1964,0.4135
1779202364.831,0.3798,0.3305,21.00,158.8,6.38,-56.94,-151.96,0.1928,0.4106
1779202364.898,0.3805,0.3305,21.00,158.8,6.35,-56.92,-151.96,0.1910,0.4106
1779202364.960,0.3814,0.3305,21.00,158.8,6.29,-56.87,-152.03,0.1891,0.4106
1779202365.027,0.3803,0.3305,21.00,158.8,6.30,-56.77,-151.90,0.1897,0.4106
1779202365.097,0.3839,0.3305,21.00,158.8,6.21,-56.83,-151.70,0.1897,0.4106
1779202365.164,0.3852,0.3283,21.00,158.8,6.26,-57.09,-151.63,0.1897,0.4078
1779202365.229,0.3876,0.3262,21.00,158.8,6.15,-57.38,-151.50,0.1898,0.4049
1779202365.294,0.3874,0.3262,21.00,158.8,5.92,-57.60,-151.47,0.1885,0.4049
1779202365.365,0.3937,0.3262,21.00,158.8,5.59,-57.80,-151.57,0.1941,0.4049
1779202365.429,0.4001,0.3262,21.00,158.8,5.47,-57.68,-152.15,0.1856,0.4049
1779202365.498,0.4227,0.3262,21.00,158.8,4.34,-59.38,-151.80,0.1877,0.4049
1779202365.559,0.4277,0.3262,21.00,158.8,2.00,-60.24,-151.04,0.2015,0.4049
1779202365.632,0.4217,0.3262,21.00,158.8,0.39,-62.07,-150.93,0.2014,0.4049
1779202365.695,0.3308,0.3262,21.00,158.8,-0.83,-64.93,-150.41,0.2249,0.4049
1779202365.761,0.3808,0.3262,21.00,158.8,-4.59,-68.98,-148.34,0.2457,0.4049
1779202365.827,0.4508,0.3262,21.00,158.8,-7.99,-72.91,-145.66,0.2641,0.4049
1779202365.897,0.4744,0.3262,21.00,158.8,-12.02,-75.19,-143.17,0.3230,0.4049
1779202365.963,0.4943,0.3262,21.00,158.8,-40.94,73.05,-2.21,0.3848,0.6549
1779202366.032,0.4995,0.3262,21.00,158.8,-40.72,73.28,5.58,0.4181,0.6549
1779202366.098,0.4812,0.3262,21.00,158.8,-40.42,73.21,0.65,0.4077,0.6549
1779202366.164,0.4652,0.3262,21.00,158.8,-22.09,-75.82,-133.28,0.3723,0.4758
1779202366.229,0.4759,0.3262,21.00,158.8,-42.15,72.49,-15.04,0.3377,0.6549
1779202366.298,0.5106,0.3262,21.00,158.8,-42.10,72.88,-4.12,0.3532,0.6549
1779202366.362,0.4950,0.3262,21.00,158.8,-39.94,73.26,2.58,0.3495,0.6543
1779202366.429,0.4780,0.3262,21.00,158.8,-41.50,72.96,-2.19,0.3835,0.6549
1779202366.498,0.4797,0.3262,21.00,158.8,-40.31,73.18,1.42,0.3765,0.6549
1779202366.563,0.5099,0.3262,21.00,158.8,-41.41,73.07,1.23,0.3897,0.6549
1779202366.630,0.5103,0.3262,21.00,158.8,-41.79,73.18,-2.65,0.3933,0.6549
1779202366.695,0.5061,0.3262,21.00,158.8,-41.40,73.04,-0.82,0.4028,0.6549
1779202366.763,0.4929,0.3262,21.00,158.8,-42.57,71.99,-23.81,0.4007,0.6549
1779202366.831,0.4931,0.3262,21.00,158.8,-23.68,-77.43,-132.42,0.4359,0.4917
1779202366.897,0.4830,0.3262,21.00,158.8,-42.16,71.99,-24.86,0.4609,0.6549
1779202366.961,0.4733,0.3262,21.00,158.8,-43.15,72.20,-19.92,0.4371,0.6549
1779202367.031,0.4769,0.3262,21.00,158.8,-42.69,72.41,-17.02,0.4012,0.6549
1779202367.095,0.4749,0.3262,21.00,158.8,-42.01,72.26,-19.80,0.3831,0.6549
1779202367.163,0.5132,0.3262,21.00,158.8,-42.40,72.04,-22.39,0.3895,0.6549
1779202367.232,0.5237,0.3262,21.00,158.8,-42.24,72.28,-18.82,0.4291,0.6549
1779202367.299,0.5572,0.3262,21.00,158.8,-41.26,72.86,-4.11,0.4068,0.6549
1779202367.366,0.5328,0.3262,21.00,158.8,-41.74,72.88,-6.88,0.3833,0.6549
1779202367.432,0.5055,0.3262,21.00,158.8,-42.54,72.76,-7.96,0.3924,0.6549
1779202367.499,0.5272,0.3262,21.00,158.8,-43.11,71.99,-23.95,0.4123,0.6549
1779202367.563,0.5272,0.3262,21.00,158.8,-41.28,72.85,-8.14,0.4329,0.6549
1779202367.629,0.5624,0.3262,21.00,158.8,-42.07,72.96,-1.43,0.4455,0.6549
1779202367.695,0.5682,0.3262,21.00,158.8,-41.06,72.86,-8.01,0.4571,0.6549
1779202367.766,0.5932,0.3262,21.00,158.8,-42.02,72.23,-20.93,0.4475,0.6549
1779202367.832,0.6391,0.3262,21.00,158.8,19.26,-51.89,-172.42,0.4619,0.4475
1779202367.900,0.6637,0.3262,21.00,158.8,-3.63,-78.72,-156.19,0.5012,0.4049
1779202367.965,0.6667,0.3240,21.00,158.8,-4.30,-78.00,-156.14,0.5132,0.4020
1779202368.033,0.6934,0.3219,21.00,158.8,-42.52,-72.06,-126.58,0.5205,0.6492
1779202368.100,0.7906,0.3219,21.00,158.8,-42.82,-73.05,-127.00,0.5833,0.6492
1779202368.166,0.8269,0.3219,21.00,158.8,-42.71,72.61,-12.56,0.6792,0.6492
1779202368.224,0.8433,0.3219,21.00,158.8,-41.97,72.45,-13.65,0.6954,0.6492
1779202368.256,0.8521,0.3212,21.00,158.8,-41.10,72.62,-12.03,0.7204,0.6483
1779202368.296,0.8272,0.3212,21.00,158.8,-41.71,72.68,-14.91,0.7148,0.6483
1779202368.361,0.8913,0.3212,21.00,158.8,-42.42,71.65,-30.81,0.6849,0.6483
1779202368.433,0.8688,0.3212,21.00,158.8,-41.80,72.45,-13.10,0.6937,0.6483
1779202368.499,0.8347,0.3212,21.00,158.8,-42.52,71.66,-32.21,0.7712,0.6483
1779202368.565,0.7905,0.3212,21.00,158.8,-41.87,72.46,-10.47,0.8774,0.6483
1779202368.631,0.8889,0.3212,21.00,158.8,-42.03,72.41,-15.25,0.9357,0.6483
1779202368.698,0.9181,0.3212,21.00,158.8,-42.34,72.26,-14.99,1.0284,0.6483
1779202368.766,1.0080,0.3212,21.00,158.8,-7.40,-84.24,-157.40,1.0996,0.3983
1779202368.827,0.9646,0.3212,21.00,158.8,28.33,52.69,-147.40,0.7837,0.5316
1779202368.896,0.9396,0.3212,21.00,158.8,-10.40,-82.25,-154.39,0.7341,0.3983
1779202368.966,0.9366,0.3212,21.00,158.8,-18.58,-82.75,-146.79,0.6905,0.4341
1779202369.030,0.9879,0.3212,21.00,158.8,29.53,53.11,-145.47,0.6354,0.5435
1779202369.099,0.9883,0.3212,21.00,158.8,-12.27,-83.49,-150.80,0.6339,0.3983
1779202369.167,0.9746,0.3212,21.00,158.8,-11.27,-83.24,-152.03,0.6164,0.3983
1779202369.228,0.9298,0.3212,21.00,158.8,2.21,-51.50,-166.29,0.6688,0.3983
1779202369.299,0.9949,0.3212,21.00,158.8,-39.95,70.09,-56.52,0.6316,0.6477
1779202369.366,0.9889,0.3205,21.00,158.8,-12.81,-83.72,-149.44,0.6188,0.3974
1779202369.431,0.9912,0.3205,21.00,158.8,29.53,54.83,-143.94,0.7374,0.5426
1779202369.495,2.4791,0.3205,21.00,158.8,-14.83,-87.29,-148.17,1.1971,0.3974
1779202369.634,1.0731,0.3212,21.00,158.8,-40.79,72.88,-4.71,0.7068,0.6483
1779202369.698,0.8468,0.3212,21.00,158.8,-41.82,72.82,-7.80,0.6477,0.6483
1779202369.762,0.8533,0.3191,21.00,158.8,-41.19,72.89,-7.46,0.5941,0.6454
1779202369.831,0.9528,0.3169,21.00,158.8,4.22,-82.62,-169.90,0.7375,0.3926
1779202369.900,0.9903,0.3169,21.00,158.8,-143.83,-72.23,-40.38,0.9364,0.6426
1779202369.967,1.0440,0.3169,21.00,158.8,-41.39,72.41,-13.60,1.2211,0.6426
1779202370.029,0.9639,0.3169,21.00,158.8,-41.51,72.35,-13.95,1.0797,0.6426
1779202370.100,0.9312,0.3169,21.00,158.8,28.09,53.67,-148.86,0.7239,0.5235
1779202370.165,0.9304,0.3169,21.00,158.8,-9.78,-82.14,-157.36,0.6978,0.3926
1779202370.228,0.9563,0.3169,21.00,158.8,-11.93,-81.94,-155.12,0.6926,0.3926
1779202370.300,0.8356,0.3169,21.00,158.8,-15.16,-81.50,-152.59,0.6457,0.3942
1779202370.367,0.9074,0.3169,21.00,158.8,-16.04,-82.81,-150.38,0.7395,0.4030
1779202370.432,1.1745,0.3148,21.00,158.8,-40.29,72.45,-12.90,0.9870,0.6397
1779202370.500,0.9450,0.3126,21.00,158.8,-10.63,-83.99,-156.30,0.8136,0.3868
1779202370.633,0.8792,0.3133,21.00,158.8,22.49,-81.55,170.09,0.6727,0.4626
1779202370.700,0.8443,0.3133,21.00,158.8,-40.55,72.54,-11.41,0.5707,0.6377
1779202370.768,0.7948,0.3133,21.00,158.8,-40.91,72.44,-14.98,0.4937,0.6377
1779202370.831,0.7986,0.3133,21.00,158.8,10.73,0.04,1.79,0.4865,0.3877
1779202370.901,0.8312,0.3133,21.00,158.8,-40.88,72.60,-9.79,0.4892,0.6377
1779202370.963,0.8045,0.3133,21.00,158.8,-41.60,72.62,-13.38,0.4915,0.6377
1779202371.032,0.7789,0.3133,21.00,158.8,-41.26,72.60,-11.28,0.4622,0.6377
1779202371.097,0.8937,0.3133,21.00,158.8,-40.81,72.59,-10.52,0.4655,0.6377
1779202371.167,0.8542,0.3112,21.00,158.8,-40.75,72.67,-9.61,0.5875,0.6349
1779202371.232,0.9064,0.3090,21.00,158.8,-40.97,72.22,-16.85,0.6839,0.6320
1779202371.297,0.8571,0.3069,21.00,158.8,-40.63,72.34,-13.84,0.6768,0.6292
1779202371.363,0.8387,0.3069,21.00,158.8,-40.75,72.33,-12.45,0.9169,0.6292
1779202371.430,0.8306,0.3069,21.00,158.8,-40.91,72.14,-18.93,1.0860,0.6292
1779202371.501,1.5551,0.3069,21.00,158.8,-41.69,71.35,-39.66,1.8562,0.6292
1779202371.636,0.5580,0.3075,21.00,158.8,-34.17,-54.78,49.33,1.3956,0.5717
1779202371.701,0.7732,0.3075,21.00,158.8,-34.58,-59.41,46.23,1.5450,0.5758
1779202372.070,0.4750,0.3109,21.00,158.8,-32.53,-49.63,54.31,1.1163,0.5597
1779202372.131,0.6164,0.3109,21.00,158.8,47.94,80.12,53.15,2.0306,0.6345
1779202372.196,0.6316,0.3109,21.00,158.8,-36.78,-56.79,44.93,1.4740,0.6023
1779202372.262,0.8181,0.3109,21.00,158.8,39.38,57.19,-151.45,1.6157,0.6283
1779202372.465,0.7097,0.3122,21.00,158.8,37.70,79.93,34.73,2.2057,0.6133
1779202372.530,0.7322,0.3122,21.00,158.8,18.05,-82.31,157.12,1.4794,0.4168
1779202372.601,0.6717,0.3122,21.00,158.8,-38.68,72.78,-8.61,1.2159,0.6231
1779202374.096,0.3387,0.3227,21.00,158.8,82.33,-0.05,130.85,1.0365,0.6502
1779202374.129,0.3468,0.3227,21.00,158.8,-14.21,68.86,-16.52,0.8549,0.4002
1779202374.162,1.3650,0.3219,21.00,158.8,28.00,-84.54,130.86,7.1375,0.5293
1779202374.335,1.1558,0.3234,21.00,158.8,170.28,89.07,164.68,3.5648,0.6512
1779202374.394,0.9217,0.3234,21.00,158.8,-35.73,73.28,24.34,2.2242,0.6085
1779202374.704,0.9015,0.3256,20.00,158.8,-37.02,-86.02,-141.37,1.1087,0.6044
1779202374.765,1.0545,0.3256,20.00,158.8,-39.95,71.68,-23.23,1.0011,0.6337
1779202374.836,0.2766,0.3256,20.00,158.8,-15.80,0.49,22.38,0.2873,0.3921
1779202374.902,0.2891,0.3256,19.00,158.8,-2.95,-48.51,-177.51,0.2072,0.3842
1779202374.965,0.2492,0.3256,19.00,158.8,-12.88,-28.87,7.50,0.1937,0.3842
1779202375.033,0.2501,0.3233,19.00,158.8,-10.98,-24.07,5.22,0.1846,0.3811
1779202375.102,0.2509,0.3210,19.00,158.8,-8.52,-20.19,3.27,0.1742,0.3780
1779202375.166,0.2484,0.3210,19.00,158.8,-9.27,-17.43,1.91,0.1836,0.3780
1779202375.236,0.2400,0.3210,19.00,158.8,-7.44,-14.70,-0.13,0.1854,0.3780
1779202375.302,0.2415,0.3210,19.00,158.8,-6.63,-12.59,-1.24,0.1887,0.3780
1779202375.365,0.2372,0.3210,19.00,158.8,-5.81,-9.98,-2.03,0.1935,0.3780
1779202375.433,0.2336,0.3210,19.00,158.8,-5.23,-4.00,-3.19,0.1894,0.3780
1779202375.497,0.2329,0.3210,19.00,158.8,-5.13,-2.05,-3.38,0.1876,0.3780
1779202375.567,0.2460,0.3210,19.00,158.8,-3.77,4.53,-4.19,0.1800,0.3780
1779202375.636,0.2548,0.3210,19.00,158.8,-3.24,9.88,-4.90,0.1760,0.3780
1779202375.702,0.2675,0.3210,19.00,158.8,-3.32,11.31,-5.01,0.1709,0.3780
1779202375.768,0.2767,0.3210,19.00,158.8,-3.27,17.08,-5.84,0.1749,0.3780
1779202375.836,0.2827,0.3210,19.00,158.8,-3.22,21.64,-6.66,0.1776,0.3780
1779202375.897,0.2766,0.3210,19.00,158.8,-3.59,23.90,-7.08,0.1832,0.3780
1779202375.965,0.2656,0.3210,19.00,158.8,-5.29,26.74,-7.67,0.1845,0.3780
1779202376.036,0.2562,0.3210,19.00,158.8,-6.59,28.81,-8.06,0.1858,0.3780
1779202376.099,0.2669,0.3210,19.00,158.8,-8.33,32.11,-8.74,0.2065,0.3780
1779202376.170,0.3040,0.3210,19.00,158.8,-12.09,36.74,-10.07,0.2228,0.3780
1779202376.236,0.3923,0.3210,19.00,158.8,-13.40,42.38,-8.81,0.2569,0.3780
1779202376.299,0.5055,0.3210,19.00,158.8,-3.85,62.84,-178.16,0.2962,0.3780
1779202376.367,0.5489,0.3210,19.00,158.8,22.05,-28.07,178.18,0.3281,0.4485
1779202376.432,0.5743,0.3210,19.00,158.8,-9.55,67.13,178.87,0.3965,0.3780
1779202376.502,0.5778,0.3210,19.00,158.8,-37.97,-72.03,22.00,0.4484,0.6077
1779202376.567,0.5481,0.3210,19.00,158.8,-39.27,-71.82,27.27,0.4535,0.6207
1779202376.635,0.5341,0.3210,18.00,158.8,-39.69,-71.69,35.44,0.4811,0.6249
1779202376.700,0.5298,0.3210,18.00,158.8,-39.57,-71.54,35.34,0.4826,0.6237
1779202376.769,0.5138,0.3210,18.00,158.8,-40.19,-71.50,35.44,0.4349,0.6280
1779202376.833,0.5099,0.3210,18.00,158.8,-39.64,-71.64,33.10,0.4131,0.6244
1779202376.900,0.5006,0.3210,18.00,158.8,-40.57,-71.37,38.09,0.3953,0.6280
1779202376.967,0.5139,0.3210,18.00,158.8,5.22,20.58,-175.29,0.3267,0.3780
1779202377.035,0.5137,0.3210,18.00,158.8,-14.63,-33.46,53.54,0.3001,0.3780
1779202377.103,0.5189,0.3210,18.00,158.8,27.66,-35.71,171.50,0.2756,0.5046
1779202377.167,0.5234,0.3210,18.00,158.8,-16.41,67.64,171.28,0.2560,0.3922
1779202377.236,0.5266,0.3210,18.00,158.8,-16.27,68.05,171.34,0.2624,0.3908
1779202377.303,0.5227,0.3210,18.00,158.8,-15.82,67.72,171.60,0.2545,0.3862
1779202377.366,0.5032,0.3210,18.00,158.8,-15.81,67.22,171.84,0.2537,0.3861
1779202377.433,0.4468,0.3210,18.00,158.8,-14.32,65.29,173.57,0.2602,0.3780
1779202377.503,0.4276,0.3210,18.00,158.8,-22.76,45.46,-13.72,0.2439,0.4556
1779202377.568,0.3815,0.3210,18.00,158.8,-21.57,43.26,-12.75,0.2344,0.4437
1779202377.637,0.3755,0.3210,18.00,158.8,-20.36,42.47,-12.21,0.2385,0.4316
1779202377.699,0.3618,0.3210,18.00,158.8,-19.36,40.53,-11.92,0.2382,0.4216
1779202377.767,0.3536,0.3210,18.00,158.8,-19.50,39.31,-12.09,0.2341,0.4230
1779202377.837,0.3425,0.3210,18.00,158.8,-19.82,38.74,-12.50,0.2388,0.4262
1779202377.898,0.3234,0.3210,18.00,158.8,-19.90,38.66,-12.64,0.2405,0.4270
1779202377.967,0.3112,0.3210,18.00,158.8,-11.42,52.76,173.90,0.2388,0.3780
1779202378.035,0.2890,0.3210,18.00,158.8,-9.10,49.88,174.49,0.2256,0.3780
1779202378.102,0.2654,0.3210,18.00,158.8,-16.03,31.20,-11.50,0.2062,0.3883
1779202378.170,0.2522,0.3210,18.00,158.8,-13.23,27.81,-10.87,0.1966,0.3780
1779202378.233,0.2463,0.3210,18.00,158.8,-10.67,26.10,-10.54,0.1867,0.3780
1779202378.299,0.2425,0.3210,18.00,158.8,-9.28,24.29,-10.54,0.1781,0.3780
1779202378.368,0.2336,0.3210,18.00,158.8,-7.52,21.87,-10.47,0.1765,0.3780
1779202378.432,0.2373,0.3187,18.00,158.8,-6.66,18.96,-10.95,0.1788,0.3749
1779202378.503,0.2250,0.3187,18.00,158.8,-5.72,16.32,-11.25,0.1818,0.3749
1779202378.567,0.2297,0.3187,18.00,158.8,-5.34,15.53,-11.19,0.1854,0.3749
1779202378.634,0.2287,0.3187,17.00,158.8,-5.73,16.11,-11.18,0.1822,0.3749
1779202378.700,0.2287,0.3187,17.00,158.8,-6.26,18.33,-11.66,0.1840,0.3749
1779202378.771,0.2281,0.3187,17.00,158.8,-6.70,19.62,-11.78,0.1847,0.3749
1779202378.836,0.2309,0.3187,17.00,158.8,-6.47,19.79,-11.78,0.1853,0.3749
1779202378.900,0.2258,0.3187,16.00,158.8,-6.38,20.00,-11.89,0.1891,0.3749
1779202378.968,0.2227,0.3187,16.00,158.8,-6.44,20.02,-12.01,0.1883,0.3749
1779202379.038,0.2203,0.3187,16.00,158.8,-6.17,20.30,-12.18,0.1880,0.3749
1779202379.104,0.2238,0.3164,16.00,158.8,-6.02,20.33,-12.32,0.1830,0.3719
1779202379.168,0.2251,0.3141,16.00,158.8,-5.84,20.80,-12.31,0.1845,0.3688
1779202379.238,0.2257,0.3118,16.00,158.8,-5.72,21.01,-12.24,0.1862,0.3657
1779202379.301,0.2268,0.3095,16.00,158.8,-5.61,20.97,-12.18,0.1877,0.3626
1779202379.370,0.2263,0.3072,16.00,158.8,-5.49,21.09,-12.17,0.1899,0.3595
1779202379.436,0.2262,0.3048,16.00,158.8,-5.38,21.20,-12.17,0.1916,0.3565
1779202379.504,0.2209,0.3025,16.00,158.8,-5.07,21.17,-12.18,0.1910,0.3534
1779202379.568,0.2227,0.3002,16.00,158.8,-4.76,21.19,-12.14,0.1883,0.3503
1779202379.633,0.2277,0.2979,16.00,158.8,-4.60,22.17,-12.13,0.1823,0.3472
1779202379.700,0.2281,0.2956,16.00,158.8,-5.23,22.59,-12.03,0.1872,0.3441
1779202379.768,0.2317,0.2933,16.00,158.8,-5.38,22.90,-12.03,0.1875,0.3411
1779202379.836,0.2334,0.2910,16.00,158.8,-5.67,23.22,-12.09,0.1886,0.3380
1779202379.905,0.2332,0.2887,16.00,158.8,-5.87,23.32,-12.10,0.1924,0.3349
1779202379.972,0.2337,0.2864,16.00,158.8,-5.92,23.30,-12.10,0.1923,0.3318
1779202380.034,0.2349,0.2841,16.00,158.8,-6.02,23.27,-11.99,0.1914,0.3288
1779202380.105,0.2343,0.2818,16.00,158.8,-6.23,23.38,-11.94,0.1923,0.3257
1779202380.169,0.2341,0.2794,16.00,158.8,-6.26,23.48,-11.95,0.1926,0.3226
1779202380.239,0.2341,0.2771,16.00,158.8,-6.36,23.56,-11.92,0.1931,0.3195
1779202380.300,0.2345,0.2748,16.00,158.8,-6.42,23.60,-11.91,0.1927,0.3164
1779202380.371,0.2220,0.2725,16.00,158.8,-6.56,23.72,-11.85,0.1929,0.3134
1779202380.438,0.2084,0.2702,16.00,158.8,-6.53,23.69,-11.75,0.1932,0.3103
1779202380.505,0.2028,0.2679,16.00,158.8,-6.17,23.58,-11.50,0.1943,0.3072
1779202380.569,0.1992,0.2656,16.00,158.8,-5.95,23.58,-11.27,0.1988,0.3041
1779202380.638,0.1934,0.2633,16.00,158.8,-5.59,22.86,-11.09,0.1983,0.3010
1779202380.703,0.1911,0.2610,16.00,158.8,-5.04,23.02,-11.07,0.1966,0.2980
1779202380.769,0.1913,0.2587,15.00,158.8,-5.00,22.43,-10.81,0.1904,0.2949
1779202380.835,0.1927,0.2564,15.00,158.8,-4.76,22.08,-10.62,0.1893,0.2918
1779202380.905,0.1908,0.2540,15.00,158.8,-4.85,21.98,-10.63,0.1895,0.2887
1779202380.972,0.1889,0.2517,15.00,158.8,-5.06,21.95,-10.74,0.1896,0.2856
1779202381.035,0.1883,0.2494,15.00,158.8,-5.06,21.78,-10.77,0.1895,0.2826
1779202381.102,0.1868,0.2494,15.00,158.8,-4.89,21.62,-10.71,0.1882,0.2826
1779202381.173,0.1999,0.2471,16.00,152.7,-4.50,21.66,-10.81,0.1869,0.2795
1779202381.237,0.2122,0.2448,16.00,152.7,-4.36,21.70,-10.79,0.1863,0.2764
1779202381.305,0.2172,0.2425,16.00,152.7,-4.31,21.86,-10.79,0.1862,0.2733
1779202381.372,0.2201,0.2402,16.00,152.7,-4.39,22.06,-10.82,0.1862,0.2702
1779202381.435,0.2217,0.2379,16.00,152.7,-4.37,22.20,-10.78,0.1865,0.2672
1779202381.504,0.2220,0.2356,16.00,152.7,-4.41,22.27,-10.75,0.1856,0.2641
1779202381.573,0.2224,0.2333,16.00,152.7,-4.43,22.28,-10.73,0.1856,0.2610
1779202381.634,0.2234,0.2309,16.00,152.7,-4.45,22.31,-10.73,0.1857,0.2579
1779202381.702,0.2241,0.2286,16.00,152.7,-4.47,22.35,-10.75,0.1855,0.2548
1779202381.772,0.2244,0.2263,16.00,152.7,-4.49,22.33,-10.75,0.1856,0.2518
1779202381.840,0.2249,0.2240,16.00,152.7,-4.53,22.37,-10.73,0.1856,0.2487
1779202381.902,0.2256,0.2217,16.00,152.7,-4.60,22.66,-10.73,0.1859,0.2456
1779202381.969,0.2267,0.2194,16.00,152.7,-4.60,22.75,-10.68,0.1864,0.2425
1779202382.039,0.2270,0.2171,16.00,152.7,-4.68,22.79,-10.66,0.1871,0.2395
1779202382.104,0.2263,0.2148,16.00,152.7,-4.87,22.94,-10.58,0.1869,0.2364
1779202382.169,0.2257,0.2125,16.00,152.7,-5.16,23.19,-10.46,0.1870,0.2333
1779202382.232,0.2251,0.2102,16.00,152.7,-5.31,23.60,-10.41,0.1864,0.2302
1779202382.269,0.2246,0.2079,16.00,152.7,-5.49,23.82,-10.37,0.1872,0.2271
1779202382.338,0.2258,0.2055,16.00,152.7,-6.46,25.05,-10.23,0.1910,0.2241
1779202382.401,0.1821,0.2055,16.00,152.7,-7.59,26.14,-10.43,0.1926,0.2241
1779202382.472,0.0738,0.2055,16.00,152.7,-9.52,27.21,-10.43,0.2070,0.2241
1779202382.538,0.1548,0.2055,16.00,152.7,-0.56,47.82,177.56,0.2342,0.2241
1779202382.606,0.3729,0.2032,17.00,159.6,-4.18,56.70,179.91,0.2978,0.2210
1779202382.668,0.4629,0.2009,17.00,159.6,-39.37,-70.27,60.20,0.3325,0.4616
1779202382.739,0.5222,0.1986,17.00,159.6,-10.92,64.88,-179.84,0.3521,0.2148
1779202382.806,0.5458,0.1963,17.00,159.6,-39.80,-71.39,38.98,0.3660,0.4597
1779202382.872,0.5483,0.1940,17.00,159.6,-40.06,-71.33,40.42,0.3680,0.4587
1779202382.939,0.5689,0.1917,17.00,159.6,-17.05,54.10,-152.28,0.3501,0.2261
1779202383.007,0.5465,0.1894,17.00,159.6,-40.88,-71.25,45.92,0.4165,0.4525
1779202383.072,0.5486,0.1871,16.00,159.6,-40.33,-71.80,27.99,0.3637,0.4494
1779202383.136,0.5354,0.1848,16.00,159.6,-40.20,-71.73,34.88,0.3723,0.4463
1779202383.206,0.5411,0.1824,16.00,159.6,-40.04,-71.68,34.92,0.4150,0.4433
1779202383.271,0.5315,0.1801,16.00,159.6,-38.82,-71.91,30.90,0.4343,0.4284
1779202383.337,0.5454,0.1778,16.00,159.6,-39.48,-71.83,32.57,0.4534,0.4319
1779202383.407,0.5487,0.1755,16.00,159.6,-40.30,-71.62,40.33,0.4367,0.4340
1779202383.469,0.5314,0.1732,16.00,159.6,-40.56,-71.62,36.58,0.4333,0.4309
1779202383.535,0.5229,0.1709,16.00,159.6,-40.31,-71.82,32.88,0.4522,0.4279
1779202383.605,0.5240,0.1686,16.00,159.6,-40.32,-71.84,32.31,0.4480,0.4248
1779202383.671,0.5282,0.1663,16.00,159.6,-39.99,-71.71,36.16,0.4405,0.4216
1779202383.736,0.5388,0.1640,16.00,159.6,-39.91,-71.66,37.52,0.4398,0.4178
1779202383.806,0.5391,0.1617,16.00,159.6,-40.18,-71.52,40.07,0.4384,0.4156
1779202383.873,0.5330,0.1594,16.00,159.6,-40.50,-71.60,41.20,0.4436,0.4125
1779202383.940,0.5282,0.1570,16.00,159.6,-40.14,-71.44,42.00,0.4419,0.4094
1779202384.005,0.5332,0.1547,15.00,159.6,-40.38,-71.48,40.17,0.4472,0.4063
1779202384.069,0.5355,0.1524,15.00,159.6,-40.19,-71.50,40.64,0.4567,0.4032
1779202384.139,0.5387,0.1481,15.00,159.6,-40.33,-71.67,36.27,0.4256,0.4000
1779202384.207,0.2971,0.1439,15.00,159.6,-40.22,-71.25,43.97,0.4090,0.4000
1779202384.269,0.2116,0.1395,15.00,159.6,37.57,-42.11,-68.89,0.3476,0.3757
1779202384.340,0.2294,0.1372,15.00,159.6,-5.26,52.45,177.28,0.2629,0.1500
1779202384.406,0.2456,0.1349,15.00,159.6,-0.69,43.83,177.36,0.2196,0.1500
1779202384.474,0.2455,0.1326,15.00,159.6,-7.65,23.09,-9.43,0.1968,0.1500
1779202384.540,0.2498,0.1302,15.00,159.6,-5.01,18.58,-9.18,0.1964,0.1500
1779202384.600,0.2348,0.1279,15.00,159.6,-5.39,14.91,-9.02,0.1902,0.1500
1779202384.672,0.2362,0.1256,15.00,159.6,-4.44,12.54,-8.29,0.1844,0.1500
1779202384.740,0.2410,0.1233,15.00,159.6,-4.13,11.73,-7.71,0.1905,0.1500
1779202384.802,0.2413,0.1209,15.00,159.6,-3.82,12.37,-7.25,0.1892,0.1500
1779202384.873,0.2408,0.1186,15.00,159.6,-3.80,11.02,-6.71,0.1874,0.1500
1779202384.940,0.2414,0.1163,15.00,159.6,-3.68,10.51,-6.47,0.1876,0.1500
1779202385.008,0.2359,0.1140,15.00,159.6,-3.66,9.87,-6.19,0.1895,0.1500
1779202385.069,0.2384,0.1116,15.00,159.6,-3.46,9.35,-5.89,0.1891,0.1500
1779202385.140,0.2361,0.1093,15.00,159.6,-3.24,9.86,-5.79,0.1889,0.1500
1779202385.200,0.2345,0.1070,15.00,159.6,-3.15,10.33,-5.81,0.1872,0.1500
1779202385.270,0.2360,0.1047,15.00,159.6,-3.07,10.20,-5.71,0.1870,0.1500
1779202385.337,0.2346,0.1023,15.00,159.6,-3.11,10.34,-5.61,0.1850,0.1500
1779202385.438,0.2352,0.1000,15.00,159.6,-2.96,10.75,-5.51,0.1844,0.1500
1779202385.502,0.2376,0.0977,15.00,159.6,-2.67,10.82,-5.38,0.1838,0.1500
1779202385.567,0.2403,0.0953,15.00,159.6,-2.58,10.73,-5.26,0.1836,0.1500
1779202385.637,0.2399,0.0930,15.00,159.6,-2.55,10.47,-5.12,0.1846,0.1500
1779202385.705,0.2392,0.0907,15.00,159.6,-2.50,10.32,-5.03,0.1848,0.1500
1779202385.769,0.2410,0.0884,15.00,159.6,-2.57,10.18,-4.91,0.1844,0.1500
1779202385.837,0.2407,0.0860,15.00,159.6,-2.51,9.36,-4.82,0.1847,0.1500
1779202385.904,0.2426,0.0837,15.00,159.6,-2.40,9.51,-4.81,0.1851,0.1500
1779202385.971,0.2456,0.0814,15.00,159.6,-2.45,9.52,-4.78,0.1858,0.1500
1779202386.041,0.2506,0.0791,15.00,159.6,-2.26,9.47,-4.70,0.1835,0.1500
1779202386.106,0.2527,0.0767,15.00,159.6,-2.22,9.50,-4.65,0.1819,0.1500
1779202386.169,0.2536,0.0744,15.00,159.6,-2.22,9.28,-4.47,0.1808,0.1500
1779202386.239,0.2542,0.0721,15.00,159.6,-2.28,9.92,-4.31,0.1812,0.1500
1779202386.309,0.2567,0.0698,15.00,159.6,-2.28,9.14,-4.03,0.1819,0.1500
1779202386.370,0.2596,0.0674,15.00,159.6,-2.20,9.73,-3.89,0.1838,0.1500
1779202386.441,0.2616,0.0651,15.00,159.6,-2.16,8.26,-3.48,0.1826,0.1500
1779202386.505,0.2611,0.0628,15.00,159.6,-2.13,8.34,-3.27,0.1822,0.1500
1779202386.575,0.2588,0.0605,15.00,159.6,-2.12,7.22,-3.04,0.1805,0.1500
1779202386.640,0.2587,0.0581,15.00,159.6,-2.12,7.74,-3.01,0.1795,0.1500
1779202386.702,0.2585,0.0558,15.00,159.6,-2.08,6.53,-2.76,0.1794,0.1500
1779202386.773,0.2687,0.0535,15.00,159.6,-2.09,6.01,-2.61,0.1889,0.1500
1779202386.839,0.2847,0.0512,15.00,159.6,-2.81,-2.47,-1.29,0.1851,0.1500
1779202386.906,0.2897,0.0488,15.00,159.6,-2.46,-4.99,-0.74,0.1833,0.1500
1779202386.971,0.2891,0.0465,15.00,159.6,-1.93,-6.15,-0.37,0.1806,0.1500
1779202387.039,0.2923,0.0442,15.00,159.6,-1.90,-4.45,-0.25,0.1782,0.1500
1779202387.103,0.2938,0.0419,15.00,159.6,-1.65,-9.71,0.72,0.1831,0.1500
1779202387.171,0.2966,0.0395,15.00,159.6,-2.33,-10.07,1.01,0.1958,0.1500
1779202387.233,0.2927,0.0372,15.00,159.6,-2.62,-11.02,1.43,0.1983,0.1500
1779202387.268,0.2928,0.0372,15.00,159.6,-2.68,-11.40,1.61,0.1952,0.1500
1779202387.303,0.2925,0.0371,15.00,159.6,-2.57,-11.63,1.67,0.1918,0.1500
1779202387.373,0.2929,0.0371,15.00,159.6,-2.50,-11.52,1.67,0.1909,0.1500
1779202387.438,0.2937,0.0371,15.00,159.6,-2.48,-11.13,1.65,0.1903,0.1500
1779202387.508,0.2924,0.0371,15.00,159.6,-2.45,-11.88,1.77,0.1908,0.1500
1779202387.574,0.2930,0.0371,15.00,159.6,-2.53,-11.52,1.80,0.1912,0.1500
1779202387.642,0.2933,0.0371,15.00,159.6,-2.45,-12.23,1.94,0.1913,0.1500
1779202387.706,0.2747,0.0371,15.00,159.6,-2.69,-11.13,1.92,0.1913,0.1500
1779202387.773,0.2707,0.0371,15.00,159.6,-2.75,-11.57,2.02,0.1911,0.1500
1779202387.841,0.2694,0.0371,15.00,159.6,-2.89,-11.51,2.04,0.1911,0.1500
1779202387.904,0.2678,0.0371,15.00,159.6,-2.90,-11.65,2.06,0.1907,0.1500
1779202387.974,0.2661,0.0371,15.00,159.6,-2.73,-11.28,2.08,0.1892,0.1500
1779202388.041,0.2650,0.0348,15.00,159.6,-2.54,-10.44,1.94,0.1817,0.1500
1779202388.104,0.2657,0.0325,15.00,159.6,-2.41,-10.69,1.89,0.1822,0.1500
1779202388.175,0.2643,0.0302,15.00,159.6,-2.51,-6.45,1.31,0.1831,0.1500
1779202388.238,0.2734,0.0278,15.00,159.6,-2.49,-4.03,0.94,0.1817,0.1500
1779202388.309,0.2771,0.0278,15.00,159.6,-2.65,4.50,-0.32,0.1778,0.1500
1779202388.376,0.2766,0.0278,15.00,159.6,-2.96,10.63,-0.89,0.1813,0.1500
1779202388.438,0.2808,0.0278,15.00,159.6,-1.94,15.57,-1.86,0.1999,0.1500
1779202388.504,0.2740,0.0278,15.00,159.6,-1.78,16.68,-2.08,0.2129,0.1500
1779202388.575,0.2761,0.0278,15.00,159.6,-2.89,19.21,-2.36,0.2131,0.1500
1779202388.642,0.2775,0.0255,15.00,159.6,-2.96,19.68,-2.41,0.2136,0.1500
1779202388.704,0.2756,0.0232,15.00,159.6,-3.68,21.95,-2.43,0.2112,0.1500
1779202388.776,0.2854,0.0209,15.00,159.6,-1.96,23.66,-2.44,0.2082,0.1500
1779202388.842,0.3109,0.0186,15.00,159.6,-1.12,23.01,-2.11,0.1735,0.1500
1779202388.910,0.3139,0.0186,15.00,159.6,-0.66,20.83,-1.84,0.1679,0.1500
1779202388.976,0.3195,0.0186,15.00,159.6,0.37,20.07,-2.21,0.1719,0.1500
1779202389.042,0.3276,0.0186,15.00,159.6,0.11,21.00,-1.97,0.1695,0.1500
1779202389.104,0.3216,0.0186,15.00,159.6,-1.07,21.55,-1.42,0.1576,0.1500
1779202389.174,0.3228,0.0186,15.00,159.6,11.04,32.67,-175.28,0.1444,0.1500
1779202389.240,0.3138,0.0186,15.00,159.6,-1.32,21.70,-1.92,0.1499,0.1500
1779202389.309,0.3013,0.0186,15.00,159.6,-1.34,21.53,-2.17,0.1590,0.1500
1779202389.376,0.3050,0.0186,15.00,159.6,-1.14,22.07,-2.58,0.1565,0.1500
1779202389.443,0.3011,0.0186,15.00,159.6,-0.71,21.97,-2.66,0.1543,0.1500
1779202389.504,0.2987,0.0186,15.00,159.6,-0.67,22.54,-2.85,0.1539,0.1500
1779202389.572,0.2974,0.0186,15.00,159.6,-0.18,22.05,-2.75,0.1535,0.1500
1779202389.639,0.2993,0.0186,15.00,159.6,0.03,22.18,-2.74,0.1508,0.1500
1779202389.706,0.3005,0.0186,15.00,159.6,12.20,34.01,-175.55,0.1492,0.1500
1779202389.775,0.2974,0.0186,15.00,159.6,12.53,33.62,-175.45,0.1443,0.1500
1779202389.839,0.2930,0.0186,15.00,159.6,12.59,33.20,-175.44,0.1382,0.1500
1779202389.908,0.2920,0.0186,15.00,159.6,12.75,33.10,-175.40,0.1361,0.1500
1779202389.975,0.2912,0.0186,15.00,159.6,13.24,32.58,-175.46,0.1341,0.1500
1779202390.043,0.2888,0.0186,15.00,159.6,13.00,32.61,-175.50,0.1338,0.1500
1779202390.110,0.2906,0.0186,15.00,159.6,1.11,20.50,-2.47,0.1473,0.1500
1779202390.175,0.2981,0.0186,15.00,159.6,2.43,19.54,-1.75,0.1452,0.1500
1779202390.240,0.2988,0.0186,15.00,159.6,2.59,20.10,-1.80,0.1466,0.1500
1779202390.306,0.3007,0.0186,15.00,159.6,2.49,19.30,-1.46,0.1454,0.1500
1779202390.371,0.3002,0.0186,15.00,159.6,2.30,19.08,-1.42,0.1481,0.1500
1779202390.441,0.3067,0.0186,15.00,159.6,2.35,19.83,-1.62,0.1572,0.1500
1779202390.510,0.3112,0.0186,15.00,159.6,1.37,21.73,-2.88,0.1706,0.1500
1779202390.574,0.3202,0.0186,15.00,159.6,0.36,22.02,-2.73,0.1577,0.1500
1779202390.640,0.3150,0.0186,15.00,159.6,-1.55,23.57,-2.87,0.1945,0.1500
1779202390.706,0.3177,0.0186,15.00,159.6,-1.73,24.12,-2.39,0.2038,0.1500
1779202390.773,0.3104,0.0186,15.00,159.6,-1.31,24.59,-2.13,0.2104,0.1500
1779202390.838,0.3049,0.0186,15.00,159.6,-1.34,24.77,-1.86,0.2202,0.1500
1779202390.911,0.3011,0.0186,15.00,159.6,-1.66,24.41,-2.05,0.2181,0.1500
1779202390.975,0.2944,0.0186,15.00,159.6,-1.53,24.22,-2.19,0.2069,0.1500
1779202391.042,0.2953,0.0186,15.00,159.6,-1.39,23.92,-2.26,0.2016,0.1500
1779202391.109,0.2935,0.0186,15.00,159.6,-1.01,23.52,-2.27,0.1951,0.1500
1779202391.170,0.2931,0.0186,15.00,159.6,-0.67,23.43,-2.15,0.1909,0.1500
1779202391.204,0.2935,0.0186,15.00,159.6,-0.78,23.31,-2.08,0.1872,0.1500
1779202391.238,0.2922,0.0185,15.00,159.6,-0.75,23.39,-2.00,0.1866,0.1500
1779202391.270,0.2918,0.0185,15.00,159.6,-0.76,23.28,-2.02,0.1862,0.1500
1779202391.303,0.2903,0.0185,15.00,159.6,-0.82,23.04,-1.90,0.1847,0.1500
1779202391.337,0.2882,0.0185,15.00,159.6,-0.80,23.13,-1.87,0.1829,0.1500
1779202391.373,0.2849,0.0184,15.00,159.6,-0.73,22.88,-1.82,0.1802,0.1500
1779202391.442,0.2851,0.0184,15.00,159.6,-0.60,22.27,-1.80,0.1757,0.1500
1779202391.508,0.2858,0.0184,15.00,159.6,-0.73,22.09,-1.98,0.1731,0.1500
1779202391.574,0.2842,0.0185,15.00,159.6,-0.75,22.18,-2.04,0.1740,0.1500
1779202391.643,0.2844,0.0185,15.00,159.6,-0.78,22.17,-2.13,0.1731,0.1500
1779202391.710,0.2834,0.0185,15.00,159.6,-0.75,22.16,-2.20,0.1732,0.1500
1779202391.775,0.2833,0.0185,15.00,159.6,-0.69,22.18,-2.26,0.1749,0.1500
1779202391.842,0.2841,0.0186,15.00,159.6,-0.75,22.41,-2.28,0.1777,0.1500
1779202391.908,0.2839,0.0186,15.00,159.6,-0.80,22.29,-2.27,0.1785,0.1500
1779202391.977,0.2840,0.0186,15.00,159.6,-0.81,22.17,-2.25,0.1787,0.1500
1779202392.042,0.2839,0.0186,15.00,159.6,-0.83,22.13,-2.23,0.1787,0.1500
1779202392.110,0.2839,0.0187,15.00,159.6,-0.79,22.02,-2.22,0.1784,0.1500
1779202392.174,0.2844,0.0187,15.00,159.6,-0.73,21.95,-2.25,0.1776,0.1500
1779202392.236,0.2852,0.0188,15.00,159.6,-0.65,22.04,-2.31,0.1768,0.1500
1779202392.272,0.2853,0.0188,15.00,159.6,-0.65,21.97,-2.31,0.1761,0.1500
1779202392.305,0.2852,0.0164,15.00,159.6,-0.61,21.89,-2.31,0.1758,0.1500
1779202392.337,0.2851,0.0141,15.00,159.6,-0.56,21.78,-2.31,0.1761,0.1500
1779202392.371,0.2847,0.0117,15.00,159.6,-0.52,21.75,-2.33,0.1769,0.1500
1779202392.406,0.2845,0.0094,15.00,159.6,-0.47,21.52,-2.31,0.1768,0.1500
1779202392.436,0.2855,0.0094,15.00,159.6,-0.48,21.33,-2.30,0.1776,0.1500
1779202392.471,0.2850,0.0094,15.00,159.6,-0.49,21.11,-2.25,0.1783,0.1500
1779202392.503,0.2852,0.0094,15.00,159.6,-0.49,20.76,-2.20,0.1779,0.1500
1779202392.539,0.2855,0.0093,15.00,159.6,-0.45,20.19,-2.13,0.1778,0.1500
1779202392.568,0.2861,0.0093,15.00,159.6,-0.43,19.99,-2.10,0.1782,0.1500
1779202392.609,0.2874,0.0093,15.00,159.6,-0.28,19.90,-2.08,0.1782,0.1500
1779202392.672,0.2867,0.0093,15.00,159.6,-0.24,19.46,-2.01,0.1781,0.1500
1779202392.741,0.2894,0.0093,15.00,159.6,-0.15,19.33,-1.97,0.1765,0.1500
1779202392.805,0.2904,0.0093,15.00,159.6,-0.10,19.32,-1.98,0.1755,0.1500
1779202392.874,0.2909,0.0093,15.00,159.6,-0.08,19.26,-1.96,0.1753,0.1500
1779202392.942,0.2914,0.0093,15.00,159.6,-0.13,19.21,-1.96,0.1749,0.1500
1779202393.009,0.2913,0.0093,15.00,159.6,-0.18,19.25,-1.99,0.1751,0.1500
1779202393.072,0.2912,0.0094,15.00,159.6,-0.26,19.30,-2.00,0.1752,0.1500
1779202393.144,0.2916,0.0094,15.00,159.6,-0.26,19.31,-1.99,0.1757,0.1500
1779202393.208,0.2914,0.0094,15.00,159.6,-0.33,19.49,-2.01,0.1768,0.1500
1779202393.275,0.2916,0.0094,15.00,159.6,-0.34,19.45,-1.99,0.1781,0.1500
1779202393.343,0.2938,0.0094,15.00,159.6,-1.04,20.64,-2.02,0.1801,0.1500
1779202393.411,0.2970,0.0094,15.00,159.6,-1.23,19.63,-2.18,0.1749,0.1500
1779202393.474,0.2935,0.0094,15.00,159.6,-0.70,17.92,-2.24,0.1795,0.1500
1779202393.544,0.2941,0.0094,15.00,159.6,-0.38,13.96,-2.11,0.1784,0.1500
1779202393.606,0.2959,0.0094,15.00,159.6,-0.29,11.45,-1.94,0.1796,0.1500
1779202393.673,0.2953,0.0094,15.00,159.6,-0.29,9.85,-1.87,0.1809,0.1500
1779202393.742,0.2925,0.0094,15.00,159.6,-0.15,8.85,-1.83,0.1774,0.1500
1779202393.809,0.2995,0.0094,15.00,159.6,0.02,7.44,-1.56,0.1765,0.1500
1779202393.877,0.3030,0.0094,15.00,159.6,0.16,7.11,-1.54,0.1784,0.1500
1779202393.945,0.3057,0.0094,15.00,159.6,0.16,7.23,-1.54,0.1798,0.1500
1779202394.007,0.3094,0.0094,15.00,159.6,0.03,6.68,-1.37,0.1824,0.1500
1779202394.075,0.3142,0.0094,15.00,159.6,0.09,5.06,-1.15,0.1822,0.1500
1779202394.144,0.3123,0.0094,15.00,159.6,0.25,2.31,-0.83,0.1825,0.1500
1779202394.211,0.3136,0.0094,14.00,159.6,0.27,-2.32,-0.24,0.1820,0.1700
1779202394.274,0.3128,0.0094,14.00,159.6,0.20,0.24,-0.50,0.1827,0.1700
1779202394.343,0.3129,0.0094,14.00,159.6,0.27,-1.41,-0.36,0.1810,0.1700
1779202394.412,0.3135,0.0094,14.00,159.6,0.26,-2.47,-0.34,0.1824,0.1700
1779202394.478,0.3121,0.0094,14.00,159.6,0.21,-2.02,-0.40,0.1834,0.1700
1779202394.544,0.3067,0.0094,14.00,159.6,0.24,-0.79,-0.63,0.1828,0.1700
1779202394.612,0.3045,0.0094,14.00,159.6,0.23,-0.34,-0.76,0.1824,0.1700
1779202394.674,0.3065,0.0094,14.00,159.6,0.20,0.62,-0.98,0.1834,0.1700
1779202394.745,0.3072,0.0094,14.00,159.6,0.22,0.76,-1.13,0.1780,0.1700
1779202394.812,0.3099,0.0094,14.00,159.6,0.56,3.91,-1.52,0.1745,0.1700
1779202394.878,0.3116,0.0094,14.00,159.6,0.38,4.86,-1.64,0.1787,0.1700
1779202394.946,0.3127,0.0094,13.00,159.6,0.16,5.68,-1.88,0.1813,0.1900
1779202395.012,0.3156,0.0094,13.00,159.6,-0.03,9.29,-2.31,0.1855,0.1900
1779202395.080,0.3145,0.0094,13.00,159.6,-0.45,9.94,-2.73,0.1858,0.1900
1779202395.145,0.3108,0.0094,13.00,159.6,-1.02,11.53,-3.02,0.1892,0.1900
1779202395.207,0.3134,0.0094,13.00,159.6,-0.90,13.85,-3.16,0.1888,0.1900
1779202395.275,0.3087,0.0094,13.00,159.6,-0.51,16.49,-3.18,0.1952,0.1900
1779202395.346,0.2869,0.0094,12.00,159.6,-0.48,16.49,-2.91,0.1973,0.2100
1779202395.409,0.2688,0.0094,12.00,159.6,-0.19,16.48,-2.57,0.1963,0.2100
1779202395.475,0.2572,0.0094,12.00,159.6,-0.36,18.15,-2.71,0.1991,0.2100
1779202395.545,0.2523,0.0094,12.00,159.6,-0.94,19.80,-3.05,0.2204,0.2100
1779202395.607,0.2365,0.0094,12.00,159.6,-1.93,19.46,-3.27,0.2784,0.2100
1779202395.675,0.2367,0.0094,12.00,159.6,-1.45,19.11,-2.89,0.2363,0.2100
1779202395.745,0.2332,0.0094,12.00,159.6,-0.91,15.86,-2.09,0.1702,0.2100
1779202395.807,0.2348,0.0094,12.00,159.6,0.72,13.98,-1.33,0.1423,0.2100
1779202395.878,0.2281,0.0094,12.00,159.6,1.69,12.48,-1.08,0.1291,0.2100
1779202395.941,0.2261,0.0094,12.00,159.6,2.20,11.64,-0.99,0.1288,0.2100
1779202396.009,0.2234,0.0094,12.00,159.6,2.38,10.87,-0.96,0.1285,0.2100
1779202396.077,0.2262,0.0094,12.00,159.6,2.13,10.64,-1.23,0.1302,0.2100
1779202396.144,0.2279,0.0094,12.00,159.6,1.66,10.70,-1.37,0.1314,0.2100
1779202396.211,0.2254,0.0094,12.00,159.6,0.73,11.77,-1.51,0.1403,0.2100
1779202396.276,0.2257,0.0094,12.00,159.6,-0.09,12.95,-1.69,0.1489,0.2100
1779202396.345,0.2265,0.0094,12.00,159.6,-0.75,12.68,-1.61,0.1717,0.2100
1779202396.412,0.2620,0.0094,12.00,159.6,-1.45,6.27,-1.42,0.1779,0.2100
1779202396.475,0.2652,0.0094,12.00,159.6,-2.94,-15.27,0.59,0.1862,0.2100
1779202396.545,0.1481,0.0117,12.00,159.6,-4.75,-27.85,0.75,0.1917,0.2100
1779202396.611,0.3076,0.0117,13.00,153.1,-5.84,-38.14,0.93,0.2025,0.1900
1779202396.675,0.3835,0.0117,13.00,153.1,5.59,-48.39,171.11,0.2328,0.1900
1779202396.746,0.4095,0.0117,13.00,153.1,-11.29,-48.63,4.39,0.2469,0.1900
1779202396.811,0.4862,0.0117,13.00,153.1,5.41,-61.21,170.65,0.2870,0.1900
1779202396.874,0.6278,0.0117,13.00,153.1,-0.56,-31.77,174.25,0.3346,0.1900
1779202396.943,0.6826,0.0117,13.00,153.1,4.68,-69.47,171.42,0.3422,0.1900
1779202397.014,0.6582,0.0117,13.00,153.1,2.41,-68.97,173.04,0.3381,0.1900
1779202397.076,0.4298,0.0117,13.00,153.1,5.66,-68.01,172.39,0.3114,0.1900
1779202397.146,0.1321,0.0141,13.00,153.1,-16.00,0.28,15.85,0.2749,0.2000
1779202397.205,0.1734,0.0164,13.00,153.1,-9.46,-35.75,7.30,0.2073,0.1900
1779202397.237,0.1998,0.0164,14.00,142.2,-8.64,-31.57,6.00,0.1891,0.1700
1779202397.272,0.2232,0.0164,14.00,142.2,-7.36,-25.81,4.83,0.1878,0.1700
1779202397.310,0.2365,0.0164,14.00,142.2,-6.57,-23.33,4.21,0.2113,0.1700
1779202397.375,0.2632,0.0164,14.00,142.2,-5.32,-13.15,1.67,0.2377,0.1700
1779202397.447,0.2759,0.0164,14.00,142.2,-4.92,3.40,-1.43,0.2301,0.1700
1779202397.508,0.2713,0.0164,14.00,142.2,-3.33,4.85,-1.80,0.2361,0.1700
1779202397.579,0.2840,0.0164,14.00,142.2,-3.35,-1.41,-1.59,0.1957,0.1700
1779202397.645,0.2886,0.0164,14.00,142.2,-1.82,5.63,-2.96,0.1680,0.1700
1779202397.708,0.2927,0.0164,14.00,142.2,-0.60,7.65,-3.44,0.1532,0.1700
1779202397.775,0.2832,0.0164,14.00,142.2,-0.16,9.51,-4.02,0.1460,0.1700
1779202397.841,0.2797,0.0164,14.00,142.2,1.16,12.41,-4.41,0.1427,0.1700
1779202397.909,0.2654,0.0164,14.00,142.2,1.30,14.06,-4.08,0.1452,0.1700
1779202397.975,0.2594,0.0164,14.00,142.2,1.63,14.87,-4.19,0.1435,0.1700
1779202398.042,0.2634,0.0164,14.00,142.2,1.91,15.18,-4.29,0.1422,0.1700
1779202398.108,0.2665,0.0164,13.00,142.2,2.05,14.51,-4.49,0.1428,0.1900
1779202398.175,0.2636,0.0164,13.00,142.2,1.91,14.91,-4.62,0.1440,0.1900
1779202398.240,0.2676,0.0164,13.00,142.2,1.72,14.93,-4.69,0.1482,0.1900
1779202398.273,0.2695,0.0164,13.00,142.2,1.64,14.68,-4.67,0.1483,0.1900
1779202398.307,0.2707,0.0164,13.00,142.2,1.59,14.81,-4.67,0.1505,0.1900
1779202398.341,0.2713,0.0164,13.00,142.2,1.45,14.95,-4.67,0.1522,0.1900
1779202398.374,0.2725,0.0164,13.00,142.2,1.37,14.84,-4.69,0.1527,0.1900
1779202398.407,0.2726,0.0163,13.00,142.2,1.33,14.99,-4.72,0.1531,0.1900
1779202398.442,0.2745,0.0163,13.00,142.2,1.24,15.12,-4.78,0.1552,0.1900
1779202398.471,0.2763,0.0163,13.00,142.2,1.17,15.24,-4.82,0.1552,0.1900
1779202398.507,0.2770,0.0163,13.00,142.2,1.09,15.25,-4.82,0.1550,0.1900
1779202398.539,0.2776,0.0162,13.00,142.2,1.09,15.26,-4.81,0.1555,0.1900
1779202398.574,0.2770,0.0162,13.00,142.2,1.30,15.39,-4.78,0.1559,0.1900
1779202398.607,0.2781,0.0162,13.00,142.2,1.25,15.34,-4.78,0.1558,0.1900
1779202398.640,0.2788,0.0162,13.00,142.2,1.27,15.42,-4.75,0.1561,0.1900
1779202398.673,0.2797,0.0162,13.00,142.2,1.27,15.37,-4.73,0.1558,0.1900
1779202398.707,0.2796,0.0162,13.00,142.2,1.25,15.41,-4.74,0.1564,0.1900
1779202398.741,0.2801,0.0161,13.00,142.2,1.19,15.26,-4.74,0.1554,0.1900
1779202398.771,0.2808,0.0161,13.00,142.2,1.19,15.23,-4.74,0.1552,0.1900
1779202398.806,0.2804,0.0161,13.00,142.2,1.24,15.28,-4.77,0.1566,0.1900
1779202398.840,0.2786,0.0161,13.00,142.2,1.43,15.17,-4.76,0.1558,0.1900
1779202398.875,0.2779,0.0161,13.00,142.2,1.37,15.03,-4.72,0.1559,0.1900
1779202398.906,0.2799,0.0161,13.00,142.2,1.28,15.16,-4.73,0.1556,0.1900
1779202398.937,0.2808,0.0160,13.00,142.2,1.24,15.43,-4.74,0.1562,0.1900
1779202398.974,0.2808,0.0160,13.00,142.2,1.17,15.45,-4.75,0.1564,0.1900
1779202399.008,0.2805,0.0160,13.00,142.2,1.11,15.24,-4.74,0.1564,0.1900
1779202399.039,0.2804,0.0160,13.00,142.2,1.12,15.25,-4.72,0.1565,0.1900
1779202736.144,0.3122,0.0000,0.00,250.0,8.30,27.41,7.81,0.1758,0.1000
