timestamp,ear,perclos,blink_rate,blink_duration,pitch,yaw,roll,mar,label
1778858564.720,0.2697,0.0000,0.00,250.0,2.60,12.64,0.93,0.1398,0.1000
1778858564.786,0.2712,0.0000,0.00,250.0,2.39,13.05,0.88,0.1359,0.1000
1778858564.819,0.2759,0.0000,0.00,250.0,2.37,13.28,0.85,0.1370,0.1000
1778858564.852,0.2790,0.0000,0.00,250.0,2.32,13.33,0.84,0.1383,0.1000
1778858564.886,0.2799,0.0000,0.00,250.0,2.30,13.33,0.83,0.1394,0.1000
1778858564.919,0.2809,0.0000,0.00,250.0,2.26,13.17,0.83,0.1400,0.1000
1778858564.952,0.2816,0.0000,0.00,250.0,2.24,13.10,0.82,0.1397,0.1000
1778858564.986,0.2817,0.0000,0.00,250.0,2.26,13.25,0.78,0.1397,0.1000
1778858565.019,0.2822,0.0000,0.00,250.0,2.29,13.29,0.73,0.1399,0.1000
1778858565.053,0.2828,0.0000,0.00,250.0,2.28,13.39,0.69,0.1401,0.1000
1778858565.086,0.2833,0.0000,0.00,250.0,2.28,13.54,0.65,0.1407,0.1000
1778858565.119,0.2836,0.0000,0.00,250.0,2.27,13.69,0.64,0.1413,0.1000
1778858565.152,0.2839,0.0000,0.00,250.0,2.25,13.78,0.63,0.1415,0.1000
1778858565.186,0.2841,0.0000,0.00,250.0,2.25,13.89,0.63,0.1414,0.1000
1778858565.219,0.2839,0.0000,0.00,250.0,2.25,13.84,0.63,0.1409,0.1000
1778858565.252,0.2840,0.0000,0.00,250.0,2.24,13.90,0.63,0.1408,0.1000
1778858565.286,0.2842,0.0000,0.00,250.0,2.21,13.91,0.63,0.1408,0.1000
1778858565.319,0.2842,0.0000,0.00,250.0,2.20,13.93,0.62,0.1409,0.1000
1778858565.352,0.2844,0.0000,0.00,250.0,2.17,13.93,0.62,0.1408,0.1000
1778858565.386,0.2850,0.0000,0.00,250.0,2.10,13.89,0.62,0.1406,0.1000
1778858565.419,0.2857,0.0000,0.00,250.0,2.08,13.86,0.61,0.1407,0.1000
1778858565.452,0.2834,0.0000,0.00,250.0,2.03,14.09,0.56,0.1415,0.1000
1778858565.486,0.2894,0.0000,0.00,250.0,2.06,14.46,0.53,0.1422,0.1000
1778858565.519,0.2943,0.0000,0.00,250.0,2.09,14.59,0.53,0.1425,0.1000
1778858565.552,0.2984,0.0000,0.00,250.0,2.08,14.77,0.52,0.1427,0.1000
1778858565.586,0.3015,0.0000,0.00,250.0,2.09,14.85,0.54,0.1427,0.1000
1778858565.619,0.3042,0.0000,0.00,250.0,2.10,14.92,0.54,0.1430,0.1000
1778858565.653,0.3056,0.0000,0.00,250.0,2.07,14.76,0.59,0.1422,0.1000
1778858565.686,0.3065,0.0000,0.00,250.0,2.07,14.74,0.63,0.1416,0.1000
1778858565.720,0.3068,0.0000,0.00,250.0,2.08,14.75,0.65,0.1417,0.1000
1778858565.753,0.3069,0.0000,0.00,250.0,2.08,14.71,0.67,0.1416,0.1000
1778858565.792,0.3069,0.0000,0.00,250.0,2.10,14.75,0.68,0.1419,0.1000
1778858565.853,0.3075,0.0000,0.00,250.0,2.22,14.80,0.70,0.1411,0.1000
1778858565.886,0.3082,0.0000,0.00,250.0,2.27,14.81,0.70,0.1405,0.1000
1778858565.919,0.3079,0.0000,0.00,250.0,2.35,14.77,0.72,0.1402,0.1000
1778858565.953,0.3084,0.0000,0.00,250.0,2.39,14.79,0.72,0.1391,0.1000
1778858565.986,0.3096,0.0000,0.00,250.0,2.42,14.92,0.73,0.1386,0.1000
1778858566.019,0.3100,0.0000,0.00,250.0,2.50,14.90,0.79,0.1387,0.1000
1778858566.053,0.3053,0.0000,0.00,250.0,2.46,14.84,0.83,0.1384,0.1000
1778858566.086,0.2939,0.0000,0.00,250.0,2.39,14.68,0.83,0.1385,0.1000
1778858566.119,0.2894,0.0000,0.00,250.0,2.29,14.53,0.83,0.1390,0.1000
1778858566.153,0.2863,0.0000,0.00,250.0,2.23,14.46,0.82,0.1397,0.1000
1778858566.186,0.2837,0.0000,0.00,250.0,2.19,14.39,0.81,0.1406,0.1000
1778858566.219,0.2826,0.0000,0.00,250.0,2.15,14.31,0.82,0.1408,0.1000
1778858566.253,0.2818,0.0000,0.00,250.0,2.21,14.23,0.84,0.1404,0.1000
1778858566.286,0.2801,0.0000,0.00,250.0,2.29,14.19,0.87,0.1400,0.1000
1778858566.319,0.2785,0.0000,0.00,250.0,2.34,14.10,0.88,0.1402,0.1000
1778858566.354,0.2779,0.0000,0.00,250.0,2.43,14.09,0.89,0.1393,0.1000
1778858566.386,0.2775,0.0000,0.00,250.0,2.48,14.09,0.90,0.1386,0.1000
1778858566.419,0.2784,0.0000,0.00,250.0,2.46,14.07,0.89,0.1389,0.1000
1778858566.453,0.2787,0.0000,0.00,250.0,2.46,14.08,0.89,0.1388,0.1000
1778858566.486,0.2778,0.0000,0.00,250.0,2.51,13.98,0.90,0.1384,0.1000
1778858566.520,0.2754,0.0000,0.00,250.0,2.55,13.93,0.90,0.1392,0.1000
1778858566.553,0.2742,0.0000,0.00,250.0,2.60,13.86,0.90,0.1377,0.1000
1778858566.586,0.2764,0.0000,0.00,250.0,2.54,13.71,0.87,0.1381,0.1000
1778858566.620,0.2744,0.0000,0.00,250.0,2.65,13.64,0.87,0.1381,0.1000
1778858566.653,0.2739,0.0000,0.00,250.0,2.79,13.32,0.91,0.1369,0.1000
1778858566.687,0.2755,0.0000,0.00,250.0,2.73,13.19,0.85,0.1380,0.1000
1778858566.719,0.2764,0.0000,0.00,250.0,2.73,12.81,0.83,0.1361,0.1000
1778858566.753,0.2770,0.0000,0.00,250.0,3.01,12.16,0.76,0.1342,0.1000
1778858566.786,0.2802,0.0000,0.00,250.0,3.35,11.66,0.74,0.1358,0.1000
1778858566.819,0.2839,0.0000,0.00,250.0,3.46,11.37,0.69,0.1360,0.1000
1778858566.853,0.2859,0.0000,0.00,250.0,3.50,11.12,0.72,0.1346,0.1000
1778858566.886,0.2852,0.0000,0.00,250.0,3.56,11.43,0.64,0.1366,0.1000
1778858566.920,0.2850,0.0000,0.00,250.0,3.74,12.02,0.51,0.1396,0.1000
1778858566.953,0.2862,0.0000,0.00,250.0,3.72,12.29,0.45,0.1398,0.1000
1778858566.986,0.2872,0.0000,0.00,250.0,3.82,13.09,0.34,0.1403,0.1000
1778858567.020,0.2879,0.0000,0.00,250.0,3.85,13.40,0.24,0.1390,0.1000
1778858567.053,0.2881,0.0000,0.00,250.0,3.83,13.73,0.18,0.1385,0.1000
1778858567.086,0.2875,0.0000,0.00,250.0,3.75,13.45,0.19,0.1385,0.1000
1778858567.119,0.2878,0.0000,0.00,250.0,3.65,13.46,0.21,0.1387,0.1000
1778858567.154,0.2880,0.0000,0.00,250.0,3.60,13.30,0.22,0.1385,0.1000
1778858567.186,0.2878,0.0000,0.00,250.0,3.57,13.30,0.22,0.1385,0.1000
1778858567.220,0.2873,0.0000,0.00,250.0,3.52,13.27,0.22,0.1382,0.1000
1778858567.253,0.2868,0.0000,0.00,250.0,3.46,13.16,0.24,0.1379,0.1000
1778858567.287,0.2870,0.0000,0.00,250.0,3.42,13.08,0.26,0.1376,0.1000
1778858567.320,0.2863,0.0000,0.00,250.0,3.38,13.06,0.27,0.1377,0.1000
1778858567.353,0.2860,0.0000,0.00,250.0,3.37,13.17,0.26,0.1377,0.1000
1778858567.386,0.2828,0.0000,0.00,250.0,3.34,13.05,0.28,0.1374,0.1000
1778858567.420,0.2811,0.0000,0.00,250.0,3.31,12.77,0.30,0.1373,0.1000
1778858567.453,0.2784,0.0000,0.00,250.0,3.27,12.27,0.32,0.1368,0.1000
1778858567.486,0.2771,0.0000,0.00,250.0,3.22,11.82,0.34,0.1370,0.1000
1778858567.520,0.2753,0.0000,0.00,250.0,3.21,11.70,0.34,0.1373,0.1000
1778858567.553,0.2749,0.0000,0.00,250.0,3.16,11.32,0.36,0.1372,0.1000
1778858567.587,0.2748,0.0000,0.00,250.0,3.12,11.13,0.37,0.1370,0.1000
1778858567.620,0.2748,0.0000,0.00,250.0,3.11,11.16,0.36,0.1370,0.1000
1778858567.653,0.2749,0.0000,0.00,250.0,3.10,11.34,0.35,0.1373,0.1000
1778858567.687,0.2746,0.0000,0.00,250.0,3.07,11.42,0.36,0.1374,0.1000
1778858567.720,0.2736,0.0000,0.00,250.0,3.06,11.51,0.38,0.1376,0.1000
1778858567.753,0.2743,0.0000,0.00,250.0,2.98,12.17,0.44,0.1381,0.1000
1778858567.786,0.2744,0.0000,0.00,250.0,2.95,12.51,0.49,0.1373,0.1000
1778858567.820,0.2750,0.0000,0.00,250.0,2.97,12.62,0.53,0.1365,0.1000
1778858567.853,0.2763,0.0000,0.00,250.0,2.97,12.74,0.56,0.1357,0.1000
1778858567.887,0.2773,0.0000,0.00,250.0,2.98,12.85,0.57,0.1350,0.1000
1778858567.920,0.2782,0.0000,0.00,250.0,3.00,12.98,0.61,0.1350,0.1000
1778858567.953,0.2787,0.0000,0.00,250.0,2.99,12.98,0.66,0.1348,0.1000
1778858567.987,0.2786,0.0000,0.00,250.0,3.00,12.97,0.69,0.1346,0.1000
1778858568.020,0.2787,0.0000,0.00,250.0,3.02,12.94,0.69,0.1345,0.1000
1778858568.053,0.2792,0.0000,0.00,250.0,3.04,13.00,0.69,0.1347,0.1000
1778858568.087,0.2799,0.0000,0.00,250.0,3.07,13.07,0.69,0.1349,0.1000
1778858568.120,0.2807,0.0000,0.00,250.0,3.11,13.19,0.68,0.1353,0.1000
1778858568.153,0.2814,0.0000,0.00,250.0,3.13,13.28,0.68,0.1352,0.1000
1778858568.187,0.2823,0.0000,0.00,250.0,3.14,13.28,0.69,0.1352,0.1000
1778858568.220,0.2829,0.0000,0.00,250.0,3.15,13.27,0.69,0.1351,0.1000
1778858568.254,0.2835,0.0000,0.00,250.0,3.16,13.23,0.70,0.1351,0.1000
1778858568.287,0.2840,0.0000,0.00,250.0,3.16,13.21,0.70,0.1350,0.1000
1778858568.320,0.2845,0.0000,0.00,250.0,3.16,13.21,0.70,0.1352,0.1000
1778858568.354,0.2848,0.0000,0.00,250.0,3.16,13.19,0.70,0.1352,0.1000
1778858568.387,0.2851,0.0000,0.00,250.0,3.16,13.18,0.70,0.1353,0.1000
1778858568.420,0.2853,0.0000,0.00,250.0,3.17,13.04,0.71,0.1350,0.1000
1778858568.454,0.2853,0.0000,0.00,250.0,3.22,12.94,0.73,0.1347,0.1000
1778858568.487,0.2851,0.0000,0.00,250.0,3.33,12.91,0.75,0.1343,0.1000
1778858568.520,0.2852,0.0000,0.00,250.0,3.35,12.88,0.76,0.1342,0.1000
1778858568.553,0.2853,0.0000,0.00,250.0,3.38,12.87,0.77,0.1341,0.1000
1778858568.587,0.2855,0.0000,0.00,250.0,3.42,12.89,0.76,0.1349,0.1000
1778858568.620,0.2855,0.0000,0.00,250.0,3.43,12.86,0.74,0.1352,0.1000
1778858568.654,0.2858,0.0000,0.00,250.0,3.42,12.85,0.71,0.1356,0.1000
1778858568.687,0.2861,0.0000,0.00,250.0,3.42,12.82,0.70,0.1360,0.1000
1778858568.720,0.2864,0.0000,0.00,250.0,3.41,12.84,0.68,0.1364,0.1000
1778858568.754,0.2865,0.0000,0.00,250.0,3.39,12.87,0.67,0.1366,0.1000
1778858568.787,0.2865,0.0000,0.00,250.0,3.38,12.87,0.67,0.1367,0.1000
1778858568.820,0.2864,0.0000,0.00,250.0,3.38,12.92,0.67,0.1368,0.1000
1778858568.854,0.2864,0.0000,0.00,250.0,3.37,13.00,0.66,0.1369,0.1000
1778858568.888,0.2865,0.0000,0.00,250.0,3.29,13.24,0.67,0.1373,0.1000
1778858568.921,0.2862,0.0000,0.00,250.0,3.20,13.39,0.68,0.1375,0.1000
1778858568.954,0.2857,0.0000,0.00,250.0,3.10,13.47,0.70,0.1376,0.1000
1778858568.987,0.2855,0.0000,0.00,250.0,3.04,13.34,0.70,0.1378,0.1000
1778858569.021,0.2853,0.0000,0.00,250.0,3.00,13.35,0.71,0.1381,0.1000
1778858569.056,0.2848,0.0000,0.00,250.0,2.97,13.43,0.72,0.1380,0.1000
1778858569.122,0.2847,0.0000,0.00,250.0,2.95,13.60,0.72,0.1383,0.1000
1778858569.156,0.2845,0.0000,0.00,250.0,2.93,13.63,0.72,0.1380,0.1000
1778858569.189,0.2841,0.0000,0.00,250.0,2.90,13.57,0.73,0.1380,0.1000
1778858569.223,0.2841,0.0000,0.00,250.0,2.90,13.59,0.72,0.1378,0.1000
1778858569.256,0.2842,0.0000,0.00,250.0,2.87,13.64,0.72,0.1380,0.1000
1778858569.288,0.2840,0.0000,0.00,250.0,2.85,13.61,0.73,0.1380,0.1000
1778858569.323,0.2839,0.0000,0.00,250.0,2.84,13.64,0.72,0.1382,0.1000
1778858569.358,0.2840,0.0000,0.00,250.0,2.84,13.68,0.72,0.1382,0.1000
1778858569.393,0.2844,0.0000,0.00,250.0,2.84,13.70,0.71,0.1385,0.1000
1778858569.424,0.2843,0.0000,0.00,250.0,2.78,13.71,0.70,0.1394,0.1000
1778858569.460,0.2843,0.0000,0.00,250.0,2.72,13.74,0.67,0.1405,0.1000
1778858569.490,0.2845,0.0000,0.00,250.0,2.67,13.77,0.64,0.1412,0.1000
1778858569.529,0.2854,0.0000,0.00,250.0,2.66,13.77,0.62,0.1418,0.1000
1778858569.627,0.2820,0.0000,0.00,250.0,2.83,13.09,0.50,0.1413,0.1000
1778858569.679,0.2813,0.0000,0.00,250.0,2.93,12.81,0.43,0.1411,0.1000
1778858569.723,0.2811,0.0000,0.00,250.0,3.15,12.61,0.39,0.1401,0.1000
1778858569.760,0.2812,0.0000,0.00,250.0,3.23,12.38,0.37,0.1399,0.1000
1778858569.824,0.2819,0.0000,0.00,250.0,3.42,12.24,0.37,0.1390,0.1000
1778858569.861,0.2823,0.0000,0.00,250.0,3.46,12.17,0.36,0.1389,0.1000
1778858569.929,0.2833,0.0000,0.00,250.0,3.51,12.07,0.36,0.1388,0.1000
1778858569.998,0.2836,0.0000,0.00,250.0,3.53,12.02,0.36,0.1390,0.1000
1778858570.059,0.2838,0.0000,0.00,250.0,3.52,11.98,0.37,0.1395,0.1000
1778858570.091,0.2840,0.0000,0.00,250.0,3.52,11.97,0.36,0.1396,0.1000
1778858570.126,0.2841,0.0000,0.00,250.0,3.51,11.95,0.37,0.1397,0.1000
1778858570.159,0.2844,0.0000,0.00,250.0,3.50,11.92,0.38,0.1402,0.1000
1778858570.192,0.2846,0.0000,0.00,250.0,3.50,11.90,0.38,0.1406,0.1000
1778858570.227,0.2847,0.0000,0.00,250.0,3.49,11.88,0.39,0.1406,0.1000
1778858570.258,0.2847,0.0000,0.00,250.0,3.50,11.80,0.39,0.1407,0.1000
1778858570.296,0.2848,0.0000,0.00,250.0,3.52,11.81,0.37,0.1409,0.1000
1778858570.360,0.2865,0.0000,0.00,250.0,3.54,11.83,0.31,0.1407,0.1000
1778858570.428,0.2866,0.0000,0.00,250.0,3.55,11.85,0.28,0.1407,0.1000
1778858570.494,0.2863,0.0000,0.00,250.0,3.56,12.00,0.26,0.1408,0.1000
1778858570.566,0.2866,0.0000,0.00,250.0,3.55,11.96,0.27,0.1404,0.1000
1778858570.631,0.2868,0.0000,0.00,250.0,3.53,11.94,0.29,0.1406,0.1000
1778858570.697,0.2871,0.0000,0.00,250.0,3.50,11.89,0.31,0.1407,0.1000
1778858570.763,0.2821,0.0000,0.00,250.0,3.38,12.16,0.38,0.1410,0.1000
1778858570.828,0.2789,0.0000,0.00,250.0,3.32,12.33,0.40,0.1415,0.1000
1778858570.897,0.2775,0.0000,0.00,250.0,3.26,12.36,0.41,0.1419,0.1000
1778858570.962,0.2769,0.0000,0.00,250.0,3.22,12.42,0.41,0.1420,0.1000
1778858571.031,0.2752,0.0000,0.00,250.0,3.20,12.48,0.41,0.1426,0.1000
1778858571.095,0.2784,0.0000,0.00,250.0,3.20,12.56,0.39,0.1430,0.1000
1778858571.164,0.2786,0.0000,0.00,250.0,3.20,12.57,0.39,0.1432,0.1000
1778858571.233,0.2791,0.0000,0.00,250.0,3.20,12.56,0.37,0.1433,0.1000
1778858571.298,0.2793,0.0000,0.00,250.0,3.24,12.58,0.37,0.1433,0.1000
1778858571.365,0.2795,0.0000,0.00,250.0,3.31,12.61,0.37,0.1426,0.1000
1778858571.430,0.2796,0.0000,0.00,250.0,3.35,12.75,0.37,0.1427,0.1000
1778858571.497,0.2797,0.0000,0.00,250.0,3.31,12.80,0.38,0.1428,0.1000
1778858571.567,0.2800,0.0000,0.00,250.0,3.25,12.89,0.37,0.1430,0.1000
1778858571.633,0.2794,0.0000,0.00,250.0,3.18,12.89,0.36,0.1432,0.1000
1778858571.698,0.2795,0.0000,0.00,250.0,3.13,12.88,0.37,0.1432,0.1000
1778858571.765,0.2792,0.0000,0.00,250.0,3.09,12.82,0.39,0.1431,0.1000
1778858571.830,0.2793,0.0000,0.00,250.0,3.05,12.78,0.40,0.1431,0.1000
1778858571.902,0.2793,0.0000,0.00,250.0,3.00,12.72,0.41,0.1430,0.1000
1778858571.964,0.2793,0.0000,0.00,250.0,2.98,12.68,0.43,0.1430,0.1000
1778858572.030,0.2793,0.0000,0.00,250.0,2.97,12.61,0.46,0.1428,0.1000
1778858572.094,0.2794,0.0000,0.00,250.0,2.95,12.59,0.48,0.1426,0.1000
1778858572.167,0.2795,0.0000,0.00,250.0,2.95,12.56,0.49,0.1426,0.1000
1778858572.232,0.2795,0.0000,0.00,250.0,2.94,12.54,0.49,0.1422,0.1000
1778858572.298,0.2794,0.0000,0.00,250.0,2.94,12.57,0.49,0.1425,0.1000
1778858572.367,0.2791,0.0000,0.00,250.0,2.92,12.62,0.50,0.1435,0.1000
1778858572.430,0.2788,0.0000,0.00,250.0,2.91,12.61,0.52,0.1437,0.1000
1778858572.500,0.2788,0.0000,0.00,250.0,2.89,12.61,0.53,0.1438,0.1000
1778858572.565,0.2785,0.0000,0.00,250.0,2.87,12.65,0.55,0.1440,0.1000
1778858572.635,0.2782,0.0000,0.00,250.0,2.87,12.62,0.56,0.1437,0.1000
1778858572.699,0.2781,0.0000,0.00,250.0,2.86,12.59,0.57,0.1435,0.1000
1778858572.767,0.2782,0.0000,0.00,250.0,2.87,12.57,0.58,0.1434,0.1000
1778858572.833,0.2782,0.0000,0.00,250.0,2.87,12.51,0.59,0.1432,0.1000
1778858572.902,0.2782,0.0000,0.00,250.0,2.85,12.53,0.60,0.1430,0.1000
1778858572.965,0.2781,0.0000,0.00,250.0,2.87,12.53,0.60,0.1431,0.1000
1778858573.033,0.2792,0.0000,0.00,250.0,2.90,12.72,0.60,0.1438,0.1000
1778858573.095,0.2793,0.0000,0.00,250.0,2.87,12.67,0.56,0.1448,0.1000
1778858573.167,0.2792,0.0000,0.00,250.0,2.91,12.72,0.52,0.1445,0.1000
1778858573.231,0.2807,0.0000,0.00,250.0,2.93,12.90,0.47,0.1454,0.1000
1778858573.297,0.2815,0.0000,0.00,250.0,2.92,12.94,0.46,0.1453,0.1000
1778858573.366,0.2824,0.0000,0.00,250.0,2.92,13.02,0.44,0.1468,0.1000
1778858573.434,0.2835,0.0000,0.00,250.0,2.96,13.06,0.47,0.1462,0.1000
1778858573.499,0.2844,0.0000,0.00,250.0,2.92,12.91,0.50,0.1456,0.1000
1778858573.567,0.2840,0.0000,0.00,250.0,2.96,13.05,0.59,0.1455,0.1000
1778858573.631,0.2884,0.0000,0.00,250.0,2.66,13.45,0.55,0.1486,0.1000
1778858573.699,0.2898,0.0000,0.00,250.0,2.57,13.91,0.53,0.1521,0.1000
1778858573.766,0.2932,0.0000,0.00,250.0,2.56,14.15,0.54,0.1513,0.1000
1778858573.834,0.2913,0.0000,0.00,250.0,2.48,13.93,0.57,0.1519,0.1000
1778858573.900,0.2878,0.0000,0.00,250.0,2.45,13.69,0.60,0.1510,0.1000
1778858573.968,0.2871,0.0000,0.00,250.0,2.41,13.60,0.60,0.1498,0.1000
1778858574.034,0.2847,0.0000,0.00,250.0,2.40,13.50,0.62,0.1489,0.1000
1778858574.096,0.2842,0.0000,0.00,250.0,2.39,13.43,0.64,0.1484,0.1000
1778858574.164,0.2836,0.0000,0.00,250.0,2.34,13.18,0.67,0.1481,0.1000
1778858574.234,0.2823,0.0000,0.00,250.0,2.33,13.07,0.64,0.1470,0.1000
1778858574.297,0.2822,0.0000,0.00,250.0,2.35,13.12,0.61,0.1467,0.1000
1778858574.366,0.2821,0.0000,0.00,250.0,2.36,13.09,0.61,0.1463,0.1000
1778858574.432,0.2826,0.0000,0.00,250.0,2.33,13.06,0.62,0.1457,0.1000
1778858574.499,0.2830,0.0000,0.00,250.0,2.19,13.76,0.64,0.1456,0.1000
1778858574.566,0.2834,0.0000,0.00,250.0,2.12,13.96,0.65,0.1456,0.1000
1778858574.633,0.2827,0.0000,0.00,250.0,2.02,14.22,0.67,0.1458,0.1000
1778858574.701,0.2751,0.0000,0.00,250.0,1.82,14.47,0.65,0.1458,0.1000
1778858574.767,0.2719,0.0000,0.00,250.0,1.71,14.59,0.69,0.1456,0.1000
1778858574.832,0.2708,0.0000,0.00,250.0,1.64,14.72,0.71,0.1455,0.1000
1778858574.897,0.2720,0.0000,0.00,250.0,1.66,14.89,0.72,0.1448,0.1000
1778858574.966,0.2704,0.0000,0.00,250.0,1.56,15.05,0.67,0.1454,0.1000
1778858575.034,0.2689,0.0000,0.00,250.0,1.50,15.19,0.64,0.1477,0.1000
1778858575.096,0.2659,0.0000,0.00,250.0,1.44,15.30,0.63,0.1480,0.1000
1778858575.161,0.2646,0.0000,0.00,250.0,1.40,15.32,0.66,0.1473,0.1000
1778858575.195,0.2643,0.0000,0.00,250.0,1.38,15.26,0.68,0.1473,0.1000
1778858575.229,0.2646,0.0000,0.00,250.0,1.39,15.25,0.70,0.1470,0.1000
1778858575.300,0.2666,0.0000,0.00,250.0,1.40,15.12,0.61,0.1468,0.1000
1778858575.359,0.2673,0.0000,0.00,250.0,1.40,15.26,0.56,0.1471,0.1000
1778858575.392,0.2671,0.0000,0.00,250.0,1.39,15.35,0.53,0.1477,0.1000
1778858575.431,0.2669,0.0000,0.00,250.0,1.37,15.42,0.51,0.1480,0.1000
1778858575.500,0.2663,0.0000,0.00,250.0,1.30,15.35,0.50,0.1476,0.1000
1778858575.567,0.2660,0.0000,0.00,250.0,1.27,15.32,0.51,0.1475,0.1000
1778858575.631,0.2658,0.0000,0.00,250.0,1.41,15.46,0.52,0.1450,0.1000
1778858575.701,0.2653,0.0000,0.00,250.0,1.46,15.43,0.52,0.1451,0.1000
1778858575.765,0.2650,0.0000,0.00,250.0,1.42,15.42,0.51,0.1456,0.1000
1778858575.832,0.2644,0.0000,0.00,250.0,1.38,15.43,0.51,0.1457,0.1000
1778858575.896,0.2639,0.0000,0.00,250.0,1.36,15.44,0.51,0.1458,0.1000
1778858575.928,0.2637,0.0000,0.00,250.0,1.35,15.48,0.51,0.1459,0.1000
1778858575.964,0.2633,0.0000,0.00,250.0,1.34,15.52,0.51,0.1463,0.1000
1778858576.035,0.2632,0.0000,0.00,250.0,1.32,15.54,0.51,0.1467,0.1000
1778858576.098,0.2630,0.0000,0.00,250.0,1.29,15.58,0.50,0.1469,0.1000
1778858576.166,0.2568,0.0000,0.00,250.0,1.26,15.66,0.49,0.1471,0.1000
1778858576.233,0.2451,0.0000,0.00,250.0,1.22,15.80,0.50,0.1473,0.1000
1778858576.301,0.2349,0.0000,0.00,250.0,1.17,15.87,0.52,0.1475,0.1000
1778858576.367,0.2290,0.0000,0.00,250.0,1.12,15.92,0.55,0.1476,0.1000
1778858576.436,0.2245,0.0000,0.00,250.0,1.10,15.94,0.57,0.1473,0.1000
1778858576.498,0.2220,0.0000,0.00,250.0,1.05,15.92,0.60,0.1474,0.1000
1778858576.568,0.2188,0.0000,0.00,250.0,1.04,15.85,0.63,0.1474,0.1000
1778858576.634,0.2162,0.0039,0.00,250.0,1.03,15.80,0.65,0.1474,0.1000
1778858576.700,0.2138,0.0078,0.00,250.0,1.00,15.86,0.66,0.1474,0.1000
1778858576.766,0.2111,0.0116,0.00,250.0,0.99,15.85,0.68,0.1473,0.1000
1778858576.834,0.2095,0.0154,0.00,250.0,0.98,15.73,0.70,0.1468,0.1000
1778858576.900,0.2085,0.0192,0.00,250.0,0.96,15.71,0.70,0.1465,0.1000
1778858576.966,0.2091,0.0230,0.00,250.0,0.96,15.69,0.72,0.1468,0.1000
1778858577.034,0.2129,0.0267,0.00,250.0,0.94,15.71,0.71,0.1466,0.1000
1778858577.099,0.2180,0.0304,0.00,250.0,0.96,15.71,0.70,0.1469,0.1000
1778858577.167,0.2204,0.0303,0.00,250.0,0.91,15.71,0.67,0.1473,0.1000
1778858577.234,0.2216,0.0302,0.00,250.0,0.88,15.71,0.66,0.1475,0.1000
1778858577.303,0.2221,0.0301,0.00,250.0,0.87,15.70,0.66,0.1476,0.1000
1778858577.366,0.2228,0.0300,0.00,250.0,0.88,15.68,0.67,0.1475,0.1000
1778858577.434,0.2232,0.0299,0.00,250.0,0.89,15.66,0.67,0.1474,0.1000
1778858577.502,0.2235,0.0297,0.00,250.0,0.89,15.54,0.67,0.1469,0.1000
1778858577.568,0.2239,0.0296,0.00,250.0,0.90,15.51,0.65,0.1467,0.1000
1778858577.634,0.2252,0.0295,0.00,250.0,0.89,15.63,0.64,0.1477,0.1000
1778858577.701,0.2262,0.0294,0.00,250.0,0.84,15.64,0.62,0.1482,0.1000
1778858577.767,0.2268,0.0293,0.00,250.0,0.82,15.64,0.62,0.1491,0.1000
1778858577.835,0.2267,0.0292,0.00,250.0,0.79,15.60,0.60,0.1492,0.1000
1778858577.902,0.2277,0.0291,0.00,250.0,0.73,15.70,0.57,0.1505,0.1000
1778858577.966,0.2264,0.0290,0.00,250.0,0.78,15.61,0.59,0.1500,0.1000
1778858578.035,0.2260,0.0289,0.00,250.0,0.81,15.45,0.61,0.1498,0.1000
1778858578.097,0.2243,0.0288,0.00,250.0,1.02,15.30,0.67,0.1493,0.1000
1778858578.129,0.2245,0.0287,0.00,250.0,1.13,15.21,0.70,0.1491,0.1000
1778858578.163,0.2248,0.0286,0.00,250.0,1.23,15.12,0.72,0.1489,0.1000
1778858578.197,0.2250,0.0285,0.00,250.0,1.28,15.07,0.73,0.1485,0.1000
1778858578.229,0.2255,0.0284,0.00,250.0,1.32,15.11,0.72,0.1489,0.1000
1778858578.263,0.2250,0.0283,0.00,250.0,1.40,15.18,0.74,0.1485,0.1000
1778858578.296,0.2241,0.0282,0.00,250.0,1.48,15.20,0.76,0.1483,0.1000
1778858578.333,0.2227,0.0281,0.00,250.0,1.53,15.24,0.76,0.1480,0.1000
1778858578.399,0.2224,0.0280,0.00,250.0,1.57,15.24,0.77,0.1483,0.1000
1778858578.466,0.2220,0.0279,0.00,250.0,1.60,15.19,0.77,0.1483,0.1000
1778858578.533,0.2219,0.0278,0.00,250.0,1.64,15.06,0.77,0.1482,0.1000
1778858578.600,0.2207,0.0277,0.00,250.0,1.72,14.99,0.75,0.1479,0.1000
1778858578.668,0.2201,0.0276,0.00,250.0,1.76,14.96,0.74,0.1474,0.1000
1778858578.734,0.2199,0.0275,0.00,250.0,1.81,14.93,0.75,0.1468,0.1000
1778858578.802,0.2203,0.0274,0.00,250.0,1.76,14.84,0.77,0.1468,0.1000
1778858578.868,0.2218,0.0273,0.00,250.0,1.76,14.84,0.77,0.1469,0.1000
1778858578.935,0.2235,0.0272,0.00,250.0,1.82,14.80,0.79,0.1469,0.1000
1778858579.003,0.2243,0.0271,0.00,250.0,1.89,14.83,0.80,0.1462,0.1000
1778858579.068,0.2123,0.0304,0.00,250.0,1.56,15.07,0.73,0.1460,0.1000
1778858579.132,0.2095,0.0337,0.00,250.0,1.42,15.02,0.78,0.1462,0.1000
1778858579.201,0.2090,0.0369,0.00,250.0,1.36,15.00,0.78,0.1460,0.1000
1778858579.268,0.2097,0.0401,0.00,250.0,1.33,15.05,0.78,0.1458,0.1000
1778858579.334,0.2110,0.0433,0.00,250.0,1.29,15.10,0.77,0.1457,0.1000
1778858579.404,0.2125,0.0465,0.00,250.0,1.28,15.19,0.75,0.1457,0.1000
1778858579.468,0.2135,0.0497,0.00,250.0,1.28,15.19,0.76,0.1457,0.1000
1778858579.536,0.2145,0.0528,0.00,250.0,1.28,15.28,0.75,0.1456,0.1000
1778858579.601,0.2154,0.0559,0.00,250.0,1.28,15.32,0.76,0.1454,0.1000
1778858579.671,0.2171,0.0590,0.00,250.0,1.27,15.31,0.76,0.1460,0.1000
1778858579.734,0.2184,0.0621,0.00,250.0,1.25,15.34,0.75,0.1465,0.1000
1778858579.801,0.2192,0.0619,0.00,250.0,1.24,15.36,0.75,0.1466,0.1000
1778858579.869,0.2203,0.0617,0.00,250.0,1.22,15.34,0.75,0.1465,0.1000
1778858579.937,0.2209,0.0615,0.00,250.0,1.21,15.31,0.75,0.1464,0.1000
1778858580.003,0.2212,0.0613,0.00,250.0,1.20,15.29,0.74,0.1464,0.1000
1778858580.066,0.2216,0.0611,0.00,250.0,1.20,15.32,0.74,0.1464,0.1000
1778858580.133,0.2224,0.0609,0.00,250.0,1.21,15.29,0.74,0.1464,0.1000
1778858580.196,0.2246,0.0607,0.00,250.0,1.22,15.24,0.74,0.1464,0.1000
1778858580.231,0.2257,0.0605,0.00,250.0,1.23,15.24,0.74,0.1463,0.1000
1778858580.295,0.2284,0.0603,0.00,250.0,1.25,15.24,0.74,0.1463,0.1000
1778858580.332,0.2297,0.0601,0.00,250.0,1.26,15.25,0.74,0.1464,0.1000
1778858580.404,0.2308,0.0599,0.00,250.0,1.24,15.26,0.74,0.1464,0.1000
1778858580.467,0.2309,0.0597,0.00,250.0,1.23,15.25,0.74,0.1466,0.1000
1778858580.536,0.2306,0.0596,0.00,250.0,1.22,15.23,0.74,0.1467,0.1000
1778858580.602,0.2242,0.0594,0.00,250.0,1.17,15.43,0.75,0.1468,0.1000
1778858580.671,0.2162,0.0623,0.00,250.0,1.15,15.32,0.77,0.1466,0.1000
1778858580.734,0.2111,0.0652,0.00,250.0,1.13,15.30,0.80,0.1463,0.1000
1778858580.803,0.2065,0.0681,0.00,250.0,1.14,15.22,0.82,0.1457,0.1000
1778858580.868,0.2026,0.0710,0.00,250.0,1.09,15.17,0.82,0.1460,0.1000
1778858580.938,0.1997,0.0738,0.00,250.0,1.08,15.06,0.83,0.1473,0.1000
1778858581.003,0.1973,0.0767,0.00,250.0,1.15,14.87,0.86,0.1479,0.1000
1778858581.067,0.1928,0.0795,0.00,250.0,1.17,14.88,0.86,0.1476,0.1000
1778858581.133,0.1920,0.0823,0.00,250.0,1.27,14.78,0.93,0.1466,0.1000
1778858581.204,0.1926,0.0851,0.00,250.0,1.22,14.69,0.94,0.1464,0.1000
1778858581.270,0.1907,0.0879,0.00,250.0,1.25,14.53,0.96,0.1457,0.1000
1778858581.336,0.1894,0.0906,0.00,250.0,1.31,14.61,0.97,0.1462,0.1000
1778858581.401,0.1895,0.0934,0.00,250.0,1.33,14.67,0.98,0.1467,0.1000
1778858581.472,0.1910,0.0961,0.00,250.0,1.39,14.66,0.99,0.1468,0.1000
1778858581.536,0.1924,0.0988,0.00,250.0,1.41,14.68,1.00,0.1465,0.1000
1778858581.602,0.1933,0.1015,0.00,250.0,1.40,14.69,1.00,0.1464,0.1000
1778858581.669,0.1953,0.1042,0.00,250.0,1.41,14.67,1.00,0.1461,0.1000
1778858581.735,0.1982,0.1068,0.00,250.0,1.42,14.65,1.00,0.1458,0.1000
1778858581.802,0.2005,0.1095,0.00,250.0,1.43,14.67,0.98,0.1452,0.1000
1778858581.870,0.2029,0.1121,0.00,250.0,1.43,14.72,0.95,0.1451,0.1000
1778858581.935,0.2041,0.1147,0.00,250.0,1.41,14.72,0.95,0.1451,0.1000
1778858582.005,0.2077,0.1173,0.00,250.0,1.40,14.77,0.93,0.1450,0.1000
1778858582.068,0.2119,0.1199,0.00,250.0,1.38,14.85,0.89,0.1449,0.1000
1778858582.134,0.1100,0.1224,0.00,250.0,1.11,13.18,1.03,0.1469,0.1000
1778858582.201,0.1254,0.1250,0.00,250.0,1.17,13.28,0.97,0.1489,0.1000
1778858582.270,0.1635,0.1275,0.00,250.0,1.18,13.87,0.91,0.1480,0.1000
1778858582.337,0.1904,0.1301,0.00,250.0,1.27,14.15,0.88,0.1457,0.1000
1778858582.402,0.2074,0.1326,0.00,250.0,1.31,14.34,0.85,0.1445,0.1000
1778858582.469,0.2144,0.1351,0.00,250.0,1.35,14.51,0.83,0.1437,0.1000
1778858582.538,0.2180,0.1375,0.00,250.0,1.39,14.64,0.81,0.1429,0.1000
1778858582.604,0.2197,0.1371,0.00,250.0,1.41,14.68,0.81,0.1420,0.1000
1778858582.667,0.2213,0.1368,0.00,250.0,1.45,14.76,0.81,0.1421,0.1000
1778858582.735,0.2218,0.1364,0.00,250.0,1.46,14.78,0.81,0.1418,0.1000
1778858582.802,0.2225,0.1360,0.00,250.0,1.46,14.79,0.80,0.1421,0.1000
1778858582.871,0.2222,0.1356,0.00,250.0,1.41,14.83,0.80,0.1429,0.1000
1778858582.934,0.2223,0.1352,0.00,250.0,1.39,14.82,0.83,0.1435,0.1000
1778858583.004,0.2211,0.1348,0.00,250.0,1.41,14.83,0.84,0.1443,0.1000
1778858583.069,0.2199,0.1345,0.00,250.0,1.40,14.84,0.85,0.1450,0.1000
1778858583.134,0.2193,0.1341,0.00,250.0,1.41,14.85,0.86,0.1450,0.1000
1778858583.201,0.2185,0.1337,0.00,250.0,1.44,14.80,0.87,0.1450,0.1000
1778858583.270,0.2176,0.1361,0.00,250.0,1.45,14.78,0.88,0.1448,0.1000
1778858583.336,0.2171,0.1385,0.00,250.0,1.48,14.76,0.89,0.1449,0.1000
1778858583.403,0.2163,0.1409,0.00,250.0,1.47,14.75,0.90,0.1450,0.1000
1778858583.469,0.2159,0.1433,0.00,250.0,1.46,14.73,0.91,0.1451,0.1000
1778858583.535,0.2157,0.1456,0.00,250.0,1.46,14.72,0.93,0.1451,0.1000
1778858583.603,0.2157,0.1479,0.00,250.0,1.47,14.74,0.92,0.1451,0.1000
1778858583.670,0.1960,0.1503,0.00,250.0,1.41,14.35,0.99,0.1451,0.1004
1778858583.736,0.1147,0.1526,0.00,250.0,1.53,12.89,1.12,0.1475,0.1035
1778858583.804,0.1212,0.1549,0.00,250.0,1.57,13.18,1.11,0.1478,0.1065
1778858583.871,0.1705,0.1572,0.00,250.0,1.57,13.66,1.02,0.1477,0.1096
1778858583.937,0.1927,0.1595,0.00,250.0,1.57,13.97,0.98,0.1474,0.1126
1778858584.004,0.2031,0.1617,0.00,250.0,1.55,14.12,0.96,0.1471,0.1156
1778858584.069,0.2081,0.1640,0.00,250.0,1.54,14.24,0.95,0.1471,0.1186
1778858584.135,0.2108,0.1662,0.00,250.0,1.53,14.33,0.94,0.1468,0.1216
1778858584.202,0.2130,0.1684,0.00,250.0,1.53,14.35,0.94,0.1468,0.1246
1778858584.269,0.2138,0.1707,0.00,250.0,1.52,14.40,0.93,0.1467,0.1276
1778858584.337,0.2134,0.1729,0.00,250.0,1.49,14.51,0.94,0.1468,0.1305
1778858584.402,0.2127,0.1751,0.00,250.0,1.46,14.54,0.94,0.1468,0.1334
1778858584.469,0.2108,0.1772,0.00,250.0,1.43,14.61,0.95,0.1469,0.1363
1778858584.535,0.2097,0.1794,0.00,250.0,1.41,14.65,0.97,0.1469,0.1392
1778858584.603,0.2087,0.1816,0.00,250.0,1.38,14.71,0.97,0.1469,0.1421
1778858584.671,0.2068,0.1837,0.00,250.0,1.37,14.72,0.97,0.1469,0.1450
1778858584.736,0.2050,0.1859,0.00,250.0,1.36,14.71,0.97,0.1469,0.1478
1778858584.803,0.2032,0.1880,0.00,250.0,1.35,14.73,0.98,0.1468,0.1507
1778858584.872,0.2012,0.1901,0.00,250.0,1.34,14.68,0.99,0.1465,0.1535
1778858584.938,0.1970,0.1922,0.00,250.0,1.33,14.61,0.99,0.1464,0.1563
1778858585.002,0.1936,0.1943,0.00,250.0,1.33,14.55,1.00,0.1463,0.1591
1778858585.069,0.1930,0.1964,0.00,250.0,1.34,14.54,1.01,0.1464,0.1618
1778858585.136,0.1925,0.1985,0.00,250.0,1.35,14.49,1.01,0.1464,0.1646
1778858585.204,0.1920,0.2005,0.00,250.0,1.34,14.45,1.02,0.1464,0.1674
1778858585.270,0.1913,0.2026,0.00,250.0,1.34,14.39,1.02,0.1463,0.1701
1778858585.337,0.1920,0.2046,0.00,250.0,1.35,14.37,1.04,0.1467,0.1728
1778858585.404,0.1922,0.2066,0.00,250.0,1.34,14.33,1.04,0.1459,0.1755
1778858585.471,0.1932,0.2087,0.00,250.0,1.33,14.30,1.04,0.1454,0.1782
1778858585.537,0.1944,0.2107,0.00,250.0,1.30,14.36,1.03,0.1459,0.1809
1778858585.605,0.1946,0.2127,0.00,250.0,1.29,14.42,1.03,0.1458,0.1835
1778858585.672,0.1956,0.2146,0.00,250.0,1.26,14.51,1.03,0.1458,0.1862
1778858585.737,0.1969,0.2166,0.00,250.0,1.24,14.60,1.01,0.1461,0.1888
1778858585.805,0.1970,0.2186,0.00,250.0,1.23,14.62,1.00,0.1469,0.1915
1778858585.870,0.1975,0.2206,0.00,250.0,1.23,14.61,0.99,0.1459,0.1941
1778858585.937,0.1978,0.2225,0.00,250.0,1.24,14.67,0.98,0.1459,0.1967
1778858586.005,0.1978,0.2244,0.00,250.0,1.14,14.61,0.99,0.1469,0.1993
1778858586.071,0.1998,0.2264,0.00,250.0,1.10,14.76,0.97,0.1470,0.2018
1778858586.137,0.2004,0.2283,0.00,250.0,1.10,14.77,0.97,0.1472,0.2044
1778858586.204,0.2001,0.2302,0.00,250.0,1.12,14.76,0.97,0.1462,0.2069
1778858586.270,0.2001,0.2321,0.00,250.0,1.18,14.79,0.96,0.1455,0.2095
1778858586.337,0.1999,0.2340,0.00,250.0,1.32,14.31,0.93,0.1457,0.2120
1778858586.405,0.1992,0.2359,0.00,250.0,1.40,13.94,0.85,0.1464,0.2145
1778858586.473,0.2000,0.2377,0.00,250.0,1.44,13.68,0.80,0.1479,0.2170
1778858586.539,0.2012,0.2396,0.00,250.0,1.48,13.46,0.77,0.1491,0.2195
1778858586.603,0.2009,0.2415,0.00,250.0,1.52,13.23,0.78,0.1501,0.2220
1778858586.672,0.2011,0.2433,0.00,250.0,1.48,13.23,0.75,0.1504,0.2244
1778858586.738,0.1976,0.2451,0.00,250.0,1.47,13.23,0.75,0.1510,0.2269
1778858586.804,0.1961,0.2470,0.00,250.0,1.49,13.21,0.77,0.1504,0.2293
1778858586.872,0.1974,0.2488,0.00,250.0,1.55,13.28,0.79,0.1486,0.2317
1778858586.937,0.1968,0.2506,0.00,250.0,1.53,13.40,0.83,0.1480,0.2341
1778858587.004,0.1980,0.2524,0.00,250.0,1.47,13.78,0.86,0.1476,0.2365
1778858587.071,0.1990,0.2542,0.00,250.0,1.42,14.12,0.87,0.1475,0.2389
1778858587.136,0.1998,0.2560,0.00,250.0,1.42,14.28,0.86,0.1474,0.2413
1778858587.204,0.2001,0.2578,0.00,250.0,1.40,14.31,0.88,0.1473,0.2437
1778858587.272,0.2009,0.2595,0.00,250.0,1.38,14.40,0.90,0.1473,0.2460
1778858587.338,0.2015,0.2613,0.00,250.0,1.37,14.42,0.91,0.1471,0.2484
1778858587.405,0.1989,0.2630,0.00,250.0,1.46,13.79,0.87,0.1475,0.2507
1778858587.472,0.1994,0.2648,0.00,250.0,1.49,13.83,0.80,0.1480,0.2530
1778858587.540,0.2037,0.2665,0.00,250.0,1.52,13.64,0.77,0.1478,0.2553
1778858587.605,0.2074,0.2682,0.00,250.0,1.55,13.55,0.75,0.1477,0.2576
1778858587.670,0.2115,0.2700,0.00,250.0,1.60,13.35,0.74,0.1474,0.2599
1778858587.738,0.2143,0.2717,0.00,250.0,1.64,13.30,0.73,0.1469,0.2622
1778858587.805,0.2172,0.2734,0.00,250.0,1.68,13.21,0.71,0.1467,0.2645
1778858587.872,0.2195,0.2727,0.00,250.0,1.67,13.13,0.70,0.1462,0.2636
1778858587.938,0.2221,0.2721,0.00,250.0,1.68,13.04,0.70,0.1457,0.2628
1778858588.005,0.2245,0.2715,0.00,250.0,1.69,12.94,0.70,0.1451,0.2619
1778858588.072,0.2272,0.2708,0.00,250.0,1.72,12.95,0.67,0.1447,0.2611
1778858588.136,0.2288,0.2702,0.00,250.0,1.73,12.96,0.66,0.1447,0.2603
1778858588.205,0.2208,0.2696,0.00,250.0,1.79,13.13,0.71,0.1442,0.2594
1778858588.272,0.2150,0.2713,0.00,250.0,1.57,14.02,0.74,0.1437,0.2617
1778858588.338,0.2125,0.2729,0.00,250.0,1.55,14.17,0.78,0.1425,0.2639
1778858588.405,0.2123,0.2746,0.00,250.0,1.58,14.35,0.81,0.1414,0.2661
1778858588.472,0.2128,0.2763,0.00,250.0,1.59,14.49,0.84,0.1408,0.2683
1778858588.538,0.2134,0.2779,0.00,250.0,1.62,14.51,0.88,0.1413,0.2705
1778858588.604,0.2153,0.2795,0.00,250.0,1.64,14.60,0.87,0.1414,0.2727
1778858588.671,0.2164,0.2812,0.00,250.0,1.63,14.73,0.84,0.1417,0.2749
1778858588.738,0.2177,0.2828,0.00,250.0,1.64,14.71,0.84,0.1419,0.2771
1778858588.805,0.2184,0.2844,0.00,250.0,1.65,14.80,0.84,0.1419,0.2792
1778858588.871,0.2190,0.2838,0.00,250.0,1.65,14.71,0.86,0.1425,0.2784
1778858588.938,0.2202,0.2831,0.00,250.0,1.61,14.57,0.88,0.1425,0.2775
1778858589.007,0.2205,0.2825,0.00,250.0,1.67,14.45,0.90,0.1408,0.2767
1778858589.071,0.2194,0.2819,0.00,250.0,1.65,14.31,0.94,0.1414,0.2758
1778858589.136,0.2188,0.2812,0.00,250.0,1.70,14.20,0.95,0.1405,0.2750
1778858589.205,0.2190,0.2806,0.00,250.0,1.75,14.07,0.94,0.1402,0.2742
1778858589.271,0.2173,0.2822,0.00,250.0,1.74,14.04,0.94,0.1396,0.2763
1778858589.341,0.2160,0.2838,0.00,250.0,1.76,14.01,0.95,0.1392,0.2784
1778858589.405,0.2154,0.2854,0.00,250.0,1.78,13.99,0.95,0.1394,0.2805
1778858589.473,0.2144,0.2870,0.00,250.0,1.81,14.00,0.96,0.1395,0.2826
1778858589.538,0.2139,0.2885,0.00,250.0,1.81,13.99,0.97,0.1397,0.2847
1778858589.604,0.2128,0.2901,0.00,250.0,1.81,13.94,0.98,0.1396,0.2868
1778858589.672,0.2118,0.2917,0.00,250.0,1.88,13.89,0.99,0.1390,0.2889
1778858589.738,0.2109,0.2932,0.00,250.0,1.91,13.82,1.01,0.1398,0.2910
1778858589.806,0.2099,0.2948,0.00,250.0,1.93,13.75,1.03,0.1395,0.2930
1778858589.873,0.2092,0.2963,0.00,250.0,1.92,13.72,1.04,0.1396,0.2951
1778858589.941,0.2086,0.2978,0.00,250.0,1.90,13.74,1.04,0.1392,0.2971
1778858590.008,0.2084,0.2993,0.00,250.0,1.91,13.72,1.04,0.1386,0.2991
1778858590.072,0.2078,0.3009,0.00,250.0,1.92,13.66,1.05,0.1387,0.3012
1778858590.136,0.2079,0.3024,0.00,250.0,1.93,13.53,1.05,0.1379,0.3032
1778858590.206,0.2068,0.3039,0.00,250.0,2.10,13.25,1.08,0.1373,0.3052
1778858590.272,0.2054,0.3054,0.00,250.0,2.60,12.78,1.09,0.1368,0.3072
1778858590.339,0.1809,0.3069,0.00,250.0,2.11,12.37,0.86,0.1541,0.3092
1778858590.405,0.1558,0.3084,0.00,250.0,1.41,11.96,0.84,0.1529,0.3111
1778858590.472,0.1642,0.3098,0.00,250.0,0.76,10.24,0.95,0.1480,0.3131
1778858590.542,0.1677,0.3113,0.00,250.0,0.78,9.92,1.15,0.1496,0.3151
1778858590.606,0.1783,0.3128,0.00,250.0,1.14,9.69,1.37,0.1548,0.3170
1778858590.674,0.1780,0.3142,0.00,250.0,1.85,9.28,1.27,0.1529,0.3190
1778858590.739,0.1791,0.3157,0.00,250.0,2.43,10.39,0.97,0.1581,0.3209
1778858590.808,0.1642,0.3171,0.00,250.0,4.53,9.45,0.79,0.1517,0.3228
1778858590.872,0.1556,0.3186,0.00,250.0,6.08,9.06,0.31,0.1650,0.3248
1778858590.940,0.1597,0.3200,0.00,250.0,6.94,8.98,0.27,0.1766,0.3267
1778858591.005,0.1592,0.3214,0.00,250.0,7.70,9.59,0.13,0.1734,0.3286
1778858591.072,0.1606,0.3229,0.00,250.0,8.39,8.89,0.00,0.1770,0.3305
1778858591.137,0.1713,0.3243,0.00,250.0,9.51,8.89,-0.12,0.1740,0.3324
1778858591.206,0.1805,0.3257,0.00,250.0,10.18,8.24,-0.03,0.1689,0.3342
1778858591.271,0.1838,0.3271,0.00,250.0,10.42,8.39,0.16,0.1682,0.3361
1778858591.338,0.1839,0.3285,0.00,250.0,10.11,7.90,0.26,0.1748,0.3380
1778858591.405,0.1848,0.3299,0.00,250.0,10.02,7.22,0.34,0.1759,0.3398
1778858591.472,0.1859,0.3313,0.00,250.0,9.75,7.80,0.34,0.1793,0.3417
1778858591.540,0.1855,0.3326,0.00,250.0,9.53,7.80,0.34,0.1807,0.3435
1778858591.608,0.1852,0.3340,0.00,250.0,9.72,7.41,0.34,0.1783,0.3454
1778858591.675,0.1847,0.3354,0.00,250.0,9.89,7.25,0.30,0.1763,0.3472
1778858591.738,0.1889,0.3368,0.00,250.0,10.14,6.84,0.26,0.1770,0.3490
1778858591.807,0.1919,0.3381,0.00,250.0,10.45,7.15,0.01,0.1758,0.3508
1778858591.875,0.1934,0.3395,0.00,250.0,10.97,7.63,-0.07,0.1777,0.3526
1778858591.939,0.1956,0.3408,0.00,250.0,11.08,7.80,-0.31,0.1625,0.3544
1778858592.006,0.1937,0.3422,0.00,250.0,10.94,7.73,-0.36,0.1650,0.3562
1778858592.072,0.1970,0.3435,0.00,250.0,11.39,8.27,-0.37,0.1733,0.3580
1778858592.137,0.2025,0.3448,0.00,250.0,10.29,7.85,-0.32,0.1731,0.3598
1778858592.169,0.2071,0.3462,0.00,250.0,10.53,8.19,-0.11,0.1720,0.3615
1778858592.202,0.2098,0.3475,0.00,250.0,10.56,7.87,-0.02,0.1725,0.3633
1778858592.238,0.2056,0.3488,0.00,250.0,10.81,7.76,0.13,0.1741,0.3651
1778858592.304,0.2020,0.3501,0.00,250.0,10.79,8.20,-0.19,0.1745,0.3668
1778858592.337,0.2016,0.3514,0.00,250.0,10.69,8.52,-0.39,0.1758,0.3685
1778858592.371,0.2002,0.3527,0.00,250.0,9.85,9.15,-0.58,0.1760,0.3703
1778858592.439,0.2091,0.3540,0.00,250.0,7.89,11.01,-1.07,0.1726,0.3720
1778858592.506,0.2121,0.3553,0.00,250.0,7.10,11.16,-1.48,0.1742,0.3737
1778858592.571,0.2078,0.3566,0.00,250.0,5.99,10.39,-1.90,0.1598,0.3754
1778858592.640,0.2180,0.3579,0.00,250.0,7.11,10.21,-1.68,0.1614,0.3771
1778858592.706,0.2132,0.3591,0.00,250.0,8.49,9.43,-1.61,0.1633,0.3788
1778858592.773,0.2090,0.3604,0.00,250.0,8.90,8.61,-1.53,0.1666,0.3805
1778858592.842,0.2143,0.3617,0.00,250.0,9.78,7.97,-1.71,0.1615,0.3822
1778858592.908,0.2114,0.3629,0.00,250.0,9.76,7.78,-1.75,0.1597,0.3839
1778858592.972,0.2104,0.3642,0.00,250.0,9.71,7.99,-1.70,0.1593,0.3856
1778858593.040,0.2147,0.3654,0.00,250.0,9.22,8.34,-1.62,0.1748,0.3872
1778858593.108,0.2251,0.3647,0.00,250.0,8.53,8.96,-1.36,0.1732,0.3863
1778858593.173,0.2334,0.3640,0.00,250.0,7.02,8.99,-1.35,0.1689,0.3853
1778858593.239,0.2412,0.3633,0.00,250.0,6.11,8.82,-1.42,0.1600,0.3844
1778858593.307,0.2420,0.3626,0.00,250.0,6.45,9.49,-1.46,0.1631,0.3834
1778858593.375,0.2388,0.3619,0.00,250.0,6.88,8.20,-1.47,0.1645,0.3825
1778858593.441,0.2416,0.3612,0.00,250.0,7.57,8.61,-1.59,0.1573,0.3816
1778858593.507,0.2411,0.3605,0.00,250.0,7.50,9.18,-1.62,0.1619,0.3806
1778858593.575,0.2406,0.3598,0.00,250.0,6.09,8.83,-1.80,0.1644,0.3797
1778858593.641,0.2427,0.3591,0.00,250.0,5.25,8.90,-1.87,0.1674,0.3788
1778858593.706,0.2410,0.3584,0.00,250.0,5.36,8.55,-1.74,0.1742,0.3778
1778858593.772,0.2413,0.3577,0.00,250.0,7.31,8.81,-1.44,0.1757,0.3769
1778858593.843,0.2480,0.3570,0.00,250.0,8.46,8.82,-1.30,0.1778,0.3760
1778858593.908,0.2446,0.3563,0.00,250.0,8.34,7.85,-1.17,0.1718,0.3751
1778858593.973,0.2464,0.3556,0.00,250.0,8.17,7.97,-1.16,0.1766,0.3742
1778858594.041,0.2455,0.3550,0.00,250.0,7.82,7.29,-1.12,0.1774,0.3733
1778858594.108,0.2493,0.3543,0.00,250.0,7.65,7.13,-1.08,0.1720,0.3724
1778858594.173,0.2512,0.3536,0.00,250.0,8.57,7.15,-1.06,0.1621,0.3715
1778858594.241,0.2547,0.3529,0.00,250.0,8.57,6.79,-1.06,0.1643,0.3706
1778858594.309,0.2553,0.3523,0.00,250.0,8.54,6.90,-0.99,0.1660,0.3697
1778858594.377,0.2608,0.3516,0.00,250.0,8.13,7.24,-0.92,0.1694,0.3688
1778858594.441,0.2635,0.3509,0.00,250.0,7.98,7.55,-0.90,0.1678,0.3679
1778858594.508,0.2635,0.3503,0.00,250.0,7.69,7.65,-0.92,0.1649,0.3670
1778858594.574,0.2641,0.3496,0.00,250.0,7.40,7.47,-0.95,0.1707,0.3662
1778858594.641,0.2635,0.3490,0.00,250.0,7.09,7.53,-1.11,0.1736,0.3653
1778858594.758,0.2637,0.3490,0.00,250.0,6.72,8.12,-1.25,0.1750,0.3653
1778858594.807,0.2639,0.3490,0.00,250.0,6.49,7.54,-1.29,0.1735,0.3653
1778858594.872,0.2641,0.3496,0.00,250.0,6.42,7.72,-1.30,0.1718,0.3662
1778858594.942,0.2640,0.3503,0.00,250.0,6.12,7.33,-1.31,0.1634,0.3670
1778858595.006,0.2615,0.3509,0.00,250.0,5.92,7.37,-1.10,0.1655,0.3679
1778858595.077,0.2611,0.3516,0.00,250.0,5.69,7.36,-1.08,0.1618,0.3688
1778858595.138,0.2593,0.3523,0.00,250.0,5.64,7.25,-1.08,0.1595,0.3697
1778858595.208,0.2598,0.3529,0.00,250.0,5.84,7.20,-1.05,0.1560,0.3706
1778858595.273,0.2598,0.3536,0.00,250.0,5.89,6.89,-1.03,0.1529,0.3715
1778858595.340,0.2592,0.3543,0.00,250.0,5.75,6.71,-0.96,0.1519,0.3724
1778858595.407,0.2577,0.3550,0.00,250.0,5.15,7.19,-0.94,0.1575,0.3733
1778858595.474,0.2559,0.3556,0.00,250.0,4.27,7.19,-0.62,0.1517,0.3742
1778858595.543,0.2505,0.3563,0.00,250.0,3.70,6.96,-0.37,0.1634,0.3751
1778858595.608,0.2452,0.3570,0.00,250.0,3.63,7.22,-0.35,0.1673,0.3760
1778858595.675,0.2470,0.3577,0.00,250.0,3.91,7.13,-0.23,0.1707,0.3769
1778858595.741,0.2534,0.3584,0.00,250.0,4.34,7.21,-0.15,0.1729,0.3778
1778858595.809,0.2547,0.3591,0.00,250.0,5.09,6.60,-0.17,0.1820,0.3788
1778858595.873,0.2504,0.3591,0.00,250.0,5.33,6.66,-0.24,0.1696,0.3788
1778858595.941,0.2470,0.3598,0.00,250.0,4.97,6.86,-0.56,0.1647,0.3797
1778858596.009,0.2484,0.3605,0.00,250.0,5.21,7.77,-0.79,0.1632,0.3806
1778858596.074,0.2399,0.3612,0.00,250.0,5.57,8.47,-1.02,0.1595,0.3816
1778858596.138,0.2424,0.3619,0.00,250.0,8.36,8.87,-0.81,0.1632,0.3825
1778858596.173,0.2436,0.3619,0.00,250.0,8.19,8.45,-0.82,0.1678,0.3825
1778858596.206,0.2441,0.3619,0.00,250.0,8.51,8.09,-0.80,0.1648,0.3825
1778858596.239,0.2415,0.3619,0.00,250.0,7.98,7.74,-0.78,0.1620,0.3825
1778858596.271,0.2554,0.3619,0.00,250.0,8.07,8.12,-0.73,0.1748,0.3825
1778858596.305,0.2544,0.3619,0.00,250.0,7.23,8.05,-0.95,0.1763,0.3825
1778858596.338,0.2572,0.3619,0.00,250.0,6.81,8.16,-1.01,0.1724,0.3825
1778858596.372,0.2576,0.3619,0.00,250.0,6.81,8.23,-0.98,0.1723,0.3825
1778858596.407,0.2575,0.3619,0.00,250.0,6.92,8.28,-0.85,0.1683,0.3825
1778858596.438,0.2543,0.3619,0.00,250.0,7.33,8.82,-0.73,0.1629,0.3825
1778858596.474,0.2566,0.3619,0.00,250.0,6.88,8.83,-0.66,0.1679,0.3825
1778858596.504,0.2563,0.3619,0.00,250.0,6.75,8.86,-0.62,0.1660,0.3825
1778858596.540,0.2577,0.3619,0.00,250.0,6.61,8.96,-0.61,0.1608,0.3825
1778858596.572,0.2571,0.3619,0.00,250.0,6.44,9.09,-0.60,0.1608,0.3825
1778858596.604,0.2565,0.3619,0.00,250.0,6.21,9.33,-0.62,0.1598,0.3825
1778858596.636,0.2575,0.3619,0.00,250.0,6.24,9.51,-0.60,0.1609,0.3825
1778858596.672,0.2582,0.3619,0.00,250.0,6.53,9.21,-0.51,0.1614,0.3825
1778858596.705,0.2584,0.3619,0.00,250.0,6.58,8.95,-0.52,0.1621,0.3825
1778858596.740,0.2584,0.3619,0.00,250.0,6.73,8.83,-0.64,0.1592,0.3825
1778858596.771,0.2558,0.3619,0.00,250.0,6.77,8.55,-0.72,0.1487,0.3825
1778858596.806,0.2422,0.3619,0.00,250.0,6.26,8.58,-0.75,0.1438,0.3825
1778858596.838,0.2339,0.3619,0.00,250.0,6.07,8.42,-0.76,0.1409,0.3825
1778858596.870,0.2292,0.3619,0.00,250.0,6.00,7.76,-0.72,0.1381,0.3825
1778858596.905,0.2260,0.3619,0.00,250.0,5.86,7.21,-0.69,0.1381,0.3825
1778858596.939,0.2260,0.3619,0.00,250.0,5.91,6.98,-0.71,0.1389,0.3825
1778858596.972,0.2282,0.3619,0.00,250.0,5.82,6.67,-0.69,0.1388,0.3825
1778858597.006,0.2252,0.3619,0.00,250.0,5.60,6.43,-0.69,0.1373,0.3825
1778858597.038,0.2207,0.3619,0.00,250.0,5.31,6.13,-0.75,0.1355,0.3825
1778858597.072,0.2160,0.3638,0.00,250.0,5.04,5.75,-0.84,0.1340,0.3851
1778858597.106,0.2177,0.3658,0.00,250.0,4.73,5.61,-0.94,0.1319,0.3877
1778858597.135,0.2185,0.3658,1.00,63.1,4.59,5.55,-1.03,0.1304,0.3877
1778858597.169,0.2183,0.3677,1.00,63.1,4.50,5.33,-1.14,0.1304,0.3903
1778858597.204,0.2189,0.3677,1.00,63.1,4.57,5.20,-1.25,0.1293,0.3903
1778858597.239,0.2192,0.3677,1.00,63.1,4.47,5.30,-1.32,0.1302,0.3903
1778858597.273,0.2187,0.3677,1.00,63.1,4.50,5.30,-1.36,0.1237,0.3903
1778858597.304,0.2182,0.3696,1.00,63.1,4.46,5.32,-1.36,0.1203,0.3929
1778858597.336,0.2177,0.3716,1.00,63.1,4.42,5.09,-1.34,0.1174,0.3955
1778858597.372,0.2180,0.3735,1.00,63.1,4.21,5.05,-1.30,0.1165,0.3981
1778858597.405,0.2179,0.3755,1.00,63.1,4.07,5.10,-1.32,0.1180,0.4006
1778858597.441,0.2182,0.3774,1.00,63.1,4.00,4.90,-1.31,0.1215,0.4032
1778858597.508,0.2180,0.3801,1.00,63.1,3.84,4.66,-1.30,0.1232,0.4068
1778858597.572,0.2175,0.3828,1.00,63.1,3.81,5.35,-1.41,0.1243,0.4104
1778858597.641,0.2171,0.3855,1.00,63.1,3.79,5.75,-1.42,0.1248,0.4140
1778858597.708,0.2142,0.3882,1.00,63.1,3.66,6.13,-1.34,0.1251,0.4176
1778858597.778,0.2084,0.3910,1.00,63.1,3.56,6.93,-1.24,0.1250,0.4213
1778858597.846,0.2038,0.3937,1.00,63.1,3.53,7.15,-1.17,0.1239,0.4249
1778858597.912,0.2012,0.3964,1.00,63.1,3.55,7.55,-1.16,0.1238,0.4286
1778858597.977,0.1998,0.3992,1.00,63.1,3.58,7.81,-1.18,0.1230,0.4323
1778858598.046,0.1994,0.4020,1.00,63.1,3.69,8.82,-1.32,0.1234,0.4360
1778858598.110,0.1970,0.4048,1.00,63.1,3.76,9.19,-1.36,0.1243,0.4397
1778858598.176,0.1963,0.4076,1.00,63.1,3.80,9.05,-1.37,0.1253,0.4434
1778858598.245,0.1953,0.4104,1.00,63.1,3.81,8.98,-1.34,0.1281,0.4471
1778858598.313,0.1681,0.4132,1.00,63.1,3.65,9.00,-1.37,0.1291,0.4509
1778858598.376,0.1618,0.4160,1.00,63.1,3.82,9.07,-1.33,0.1296,0.4547
1778858598.446,0.1640,0.4188,1.00,63.1,3.72,8.97,-1.31,0.1303,0.4585
1778858598.509,0.1663,0.4217,1.00,63.1,3.79,9.17,-1.26,0.1296,0.4622
1778858598.576,0.1705,0.4245,1.00,63.1,3.90,9.41,-1.28,0.1298,0.4661
1778858598.641,0.1725,0.4274,1.00,63.1,3.93,9.65,-1.30,0.1304,0.4699
1778858598.710,0.1734,0.4303,1.00,63.1,4.01,9.72,-1.29,0.1304,0.4737
1778858598.776,0.1743,0.4332,1.00,63.1,3.94,9.62,-1.30,0.1298,0.4776
1778858598.842,0.1784,0.4361,1.00,63.1,3.87,9.54,-1.31,0.1300,0.4815
1778858598.911,0.1807,0.4390,1.00,63.1,3.77,9.48,-1.31,0.1296,0.4854
1778858598.980,0.1819,0.4420,1.00,63.1,3.69,9.48,-1.28,0.1289,0.4893
1778858599.046,0.1834,0.4449,1.00,63.1,3.67,9.48,-1.26,0.1290,0.4932
1778858599.110,0.1842,0.4469,1.00,63.1,3.66,9.72,-1.26,0.1291,0.4959
1778858599.175,0.1850,0.4499,1.00,63.1,3.65,9.97,-1.28,0.1291,0.4999
1778858599.247,0.1861,0.4529,1.00,63.1,3.58,9.95,-1.29,0.1289,0.5000
1778858599.312,0.1860,0.4559,1.00,63.1,3.55,9.95,-1.29,0.1289,0.5000
1778858599.376,0.1860,0.4588,1.00,63.1,3.54,9.99,-1.30,0.1289,0.5000
1778858599.447,0.1874,0.4619,1.00,63.1,3.53,10.03,-1.28,0.1284,0.5000
1778858599.512,0.1886,0.4649,1.00,63.1,3.50,10.08,-1.27,0.1290,0.5000
1778858599.578,0.1904,0.4669,1.00,63.1,3.48,10.07,-1.26,0.1292,0.5000
1778858599.643,0.2082,0.4690,1.00,63.1,3.51,10.24,-1.26,0.1296,0.5000
1778858599.710,0.2217,0.4690,1.00,63.1,3.46,10.41,-1.28,0.1307,0.5000
1778858599.780,0.2396,0.4700,1.00,63.1,3.39,10.49,-1.32,0.1315,0.5000
1778858599.843,0.2462,0.4700,1.00,63.1,3.38,10.55,-1.34,0.1317,0.5000
1778858599.910,0.2507,0.4700,1.00,63.1,3.33,10.74,-1.32,0.1318,0.5000
1778858599.978,0.2552,0.4700,1.00,63.1,3.31,10.76,-1.31,0.1314,0.5000
1778858600.047,0.2572,0.4700,1.00,63.1,3.15,10.83,-1.30,0.1320,0.5000
1778858600.113,0.2595,0.4710,1.00,63.1,3.08,10.78,-1.28,0.1325,0.5000
1778858600.177,0.2636,0.4719,1.00,63.1,3.13,10.62,-1.30,0.1325,0.5000
1778858600.245,0.2741,0.4729,1.00,63.1,3.22,10.44,-1.34,0.1331,0.5000
1778858600.314,0.2819,0.4739,1.00,63.1,3.31,10.31,-1.37,0.1334,0.5000
1778858600.379,0.2877,0.4739,1.00,63.1,3.32,10.27,-1.39,0.1347,0.5000
1778858600.446,0.2931,0.4739,1.00,63.1,3.26,10.21,-1.43,0.1356,0.5000
1778858600.511,0.2957,0.4739,1.00,63.1,3.14,10.26,-1.48,0.1363,0.5000
1778858600.581,0.2967,0.4739,1.00,63.1,3.05,10.41,-1.53,0.1364,0.5000
1778858600.647,0.2968,0.4739,1.00,63.1,3.05,10.38,-1.52,0.1366,0.5000
1778858600.710,0.2972,0.4739,1.00,63.1,3.02,10.33,-1.52,0.1363,0.5000
1778858600.779,0.2971,0.4739,1.00,63.1,3.03,10.29,-1.51,0.1366,0.5000
1778858600.848,0.2969,0.4739,1.00,63.1,3.04,10.24,-1.51,0.1365,0.5000
1778858600.913,0.2965,0.4739,1.00,63.1,3.03,10.22,-1.51,0.1364,0.5000
1778858600.977,0.2955,0.4739,1.00,63.1,2.98,10.29,-1.53,0.1366,0.5000
1778858601.048,0.2951,0.4739,1.00,63.1,2.99,10.31,-1.54,0.1372,0.5000
1778858601.115,0.2948,0.4739,1.00,63.1,2.99,10.32,-1.53,0.1379,0.5000
1778858601.176,0.2925,0.4739,1.00,63.1,2.83,10.90,-1.46,0.1382,0.5000
1778858601.243,0.2909,0.4739,1.00,63.1,2.70,11.29,-1.44,0.1391,0.5000
1778858601.314,0.2884,0.4739,1.00,63.1,2.58,11.42,-1.44,0.1412,0.5000
1778858601.379,0.2840,0.4739,1.00,63.1,2.11,11.58,-1.51,0.1479,0.5000
1778858601.444,0.2822,0.4739,1.00,63.1,1.72,11.77,-1.53,0.1522,0.5000
1778858601.512,0.2795,0.4739,1.00,63.1,1.38,11.97,-1.54,0.1562,0.5000
1778858601.580,0.2777,0.4739,1.00,63.1,1.21,12.11,-1.53,0.1581,0.5000
1778858601.647,0.2761,0.4739,1.00,63.1,1.10,12.30,-1.56,0.1588,0.5000
1778858601.713,0.2744,0.4739,1.00,63.1,1.05,12.41,-1.56,0.1593,0.5000
1778858601.780,0.2728,0.4739,1.00,63.1,1.01,12.44,-1.54,0.1592,0.5000
1778858601.848,0.2711,0.4739,1.00,63.1,0.98,12.47,-1.53,0.1592,0.5000
1778858601.914,0.2704,0.4739,1.00,63.1,0.97,12.48,-1.50,0.1590,0.5000
1778858601.980,0.2698,0.4739,1.00,63.1,0.95,12.48,-1.48,0.1585,0.5000
1778858602.047,0.2692,0.4739,1.00,63.1,0.93,12.51,-1.45,0.1585,0.5000
1778858602.115,0.2683,0.4739,1.00,63.1,0.91,12.53,-1.43,0.1583,0.5000
1778858602.177,0.2680,0.4739,1.00,63.1,0.89,12.53,-1.41,0.1583,0.5000
1778858602.242,0.2676,0.4739,1.00,63.1,0.87,12.58,-1.40,0.1582,0.5000
1778858602.310,0.2674,0.4739,1.00,63.1,0.86,12.59,-1.38,0.1579,0.5000
1778858602.378,0.2675,0.4739,1.00,63.1,0.85,12.56,-1.37,0.1577,0.5000
1778858602.446,0.2674,0.4739,1.00,63.1,0.84,12.49,-1.36,0.1578,0.5000
1778858602.509,0.2673,0.4739,1.00,63.1,0.81,12.42,-1.36,0.1572,0.5000
1778858602.579,0.2667,0.4739,1.00,63.1,0.76,12.41,-1.35,0.1571,0.5000
1778858602.649,0.2662,0.4739,1.00,63.1,0.76,12.44,-1.35,0.1575,0.5000
1778858602.713,0.2661,0.4739,1.00,63.1,0.76,12.42,-1.35,0.1574,0.5000
1778858602.776,0.2658,0.4739,1.00,63.1,0.77,12.43,-1.34,0.1569,0.5000
1778858602.845,0.2625,0.4739,1.00,63.1,0.80,12.43,-1.40,0.1562,0.5000
1778858602.916,0.2657,0.4739,1.00,63.1,0.88,12.43,-1.42,0.1564,0.5000
1778858602.982,0.2677,0.4739,1.00,63.1,0.94,12.42,-1.39,0.1566,0.5000
1778858603.044,0.2700,0.4739,1.00,63.1,0.94,12.36,-1.40,0.1564,0.5000
1778858603.114,0.2718,0.4739,1.00,63.1,1.02,12.28,-1.37,0.1571,0.5000
1778858603.178,0.2735,0.4739,1.00,63.1,1.11,12.31,-1.36,0.1573,0.5000
1778858603.246,0.2742,0.4739,1.00,63.1,1.07,12.10,-1.34,0.1595,0.5000
1778858603.311,0.2753,0.4739,1.00,63.1,1.09,12.03,-1.33,0.1590,0.5000
1778858603.379,0.2762,0.4739,1.00,63.1,1.07,11.97,-1.31,0.1578,0.5000
1778858603.446,0.2757,0.4739,1.00,63.1,1.13,11.94,-1.31,0.1578,0.5000
1778858603.514,0.2757,0.4739,1.00,63.1,1.14,11.94,-1.31,0.1583,0.5000
1778858603.577,0.2753,0.4739,1.00,63.1,1.13,11.93,-1.31,0.1578,0.5000
1778858603.647,0.2754,0.4739,1.00,63.1,1.11,11.89,-1.30,0.1575,0.5000
1778858603.710,0.2756,0.4739,1.00,63.1,1.01,11.86,-1.31,0.1584,0.5000
1778858603.780,0.2108,0.4760,1.00,63.1,0.67,11.84,-1.10,0.1594,0.5000
1778858603.845,0.2151,0.4781,1.00,63.1,0.65,11.73,-1.10,0.1601,0.5000
1778858603.914,0.2194,0.4781,2.00,98.3,0.60,11.62,-1.10,0.1601,0.5000
1778858603.981,0.2310,0.4781,2.00,98.3,0.65,11.63,-1.12,0.1600,0.5000
1778858604.047,0.2420,0.4781,2.00,98.3,0.68,11.65,-1.14,0.1600,0.5000
1778858604.116,0.2473,0.4781,2.00,98.3,0.67,11.77,-1.15,0.1600,0.5000
1778858604.176,0.2499,0.4781,2.00,98.3,0.63,12.11,-1.14,0.1601,0.5000
1778858604.248,0.2520,0.4781,2.00,98.3,0.61,12.20,-1.13,0.1600,0.5000
1778858604.311,0.2528,0.4781,2.00,98.3,0.60,12.21,-1.12,0.1600,0.5000
1778858604.382,0.2535,0.4781,2.00,98.3,0.59,12.32,-1.11,0.1604,0.5000
1778858604.450,0.2538,0.4781,2.00,98.3,0.55,12.37,-1.11,0.1605,0.5000
1778858604.515,0.2543,0.4781,2.00,98.3,0.53,12.46,-1.11,0.1608,0.5000
1778858604.577,0.2545,0.4781,2.00,98.3,0.52,12.55,-1.09,0.1610,0.5000
1778858604.649,0.2549,0.4781,2.00,98.3,0.52,12.55,-1.08,0.1610,0.5000
1778858604.716,0.2551,0.4781,2.00,98.3,0.51,12.56,-1.06,0.1612,0.5000
1778858604.781,0.2550,0.4781,2.00,98.3,0.52,12.57,-1.05,0.1612,0.5000
1778858604.850,0.2548,0.4781,2.00,98.3,0.50,12.49,-1.04,0.1616,0.5000
1778858604.916,0.2538,0.4781,2.00,98.3,0.35,12.37,-0.98,0.1622,0.5000
1778858604.980,0.2537,0.4781,2.00,98.3,0.28,12.20,-0.96,0.1619,0.5000
1778858605.046,0.2529,0.4781,2.00,98.3,0.19,12.22,-0.95,0.1618,0.5000
1778858605.110,0.2529,0.4781,2.00,98.3,0.15,12.08,-0.93,0.1614,0.5000
1778858605.143,0.2530,0.4771,2.00,98.3,0.14,12.07,-0.92,0.1614,0.5000
1778858605.212,0.2528,0.4781,2.00,98.3,0.14,12.04,-0.92,0.1612,0.5000
1778858605.281,0.2524,0.4781,2.00,98.3,0.10,12.06,-0.92,0.1613,0.5000
1778858605.346,0.2592,0.4781,2.00,98.3,0.26,12.31,-0.93,0.1611,0.5000
1778858605.413,0.2645,0.4791,2.00,98.3,0.38,12.54,-0.94,0.1609,0.5000
1778858605.484,0.2694,0.4791,2.00,98.3,0.47,12.59,-0.93,0.1605,0.5000
1778858605.547,0.2709,0.4791,2.00,98.3,0.49,12.60,-0.93,0.1602,0.5000
1778858605.616,0.2725,0.4791,2.00,98.3,0.52,12.56,-0.91,0.1598,0.5000
1778858605.680,0.2728,0.4791,2.00,98.3,0.53,12.55,-0.91,0.1597,0.5000
1778858605.746,0.2730,0.4791,2.00,98.3,0.56,12.48,-0.90,0.1597,0.5000
1778858605.812,0.2731,0.4791,2.00,98.3,0.59,12.43,-0.88,0.1592,0.5000
1778858605.882,0.2745,0.4791,2.00,98.3,0.83,11.82,-0.99,0.1589,0.5000
1778858605.950,0.2754,0.4801,2.00,98.3,0.92,11.36,-1.02,0.1599,0.5000
1778858606.014,0.2764,0.4801,2.00,98.3,1.00,11.09,-1.02,0.1602,0.5000
1778858606.080,0.2798,0.4801,2.00,98.3,1.09,10.96,-1.05,0.1599,0.5000
1778858606.149,0.2819,0.4801,2.00,98.3,1.11,10.97,-1.06,0.1597,0.5000
1778858606.212,0.2841,0.4801,2.00,98.3,1.14,10.92,-1.06,0.1611,0.5000
1778858606.284,0.2859,0.4801,2.00,98.3,1.07,10.81,-1.07,0.1617,0.5000
1778858606.350,0.2867,0.4801,2.00,98.3,1.05,10.77,-1.08,0.1621,0.5000
1778858606.417,0.2872,0.4801,2.00,98.3,1.06,10.70,-1.06,0.1622,0.5000
1778858606.479,0.2875,0.4801,2.00,98.3,1.09,10.65,-1.02,0.1619,0.5000
1778858606.548,0.2876,0.4801,2.00,98.3,1.11,10.65,-1.01,0.1611,0.5000
1778858606.617,0.2870,0.4801,2.00,98.3,1.14,10.69,-1.00,0.1610,0.5000
1778858606.682,0.2872,0.4780,2.00,98.3,1.17,10.73,-0.98,0.1612,0.5000
1778858606.741,0.2860,0.4759,2.00,98.3,1.15,10.78,-0.95,0.1609,0.5000
1778858606.778,0.2851,0.4738,2.00,98.3,1.15,10.79,-0.94,0.1608,0.5000
1778858606.810,0.2846,0.4728,2.00,98.3,1.15,10.79,-0.93,0.1607,0.5000
1778858606.845,0.2841,0.4707,2.00,98.3,1.15,10.79,-0.92,0.1606,0.5000
1778858606.876,0.2838,0.4697,2.00,98.3,1.14,10.80,-0.91,0.1607,0.5000
1778858606.912,0.2837,0.4676,2.00,98.3,1.14,10.78,-0.90,0.1607,0.5000
1778858606.979,0.2833,0.4656,2.00,98.3,1.12,10.73,-0.90,0.1605,0.5000
1778858607.046,0.2809,0.4635,2.00,98.3,0.78,11.30,-0.81,0.1598,0.5000
1778858607.114,0.2744,0.4614,2.00,98.3,0.66,11.75,-0.73,0.1599,0.5000
1778858607.180,0.2699,0.4614,2.00,98.3,0.60,11.94,-0.73,0.1601,0.5000
1778858607.245,0.2668,0.4614,2.00,98.3,0.53,12.17,-0.72,0.1605,0.5000
1778858607.314,0.2654,0.4614,2.00,98.3,0.48,12.20,-0.71,0.1607,0.5000
1778858607.380,0.2636,0.4614,2.00,98.3,0.46,12.12,-0.69,0.1607,0.5000
1778858607.448,0.2625,0.4614,2.00,98.3,0.43,12.06,-0.68,0.1607,0.5000
1778858607.515,0.2622,0.4614,2.00,98.3,0.38,12.03,-0.67,0.1608,0.5000
1778858607.581,0.2620,0.4614,2.00,98.3,0.35,12.11,-0.66,0.1609,0.5000
1778858607.648,0.2617,0.4614,2.00,98.3,0.25,12.00,-0.65,0.1614,0.5000
1778858607.716,0.2616,0.4614,2.00,98.3,0.21,11.90,-0.64,0.1619,0.5000
1778858607.781,0.2613,0.4614,2.00,98.3,0.21,11.88,-0.63,0.1618,0.5000
1778858607.850,0.2610,0.4614,2.00,98.3,0.21,11.83,-0.63,0.1620,0.5000
1778858607.917,0.2596,0.4614,2.00,98.3,0.19,11.77,-0.61,0.1621,0.5000
1778858607.984,0.2559,0.4614,2.00,98.3,0.19,11.81,-0.60,0.1617,0.5000
1778858608.050,0.2649,0.4614,2.00,98.3,0.35,11.96,-0.60,0.1619,0.5000
1778858608.114,0.2724,0.4614,2.00,98.3,0.46,12.11,-0.61,0.1601,0.5000
1778858608.180,0.2752,0.4623,2.00,98.3,0.55,12.13,-0.61,0.1581,0.5000
1778858608.246,0.2752,0.4633,2.00,98.3,0.71,12.24,-0.60,0.1563,0.5000
1778858608.318,0.2747,0.4643,2.00,98.3,0.81,12.38,-0.61,0.1557,0.5000
1778858608.381,0.2740,0.4643,2.00,98.3,0.84,12.44,-0.62,0.1556,0.5000
1778858608.448,0.2734,0.4643,2.00,98.3,0.88,12.45,-0.62,0.1554,0.5000
1778858608.518,0.2731,0.4643,2.00,98.3,0.90,12.52,-0.63,0.1550,0.5000
1778858608.580,0.2732,0.4643,2.00,98.3,0.89,12.42,-0.64,0.1550,0.5000
1778858608.650,0.2729,0.4643,2.00,98.3,0.87,12.39,-0.64,0.1552,0.5000
1778858608.714,0.2729,0.4643,2.00,98.3,0.86,12.40,-0.63,0.1550,0.5000
1778858608.784,0.2734,0.4643,2.00,98.3,0.83,12.43,-0.63,0.1547,0.5000
1778858608.851,0.2731,0.4643,2.00,98.3,0.80,12.38,-0.63,0.1542,0.5000
1778858608.918,0.2721,0.4643,2.00,98.3,0.83,12.28,-0.64,0.1541,0.5000
1778858608.981,0.2729,0.4643,2.00,98.3,0.84,12.10,-0.62,0.1538,0.5000
1778858609.048,0.2740,0.4643,2.00,98.3,0.89,12.02,-0.61,0.1538,0.5000
1778858609.119,0.2737,0.4622,2.00,98.3,0.82,11.81,-0.59,0.1543,0.5000
1778858609.179,0.2727,0.4601,2.00,98.3,0.89,11.76,-0.56,0.1544,0.5000
1778858609.212,0.2720,0.4580,2.00,98.3,0.93,11.58,-0.50,0.1540,0.5000
1778858609.244,0.2712,0.4570,2.00,98.3,1.04,11.63,-0.46,0.1543,0.5000
1778858609.280,0.2707,0.4549,2.00,98.3,1.14,11.48,-0.41,0.1536,0.5000
1778858609.347,0.2690,0.4528,2.00,98.3,1.35,11.33,-0.31,0.1534,0.5000
1778858609.416,0.2682,0.4507,2.00,98.3,1.49,11.26,-0.31,0.1530,0.5000
1778858609.484,0.2680,0.4486,2.00,98.3,1.60,10.96,-0.26,0.1530,0.4982
1778858609.550,0.2683,0.4465,2.00,98.3,1.77,10.73,-0.24,0.1538,0.4954
1778858609.615,0.2702,0.4444,2.00,98.3,1.81,10.27,-0.26,0.1553,0.4926
1778858609.684,0.2719,0.4423,2.00,98.3,1.81,10.10,-0.24,0.1530,0.4898
1778858609.750,0.2663,0.4403,2.00,98.3,1.68,9.83,-0.15,0.1526,0.4870
1778858609.814,0.2660,0.4403,2.00,98.3,1.67,9.68,-0.17,0.1543,0.4870
1778858609.885,0.2710,0.4403,2.00,98.3,1.73,9.42,-0.35,0.1538,0.4870
1778858609.950,0.2748,0.4403,2.00,98.3,1.64,10.30,-0.43,0.1532,0.4870
1778858610.015,0.2734,0.4403,2.00,98.3,1.80,10.73,-0.48,0.1532,0.4870
1778858610.083,0.2724,0.4403,2.00,98.3,1.85,10.79,-0.46,0.1572,0.4870
1778858610.148,0.2703,0.4403,2.00,98.3,1.82,10.71,-0.50,0.1571,0.4870
1778858610.214,0.2689,0.4403,2.00,98.3,1.82,10.67,-0.47,0.1575,0.4870
1778858610.283,0.2700,0.4403,2.00,98.3,1.92,10.72,-0.47,0.1572,0.4870
1778858610.347,0.2683,0.4412,2.00,98.3,1.94,10.50,-0.48,0.1562,0.4882
1778858610.418,0.2654,0.4412,2.00,98.3,1.63,9.73,-0.40,0.1560,0.4882
1778858610.483,0.2628,0.4412,2.00,98.3,0.32,9.66,-0.42,0.1531,0.4882
1778858610.548,0.2579,0.4412,2.00,98.3,-0.27,9.97,-0.40,0.1504,0.4882
1778858610.619,0.2546,0.4412,2.00,98.3,-0.48,10.20,-0.47,0.1511,0.4882
1778858610.682,0.2523,0.4391,2.00,98.3,-0.36,10.29,-0.43,0.1525,0.4854
1778858610.749,0.2484,0.4370,2.00,98.3,-0.30,10.04,-0.25,0.1574,0.4826
1778858610.816,0.2503,0.4349,2.00,98.3,0.41,9.96,-0.07,0.1565,0.4798
1778858610.883,0.2429,0.4328,2.00,98.3,-0.15,9.88,-0.02,0.1570,0.4770
1778858610.952,0.2480,0.4307,2.00,98.3,-0.56,11.35,0.08,0.1554,0.4742
1778858611.015,0.2425,0.4286,2.00,98.3,-1.32,11.86,0.42,0.1533,0.4714
1778858611.083,0.2425,0.4265,2.00,98.3,-1.27,12.39,0.79,0.1559,0.4686
1778858611.150,0.2445,0.4244,2.00,98.3,-1.14,12.40,1.30,0.1569,0.4658
1778858611.215,0.2441,0.4223,2.00,98.3,-1.07,12.14,1.79,0.1600,0.4630
1778858611.285,0.2436,0.4202,2.00,98.3,-1.27,11.18,2.12,0.1553,0.4602
1778858611.349,0.2476,0.4181,2.00,98.3,-0.39,11.17,2.30,0.1475,0.4574
1778858611.416,0.2296,0.4160,2.00,98.3,-0.62,7.67,3.08,0.1471,0.4546
1778858611.486,0.2368,0.4139,2.00,98.3,-1.41,6.94,3.01,0.1525,0.4518
1778858611.550,0.2426,0.4118,2.00,98.3,-2.05,8.09,3.14,0.1499,0.4490
1778858611.618,0.2505,0.4097,2.00,98.3,-2.68,8.86,2.98,0.1522,0.4462
1778858611.684,0.2436,0.4076,2.00,98.3,-2.63,9.81,2.92,0.1505,0.4434
1778858611.752,0.2481,0.4055,2.00,98.3,-3.55,11.19,2.82,0.1462,0.4406
1778858611.819,0.2385,0.4034,2.00,98.3,-3.78,10.61,2.95,0.1469,0.4378
1778858611.883,0.2393,0.4013,2.00,98.3,-4.16,7.87,3.11,0.1602,0.4350
1778858611.950,0.2490,0.3992,2.00,98.3,-3.09,11.49,2.75,0.1605,0.4322
1778858612.017,0.2422,0.3971,2.00,98.3,-4.20,10.18,1.54,0.1584,0.4294
1778858612.083,0.2404,0.3950,2.00,98.3,-4.70,8.42,0.59,0.1490,0.4266
1778858612.151,0.2215,0.3929,2.00,98.3,-5.25,9.40,0.22,0.1612,0.4238
1778858612.216,0.2160,0.3929,2.00,98.3,-3.10,7.70,0.48,0.1617,0.4238
1778858612.286,0.2184,0.3929,2.00,98.3,-1.16,7.73,0.18,0.1561,0.4238
1778858612.351,0.2163,0.3929,2.00,98.3,-1.04,8.36,0.52,0.1477,0.4238
1778858612.419,0.2143,0.3929,2.00,98.3,-0.53,9.38,0.92,0.1534,0.4238
1778858612.486,0.2212,0.3908,3.00,155.4,0.26,9.71,0.42,0.1536,0.4210
1778858612.552,0.2358,0.3887,3.00,155.4,0.83,8.94,0.19,0.1526,0.4182
1778858612.618,0.2442,0.3887,3.00,155.4,1.13,11.06,-0.11,0.1529,0.4182
1778858612.699,0.2511,0.3887,3.00,155.4,1.02,10.61,-0.16,0.1567,0.4182
1778858612.745,0.2455,0.3887,3.00,155.4,1.11,10.29,-0.07,0.1556,0.4182
1778858612.779,0.2416,0.3878,3.00,155.4,0.91,9.24,-0.14,0.1545,0.4171
1778858612.819,0.2407,0.3878,3.00,155.4,1.02,9.06,-0.09,0.1502,0.4171
1778858612.880,0.2470,0.3878,3.00,155.4,0.80,11.05,-0.39,0.1531,0.4171
1778858612.948,0.2464,0.3878,3.00,155.4,0.97,10.66,-0.70,0.1579,0.4171
1778858612.985,0.2421,0.3870,3.00,155.4,1.49,11.16,-0.77,0.1589,0.4160
1778858613.050,0.2436,0.3870,3.00,155.4,1.48,10.17,-0.76,0.1589,0.4160
1778858613.114,0.2455,0.3870,3.00,155.4,1.37,9.85,-0.79,0.1536,0.4160
1778858613.179,0.2480,0.3870,3.00,155.4,1.54,10.14,-0.82,0.1499,0.4160
1778858613.211,0.2468,0.3870,3.00,155.4,1.53,11.07,-0.85,0.1505,0.4160
1778858613.246,0.2478,0.3862,3.00,155.4,1.51,11.53,-0.83,0.1515,0.4150
1778858613.279,0.2498,0.3841,3.00,155.4,1.43,11.87,-0.85,0.1527,0.4122
1778858613.312,0.2533,0.3833,3.00,155.4,1.55,12.22,-0.84,0.1534,0.4111
1778858613.347,0.2595,0.3812,3.00,155.4,1.48,12.21,-0.83,0.1550,0.4083
1778858613.378,0.2639,0.3805,3.00,155.4,1.56,12.20,-0.81,0.1565,0.4073
1778858613.413,0.2663,0.3784,3.00,155.4,1.72,12.38,-0.77,0.1576,0.4045
1778858613.446,0.2699,0.3776,3.00,155.4,1.79,12.52,-0.71,0.1585,0.4035
1778858613.479,0.2713,0.3755,3.00,155.4,1.82,12.65,-0.65,0.1589,0.4007
1778858613.514,0.2708,0.3747,3.00,155.4,1.81,12.64,-0.54,0.1585,0.3997
1778858613.546,0.2705,0.3727,3.00,155.4,1.79,12.53,-0.48,0.1576,0.3969
1778858613.581,0.2704,0.3719,3.00,155.4,1.72,12.05,-0.42,0.1567,0.3959
1778858613.612,0.2706,0.3698,3.00,155.4,1.72,11.97,-0.41,0.1560,0.3931
1778858613.645,0.2710,0.3691,3.00,155.4,1.62,11.54,-0.36,0.1556,0.3921
1778858613.680,0.2705,0.3670,3.00,155.4,1.58,11.33,-0.35,0.1550,0.3893
1778858613.713,0.2714,0.3663,3.00,155.4,1.55,11.33,-0.35,0.1549,0.3883
1778858613.747,0.2717,0.3642,3.00,155.4,1.53,11.21,-0.35,0.1548,0.3856
1778858613.780,0.2719,0.3634,3.00,155.4,1.51,11.09,-0.34,0.1543,0.3846
1778858613.813,0.2732,0.3614,3.00,155.4,1.50,11.01,-0.34,0.1539,0.3819
1778858613.847,0.2730,0.3607,3.00,155.4,1.39,10.85,-0.34,0.1533,0.3809
1778858613.879,0.2675,0.3586,3.00,155.4,1.26,10.74,-0.33,0.1524,0.3781
1778858613.915,0.2672,0.3579,3.00,155.4,1.18,10.74,-0.34,0.1537,0.3772
1778858613.946,0.2640,0.3558,3.00,155.4,1.05,10.62,-0.35,0.1537,0.3744
1778858613.981,0.2617,0.3551,3.00,155.4,0.98,10.60,-0.35,0.1531,0.3735
1778858614.011,0.2586,0.3531,3.00,155.4,0.92,10.57,-0.37,0.1529,0.3707
1778858614.051,0.2564,0.3523,3.00,155.4,0.92,10.66,-0.38,0.1527,0.3698
1778858614.116,0.2546,0.3503,3.00,155.4,0.88,10.78,-0.38,0.1526,0.3671
1778858614.180,0.2514,0.3483,3.00,155.4,0.75,10.84,-0.33,0.1500,0.3644
1778858614.212,0.2558,0.3462,3.00,155.4,0.40,10.71,-0.38,0.1483,0.3616
1778858614.248,0.2528,0.3455,3.00,155.4,0.25,10.72,-0.44,0.1495,0.3607
1778858614.281,0.2523,0.3435,3.00,155.4,0.33,10.81,-0.48,0.1507,0.3580
1778858614.315,0.2532,0.3428,3.00,155.4,0.37,10.93,-0.49,0.1503,0.3571
1778858614.346,0.2538,0.3408,3.00,155.4,0.48,10.98,-0.48,0.1507,0.3544
1778858614.382,0.2546,0.3401,3.00,155.4,0.76,11.61,-0.51,0.1488,0.3534
1778858614.412,0.2521,0.3381,3.00,155.4,0.99,11.82,-0.49,0.1458,0.3507
1778858614.446,0.2509,0.3374,3.00,155.4,1.05,12.06,-0.54,0.1476,0.3498
1778858614.480,0.2521,0.3354,3.00,155.4,1.20,12.22,-0.54,0.1495,0.3471
1778858614.513,0.2577,0.3347,3.00,155.4,1.26,12.26,-0.56,0.1497,0.3462
1778858614.546,0.2542,0.3327,3.00,155.4,1.19,12.05,-0.58,0.1505,0.3435
1778858614.580,0.2514,0.3320,3.00,155.4,1.23,12.12,-0.62,0.1510,0.3427
1778858614.612,0.2498,0.3300,3.00,155.4,1.19,12.28,-0.66,0.1505,0.3400
1778858614.647,0.2495,0.3293,3.00,155.4,1.21,12.45,-0.69,0.1507,0.3391
1778858614.679,0.2510,0.3273,3.00,155.4,1.23,12.54,-0.72,0.1505,0.3364
1778858614.713,0.2510,0.3267,3.00,155.4,1.22,12.47,-0.73,0.1505,0.3355
1778858614.746,0.2510,0.3246,3.00,155.4,1.23,12.50,-0.74,0.1506,0.3329
1778858614.779,0.2507,0.3240,3.00,155.4,1.24,12.42,-0.74,0.1505,0.3320
1778858614.814,0.2504,0.3220,3.00,155.4,1.22,12.34,-0.73,0.1505,0.3293
1778858614.847,0.2500,0.3214,3.00,155.4,1.23,12.32,-0.74,0.1507,0.3285
1778858614.880,0.2499,0.3194,3.00,155.4,1.23,12.31,-0.73,0.1509,0.3258
1778858614.913,0.2497,0.3187,3.00,155.4,1.18,12.28,-0.73,0.1510,0.3250
1778858614.948,0.2503,0.3167,3.00,155.4,1.15,12.28,-0.73,0.1509,0.3223
1778858614.982,0.2502,0.3161,3.00,155.4,1.13,12.26,-0.72,0.1511,0.3215
1778858615.052,0.2501,0.3141,3.00,155.4,1.09,12.32,-0.70,0.1512,0.3188
1778858615.119,0.2504,0.3121,3.00,155.4,1.01,12.40,-0.69,0.1512,0.3162
1778858615.179,0.2505,0.3101,3.00,155.4,0.96,12.43,-0.69,0.1513,0.3135
1778858615.216,0.2504,0.3082,3.00,155.4,0.93,12.46,-0.68,0.1513,0.3109
1778858615.286,0.2492,0.3062,3.00,155.4,0.85,12.51,-0.71,0.1515,0.3082
1778858615.353,0.2501,0.3042,3.00,155.4,0.81,12.55,-0.73,0.1518,0.3056
1778858615.418,0.2505,0.3022,3.00,155.4,0.87,12.63,-0.73,0.1521,0.3029
1778858615.485,0.2516,0.3002,3.00,155.4,0.98,12.63,-0.74,0.1517,0.3003
1778858615.551,0.2519,0.2982,3.00,155.4,0.98,12.61,-0.77,0.1515,0.2976
1778858615.619,0.2533,0.2962,3.00,155.4,1.11,12.88,-0.80,0.1510,0.2950
1778858615.685,0.2541,0.2942,3.00,155.4,1.05,12.89,-0.78,0.1516,0.2923
1778858615.752,0.2528,0.2922,3.00,155.4,1.03,12.87,-0.72,0.1511,0.2897
1778858615.820,0.2526,0.2903,3.00,155.4,1.00,12.83,-0.70,0.1510,0.2870
1778858615.886,0.2526,0.2883,3.00,155.4,0.97,12.77,-0.68,0.1508,0.2844
1778858615.952,0.2526,0.2863,3.00,155.4,0.95,12.69,-0.65,0.1508,0.2817
1778858616.017,0.2522,0.2843,3.00,155.4,0.97,12.56,-0.64,0.1507,0.2791
1778858616.085,0.2515,0.2823,3.00,155.4,0.96,12.54,-0.64,0.1509,0.2764
1778858616.155,0.2515,0.2803,3.00,155.4,0.89,12.54,-0.65,0.1500,0.2738
1778858616.217,0.2509,0.2783,3.00,155.4,1.03,13.19,-0.75,0.1525,0.2711
1778858616.285,0.2539,0.2763,3.00,155.4,1.27,13.31,-0.85,0.1524,0.2685
1778858616.354,0.2490,0.2744,3.00,155.4,0.87,12.76,-1.20,0.1465,0.2658
1778858616.421,0.2460,0.2724,3.00,155.4,0.21,11.26,-1.17,0.1423,0.2632
1778858616.484,0.2352,0.2704,3.00,155.4,-0.13,12.39,-0.57,0.1552,0.2605
1778858616.552,0.2252,0.2684,3.00,155.4,-0.35,12.00,-0.44,0.1588,0.2579
1778858616.622,0.2267,0.2664,3.00,155.4,-0.25,11.83,-0.34,0.1529,0.2552
1778858616.686,0.2243,0.2644,3.00,155.4,0.57,12.39,-0.72,0.1540,0.2526
1778858616.752,0.2246,0.2624,3.00,155.4,1.00,11.09,-1.09,0.1523,0.2499
1778858616.819,0.2222,0.2604,3.00,155.4,1.02,10.57,-1.15,0.1499,0.2472
1778858616.883,0.2240,0.2584,3.00,155.4,0.65,10.42,-0.79,0.1506,0.2446
1778858616.949,0.2301,0.2565,3.00,155.4,0.53,10.71,-0.44,0.1520,0.2419
1778858617.016,0.2339,0.2545,3.00,155.4,0.46,9.17,-0.23,0.1488,0.2393
1778858617.085,0.2338,0.2525,3.00,155.4,0.58,8.27,-0.23,0.1521,0.2366
1778858617.152,0.2368,0.2505,3.00,155.4,0.80,9.05,-0.25,0.1529,0.2340
1778858617.218,0.2396,0.2485,3.00,155.4,0.49,9.88,-0.30,0.1547,0.2313
1778858617.284,0.2461,0.2465,3.00,155.4,0.19,8.69,-0.06,0.1541,0.2287
1778858617.352,0.2526,0.2445,3.00,155.4,-0.26,10.13,-0.28,0.1601,0.2260
1778858617.419,0.2561,0.2425,3.00,155.4,-0.59,9.41,-0.33,0.1550,0.2234
1778858617.485,0.2574,0.2406,3.00,155.4,-0.50,8.89,-0.08,0.1545,0.2207
1778858617.561,0.2562,0.2386,3.00,155.4,-0.51,8.82,0.19,0.1557,0.2181
1778858617.620,0.2564,0.2366,3.00,155.4,-0.50,8.81,0.29,0.1556,0.2154
1778858617.685,0.2590,0.2346,3.00,155.4,-0.35,8.93,0.33,0.1556,0.2128
1778858617.752,0.2605,0.2326,3.00,155.4,-0.22,8.55,0.36,0.1551,0.2101
1778858617.822,0.2616,0.2306,3.00,155.4,-0.19,8.33,0.37,0.1552,0.2075
1778858617.889,0.2636,0.2306,3.00,155.4,-0.38,8.05,0.54,0.1547,0.2075
1778858617.953,0.2630,0.2306,3.00,155.4,-0.44,8.94,0.24,0.1558,0.2075
1778858618.018,0.2602,0.2306,3.00,155.4,-0.63,9.15,0.08,0.1573,0.2075
1778858618.085,0.2503,0.2306,3.00,155.4,-2.10,7.78,-0.01,0.1508,0.2075
1778858618.153,0.2463,0.2306,3.00,155.4,-3.76,4.85,0.18,0.1601,0.2075
1778858618.217,0.2491,0.2306,3.00,155.4,-3.63,6.10,0.73,0.1585,0.2075
1778858618.286,0.2479,0.2286,3.00,155.4,-3.89,6.43,1.04,0.1560,0.2048
1778858618.349,0.2422,0.2266,3.00,155.4,-3.56,7.66,0.93,0.1542,0.2022
1778858618.419,0.2499,0.2247,3.00,155.4,-2.71,8.58,0.98,0.1496,0.1995
1778858618.486,0.2464,0.2227,3.00,155.4,-3.24,7.75,1.09,0.1519,0.1969
1778858618.552,0.2447,0.2207,3.00,155.4,-2.59,6.34,1.07,0.1482,0.1942
1778858618.620,0.2421,0.2187,3.00,155.4,-1.17,4.43,1.37,0.1517,0.1916
1778858618.686,0.2494,0.2167,3.00,155.4,-0.25,-0.39,1.58,0.1432,0.1889
1778858618.753,0.2461,0.2147,3.00,155.4,0.59,0.12,1.03,0.1456,0.1863
1778858618.819,0.2449,0.2127,3.00,155.4,0.74,4.08,-0.39,0.1503,0.1836
1778858618.886,0.2435,0.2127,3.00,155.4,0.51,8.49,-0.68,0.1480,0.1836
1778858618.953,0.2411,0.2127,3.00,155.4,0.05,8.80,-0.40,0.1493,0.1836
1778858619.019,0.2407,0.2127,3.00,155.4,-0.01,8.11,-0.18,0.1529,0.1836
1778858619.087,0.2461,0.2127,3.00,155.4,0.69,8.81,-0.37,0.1552,0.1836
1778858619.154,0.2481,0.2127,3.00,155.4,1.15,8.74,-0.76,0.1530,0.1836
1778858619.218,0.2509,0.2127,3.00,155.4,1.14,8.66,-0.88,0.1521,0.1836
1778858619.285,0.2576,0.2107,3.00,155.4,1.31,8.65,-0.93,0.1508,0.1810
1778858619.351,0.2582,0.2087,3.00,155.4,1.64,9.66,-1.30,0.1469,0.1783
1778858619.423,0.2580,0.2068,3.00,155.4,2.14,10.83,-1.79,0.1414,0.1757
1778858619.487,0.2591,0.2048,3.00,155.4,2.12,8.76,-1.63,0.1440,0.1730
1778858619.555,0.2556,0.2028,3.00,155.4,2.06,6.37,-1.32,0.1410,0.1704
1778858619.620,0.2548,0.2008,3.00,155.4,1.95,4.28,-1.12,0.1431,0.1677
1778858619.687,0.2599,0.1988,3.00,155.4,2.21,4.44,-1.17,0.1405,0.1651
1778858619.754,0.2542,0.1968,3.00,155.4,2.35,5.05,-1.06,0.1391,0.1624
1778858619.820,0.2585,0.1948,3.00,155.4,2.11,5.06,-0.73,0.1411,0.1598
1778858619.888,0.2564,0.1928,3.00,155.4,2.11,5.68,-0.56,0.1475,0.1571
1778858619.955,0.2596,0.1909,3.00,155.4,2.24,4.27,-0.26,0.1452,0.1545
1778858620.019,0.2579,0.1889,3.00,155.4,2.20,3.98,-0.10,0.1418,0.1518
1778858620.087,0.2591,0.1869,3.00,155.4,2.19,3.11,-0.08,0.1430,0.1492
1778858620.156,0.2590,0.1849,3.00,155.4,2.20,2.98,-0.15,0.1420,0.1465
1778858620.220,0.2594,0.1829,3.00,155.4,2.40,3.39,-0.15,0.1429,0.1439
1778858620.288,0.2677,0.1809,3.00,155.4,2.58,6.11,-0.33,0.1453,0.1412
1778858620.353,0.2700,0.1789,3.00,155.4,3.23,5.91,-0.34,0.1415,0.1386
1778858620.421,0.2685,0.1769,3.00,155.4,3.44,7.18,-0.35,0.1395,0.1359
1778858620.486,0.2666,0.1750,3.00,155.4,3.46,7.17,-0.27,0.1408,0.1333
1778858620.555,0.2662,0.1730,3.00,155.4,3.54,6.97,-0.30,0.1400,0.1306
1778858620.621,0.2689,0.1710,3.00,155.4,3.44,6.79,-0.38,0.1398,0.1280
1778858620.686,0.2706,0.1690,3.00,155.4,3.47,7.46,-0.43,0.1411,0.1253
1778858620.755,0.2719,0.1670,3.00,155.4,3.67,7.53,-0.39,0.1409,0.1227
1778858620.822,0.2731,0.1650,3.00,155.4,3.71,7.31,-0.43,0.1419,0.1200
1778858620.887,0.2733,0.1630,3.00,155.4,3.65,6.89,-0.52,0.1405,0.1174
1778858620.954,0.2720,0.1610,3.00,155.4,3.60,6.42,-0.57,0.1397,0.1147
1778858621.021,0.2716,0.1590,3.00,155.4,3.53,6.23,-0.59,0.1392,0.1121
1778858621.088,0.2687,0.1571,3.00,155.4,3.45,6.17,-0.56,0.1379,0.1094
1778858621.154,0.2615,0.1551,3.00,155.4,3.27,5.79,-0.45,0.1372,0.1068
1778858621.219,0.2549,0.1531,3.00,155.4,3.16,6.45,-0.46,0.1363,0.1041
1778858621.288,0.2482,0.1511,3.00,155.4,2.99,6.35,-0.25,0.1361,0.1015
1778858621.353,0.2272,0.1491,3.00,155.4,2.87,5.98,-0.12,0.1377,0.1000
1778858621.421,0.1734,0.1491,3.00,155.4,2.72,5.36,-0.09,0.1388,0.1000
1778858621.489,0.1802,0.1491,3.00,155.4,2.64,5.24,-0.10,0.1405,0.1000
1778858621.554,0.1825,0.1491,3.00,155.4,2.62,5.17,-0.09,0.1401,0.1000
1778858621.622,0.1852,0.1491,3.00,155.4,2.60,5.24,-0.08,0.1398,0.1000
1778858621.687,0.1910,0.1491,3.00,155.4,2.58,5.32,-0.09,0.1395,0.1000
1778858621.754,0.1939,0.1491,3.00,155.4,2.52,5.29,-0.08,0.1393,0.1000
1778858621.821,0.1954,0.1491,3.00,155.4,2.47,5.57,-0.08,0.1389,0.1000
1778858621.888,0.1820,0.1491,3.00,155.4,2.44,5.96,0.02,0.1399,0.1000
1778858621.955,0.1787,0.1491,3.00,155.4,2.45,6.24,0.15,0.1401,0.1000
1778858622.021,0.1721,0.1491,3.00,155.4,2.42,6.48,0.24,0.1398,0.1000
1778858622.088,0.1686,0.1491,3.00,155.4,2.41,6.46,0.30,0.1388,0.1000
1778858622.155,0.1669,0.1491,3.00,155.4,2.41,6.29,0.34,0.1387,0.1000
1778858622.218,0.1671,0.1474,3.00,155.4,2.41,6.29,0.37,0.1382,0.1000
1778858622.251,0.1671,0.1474,3.00,155.4,2.38,6.17,0.40,0.1380,0.1000
1778858622.286,0.1671,0.1491,3.00,155.4,2.40,6.11,0.40,0.1378,0.1000
1778858622.353,0.1680,0.1474,3.00,155.4,2.40,6.15,0.40,0.1376,0.1000
1778858622.422,0.1682,0.1474,3.00,155.4,2.38,6.23,0.39,0.1373,0.1000
1778858622.488,0.1694,0.1474,3.00,155.4,2.39,6.39,0.37,0.1369,0.1000
1778858622.555,0.1727,0.1474,3.00,155.4,2.40,6.48,0.38,0.1366,0.1000
1778858622.623,0.1780,0.1474,3.00,155.4,2.39,6.53,0.39,0.1366,0.1000
1778858622.687,0.1952,0.1474,3.00,155.4,2.49,7.22,0.41,0.1373,0.1000
1778858622.756,0.2083,0.1474,3.00,155.4,2.56,7.39,0.41,0.1379,0.1000
1778858622.822,0.2114,0.1474,3.00,155.4,2.58,7.48,0.42,0.1380,0.1000
1778858622.891,0.2120,0.1474,3.00,155.4,2.59,7.53,0.41,0.1383,0.1000
1778858622.956,0.2117,0.1474,3.00,155.4,2.64,7.52,0.42,0.1387,0.1000
1778858623.023,0.2114,0.1474,3.00,155.4,2.67,7.60,0.41,0.1389,0.1000
1778858623.089,0.2110,0.1474,3.00,155.4,2.68,7.65,0.41,0.1387,0.1000
1778858623.156,0.2099,0.1494,3.00,155.4,2.71,7.58,0.39,0.1391,0.1000
1778858623.218,0.2090,0.1514,3.00,155.4,2.68,6.70,0.40,0.1388,0.1019
1778858623.251,0.2085,0.1534,3.00,155.4,2.69,6.44,0.39,0.1387,0.1045
1778858623.286,0.2076,0.1551,3.00,155.4,2.68,6.07,0.39,0.1388,0.1068
1778858623.318,0.2069,0.1571,3.00,155.4,2.68,5.87,0.39,0.1390,0.1094
1778858623.352,0.2064,0.1587,3.00,155.4,2.67,5.59,0.41,0.1391,0.1116
1778858623.384,0.2041,0.1607,3.00,155.4,2.67,5.72,0.43,0.1392,0.1143
1778858623.419,0.2023,0.1624,3.00,155.4,2.66,5.82,0.44,0.1392,0.1165
1778858623.450,0.2004,0.1644,3.00,155.4,2.65,5.91,0.46,0.1391,0.1191
1778858623.486,0.1988,0.1660,3.00,155.4,2.64,5.95,0.48,0.1391,0.1213
1778858623.518,0.1976,0.1680,3.00,155.4,2.64,5.98,0.49,0.1390,0.1240
1778858623.552,0.1970,0.1696,3.00,155.4,2.63,6.00,0.50,0.1390,0.1262
1778858623.586,0.1968,0.1716,3.00,155.4,2.63,6.01,0.52,0.1390,0.1288
1778858623.618,0.1970,0.1732,3.00,155.4,2.63,6.03,0.52,0.1391,0.1310
1778858623.650,0.1972,0.1752,3.00,155.4,2.63,6.02,0.52,0.1394,0.1336
1778858623.686,0.1973,0.1768,3.00,155.4,2.63,6.25,0.49,0.1402,0.1358
1778858623.718,0.1976,0.1788,3.00,155.4,2.62,6.23,0.49,0.1412,0.1384
1778858623.752,0.1975,0.1804,3.00,155.4,2.59,6.34,0.48,0.1420,0.1405
1778858623.786,0.1975,0.1824,3.00,155.4,2.57,6.43,0.48,0.1423,0.1431
1778858623.816,0.1973,0.1840,3.00,155.4,2.54,6.47,0.46,0.1425,0.1453
1778858623.852,0.1974,0.1859,3.00,155.4,2.53,6.53,0.45,0.1427,0.1479
1778858623.884,0.1974,0.1875,3.00,155.4,2.49,6.63,0.44,0.1429,0.1500
1778858623.919,0.1975,0.1895,3.00,155.4,2.48,6.69,0.44,0.1430,0.1526
1778858623.949,0.1973,0.1910,3.00,155.4,2.47,6.74,0.44,0.1430,0.1547
1778858623.984,0.1974,0.1930,3.00,155.4,2.47,6.75,0.44,0.1428,0.1573
1778858624.019,0.1973,0.1946,3.00,155.4,2.45,6.72,0.44,0.1425,0.1594
1778858624.052,0.1972,0.1965,3.00,155.4,2.43,6.67,0.45,0.1427,0.1620
1778858624.086,0.1974,0.1981,3.00,155.4,2.43,6.64,0.46,0.1429,0.1641
1778858624.117,0.1973,0.2000,3.00,155.4,2.43,6.64,0.45,0.1424,0.1667
1778858624.152,0.1975,0.2016,3.00,155.4,2.42,6.59,0.46,0.1421,0.1687
1778858624.186,0.1978,0.2035,3.00,155.4,2.42,6.50,0.48,0.1413,0.1713
1778858624.218,0.1986,0.2050,3.00,155.4,2.43,6.38,0.50,0.1414,0.1734
1778858624.252,0.1995,0.2070,3.00,155.4,2.47,6.30,0.50,0.1410,0.1760
1778858624.286,0.1999,0.2085,3.00,155.4,2.50,6.33,0.48,0.1410,0.1780
1778858624.318,0.2001,0.2104,3.00,155.4,2.54,6.22,0.45,0.1408,0.1806
1778858624.353,0.2005,0.2119,3.00,155.4,2.54,6.07,0.42,0.1405,0.1826
1778858624.383,0.2009,0.2139,3.00,155.4,2.56,5.99,0.41,0.1400,0.1852
1778858624.418,0.2013,0.2154,3.00,155.4,2.63,5.99,0.39,0.1394,0.1872
1778858624.453,0.2014,0.2173,3.00,155.4,2.68,6.09,0.37,0.1393,0.1897
1778858624.485,0.2016,0.2188,3.00,155.4,2.74,6.17,0.36,0.1389,0.1917
1778858624.518,0.2017,0.2207,3.00,155.4,2.75,6.33,0.33,0.1386,0.1943
1778858624.552,0.2017,0.2222,3.00,155.4,2.76,6.39,0.32,0.1385,0.1963
1778858624.586,0.2016,0.2241,3.00,155.4,2.76,6.53,0.30,0.1387,0.1989
1778858624.617,0.2014,0.2256,3.00,155.4,2.76,6.60,0.30,0.1387,0.2008
1778858624.652,0.2013,0.2275,3.00,155.4,2.77,6.73,0.28,0.1390,0.2034
1778858624.683,0.2013,0.2290,3.00,155.4,2.74,6.67,0.29,0.1390,0.2053
1778858624.718,0.2010,0.2305,3.00,155.4,2.72,6.66,0.30,0.1388,0.2073
1778858624.753,0.2013,0.2319,3.00,155.4,2.73,6.86,0.29,0.1388,0.2093
1778858624.785,0.2011,0.2338,3.00,155.4,2.71,7.12,0.28,0.1398,0.2118
1778858624.820,0.2010,0.2357,3.00,155.4,2.72,7.20,0.27,0.1407,0.2143
1778858624.851,0.2010,0.2372,3.00,155.4,2.71,7.22,0.27,0.1413,0.2163
1778858624.886,0.2010,0.2391,3.00,155.4,2.69,7.17,0.28,0.1417,0.2188
1778858624.919,0.2012,0.2405,3.00,155.4,2.70,7.18,0.29,0.1420,0.2207
1778858624.952,0.2011,0.2424,3.00,155.4,2.69,7.18,0.28,0.1426,0.2232
1778858624.985,0.1998,0.2439,3.00,155.4,2.68,7.16,0.27,0.1429,0.2251
1778858625.020,0.1978,0.2457,3.00,155.4,2.72,7.31,0.26,0.1430,0.2277
1778858625.053,0.1974,0.2472,3.00,155.4,2.77,7.50,0.25,0.1431,0.2296
1778858625.085,0.1966,0.2491,3.00,155.4,2.78,7.51,0.25,0.1433,0.2321
1778858625.121,0.1962,0.2505,3.00,155.4,2.86,7.50,0.26,0.1435,0.2340
1778858625.150,0.1961,0.2524,3.00,155.4,2.88,7.50,0.27,0.1434,0.2365
1778858625.186,0.1961,0.2538,3.00,155.4,2.90,7.45,0.28,0.1432,0.2383
1778858625.216,0.1960,0.2556,3.00,155.4,2.90,7.39,0.28,0.1429,0.2409
1778858625.250,0.1957,0.2570,3.00,155.4,2.91,7.31,0.28,0.1426,0.2427
1778858625.285,0.1954,0.2589,3.00,155.4,2.91,7.29,0.28,0.1425,0.2452
1778858625.323,0.1952,0.2603,3.00,155.4,2.90,7.24,0.28,0.1423,0.2471
1778858625.387,0.1942,0.2622,3.00,155.4,2.88,7.18,0.28,0.1422,0.2496
1778858625.420,0.1937,0.2640,3.00,155.4,2.88,7.14,0.28,0.1422,0.2521
1778858625.452,0.1933,0.2654,3.00,155.4,2.86,7.12,0.28,0.1422,0.2539
1778858625.485,0.1928,0.2673,3.00,155.4,2.86,7.12,0.29,0.1421,0.2564
1778858625.521,0.1923,0.2687,3.00,155.4,2.84,7.07,0.29,0.1419,0.2582
1778858625.589,0.1921,0.2705,3.00,155.4,2.82,6.90,0.31,0.1416,0.2607
1778858625.654,0.1910,0.2724,3.00,155.4,2.77,6.70,0.37,0.1410,0.2632
1778858625.723,0.1851,0.2743,3.00,155.4,2.76,6.52,0.44,0.1403,0.2657
1778858625.792,0.1816,0.2761,3.00,155.4,2.76,6.43,0.50,0.1397,0.2682
1778858625.855,0.1807,0.2780,3.00,155.4,2.75,6.38,0.57,0.1395,0.2706
1778858625.924,0.1816,0.2799,3.00,155.4,2.69,6.38,0.60,0.1395,0.2731
1778858625.988,0.1834,0.2817,3.00,155.4,2.68,6.41,0.61,0.1396,0.2756
1778858626.055,0.1847,0.2836,3.00,155.4,2.68,6.42,0.62,0.1393,0.2781
1778858626.125,0.1854,0.2854,3.00,155.4,2.67,6.41,0.62,0.1391,0.2806
1778858626.190,0.1864,0.2879,3.00,155.4,2.65,6.45,0.63,0.1387,0.2838
1778858626.255,0.1878,0.2903,3.00,155.4,2.62,6.46,0.63,0.1385,0.2870
1778858626.322,0.1887,0.2927,3.00,155.4,2.62,6.40,0.65,0.1392,0.2902
1778858626.390,0.1889,0.2951,3.00,155.4,2.61,6.34,0.66,0.1395,0.2935
1778858626.456,0.1894,0.2976,3.00,155.4,2.60,6.33,0.66,0.1396,0.2967
1778858626.525,0.1901,0.3000,3.00,155.4,2.61,6.46,0.66,0.1394,0.3000
1778858626.591,0.1904,0.3025,3.00,155.4,2.59,6.56,0.66,0.1396,0.3033
1778858626.657,0.1910,0.3049,3.00,155.4,2.58,6.57,0.66,0.1402,0.3066
1778858626.723,0.1913,0.3074,3.00,155.4,2.58,6.49,0.66,0.1402,0.3099
1778858626.789,0.1914,0.3099,3.00,155.4,2.57,6.50,0.66,0.1401,0.3132
1778858626.857,0.1921,0.3124,3.00,155.4,2.54,6.60,0.64,0.1406,0.3165
1778858626.926,0.1928,0.3149,3.00,155.4,2.52,6.60,0.64,0.1409,0.3198
1778858626.989,0.1939,0.3174,3.00,155.4,2.51,6.58,0.64,0.1410,0.3232
1778858627.057,0.1951,0.3199,3.00,155.4,2.48,6.65,0.63,0.1412,0.3266
1778858627.126,0.1961,0.3186,3.00,155.4,2.43,6.67,0.62,0.1414,0.3248
1778858627.191,0.1966,0.3192,3.00,155.4,2.43,6.70,0.61,0.1412,0.3256
1778858627.256,0.1969,0.3218,3.00,155.4,2.45,6.71,0.61,0.1412,0.3290
1778858627.324,0.1985,0.3224,3.00,155.4,2.41,6.64,0.62,0.1428,0.3299
1778858627.390,0.1996,0.3211,3.00,155.4,2.40,6.60,0.62,0.1425,0.3281
1778858627.457,0.2006,0.3198,3.00,155.4,2.41,6.54,0.63,0.1421,0.3264
1778858627.523,0.2010,0.3198,3.00,155.4,2.43,6.50,0.64,0.1417,0.3264
1778858627.592,0.2012,0.3198,3.00,155.4,2.43,6.51,0.64,0.1413,0.3264
1778858627.659,0.2013,0.3198,3.00,155.4,2.44,6.52,0.65,0.1411,0.3264
1778858627.724,0.2014,0.3198,3.00,155.4,2.44,6.50,0.65,0.1411,0.3264
1778858627.790,0.2018,0.3198,3.00,155.4,2.44,6.50,0.64,0.1411,0.3264
1778858627.857,0.2026,0.3198,3.00,155.4,2.42,6.66,0.61,0.1412,0.3264
1778858627.924,0.2037,0.3198,3.00,155.4,2.42,6.84,0.59,0.1420,0.3264
1778858627.989,0.2061,0.3198,3.00,155.4,2.50,6.68,0.55,0.1420,0.3264
1778858628.058,0.2126,0.3198,3.00,155.4,2.76,6.16,0.42,0.1414,0.3264
1778858628.127,0.2161,0.3198,3.00,155.4,2.94,6.02,0.39,0.1418,0.3264
1778858628.190,0.2188,0.3178,3.00,155.4,3.02,6.13,0.33,0.1421,0.3238
1778858628.257,0.2221,0.3159,3.00,155.4,3.04,6.25,0.27,0.1423,0.3212
1778858628.322,0.2240,0.3140,3.00,155.4,2.99,6.19,0.24,0.1430,0.3186
1778858628.390,0.2256,0.3120,3.00,155.4,2.96,6.13,0.22,0.1436,0.3160
1778858628.458,0.2268,0.3101,3.00,155.4,2.93,6.24,0.19,0.1441,0.3134
1778858628.524,0.2281,0.3081,3.00,155.4,2.93,6.19,0.17,0.1443,0.3109
1778858628.590,0.2303,0.3062,3.00,155.4,2.90,6.09,0.16,0.1443,0.3083
1778858628.659,0.2320,0.3043,3.00,155.4,2.88,5.97,0.17,0.1444,0.3057
1778858628.725,0.2328,0.3023,3.00,155.4,2.85,5.91,0.17,0.1443,0.3031
1778858628.791,0.2335,0.3004,3.00,155.4,2.82,5.89,0.17,0.1445,0.3005
1778858628.857,0.2351,0.2984,3.00,155.4,2.81,6.30,0.22,0.1446,0.2979
1778858628.927,0.2365,0.2965,3.00,155.4,2.81,6.56,0.23,0.1446,0.2953
1778858628.991,0.2369,0.2946,3.00,155.4,2.78,6.63,0.25,0.1445,0.2928
1778858629.058,0.2375,0.2926,3.00,155.4,2.77,6.70,0.28,0.1443,0.2902
1778858629.126,0.2382,0.2907,3.00,155.4,2.77,6.72,0.29,0.1442,0.2876
1778858629.192,0.2387,0.2888,3.00,155.4,2.75,6.77,0.29,0.1440,0.2850
1778858629.257,0.2400,0.2868,3.00,155.4,2.74,6.80,0.29,0.1440,0.2824
1778858629.324,0.2409,0.2849,3.00,155.4,2.71,6.79,0.30,0.1442,0.2798
1778858629.389,0.2415,0.2829,3.00,155.4,2.71,6.80,0.30,0.1442,0.2773
1778858629.460,0.2419,0.2810,3.00,155.4,2.70,6.89,0.30,0.1442,0.2747
1778858629.528,0.2423,0.2791,3.00,155.4,2.71,6.92,0.30,0.1439,0.2721
1778858629.592,0.2434,0.2771,3.00,155.4,2.72,7.02,0.30,0.1439,0.2695
1778858629.657,0.2446,0.2752,3.00,155.4,2.80,7.01,0.29,0.1438,0.2669
1778858629.725,0.2462,0.2752,3.00,155.4,2.82,6.96,0.28,0.1437,0.2669
1778858629.792,0.2477,0.2752,3.00,155.4,2.84,6.92,0.27,0.1440,0.2669
1778858629.859,0.2492,0.2752,3.00,155.4,2.84,6.74,0.25,0.1441,0.2669
1778858629.925,0.2504,0.2752,3.00,155.4,2.71,7.18,0.12,0.1459,0.2669
1778858629.991,0.2524,0.2752,3.00,155.4,2.11,8.39,-0.17,0.1548,0.2669
1778858630.059,0.2553,0.2752,3.00,155.4,0.47,9.04,-0.60,0.3268,0.2669
1778858630.125,0.2537,0.2752,3.00,155.4,-0.35,11.23,-0.75,0.3846,0.2669
1778858630.190,0.2527,0.2752,3.00,155.4,-0.33,12.03,-0.67,0.3854,0.2669
1778858630.256,0.2515,0.2752,3.00,155.4,-0.20,11.96,-0.51,0.3819,0.2669
1778858630.326,0.2505,0.2752,3.00,155.4,-0.28,12.74,-0.28,0.3885,0.2669
1778858630.390,0.2525,0.2752,3.00,155.4,-0.16,14.75,-0.13,0.3881,0.2669
1778858630.462,0.2542,0.2752,3.00,155.4,-0.22,15.89,0.21,0.3833,0.2669
1778858630.526,0.2520,0.2752,3.00,155.4,-0.14,16.20,0.41,0.3804,0.2669
1778858630.593,0.1720,0.2771,3.00,155.4,-0.10,15.42,0.49,0.2995,0.2695
1778858630.659,0.1942,0.2791,3.00,155.4,-0.04,17.27,0.34,0.1897,0.2721
1778858630.724,0.2071,0.2810,3.00,155.4,-0.80,17.65,-0.03,0.2837,0.2747
1778858630.794,0.1696,0.2829,3.00,155.4,-1.10,15.80,-0.09,0.3606,0.2773
1778858630.860,0.0953,0.2849,3.00,155.4,-1.45,11.96,-0.08,0.3839,0.2798
1778858630.925,0.1403,0.2868,3.00,155.4,-1.23,13.93,-0.29,0.3955,0.2824
1778858630.992,0.1654,0.2888,3.00,155.4,-1.24,13.89,-0.33,0.3938,0.2850
1778858631.060,0.1861,0.2907,3.00,155.4,-1.02,14.11,-0.33,0.3916,0.2876
1778858631.127,0.1970,0.2926,3.00,155.4,-0.88,14.21,-0.33,0.3881,0.2902
1778858631.192,0.2042,0.2946,3.00,155.4,-0.80,14.30,-0.34,0.3834,0.2928
1778858631.258,0.2099,0.2965,3.00,155.4,-0.86,14.53,-0.39,0.3603,0.2953
1778858631.329,0.2180,0.2984,3.00,155.4,-0.32,15.65,-0.57,0.1925,0.2979
1778858631.392,0.2213,0.2984,3.00,155.4,-0.57,16.99,-0.74,0.2074,0.2979
1778858631.458,0.2247,0.2984,3.00,155.4,-0.69,19.15,-0.70,0.2725,0.2979
1778858631.527,0.2282,0.2984,3.00,155.4,-0.86,17.87,-0.54,0.3291,0.2979
1778858631.594,0.2325,0.2984,3.00,155.4,-0.75,17.07,-0.36,0.3273,0.2979
1778858631.660,0.2352,0.2984,3.00,155.4,-0.51,15.34,-0.02,0.3115,0.2979
1778858631.725,0.2356,0.2984,3.00,155.4,-0.69,15.17,-0.15,0.3927,0.2979
1778858631.791,0.2379,0.2984,3.00,155.4,-0.65,14.98,-0.29,0.3973,0.2979
1778858631.860,0.2408,0.2984,3.00,155.4,-0.33,15.19,-0.39,0.3884,0.2979
1778858631.929,0.2436,0.2984,3.00,155.4,-0.18,15.61,-0.48,0.3828,0.2979
1778858631.992,0.2449,0.2984,3.00,155.4,-0.20,15.55,-0.53,0.3818,0.2979
1778858632.061,0.2478,0.2984,3.00,155.4,-0.26,16.11,-0.63,0.3897,0.2979
1778858632.126,0.2466,0.2984,3.00,155.4,-0.23,16.17,-0.60,0.3868,0.2979
1778858632.196,0.2465,0.2984,3.00,155.4,0.14,16.38,-0.54,0.3545,0.2979
1778858632.257,0.2492,0.2984,3.00,155.4,0.82,17.00,-0.50,0.2676,0.2979
1778858632.326,0.2519,0.2984,3.00,155.4,1.06,18.16,-0.47,0.1737,0.2979
1778858632.393,0.2540,0.2984,3.00,155.4,1.38,18.58,-0.37,0.1438,0.2979
1778858632.461,0.2563,0.2984,3.00,155.4,1.87,18.16,-0.22,0.1281,0.2979
1778858632.527,0.2551,0.2984,3.00,155.4,2.71,17.39,-0.29,0.1071,0.2979
1778858632.597,0.2573,0.2984,3.00,155.4,2.92,16.95,-0.18,0.0894,0.2979
1778858632.660,0.2566,0.2984,3.00,155.4,2.94,16.24,-0.15,0.0881,0.2979
1778858632.725,0.2500,0.2984,3.00,155.4,3.33,15.79,-0.00,0.0884,0.2979
1778858632.793,0.2517,0.2984,3.00,155.4,3.25,15.18,0.02,0.0885,0.2979
1778858632.861,0.2506,0.2984,3.00,155.4,3.11,15.06,0.05,0.0897,0.2979
1778858632.927,0.2521,0.2984,3.00,155.4,3.13,14.92,0.05,0.0876,0.2979
1778858632.993,0.2524,0.2984,3.00,155.4,3.03,14.91,0.06,0.0867,0.2979
1778858633.062,0.2516,0.2984,3.00,155.4,3.01,15.06,0.06,0.0880,0.2979
1778858633.130,0.2506,0.2984,3.00,155.4,3.09,14.96,0.06,0.0889,0.2979
1778858633.196,0.2518,0.2984,3.00,155.4,3.03,15.03,0.03,0.0954,0.2979
1778858633.259,0.2547,0.2984,3.00,155.4,2.99,15.13,0.02,0.0989,0.2979
1778858633.327,0.2559,0.2984,3.00,155.4,2.98,14.99,-0.05,0.0993,0.2979
1778858633.397,0.2583,0.2984,3.00,155.4,2.99,14.83,-0.11,0.0998,0.2979
1778858633.461,0.2595,0.2984,3.00,155.4,3.03,14.75,-0.16,0.1013,0.2979
1778858633.526,0.2602,0.2984,3.00,155.4,3.07,14.49,-0.24,0.1017,0.2979
1778858633.598,0.2611,0.2984,3.00,155.4,2.90,14.31,-0.30,0.1056,0.2979
1778858633.663,0.2620,0.2984,3.00,155.4,2.82,14.14,-0.30,0.1115,0.2979
1778858633.723,0.2626,0.2984,3.00,155.4,2.72,14.09,-0.26,0.1509,0.2979
1778858633.793,0.2627,0.2965,3.00,155.4,2.62,15.07,-0.41,0.2304,0.2953
1778858633.864,0.2632,0.2946,3.00,155.4,2.30,15.02,-0.40,0.2578,0.2928
1778858633.965,0.2640,0.2946,3.00,155.4,2.09,15.25,-0.50,0.2039,0.2928
1778858634.026,0.2632,0.2946,3.00,155.4,2.13,13.94,-0.47,0.1369,0.2928
1778858634.092,0.2630,0.2946,3.00,155.4,2.22,12.79,-0.39,0.1284,0.2928
1778858634.125,0.2629,0.2946,3.00,155.4,2.38,12.44,-0.37,0.1231,0.2928
1778858634.194,0.2624,0.2946,3.00,155.4,2.60,12.11,-0.30,0.1204,0.2928
1778858634.262,0.2616,0.2946,3.00,155.4,3.04,11.14,-0.18,0.1165,0.2928
1778858634.324,0.2613,0.2946,3.00,155.4,3.22,11.00,-0.14,0.1144,0.2928
1778858634.358,0.2613,0.2940,3.00,155.4,3.27,10.92,-0.13,0.1140,0.2920
1778858634.390,0.2609,0.2940,3.00,155.4,3.38,10.80,-0.09,0.1139,0.2920
1778858634.426,0.2609,0.2934,3.00,155.4,3.38,10.83,-0.09,0.1143,0.2912
1778858634.457,0.2609,0.2934,3.00,155.4,3.38,10.88,-0.10,0.1147,0.2912
1778858634.491,0.2616,0.2929,3.00,155.4,3.39,10.85,-0.10,0.1154,0.2905
1778858634.524,0.2618,0.2929,3.00,155.4,3.43,10.87,-0.10,0.1155,0.2905
1778858634.556,0.2644,0.2923,3.00,155.4,3.27,10.78,-0.13,0.1171,0.2897
1778858634.593,0.2651,0.2923,3.00,155.4,3.26,10.91,-0.14,0.1183,0.2897
1778858634.662,0.2662,0.2923,3.00,155.4,3.18,11.15,-0.12,0.1187,0.2897
1778858634.726,0.1931,0.2942,3.00,155.4,2.94,10.81,-0.05,0.1162,0.2923
1778858634.793,0.1745,0.2962,3.00,155.4,2.78,10.99,0.06,0.1161,0.2949
1778858634.864,0.2208,0.2962,4.00,151.0,3.19,11.76,0.01,0.1183,0.2949
1778858634.931,0.2373,0.2962,4.00,151.0,3.24,11.65,-0.04,0.1178,0.2949
1778858634.992,0.2507,0.2962,4.00,151.0,3.28,11.63,-0.03,0.1179,0.2949
1778858635.059,0.2579,0.2962,4.00,151.0,3.33,11.43,-0.01,0.1177,0.2949
1778858635.129,0.2613,0.2962,4.00,151.0,3.34,11.43,-0.03,0.1181,0.2949
1778858635.197,0.2653,0.2962,4.00,151.0,3.35,11.45,-0.06,0.1183,0.2949
1778858635.264,0.2665,0.2962,4.00,151.0,3.33,11.46,-0.09,0.1189,0.2949
1778858635.330,0.2675,0.2962,4.00,151.0,3.31,11.51,-0.13,0.1192,0.2949
1778858635.398,0.2679,0.2962,4.00,151.0,3.32,11.50,-0.14,0.1196,0.2949
1778858635.460,0.2681,0.2962,4.00,151.0,3.32,11.80,-0.17,0.1207,0.2949
1778858635.530,0.2682,0.2962,4.00,151.0,3.24,11.71,-0.19,0.1216,0.2949
1778858635.597,0.2684,0.2962,4.00,151.0,3.25,11.87,-0.21,0.1225,0.2949
1778858635.664,0.2685,0.2962,4.00,151.0,3.25,11.93,-0.22,0.1227,0.2949
1778858635.730,0.2685,0.2962,4.00,151.0,3.27,12.01,-0.23,0.1225,0.2949
1778858635.798,0.2686,0.2962,4.00,151.0,3.28,12.03,-0.25,0.1224,0.2949
1778858635.865,0.2689,0.2962,4.00,151.0,3.23,11.98,-0.27,0.1231,0.2949
1778858635.929,0.2684,0.2962,4.00,151.0,3.21,11.74,-0.29,0.1237,0.2949
1778858635.998,0.2687,0.2962,4.00,151.0,3.22,11.65,-0.31,0.1251,0.2949
1778858636.065,0.2690,0.2962,4.00,151.0,3.21,11.93,-0.38,0.1288,0.2949
1778858636.133,0.2693,0.2962,4.00,151.0,3.20,12.28,-0.43,0.1306,0.2949
1778858636.196,0.2691,0.2962,4.00,151.0,3.05,12.81,-0.40,0.1315,0.2949
1778858636.263,0.2681,0.2962,4.00,151.0,3.01,12.84,-0.36,0.1321,0.2949
1778858636.327,0.2676,0.2962,4.00,151.0,2.99,12.86,-0.32,0.1323,0.2949
1778858636.399,0.2651,0.2962,4.00,151.0,3.00,12.61,-0.24,0.1307,0.2949
1778858636.461,0.2646,0.2962,4.00,151.0,2.94,12.35,-0.19,0.1286,0.2949
1778858636.529,0.2626,0.2962,4.00,151.0,2.91,12.27,-0.12,0.1278,0.2949
1778858636.596,0.2534,0.2962,4.00,151.0,3.02,12.34,-0.07,0.1273,0.2949
1778858636.660,0.2338,0.2962,4.00,151.0,3.01,12.21,0.02,0.1276,0.2949
1778858636.732,0.1945,0.2981,4.00,151.0,2.85,12.01,0.10,0.1281,0.2974
1778858636.798,0.0599,0.3006,4.00,151.0,2.14,9.95,0.09,0.1315,0.3008
1778858636.864,0.0372,0.3031,4.00,151.0,1.81,9.73,-0.03,0.1355,0.3041
1778858636.931,0.0382,0.3056,4.00,151.0,1.83,9.75,-0.03,0.1386,0.3075
1778858636.995,0.0235,0.3075,4.00,151.0,1.68,9.58,-0.08,0.1400,0.3101
1778858637.063,0.0224,0.3095,4.00,151.0,1.66,9.34,-0.05,0.1407,0.3126
1778858637.131,0.0236,0.3114,4.00,151.0,1.67,9.22,-0.03,0.1409,0.3152
1778858637.199,0.0257,0.3133,4.00,151.0,1.71,9.00,-0.01,0.1408,0.3178
1778858637.260,0.0252,0.3153,4.00,151.0,1.74,8.90,0.01,0.1407,0.3204
1778858637.328,0.0250,0.3172,4.00,151.0,1.86,8.80,0.03,0.1404,0.3230
1778858637.394,0.0255,0.3191,4.00,151.0,1.90,8.79,0.05,0.1405,0.3255
1778858637.461,0.0254,0.3211,4.00,151.0,1.95,8.76,0.07,0.1401,0.3281
1778858637.532,0.0248,0.3230,4.00,151.0,1.99,8.79,0.09,0.1396,0.3307
1778858637.599,0.0227,0.3250,4.00,151.0,2.08,8.75,0.10,0.1397,0.3333
1778858637.664,0.0241,0.3269,4.00,151.0,2.15,8.66,0.11,0.1388,0.3358
1778858637.732,0.0240,0.3288,4.00,151.0,2.17,8.65,0.12,0.1385,0.3384
1778858637.797,0.0247,0.3308,4.00,151.0,2.16,8.65,0.12,0.1383,0.3410
1778858637.862,0.0247,0.3327,4.00,151.0,2.18,8.60,0.12,0.1378,0.3436
1778858637.933,0.0251,0.3346,4.00,151.0,2.18,8.56,0.13,0.1377,0.3462
1778858637.999,0.0249,0.3366,4.00,151.0,2.17,8.58,0.14,0.1377,0.3487
1778858638.064,0.0240,0.3385,4.00,151.0,2.17,8.63,0.12,0.1377,0.3513
1778858638.130,0.0231,0.3404,4.00,151.0,2.12,8.75,0.10,0.1380,0.3539
1778858638.196,0.0227,0.3424,4.00,151.0,2.11,8.80,0.09,0.1380,0.3565
1778858638.263,0.0419,0.3443,4.00,151.0,2.58,9.37,0.14,0.1377,0.3591
1778858638.328,0.1996,0.3462,4.00,151.0,3.15,11.94,0.12,0.1351,0.3616
1778858638.393,0.2563,0.3462,4.00,151.0,3.32,12.19,-0.01,0.1313,0.3616
1778858638.463,0.2733,0.3462,4.00,151.0,3.45,12.33,-0.04,0.1290,0.3616
1778858638.532,0.2750,0.3462,4.00,151.0,3.49,12.23,-0.06,0.1276,0.3616
1778858638.599,0.2760,0.3462,4.00,151.0,3.49,12.17,-0.08,0.1269,0.3616
1778858638.663,0.2758,0.3462,4.00,151.0,3.50,12.06,-0.08,0.1265,0.3616
1778858638.731,0.2755,0.3462,4.00,151.0,3.50,12.04,-0.08,0.1264,0.3616
1778858638.799,0.2751,0.3462,4.00,151.0,3.47,11.99,-0.07,0.1262,0.3616
1778858638.862,0.2752,0.3462,4.00,151.0,3.47,11.87,-0.07,0.1259,0.3616
1778858638.930,0.2751,0.3462,4.00,151.0,3.47,11.85,-0.07,0.1259,0.3616
1778858639.000,0.2758,0.3462,4.00,151.0,3.47,11.84,-0.07,0.1265,0.3616
1778858639.064,0.2774,0.3462,4.00,151.0,3.50,11.88,-0.07,0.1269,0.3616
1778858639.131,0.2789,0.3462,4.00,151.0,3.35,12.04,-0.07,0.1270,0.3616
1778858639.194,0.2757,0.3462,4.00,151.0,3.23,12.12,-0.09,0.1274,0.3616
1778858639.262,0.2740,0.3469,4.00,151.0,3.14,12.19,-0.10,0.1274,0.3625
1778858639.331,0.2678,0.3469,4.00,151.0,3.05,12.38,-0.10,0.1276,0.3625
1778858639.395,0.2638,0.3469,4.00,151.0,2.95,12.36,-0.09,0.1278,0.3625
1778858639.465,0.2493,0.3469,4.00,151.0,2.72,12.93,-0.07,0.1280,0.3625
1778858639.530,0.2131,0.3488,4.00,151.0,2.45,13.33,0.06,0.1289,0.3651
1778858639.600,0.1955,0.3508,4.00,151.0,2.39,13.44,0.06,0.1305,0.3677
1778858639.662,0.1830,0.3527,4.00,151.0,2.22,13.29,0.07,0.1312,0.3703
1778858639.730,0.1430,0.3547,4.00,151.0,2.12,12.55,0.23,0.1318,0.3729
1778858639.795,0.0576,0.3566,4.00,151.0,1.62,10.94,0.14,0.1329,0.3755
1778858639.864,0.0342,0.3585,4.00,151.0,1.44,10.15,0.07,0.1355,0.3780
1778858639.929,0.0271,0.3605,4.00,151.0,1.43,9.76,0.11,0.1373,0.3806
1778858640.001,0.0296,0.3624,4.00,151.0,1.44,9.56,0.11,0.1381,0.3832
1778858640.063,0.0306,0.3643,4.00,151.0,1.47,9.49,0.10,0.1393,0.3858
1778858640.124,0.0299,0.3663,4.00,151.0,1.47,9.41,0.10,0.1402,0.3884
1778858640.158,0.0297,0.3682,4.00,151.0,1.45,9.40,0.10,0.1407,0.3910
1778858640.191,0.0295,0.3694,4.00,151.0,1.45,9.39,0.10,0.1410,0.3926
1778858640.224,0.0292,0.3714,4.00,151.0,1.45,9.41,0.10,0.1411,0.3952
1778858640.257,0.0288,0.3726,4.00,151.0,1.46,9.38,0.10,0.1413,0.3968
1778858640.293,0.0275,0.3745,4.00,151.0,1.46,9.41,0.09,0.1412,0.3994
1778858640.329,0.0270,0.3757,4.00,151.0,1.47,9.45,0.10,0.1413,0.4010
1778858640.395,0.0277,0.3776,4.00,151.0,1.47,9.45,0.10,0.1414,0.4035
1778858640.463,0.0276,0.3796,4.00,151.0,1.47,9.54,0.09,0.1417,0.4061
1778858640.529,0.0278,0.3815,4.00,151.0,1.48,9.56,0.09,0.1418,0.4087
1778858640.599,0.0281,0.3834,4.00,151.0,1.48,9.57,0.08,0.1422,0.4112
1778858640.665,0.0283,0.3854,4.00,151.0,1.48,9.55,0.08,0.1422,0.4138
1778858640.732,0.0293,0.3873,4.00,151.0,1.50,9.41,0.08,0.1423,0.4164
1778858640.799,0.1088,0.3892,4.00,151.0,2.17,10.66,0.03,0.1419,0.4189
1778858640.867,0.2329,0.3892,4.00,151.0,2.74,12.47,-0.07,0.1405,0.4189
1778858640.934,0.2658,0.3892,4.00,151.0,2.90,12.79,-0.11,0.1398,0.4189
1778858641.000,0.2718,0.3892,4.00,151.0,3.02,12.83,-0.09,0.1396,0.4189
1778858641.062,0.2753,0.3892,4.00,151.0,3.07,12.74,-0.08,0.1393,0.4189
1778858641.134,0.2777,0.3892,4.00,151.0,3.17,12.66,-0.07,0.1393,0.4189
1778858641.200,0.2812,0.3892,4.00,151.0,3.18,12.56,-0.07,0.1384,0.4189
1778858641.264,0.2853,0.3892,4.00,151.0,3.24,12.37,-0.06,0.1367,0.4189
1778858641.334,0.2911,0.3892,4.00,151.0,3.23,12.18,-0.07,0.1364,0.4189
1778858641.397,0.2910,0.3892,4.00,151.0,3.17,11.93,-0.08,0.1365,0.4189
1778858641.462,0.2911,0.3892,4.00,151.0,3.14,11.78,-0.09,0.1364,0.4189
1778858641.533,0.2900,0.3892,4.00,151.0,3.12,11.76,-0.11,0.1366,0.4189
1778858641.601,0.2877,0.3892,4.00,151.0,3.10,11.71,-0.12,0.1367,0.4189
1778858641.663,0.2874,0.3892,4.00,151.0,3.08,11.69,-0.13,0.1368,0.4189
1778858641.731,0.2862,0.3892,4.00,151.0,3.04,11.69,-0.13,0.1368,0.4189
1778858641.798,0.2858,0.3892,4.00,151.0,3.00,11.67,-0.13,0.1368,0.4189
1778858641.864,0.2849,0.3892,4.00,151.0,2.99,11.69,-0.13,0.1369,0.4189
1778858641.934,0.2657,0.3892,4.00,151.0,2.70,12.24,-0.08,0.1366,0.4189
1778858642.002,0.2561,0.3892,4.00,151.0,2.55,12.42,-0.05,0.1365,0.4189
1778858642.066,0.2517,0.3892,4.00,151.0,2.46,12.50,-0.04,0.1364,0.4189
1778858642.135,0.2498,0.3892,4.00,151.0,2.41,12.61,-0.06,0.1368,0.4189
1778858642.198,0.2487,0.3892,4.00,151.0,2.38,12.75,-0.08,0.1372,0.4189
1778858642.263,0.2478,0.3873,4.00,151.0,2.35,12.65,-0.07,0.1372,0.4164
1778858642.333,0.2471,0.3854,4.00,151.0,2.32,12.66,-0.07,0.1375,0.4138
1778858642.398,0.2467,0.3834,4.00,151.0,2.29,12.66,-0.07,0.1379,0.4112
1778858642.463,0.2471,0.3815,4.00,151.0,2.28,12.65,-0.06,0.1387,0.4087
1778858642.533,0.2470,0.3815,4.00,151.0,2.27,12.49,-0.04,0.1384,0.4087
1778858642.601,0.2468,0.3815,4.00,151.0,2.26,12.46,-0.04,0.1387,0.4087
1778858642.666,0.2467,0.3815,4.00,151.0,2.24,12.42,-0.05,0.1389,0.4087
1778858642.734,0.2465,0.3815,4.00,151.0,2.19,12.34,-0.04,0.1375,0.4087
1778858642.799,0.2470,0.3822,4.00,151.0,2.17,12.20,-0.01,0.1373,0.4097
1778858642.864,0.2459,0.3822,4.00,151.0,2.16,12.21,-0.00,0.1373,0.4097
1778858642.934,0.2457,0.3822,4.00,151.0,2.15,12.25,-0.00,0.1373,0.4097
1778858643.000,0.2452,0.3830,4.00,151.0,2.13,12.35,-0.01,0.1376,0.4106
1778858643.065,0.2356,0.3830,4.00,151.0,2.30,12.18,0.10,0.1361,0.4106
1778858643.133,0.2096,0.3849,4.00,151.0,2.33,12.29,0.24,0.1384,0.4132
1778858643.200,0.1942,0.3868,4.00,151.0,2.54,12.03,0.42,0.1440,0.4158
1778858643.262,0.1909,0.3895,4.00,151.0,3.23,12.59,0.47,0.1437,0.4194
1778858643.333,0.2147,0.3922,4.00,151.0,4.26,12.93,0.73,0.1430,0.4230
1778858643.398,0.2171,0.3949,4.00,151.0,5.19,13.09,0.82,0.1448,0.4266
1778858643.468,0.2198,0.3957,5.00,187.7,6.77,12.81,0.92,0.1351,0.4276
1778858643.534,0.2291,0.3965,5.00,187.7,7.45,10.93,1.12,0.1325,0.4286
1778858643.599,0.2443,0.3973,5.00,187.7,8.86,9.07,1.58,0.1302,0.4297
1778858643.664,0.2517,0.3980,5.00,187.7,9.54,7.50,1.67,0.1231,0.4307
1778858643.733,0.2641,0.3988,5.00,187.7,11.02,6.97,1.58,0.1275,0.4318
1778858643.799,0.2808,0.3996,5.00,187.7,12.54,5.97,1.79,0.1232,0.4328
1778858643.867,0.3034,0.4004,5.00,187.7,14.76,5.50,2.24,0.1228,0.4339
1778858643.936,0.3107,0.4012,5.00,187.7,16.59,4.73,2.03,0.1173,0.4508
1778858644.001,0.3296,0.4020,5.00,187.7,17.80,4.28,2.25,0.1105,0.4640
1778858644.065,0.3397,0.4028,5.00,187.7,19.32,2.96,2.08,0.1027,0.4803
1778858644.132,0.3533,0.4028,5.00,187.7,34.98,1.14,-177.74,0.0873,0.6369
1778858644.201,0.3574,0.4028,5.00,187.7,35.83,0.37,-178.03,0.0791,0.6454
1778858644.264,0.3521,0.4036,5.00,187.7,37.00,-0.50,-178.40,0.0839,0.6581
1778858644.331,0.3524,0.4044,5.00,187.7,37.95,-0.54,-178.35,0.0826,0.6687
1778858644.400,0.3485,0.4052,5.00,187.7,37.93,-0.60,-178.30,0.0878,0.6696
1778858644.468,0.3505,0.4060,5.00,187.7,38.92,-0.70,-178.34,0.0869,0.6805
1778858644.536,0.3445,0.4068,5.00,187.7,39.39,-0.88,-178.48,0.0849,0.6863
1778858644.600,0.3429,0.4076,5.00,187.7,39.31,-0.87,-178.42,0.0842,0.6866
1778858644.666,0.3472,0.4085,5.00,187.7,38.99,-0.95,-178.44,0.0835,0.6845
1778858644.732,0.3478,0.4093,5.00,187.7,39.03,-0.87,-178.43,0.0853,0.6860
1778858644.800,0.3482,0.4101,5.00,187.7,38.93,-0.97,-178.46,0.0849,0.6861
1778858644.867,0.3499,0.4109,5.00,187.7,38.74,-0.53,-178.30,0.0853,0.6853
1778858644.932,0.3475,0.4118,5.00,187.7,38.84,-0.58,-178.37,0.0853,0.6874
1778858645.000,0.3471,0.4126,5.00,187.7,39.17,-0.79,-178.48,0.0897,0.6919
1778858645.068,0.3476,0.4126,5.00,187.7,39.14,-0.76,-178.44,0.0894,0.6915
1778858645.133,0.3478,0.4126,5.00,187.7,39.04,-0.77,-178.45,0.0891,0.6905
1778858645.198,0.3449,0.4126,5.00,187.7,38.92,-0.82,-178.45,0.0894,0.6893
1778858645.265,0.3453,0.4126,5.00,187.7,38.92,-0.78,-178.43,0.0879,0.6894
1778858645.335,0.3444,0.4126,5.00,187.7,38.93,-0.78,-178.41,0.0861,0.6894
1778858645.400,0.3450,0.4126,5.00,187.7,38.94,-0.82,-178.36,0.0860,0.6895
1778858645.466,0.3429,0.4126,5.00,187.7,38.96,-0.76,-178.31,0.0855,0.6897
1778858645.534,0.3347,0.4126,5.00,187.7,38.77,-0.79,-178.29,0.0851,0.6879
1778858645.600,0.3194,0.4126,5.00,187.7,38.41,-0.83,-178.31,0.0851,0.6843
1778858645.666,0.2977,0.4126,5.00,187.7,37.79,-0.34,-178.55,0.0847,0.6780
1778858645.736,0.2459,0.4126,5.00,187.7,37.72,-0.07,-178.69,0.0835,0.6774
1778858645.801,0.2520,0.4126,5.00,187.7,37.82,-0.20,-178.68,0.0839,0.6784
1778858645.869,0.2568,0.4126,5.00,187.7,37.74,-0.26,-178.65,0.0838,0.6775
1778858645.936,0.2641,0.4126,5.00,187.7,37.65,-0.26,-178.60,0.0843,0.6766
1778858646.003,0.2668,0.4126,5.00,187.7,37.57,-0.18,-178.56,0.0843,0.6759
1778858646.067,0.2673,0.4126,5.00,187.7,37.56,-0.15,-178.56,0.0845,0.6757
1778858646.133,0.2679,0.4126,5.00,187.7,37.66,-0.12,-178.56,0.0843,0.6767
1778858646.203,0.2701,0.4126,5.00,187.7,37.63,-0.11,-178.54,0.0841,0.6765
1778858646.264,0.2719,0.4126,5.00,187.7,37.63,-0.15,-178.54,0.0841,0.6764
1778858646.298,0.2696,0.4126,5.00,187.7,37.55,-0.23,-178.57,0.0840,0.6756
1778858646.329,0.2690,0.4118,5.00,187.7,37.51,-0.26,-178.59,0.0839,0.6741
1778858646.366,0.2690,0.4118,5.00,187.7,37.56,-0.20,-178.57,0.0840,0.6746
1778858646.431,0.2692,0.4118,5.00,187.7,37.47,-0.26,-178.56,0.0838,0.6737
1778858646.501,0.2687,0.4118,5.00,187.7,37.50,-0.20,-178.53,0.0839,0.6740
1778858646.566,0.2683,0.4118,5.00,187.7,37.44,-0.20,-178.54,0.0837,0.6734
1778858646.636,0.2678,0.4118,5.00,187.7,37.35,-0.19,-178.52,0.0839,0.6726
1778858646.701,0.2665,0.4118,5.00,187.7,37.21,-0.34,-178.55,0.0843,0.6711
1778858646.766,0.2663,0.4118,5.00,187.7,37.26,-0.35,-178.55,0.0844,0.6717
1778858646.834,0.2659,0.4118,5.00,187.7,37.21,-0.42,-178.56,0.0841,0.6712
1778858646.902,0.2642,0.4118,5.00,187.7,37.17,-0.52,-178.60,0.0838,0.6707
1778858646.967,0.2624,0.4118,5.00,187.7,37.17,-0.55,-178.64,0.0833,0.6707
1778858647.034,0.2569,0.4118,5.00,187.7,37.17,-0.54,-178.71,0.0825,0.6707
1778858647.102,0.1471,0.4138,5.00,187.7,37.22,0.07,-178.59,0.0836,0.6740
1778858647.168,0.1636,0.4158,5.00,187.7,37.41,0.13,-178.64,0.0854,0.6785
1778858647.237,0.1786,0.4178,5.00,187.7,37.10,0.13,-178.62,0.0850,0.6781
1778858647.301,0.2025,0.4199,5.00,187.7,37.06,0.04,-178.63,0.0856,0.6804
1778858647.369,0.2228,0.4199,6.00,200.9,37.04,-0.10,-178.62,0.0847,0.6802
1778858647.435,0.2340,0.4199,6.00,200.9,37.13,-0.24,-178.65,0.0843,0.6811
1778858647.501,0.2441,0.4199,6.00,200.9,37.37,-0.26,-178.63,0.0823,0.6836
1778858647.567,0.2515,0.4199,6.00,200.9,37.43,-0.25,-178.61,0.0830,0.6841
1778858647.636,0.2559,0.4199,6.00,200.9,37.55,-0.12,-178.56,0.0829,0.6853
1778858647.701,0.2594,0.4199,6.00,200.9,37.66,-0.05,-178.53,0.0831,0.6865
1778858647.769,0.2631,0.4199,6.00,200.9,37.63,-0.10,-178.50,0.0830,0.6862
1778858647.834,0.2657,0.4199,6.00,200.9,37.74,-0.19,-178.52,0.0828,0.6873
1778858647.899,0.2668,0.4199,6.00,200.9,37.77,-0.21,-178.52,0.0825,0.6875
1778858647.969,0.2672,0.4199,6.00,200.9,37.65,-0.33,-178.54,0.0824,0.6863
1778858648.034,0.2676,0.4199,6.00,200.9,37.63,-0.40,-178.57,0.0823,0.6862
1778858648.101,0.2672,0.4199,6.00,200.9,37.57,-0.42,-178.57,0.0817,0.6856
1778858648.168,0.2670,0.4199,6.00,200.9,37.53,-0.41,-178.56,0.0820,0.6851
1778858648.234,0.2671,0.4199,6.00,200.9,37.53,-0.44,-178.58,0.0828,0.6852
1778858648.301,0.2677,0.4199,6.00,200.9,37.55,-0.42,-178.59,0.0831,0.6854
1778858648.370,0.2676,0.4199,6.00,200.9,37.58,-0.44,-178.61,0.0830,0.6857
1778858648.436,0.2679,0.4199,6.00,200.9,37.51,-0.46,-178.61,0.0830,0.6850
1778858648.501,0.2683,0.4199,6.00,200.9,37.56,-0.48,-178.62,0.0833,0.6854
1778858648.566,0.2686,0.4199,6.00,200.9,37.51,-0.45,-178.60,0.0837,0.6849
1778858648.637,0.2687,0.4199,6.00,200.9,37.33,-0.45,-178.59,0.0843,0.6832
1778858648.704,0.2688,0.4199,6.00,200.9,37.20,-0.43,-178.57,0.0843,0.6819
1778858648.768,0.2691,0.4199,6.00,200.9,37.01,-0.52,-178.56,0.0846,0.6799
1778858648.835,0.2694,0.4199,6.00,200.9,36.92,-0.61,-178.58,0.0847,0.6790
1778858648.902,0.2694,0.4199,6.00,200.9,36.86,-0.65,-178.58,0.0846,0.6784
1778858648.970,0.2695,0.4199,6.00,200.9,36.85,-0.63,-178.57,0.0845,0.6784
1778858649.035,0.2706,0.4199,6.00,200.9,36.90,-0.59,-178.59,0.0849,0.6788
1778858649.102,0.2726,0.4199,6.00,200.9,36.97,-0.50,-178.59,0.0852,0.6796
1778858649.168,0.2737,0.4199,6.00,200.9,36.99,-0.45,-178.62,0.0845,0.6798
1778858649.234,0.2229,0.4199,6.00,200.9,37.03,-0.31,-178.91,0.0838,0.6802
1778858649.300,0.1796,0.4219,6.00,200.9,37.23,-0.37,-179.10,0.0837,0.6848
1778858649.370,0.2145,0.4239,6.00,200.9,37.26,-0.41,-179.00,0.0835,0.6879
1778858649.434,0.2436,0.4239,7.00,191.4,37.35,-0.31,-178.86,0.0836,0.6887
1778858649.503,0.2606,0.4239,7.00,191.4,37.42,-0.20,-178.70,0.0839,0.6895
1778858649.570,0.2738,0.4239,7.00,191.4,37.42,-0.03,-178.60,0.0842,0.6894
1778858649.638,0.2807,0.4239,7.00,191.4,37.22,-0.12,-178.58,0.0849,0.6875
1778858649.703,0.2830,0.4239,7.00,191.4,37.14,-0.14,-178.57,0.0850,0.6866
1778858649.768,0.2847,0.4239,7.00,191.4,37.30,0.00,-178.53,0.0853,0.6882
1778858649.836,0.2881,0.4239,7.00,191.4,37.57,0.21,-178.45,0.0846,0.6909
1778858649.903,0.2901,0.4239,7.00,191.4,37.61,0.24,-178.44,0.0848,0.6914
1778858649.969,0.2920,0.4239,7.00,191.4,37.61,0.30,-178.41,0.0855,0.6914
1778858650.035,0.2930,0.4239,7.00,191.4,37.64,0.31,-178.41,0.0857,0.6916
1778858650.102,0.2927,0.4239,7.00,191.4,37.54,0.35,-178.38,0.0858,0.6906
1778858650.169,0.2904,0.4239,7.00,191.4,37.48,0.32,-178.35,0.0849,0.6901
1778858650.238,0.1303,0.4260,7.00,191.4,36.69,0.21,-178.45,0.0858,0.6848
1778858650.301,0.1489,0.4280,7.00,191.4,36.83,0.10,-178.62,0.0850,0.6890
1778858650.369,0.2351,0.4280,8.00,183.8,36.68,-0.10,-178.65,0.0838,0.6875
1778858650.435,0.2684,0.4280,8.00,183.8,36.64,-0.16,-178.56,0.0847,0.6871
1778858650.503,0.2798,0.4280,8.00,183.8,36.63,-0.21,-178.52,0.0851,0.6870
1778858650.569,0.2783,0.4280,8.00,183.8,36.54,-0.33,-178.53,0.0844,0.6860
1778858650.639,0.2775,0.4280,8.00,183.8,36.53,-0.43,-178.58,0.0841,0.6860
1778858650.703,0.2759,0.4280,8.00,183.8,36.57,-0.53,-178.60,0.0839,0.6864
1778858650.769,0.2749,0.4280,8.00,183.8,36.69,-0.52,-178.63,0.0838,0.6875
1778858650.836,0.2739,0.4280,8.00,183.8,36.79,-0.51,-178.64,0.0842,0.6886
1778858650.905,0.2721,0.4280,8.00,183.8,36.76,-0.47,-178.64,0.0847,0.6883
1778858650.970,0.2649,0.4280,8.00,183.8,37.00,-0.41,-178.69,0.0843,0.6906
1778858651.036,0.2593,0.4280,8.00,183.8,37.00,-0.50,-178.75,0.0844,0.6907
1778858651.103,0.2585,0.4280,8.00,183.8,36.96,-0.27,-178.69,0.0854,0.6902
1778858651.168,0.2576,0.4280,8.00,183.8,36.94,-0.19,-178.63,0.0858,0.6901
1778858651.236,0.2583,0.4280,8.00,183.8,37.01,-0.02,-178.55,0.0855,0.6907
1778858651.300,0.2586,0.4280,8.00,183.8,36.90,-0.11,-178.56,0.0850,0.6896
1778858651.371,0.2590,0.4280,8.00,183.8,36.90,-0.13,-178.55,0.0845,0.6896
1778858651.436,0.2595,0.4260,8.00,183.8,36.94,-0.23,-178.58,0.0840,0.6873
1778858651.502,0.2609,0.4239,8.00,183.8,36.98,-0.26,-178.58,0.0829,0.6851
1778858651.569,0.2620,0.4219,8.00,183.8,36.94,-0.38,-178.58,0.0830,0.6819
1778858651.637,0.2637,0.4199,8.00,183.8,37.05,-0.39,-178.57,0.0830,0.6804
1778858651.702,0.2652,0.4178,8.00,183.8,37.04,-0.44,-178.58,0.0831,0.6776
1778858651.769,0.2673,0.4158,8.00,183.8,37.15,-0.36,-178.57,0.0830,0.6759
1778858651.836,0.1265,0.4158,8.00,183.8,36.76,0.19,-178.40,0.0841,0.6721
1778858651.904,0.1554,0.4158,8.00,183.8,37.23,0.26,-178.46,0.0833,0.6767
1778858651.970,0.2057,0.4158,8.00,183.8,37.38,0.07,-178.58,0.0829,0.6782
1778858652.036,0.2359,0.4138,9.00,185.6,37.43,0.21,-178.45,0.0823,0.6760
1778858652.102,0.2528,0.4118,9.00,185.6,37.75,0.11,-178.52,0.0819,0.6765
1778858652.170,0.2616,0.4097,9.00,185.6,37.71,0.20,-178.45,0.0819,0.6734
1778858652.236,0.2670,0.4077,9.00,185.6,37.73,0.20,-178.44,0.0815,0.6709
1778858652.301,0.2693,0.4045,9.00,185.6,37.70,0.28,-178.40,0.0813,0.6663
1778858652.372,0.2710,0.4024,9.00,185.6,37.70,0.30,-178.40,0.0812,0.6636
1778858652.436,0.2727,0.4004,9.00,185.6,37.76,0.28,-178.39,0.0810,0.6615
1778858652.504,0.2735,0.3984,9.00,185.6,37.73,0.26,-178.39,0.0810,0.6585
1778858652.570,0.2743,0.3963,9.00,185.6,37.73,0.28,-178.39,0.0813,0.6558
1778858652.639,0.2749,0.3943,9.00,185.6,37.73,0.13,-178.42,0.0816,0.6530
1778858652.704,0.2759,0.3923,9.00,185.6,37.61,0.00,-178.42,0.0819,0.6491
1778858652.770,0.2767,0.3902,9.00,185.6,37.58,-0.08,-178.41,0.0815,0.6462
1778858652.837,0.2756,0.3882,9.00,185.6,37.52,-0.08,-178.45,0.0814,0.6428
1778858652.905,0.2756,0.3862,9.00,185.6,37.46,-0.07,-178.45,0.0813,0.6395
1778858652.970,0.2753,0.3841,9.00,185.6,37.48,-0.06,-178.44,0.0812,0.6370
1778858653.036,0.2750,0.3821,9.00,185.6,37.55,-0.00,-178.42,0.0810,0.6350
1778858653.104,0.2748,0.3801,9.00,185.6,37.60,-0.08,-178.42,0.0805,0.6327
1778858653.171,0.2744,0.3780,9.00,185.6,37.64,-0.15,-178.43,0.0802,0.6305
1778858653.238,0.2739,0.3760,9.00,185.6,37.60,-0.14,-178.42,0.0802,0.6274
1778858653.302,0.2741,0.3727,9.00,185.6,37.56,-0.12,-178.41,0.0803,0.6225
1778858653.370,0.2738,0.3694,9.00,185.6,37.41,-0.09,-178.41,0.0806,0.6167
1778858653.437,0.2737,0.3661,9.00,185.6,37.47,-0.07,-178.42,0.0804,0.6128
1778858653.505,0.2716,0.3627,9.00,185.6,37.35,-0.26,-178.44,0.0814,0.6072
1778858653.569,0.2718,0.3593,9.00,185.6,37.30,-0.47,-178.45,0.0815,0.6022
1778858653.637,0.2737,0.3560,9.00,185.6,37.24,-0.58,-178.44,0.0821,0.5970
1778858653.703,0.2723,0.3526,9.00,185.6,37.05,-0.45,-178.44,0.0824,0.5906
1778858653.770,0.2720,0.3492,9.00,185.6,37.00,-0.49,-178.46,0.0821,0.5855
1778858653.839,0.2728,0.3458,9.00,185.6,37.04,-0.46,-178.43,0.0817,0.5814
1778858653.905,0.2726,0.3423,9.00,185.6,36.74,-0.50,-178.46,0.0824,0.5739
1778858653.970,0.2730,0.3389,9.00,185.6,36.74,-0.35,-178.44,0.0829,0.5693
1778858654.037,0.2725,0.3354,9.00,185.6,36.80,-0.39,-178.45,0.0820,0.5653
1778858654.103,0.2719,0.3319,9.00,185.6,36.83,-0.38,-178.45,0.0814,0.5609
1778858654.170,0.2724,0.3285,9.00,185.6,36.94,-0.35,-178.50,0.0807,0.5573
1778858654.238,0.2671,0.3249,9.00,185.6,36.89,-0.75,-178.52,0.0799,0.5521
1778858654.303,0.2644,0.3214,9.00,185.6,36.82,-0.96,-178.56,0.0804,0.5468
1778858654.370,0.2640,0.3179,9.00,185.6,36.77,-1.05,-178.58,0.0797,0.5415
1778858654.438,0.2632,0.3143,9.00,185.6,36.64,-1.16,-178.58,0.0802,0.5356
1778858654.507,0.2638,0.3108,9.00,185.6,36.52,-1.38,-178.62,0.0807,0.5295
1778858654.570,0.2638,0.3072,9.00,185.6,36.51,-1.41,-178.63,0.0806,0.5247
1778858654.638,0.2648,0.3036,9.00,185.6,36.54,-1.45,-178.62,0.0803,0.5202
1778858654.703,0.2651,0.3000,9.00,185.6,36.54,-1.44,-178.60,0.0806,0.5154
1778858654.772,0.2663,0.2964,9.00,185.6,36.62,-1.55,-178.61,0.0805,0.5113
1778858654.837,0.2674,0.2927,9.00,185.6,36.69,-1.56,-178.60,0.0805,0.5072
1778858654.904,0.2697,0.2891,9.00,185.6,36.99,-1.50,-178.61,0.0813,0.5053
1778858654.972,0.2763,0.2854,9.00,185.6,37.20,-1.35,-178.57,0.0819,0.5025
1778858655.039,0.2817,0.2817,9.00,185.6,37.35,-1.19,-178.55,0.0824,0.4992
1778858655.104,0.2912,0.2780,9.00,185.6,37.40,-0.99,-178.49,0.0824,0.4947
1778858655.171,0.3131,0.2743,9.00,185.6,37.53,-0.24,-178.45,0.0823,0.4911
1778858655.238,0.3351,0.2706,9.00,185.6,35.52,0.59,-178.44,0.0964,0.4660
1778858655.305,0.3343,0.2668,9.00,185.6,34.32,1.28,-178.37,0.1035,0.4489
1778858655.371,0.3413,0.2646,9.00,185.6,19.03,2.09,1.56,0.0990,0.2932
1778858655.438,0.3376,0.2609,9.00,185.6,18.09,2.37,1.67,0.1082,0.2787
1778858655.505,0.3452,0.2571,9.00,185.6,17.09,2.99,1.78,0.1081,0.2637
1778858655.571,0.3505,0.2549,9.00,185.6,16.58,3.22,1.76,0.1086,0.2557
1778858655.637,0.3515,0.2527,9.00,185.6,15.61,3.75,1.84,0.1141,0.2431
1778858655.707,0.3529,0.2505,9.00,185.6,14.30,3.92,1.97,0.1148,0.2341
1778858655.773,0.3500,0.2484,9.00,185.6,13.79,3.71,1.92,0.1262,0.2312
1778858655.838,0.3477,0.2462,9.00,185.6,13.53,2.55,1.93,0.1254,0.2282
1778858655.906,0.3387,0.2440,9.00,185.6,12.72,2.83,2.00,0.1311,0.2253
1778858655.972,0.3260,0.2418,9.00,185.6,12.43,2.77,2.14,0.1273,0.2224
1778858656.039,0.3253,0.2397,9.00,185.6,12.08,3.32,2.18,0.1263,0.2195
1778858656.105,0.3260,0.2375,9.00,185.6,11.98,3.43,2.18,0.1290,0.2166
1778858656.172,0.3246,0.2353,9.00,185.6,11.80,3.16,2.09,0.1345,0.2137
1778858656.238,0.3264,0.2331,9.00,185.6,11.52,3.11,2.11,0.1295,0.2108
1778858656.302,0.3268,0.2309,9.00,185.6,11.49,2.85,2.10,0.1274,0.2079
1778858656.372,0.3277,0.2288,9.00,185.6,11.50,2.78,2.03,0.1298,0.2050
1778858656.439,0.3273,0.2266,9.00,185.6,11.40,2.65,1.96,0.1296,0.2021
1778858656.505,0.3290,0.2244,9.00,185.6,11.51,2.45,2.03,0.1287,0.1992
1778858656.572,0.3264,0.2222,9.00,185.6,11.57,2.43,2.08,0.1293,0.1963
1778858656.638,0.3296,0.2200,9.00,185.6,11.55,2.52,2.09,0.1300,0.1934
1778858656.707,0.3312,0.2179,9.00,185.6,11.54,2.20,2.14,0.1289,0.1905
1778858656.773,0.3230,0.2157,9.00,185.6,11.33,2.01,2.08,0.1288,0.1876
1778858656.839,0.3210,0.2135,9.00,185.6,10.96,2.20,2.05,0.1325,0.1847
1778858656.905,0.3183,0.2113,9.00,185.6,10.82,2.19,2.06,0.1360,0.1818
1778858656.972,0.3186,0.2092,9.00,185.6,10.65,2.39,2.05,0.1360,0.1789
1778858657.038,0.3207,0.2070,9.00,185.6,10.76,2.14,2.01,0.1349,0.1760
1778858657.107,0.3215,0.2048,9.00,185.6,10.67,1.95,2.14,0.1330,0.1731
1778858657.172,0.3230,0.2026,8.00,185.6,10.68,2.05,2.18,0.1331,0.1702
1778858657.238,0.3247,0.2004,8.00,185.6,10.69,2.30,2.18,0.1331,0.1672
1778858657.306,0.3239,0.1983,8.00,185.6,10.69,2.44,2.16,0.1346,0.1643
1778858657.373,0.3235,0.1961,8.00,185.6,10.72,2.37,2.16,0.1348,0.1614
1778858657.438,0.3217,0.1939,8.00,185.6,10.74,2.53,2.16,0.1340,0.1585
1778858657.505,0.3223,0.1917,8.00,185.6,10.77,2.73,2.15,0.1331,0.1556
1778858657.572,0.3232,0.1895,8.00,185.6,10.64,3.18,2.26,0.1364,0.1527
1778858657.640,0.3253,0.1874,8.00,185.6,10.65,3.12,2.23,0.1383,0.1498
1778858657.705,0.3256,0.1852,8.00,185.6,10.63,3.33,2.27,0.1351,0.1469
1778858657.773,0.3299,0.1830,8.00,185.6,10.54,3.40,2.37,0.1355,0.1440
1778858657.839,0.3331,0.1808,8.00,185.6,10.53,3.53,2.41,0.1359,0.1411
1778858657.906,0.3342,0.1786,8.00,185.6,10.50,3.34,2.40,0.1358,0.1382
1778858657.972,0.3301,0.1765,8.00,185.6,10.47,3.18,2.28,0.1352,0.1353
1778858658.038,0.3329,0.1743,8.00,185.6,10.47,3.35,2.21,0.1360,0.1324
1778858658.108,0.3318,0.1721,8.00,185.6,10.47,3.41,2.16,0.1367,0.1295
1778858658.172,0.3265,0.1699,8.00,185.6,10.46,3.34,2.04,0.1358,0.1266
1778858658.239,0.3235,0.1699,8.00,185.6,10.48,3.32,1.99,0.1362,0.1266
1778858658.304,0.3229,0.1699,8.00,185.6,10.45,3.67,1.94,0.1365,0.1266
1778858658.371,0.3249,0.1699,8.00,185.6,10.42,3.79,1.84,0.1362,0.1266
1778858658.439,0.3261,0.1699,8.00,185.6,10.40,3.72,1.77,0.1366,0.1266
1778858658.505,0.3253,0.1699,8.00,185.6,10.48,3.62,1.72,0.1366,0.1266
1778858658.572,0.3246,0.1699,8.00,185.6,10.51,3.46,1.65,0.1365,0.1266
1778858658.640,0.3234,0.1699,8.00,185.6,10.57,3.53,1.60,0.1363,0.1266
1778858658.706,0.3220,0.1699,8.00,185.6,10.66,3.41,1.56,0.1358,0.1266
1778858658.773,0.3204,0.1699,8.00,185.6,10.65,3.40,1.58,0.1361,0.1266
1778858658.840,0.3179,0.1699,8.00,185.6,10.60,2.62,1.62,0.1377,0.1266
1778858658.905,0.3187,0.1699,8.00,185.6,10.59,2.15,1.65,0.1375,0.1266
1778858658.974,0.3202,0.1699,8.00,185.6,10.50,1.79,1.68,0.1384,0.1266
1778858659.039,0.3210,0.1699,8.00,185.6,10.43,1.36,1.75,0.1387,0.1266
1778858659.107,0.3225,0.1699,8.00,185.6,10.32,1.20,1.70,0.1391,0.1266
1778858659.174,0.3223,0.1699,8.00,185.6,10.25,1.21,1.65,0.1402,0.1266
1778858659.238,0.3217,0.1699,8.00,185.6,10.30,1.64,1.60,0.1390,0.1266
1778858659.305,0.3205,0.1699,8.00,185.6,10.31,1.77,1.58,0.1383,0.1266
1778858659.374,0.3200,0.1699,8.00,185.6,10.25,1.80,1.57,0.1378,0.1266
1778858659.439,0.3201,0.1699,8.00,185.6,10.23,1.82,1.56,0.1380,0.1266
1778858659.508,0.3209,0.1699,8.00,185.6,10.19,1.86,1.53,0.1379,0.1266
1778858659.572,0.3213,0.1699,8.00,185.6,10.17,2.27,1.48,0.1376,0.1266
1778858659.638,0.3215,0.1699,8.00,185.6,10.10,2.44,1.41,0.1379,0.1266
1778858659.707,0.3202,0.1699,8.00,185.6,10.09,2.45,1.40,0.1379,0.1266
1778858659.774,0.3178,0.1699,8.00,185.6,9.95,2.91,1.58,0.1381,0.1266
1778858659.840,0.3185,0.1699,8.00,185.6,9.81,3.98,1.79,0.1386,0.1266
1778858659.906,0.3202,0.1699,8.00,185.6,9.58,5.11,1.83,0.1402,0.1266
1778858659.976,0.3196,0.1699,8.00,185.6,9.56,4.97,1.99,0.1410,0.1266
1778858660.041,0.3185,0.1699,8.00,185.6,9.39,3.73,1.99,0.1427,0.1266
1778858660.108,0.3206,0.1699,8.00,185.6,9.19,7.00,1.84,0.1462,0.1266
1778858660.173,0.3224,0.1699,8.00,185.6,9.09,6.38,1.91,0.1472,0.1266
1778858660.240,0.3200,0.1699,8.00,185.6,9.08,5.56,1.73,0.1484,0.1266
1778858660.305,0.3210,0.1699,8.00,185.6,8.98,4.94,1.65,0.1490,0.1266
1778858660.374,0.3278,0.1699,8.00,185.6,8.69,5.05,1.27,0.1522,0.1266
1778858660.439,0.3221,0.1699,8.00,185.6,8.42,6.36,1.11,0.1495,0.1266
1778858660.508,0.3225,0.1699,8.00,185.6,8.34,6.24,0.89,0.1552,0.1266
1778858660.573,0.3165,0.1699,8.00,185.6,8.57,7.24,0.81,0.1510,0.1266
1778858660.642,0.3139,0.1678,8.00,185.6,8.60,7.66,0.73,0.1507,0.1237
1778858660.707,0.3130,0.1656,8.00,185.6,8.47,7.31,0.70,0.1509,0.1208
1778858660.774,0.3120,0.1634,8.00,185.6,8.26,7.20,0.70,0.1516,0.1179
1778858660.840,0.3134,0.1612,8.00,185.6,8.24,7.62,0.68,0.1507,0.1150
1778858660.906,0.3131,0.1590,8.00,185.6,8.09,6.16,0.75,0.1520,0.1121
1778858660.974,0.3128,0.1569,8.00,185.6,8.05,5.02,0.80,0.1502,0.1092
1778858661.040,0.3138,0.1547,8.00,185.6,7.94,4.78,0.92,0.1501,0.1062
1778858661.106,0.3162,0.1525,8.00,185.6,7.99,4.67,0.99,0.1495,0.1033
1778858661.176,0.3165,0.1503,8.00,185.6,7.98,4.70,1.00,0.1490,0.1004
1778858661.240,0.3163,0.1481,8.00,185.6,8.00,4.74,1.02,0.1488,0.1000
1778858661.304,0.3173,0.1460,8.00,185.6,8.01,4.74,1.02,0.1488,0.1000
1778858661.374,0.3164,0.1438,8.00,185.6,8.05,4.71,1.01,0.1494,0.1000
1778858661.444,0.3147,0.1438,8.00,185.6,8.06,5.76,1.05,0.1467,0.1000
1778858661.506,0.3126,0.1438,8.00,185.6,8.25,4.99,1.28,0.1480,0.1000
1778858661.574,0.3149,0.1438,8.00,185.6,8.21,2.71,1.54,0.1468,0.1000
1778858661.642,0.3133,0.1438,8.00,185.6,8.18,3.27,1.73,0.1477,0.1000
1778858661.709,0.3153,0.1438,8.00,185.6,8.09,5.12,2.07,0.1508,0.1000
1778858661.772,0.3144,0.1438,8.00,185.6,8.29,4.11,2.24,0.1486,0.1000
1778858661.842,0.3198,0.1438,8.00,185.6,8.37,3.51,2.31,0.1479,0.1000
1778858661.911,0.3210,0.1438,8.00,185.6,8.28,2.72,2.57,0.1501,0.1000
1778858661.978,0.3214,0.1438,8.00,185.6,8.36,0.93,2.86,0.1503,0.1000
1778858662.042,0.3229,0.1438,8.00,185.6,8.32,-0.51,3.00,0.1514,0.1000
1778858662.107,0.3242,0.1438,8.00,185.6,8.39,-1.71,3.12,0.1517,0.1000
1778858662.176,0.3254,0.1438,8.00,185.6,8.57,-0.85,3.02,0.1521,0.1000
1778858662.240,0.3271,0.1438,8.00,185.6,8.44,-1.77,2.79,0.1507,0.1000
1778858662.304,0.3295,0.1438,8.00,185.6,8.64,-1.52,2.59,0.1473,0.1000
1778858662.336,0.3291,0.1438,8.00,185.6,8.68,-0.79,2.60,0.1493,0.1000
1778858662.372,0.3287,0.1435,8.00,185.6,8.80,-0.26,2.61,0.1486,0.1000
1778858662.404,0.3305,0.1435,8.00,185.6,8.95,2.89,2.40,0.1457,0.1000
1778858662.438,0.3326,0.1432,8.00,185.6,8.96,4.90,2.21,0.1477,0.1000
1778858662.473,0.3328,0.1432,8.00,185.6,8.90,4.26,2.17,0.1490,0.1000
1778858662.538,0.3269,0.1432,8.00,185.6,8.87,4.98,1.92,0.1458,0.1000
1778858662.572,0.3263,0.1429,8.00,185.6,8.81,5.05,1.80,0.1485,0.1000
1778858662.604,0.3259,0.1429,8.00,185.6,8.73,5.52,1.64,0.1487,0.1000
1778858662.637,0.3238,0.1425,8.00,185.6,8.70,5.53,1.62,0.1480,0.1000
1778858662.673,0.3225,0.1425,8.00,185.6,8.67,5.89,1.62,0.1474,0.1000
1778858662.704,0.3213,0.1422,8.00,185.6,8.63,5.83,1.62,0.1472,0.1000
1778858662.737,0.3200,0.1422,8.00,185.6,8.64,6.04,1.61,0.1466,0.1000
1778858662.772,0.3192,0.1419,8.00,185.6,8.68,5.55,1.64,0.1465,0.1000
1778858662.805,0.3190,0.1419,8.00,185.6,8.68,5.36,1.67,0.1461,0.1000
1778858662.839,0.3193,0.1416,8.00,185.6,8.66,5.17,1.69,0.1458,0.1000
1778858662.870,0.3196,0.1416,8.00,185.6,8.64,4.98,1.71,0.1456,0.1000
1778858662.901,0.3195,0.1413,8.00,185.6,8.65,4.87,1.71,0.1456,0.1000
1778858662.937,0.3189,0.1413,8.00,185.6,8.62,4.95,1.72,0.1457,0.1000
1778858662.971,0.3192,0.1410,8.00,185.6,8.58,5.11,1.74,0.1456,0.1000
1778858663.005,0.3198,0.1410,8.00,185.6,8.49,4.99,1.79,0.1460,0.1000
1778858663.037,0.3191,0.1407,8.00,185.6,8.42,4.91,1.80,0.1462,0.1000
1778858663.072,0.3185,0.1407,8.00,185.6,8.44,4.95,1.83,0.1464,0.1000
1778858663.104,0.3186,0.1404,8.00,185.6,8.44,4.57,1.83,0.1466,0.1000
1778858663.136,0.3182,0.1404,8.00,185.6,8.46,4.28,1.82,0.1463,0.1000
1778858663.170,0.3181,0.1401,8.00,185.6,8.47,3.80,1.85,0.1462,0.1000
1778858663.205,0.3178,0.1401,8.00,185.6,8.50,3.74,1.83,0.1457,0.1000
1778858663.238,0.3180,0.1398,8.00,185.6,8.51,3.47,1.84,0.1455,0.1000
1778858663.271,0.3182,0.1398,8.00,185.6,8.50,3.31,1.84,0.1454,0.1000
1778858663.302,0.3183,0.1395,8.00,185.6,8.50,3.29,1.83,0.1454,0.1000
1778858663.337,0.3182,0.1395,8.00,185.6,8.49,3.10,1.84,0.1454,0.1000
1778858663.370,0.3182,0.1392,8.00,185.6,8.47,3.03,1.83,0.1455,0.1000
1778858663.404,0.3181,0.1392,8.00,185.6,8.45,3.05,1.83,0.1457,0.1000
1778858663.441,0.3181,0.1389,8.00,185.6,8.42,3.05,1.83,0.1460,0.1000
1778858663.506,0.3180,0.1389,8.00,185.6,8.40,2.83,1.83,0.1468,0.1000
1778858663.538,0.3179,0.1389,8.00,185.6,8.38,2.69,1.83,0.1473,0.1000
1778858663.570,0.3178,0.1387,8.00,185.6,8.34,2.71,1.83,0.1474,0.1000
1778858663.607,0.3178,0.1387,8.00,185.6,8.32,2.71,1.82,0.1474,0.1000
1778858663.673,0.3177,0.1387,8.00,185.6,8.31,2.53,1.84,0.1473,0.1000
1778858663.742,0.3175,0.1387,8.00,185.6,8.31,2.27,1.85,0.1474,0.1000
1778858663.808,0.3176,0.1387,8.00,185.6,8.33,2.21,1.86,0.1474,0.1000
1778858663.874,0.3177,0.1387,8.00,185.6,8.32,2.15,1.88,0.1475,0.1000
1778858663.941,0.3177,0.1384,7.00,185.6,8.31,2.40,1.89,0.1478,0.1000
1778858664.011,0.3179,0.1384,7.00,185.6,8.32,2.67,1.88,0.1488,0.1000
1778858664.077,0.3178,0.1384,7.00,185.6,8.31,2.70,1.87,0.1492,0.1000
1778858664.141,0.3177,0.1387,7.00,185.6,8.18,2.36,1.92,0.1550,0.1000
1778858664.209,0.3186,0.1387,7.00,185.6,8.05,2.95,1.89,0.1570,0.1000
1778858664.277,0.3192,0.1387,7.00,185.6,7.94,3.40,1.87,0.1590,0.1000
1778858664.343,0.3205,0.1387,7.00,185.6,7.92,3.85,1.85,0.1585,0.1000
1778858664.408,0.3206,0.1389,7.00,185.6,7.87,3.24,1.92,0.1616,0.1000
1778858664.474,0.3205,0.1392,7.00,185.6,7.78,3.04,1.97,0.1624,0.1000
1778858664.544,0.3204,0.1395,7.00,185.6,7.76,2.77,1.99,0.1626,0.1000
1778858664.610,0.3204,0.1398,7.00,185.6,7.79,2.90,1.99,0.1625,0.1000
1778858664.676,0.3205,0.1398,7.00,185.6,7.83,3.15,1.99,0.1624,0.1000
1778858664.740,0.3206,0.1377,7.00,185.6,7.76,3.14,1.99,0.1616,0.1000
1778858664.810,0.3197,0.1356,7.00,185.6,7.57,3.26,2.00,0.1630,0.1000
1778858664.879,0.3195,0.1356,7.00,185.6,7.60,3.52,2.01,0.1641,0.1000
1778858664.947,0.3197,0.1356,7.00,185.6,7.60,3.85,1.98,0.1625,0.1000
1778858665.008,0.3191,0.1356,7.00,185.6,7.55,4.21,1.97,0.1630,0.1000
1778858665.079,0.3185,0.1356,7.00,185.6,7.60,4.24,1.98,0.1625,0.1000
1778858665.144,0.3186,0.1356,7.00,185.6,7.60,4.59,1.97,0.1627,0.1000
1778858665.208,0.3189,0.1356,7.00,185.6,7.63,4.69,1.96,0.1632,0.1000
1778858665.280,0.3188,0.1356,7.00,185.6,7.70,4.50,2.00,0.1620,0.1000
1778858665.345,0.3186,0.1356,7.00,185.6,7.73,4.25,2.05,0.1612,0.1000
1778858665.410,0.3181,0.1356,7.00,185.6,7.79,4.25,2.07,0.1598,0.1000
1778858665.475,0.3193,0.1356,7.00,185.6,7.72,4.29,2.07,0.1604,0.1000
1778858665.543,0.3195,0.1356,7.00,185.6,7.69,4.32,2.09,0.1607,0.1000
1778858665.614,0.3193,0.1356,7.00,185.6,7.70,4.30,2.09,0.1604,0.1000
1778858665.680,0.3199,0.1356,7.00,185.6,7.77,4.30,2.08,0.1600,0.1000
1778858665.742,0.3202,0.1356,7.00,185.6,7.77,4.30,2.07,0.1600,0.1000
1778858665.813,0.3205,0.1356,7.00,185.6,7.79,4.29,2.07,0.1605,0.1000
1778858665.879,0.3201,0.1356,7.00,185.6,7.78,4.34,2.06,0.1607,0.1000
1778858665.947,0.3187,0.1356,7.00,185.6,7.87,4.31,2.04,0.1606,0.1000
1778858666.011,0.3179,0.1356,7.00,185.6,7.87,4.31,1.99,0.1600,0.1000
1778858666.075,0.3184,0.1356,7.00,185.6,7.86,4.24,1.92,0.1606,0.1000
1778858666.147,0.3181,0.1356,7.00,185.6,7.83,4.43,1.86,0.1604,0.1000
1778858666.214,0.3172,0.1356,7.00,185.6,7.86,5.24,1.75,0.1594,0.1000
1778858666.276,0.3174,0.1356,7.00,185.6,7.86,5.94,1.71,0.1595,0.1000
1778858666.344,0.3183,0.1356,7.00,185.6,7.90,5.98,1.70,0.1595,0.1000
1778858666.413,0.3189,0.1356,7.00,185.6,7.93,5.77,1.74,0.1598,0.1000
1778858666.477,0.3199,0.1356,7.00,185.6,7.94,5.67,1.74,0.1601,0.1000
1778858666.546,0.3202,0.1356,7.00,185.6,7.93,5.73,1.75,0.1604,0.1000
1778858666.613,0.3206,0.1356,7.00,185.6,7.93,5.81,1.76,0.1604,0.1000
1778858666.676,0.3203,0.1356,7.00,185.6,7.89,5.86,1.75,0.1604,0.1000
1778858666.743,0.3201,0.1335,7.00,185.6,7.88,5.82,1.69,0.1604,0.1000
1778858666.809,0.3205,0.1314,7.00,185.6,7.86,5.87,1.71,0.1605,0.1000
1778858666.879,0.3207,0.1292,7.00,185.6,7.80,5.49,1.74,0.1603,0.1000
1778858666.944,0.3209,0.1271,7.00,185.6,7.67,5.60,1.75,0.1601,0.1000
1778858667.010,0.3209,0.1250,7.00,185.6,7.65,4.81,1.77,0.1594,0.1000
1778858667.078,0.3205,0.1229,7.00,185.6,7.64,4.88,1.77,0.1594,0.1000
1778858667.144,0.3207,0.1208,7.00,185.6,7.68,4.74,1.80,0.1600,0.1000
1778858667.208,0.3205,0.1186,7.00,185.6,7.71,4.89,1.83,0.1597,0.1000
1778858667.274,0.3213,0.1165,7.00,185.6,7.71,4.70,1.83,0.1586,0.1000
1778858667.343,0.3210,0.1144,7.00,185.6,7.73,4.57,1.82,0.1584,0.1000
1778858667.409,0.3210,0.1123,7.00,185.6,7.73,4.50,1.83,0.1583,0.1000
1778858667.477,0.3219,0.1102,7.00,185.6,7.74,4.55,1.82,0.1581,0.1000
1778858667.545,0.3234,0.1081,7.00,185.6,7.73,4.64,1.80,0.1582,0.1000
1778858667.608,0.3240,0.1059,7.00,185.6,7.78,4.70,1.81,0.1581,0.1000
1778858667.677,0.3247,0.1038,7.00,185.6,7.78,4.72,1.81,0.1576,0.1000
1778858667.743,0.3248,0.1017,7.00,185.6,7.77,4.90,1.80,0.1576,0.1000
1778858667.813,0.3236,0.0996,7.00,185.6,7.69,5.17,1.73,0.1577,0.1000
1778858667.876,0.3230,0.0975,7.00,185.6,7.71,5.29,1.67,0.1575,0.1000
1778858667.938,0.3217,0.0953,7.00,185.6,7.70,5.44,1.67,0.1598,0.1000
1778858667.976,0.3213,0.0951,7.00,185.6,7.68,5.34,1.67,0.1613,0.1000
1778858668.041,0.3252,0.0930,7.00,185.6,7.67,5.44,1.58,0.1637,0.1000
1778858668.072,0.3290,0.0909,7.00,185.6,7.72,5.46,1.55,0.1638,0.1000
1778858668.109,0.3319,0.0907,7.00,185.6,7.78,5.44,1.52,0.1639,0.1000
1778858668.140,0.3345,0.0886,7.00,185.6,7.81,5.59,1.51,0.1640,0.1000
1778858668.172,0.3368,0.0884,7.00,185.6,7.84,5.63,1.49,0.1640,0.1000
1778858668.205,0.3374,0.0863,7.00,185.6,7.87,5.67,1.48,0.1639,0.1000
1778858668.244,0.3374,0.0861,7.00,185.6,7.87,5.74,1.46,0.1637,0.1000
1778858668.307,0.3378,0.0840,7.00,185.6,7.92,5.80,1.45,0.1632,0.1000
1778858668.339,0.3377,0.0819,7.00,185.6,7.95,5.83,1.44,0.1628,0.1000
1778858668.376,0.3380,0.0818,7.00,185.6,7.98,5.88,1.44,0.1626,0.1000
1778858668.443,0.3378,0.0818,7.00,185.6,7.92,6.05,1.40,0.1630,0.1000
1778858668.514,0.3369,0.0818,7.00,185.6,7.90,6.44,1.39,0.1618,0.1000
1778858668.579,0.3361,0.0818,7.00,185.6,7.95,6.58,1.36,0.1607,0.1000
1778858668.645,0.3346,0.0818,7.00,185.6,7.79,6.71,1.38,0.1600,0.1000
1778858668.714,0.3328,0.0818,7.00,185.6,7.82,7.13,1.36,0.1578,0.1000
1778858668.781,0.3314,0.0818,7.00,185.6,7.79,7.24,1.36,0.1574,0.1000
1778858668.848,0.3301,0.0818,7.00,185.6,7.77,7.19,1.36,0.1578,0.1000
1778858668.915,0.3289,0.0818,7.00,185.6,7.81,7.22,1.38,0.1585,0.1000
1778858668.978,0.3271,0.0818,7.00,185.6,7.84,7.01,1.42,0.1579,0.1000
1778858669.045,0.3262,0.0818,7.00,185.6,7.89,7.06,1.40,0.1574,0.1000
1778858669.114,0.3256,0.0818,7.00,185.6,7.93,6.93,1.40,0.1569,0.1000
1778858669.181,0.3256,0.0818,7.00,185.6,7.97,6.83,1.40,0.1562,0.1000
1778858669.245,0.3258,0.0818,7.00,185.6,8.01,6.79,1.41,0.1560,0.1000
1778858669.306,0.3261,0.0818,7.00,185.6,8.03,6.79,1.41,0.1560,0.1000
1778858669.341,0.3261,0.0818,7.00,185.6,8.05,6.77,1.41,0.1563,0.1000
1778858669.375,0.3259,0.0816,7.00,185.6,8.06,6.79,1.40,0.1562,0.1000
1778858669.406,0.3259,0.0816,7.00,185.6,8.08,6.77,1.40,0.1561,0.1000
1778858669.443,0.3259,0.0814,7.00,185.6,8.12,6.77,1.41,0.1561,0.1000
1778858669.513,0.3259,0.0814,7.00,185.6,8.23,6.94,1.39,0.1553,0.1000
1778858669.577,0.3257,0.0793,7.00,185.6,8.40,7.05,1.38,0.1543,0.1000
1778858669.648,0.3252,0.0772,7.00,185.6,8.86,6.54,1.49,0.1523,0.1000
1778858669.713,0.3246,0.0752,7.00,185.6,9.55,6.45,1.66,0.1480,0.1000
1778858669.779,0.3237,0.0731,7.00,185.6,10.64,5.83,1.99,0.1364,0.1000
1778858669.845,0.3257,0.0710,7.00,185.6,11.13,5.36,2.26,0.1399,0.1000
1778858669.912,0.3318,0.0689,7.00,185.6,11.94,4.31,2.40,0.1359,0.1000
1778858669.979,0.3330,0.0668,7.00,185.6,12.31,5.12,2.36,0.1316,0.1000
1778858670.046,0.3331,0.0647,7.00,185.6,12.59,5.23,2.35,0.1299,0.1000
1778858670.113,0.3297,0.0626,7.00,185.6,12.74,5.18,2.29,0.1350,0.1000
1778858670.180,0.3253,0.0586,7.00,185.6,13.08,4.29,1.99,0.1342,0.1000
1778858670.242,0.3241,0.0545,7.00,185.6,13.54,4.50,1.93,0.1325,0.1000
1778858670.311,0.3100,0.0504,7.00,185.6,13.50,4.54,2.01,0.1339,0.1000
1778858670.382,0.3013,0.0483,7.00,185.6,13.53,4.59,2.16,0.1285,0.1000
1778858670.446,0.2997,0.0462,7.00,185.6,13.50,3.07,2.38,0.1292,0.1000
1778858670.508,0.3003,0.0441,7.00,185.6,13.26,2.98,2.43,0.1306,0.1000
1778858670.542,0.3005,0.0420,7.00,185.6,13.27,3.24,2.46,0.1313,0.1000
1778858670.578,0.3002,0.0419,7.00,185.6,13.29,3.30,2.49,0.1323,0.1000
1778858670.643,0.2981,0.0398,7.00,185.6,13.34,3.40,2.48,0.1329,0.1000
1778858670.712,0.2967,0.0377,7.00,185.6,13.37,3.46,2.40,0.1319,0.1000
1778858670.778,0.2867,0.0356,7.00,185.6,13.38,3.63,2.40,0.1316,0.1000
1778858670.849,0.2164,0.0356,7.00,185.6,13.18,3.15,2.20,0.1323,0.1000
1778858670.912,0.2275,0.0356,8.00,173.4,13.12,3.05,2.19,0.1325,0.1000
1778858670.979,0.2321,0.0356,8.00,173.4,13.12,3.01,2.16,0.1328,0.1000
1778858671.048,0.2516,0.0356,8.00,173.4,13.10,3.03,2.16,0.1335,0.1000
1778858671.113,0.2642,0.0356,8.00,173.4,13.07,3.16,2.17,0.1339,0.1000
1778858671.183,0.2714,0.0356,8.00,173.4,13.01,3.00,2.16,0.1347,0.1000
1778858671.246,0.2838,0.0356,8.00,173.4,12.92,3.10,2.15,0.1362,0.1000
1778858671.308,0.2897,0.0356,8.00,173.4,13.02,3.61,2.10,0.1360,0.1000
1778858671.342,0.2915,0.0356,8.00,173.4,12.99,3.79,2.07,0.1359,0.1000
1778858671.376,0.2908,0.0356,8.00,173.4,13.01,4.08,2.02,0.1342,0.1000
1778858671.409,0.2912,0.0356,8.00,173.4,13.26,5.40,1.97,0.1321,0.1000
1778858671.443,0.2942,0.0355,8.00,173.4,13.21,6.45,1.87,0.1327,0.1000
1778858671.475,0.2964,0.0355,8.00,173.4,13.24,7.23,1.79,0.1323,0.1000
1778858671.509,0.2968,0.0354,8.00,173.4,12.98,7.21,1.71,0.1334,0.1000
1778858671.540,0.3003,0.0354,8.00,173.4,12.55,6.97,1.68,0.1341,0.1000
1778858671.576,0.3021,0.0353,8.00,173.4,12.02,6.73,1.61,0.1329,0.1000
1778858671.610,0.3032,0.0353,8.00,173.4,11.95,6.67,1.60,0.1324,0.1000
1778858671.675,0.3047,0.0353,8.00,173.4,11.51,6.86,1.52,0.1369,0.1000
1778858671.710,0.3086,0.0353,8.00,173.4,11.50,6.75,1.47,0.1367,0.1000
1778858671.778,0.3066,0.0353,8.00,173.4,10.83,7.54,1.48,0.1364,0.1000
1778858671.845,0.3080,0.0353,8.00,173.4,10.51,6.71,1.34,0.1321,0.1000
1778858671.910,0.3060,0.0353,8.00,173.4,10.26,6.90,1.33,0.1312,0.1000
1778858671.982,0.3077,0.0353,8.00,173.4,9.62,6.27,1.25,0.1301,0.1000
1778858672.049,0.3063,0.0353,8.00,173.4,9.27,5.72,1.09,0.1298,0.1000
1778858672.110,0.3049,0.0353,8.00,173.4,8.90,5.72,1.07,0.1341,0.1000
1778858672.183,0.3056,0.0353,8.00,173.4,8.65,6.19,0.93,0.1319,0.1000
1778858672.249,0.3068,0.0353,8.00,173.4,8.72,7.76,0.82,0.1355,0.1000
1778858672.308,0.3015,0.0353,8.00,173.4,8.31,8.24,0.73,0.1354,0.1000
1778858672.343,0.2994,0.0353,8.00,173.4,8.31,8.03,0.72,0.1325,0.1000
1778858672.377,0.2968,0.0352,8.00,173.4,8.08,7.87,0.66,0.1319,0.1000
1778858672.411,0.2977,0.0352,8.00,173.4,8.10,7.78,0.68,0.1314,0.1000
1778858672.442,0.2980,0.0351,8.00,173.4,8.04,7.81,0.67,0.1311,0.1000
1778858672.478,0.2977,0.0351,8.00,173.4,7.99,8.23,0.65,0.1318,0.1000
1778858672.508,0.2979,0.0351,7.00,173.4,8.02,8.48,0.64,0.1321,0.1000
1778858672.545,0.2997,0.0351,7.00,173.4,7.90,8.61,0.63,0.1321,0.1000
1778858672.611,0.3038,0.0351,7.00,173.4,7.24,8.34,0.42,0.1320,0.1000
1778858672.681,0.3026,0.0351,7.00,173.4,6.96,8.04,0.31,0.1349,0.1000
1778858672.745,0.2987,0.0351,7.00,173.4,6.75,7.83,0.27,0.1348,0.1000
1778858672.816,0.3006,0.0351,7.00,173.4,6.43,7.75,0.16,0.1314,0.1000
1778858672.879,0.2977,0.0351,7.00,173.4,5.76,7.62,0.15,0.1381,0.1000
1778858672.949,0.2999,0.0351,7.00,173.4,5.22,7.34,0.08,0.1356,0.1000
1778858673.015,0.3032,0.0351,7.00,173.4,4.96,7.11,0.06,0.1371,0.1000
1778858673.080,0.2908,0.0351,7.00,173.4,4.44,8.40,0.10,0.1335,0.1000
1778858673.145,0.3007,0.0330,7.00,173.4,3.89,9.05,0.00,0.1358,0.1000
1778858673.213,0.2999,0.0309,7.00,173.4,3.95,9.16,0.03,0.1354,0.1000
1778858673.282,0.2954,0.0289,7.00,173.4,3.94,9.39,0.11,0.1359,0.1000
1778858673.347,0.2945,0.0268,7.00,173.4,3.67,9.31,0.10,0.1342,0.1000
1778858673.412,0.2923,0.0247,7.00,173.4,3.40,9.22,0.09,0.1354,0.1000
1778858673.479,0.2892,0.0247,7.00,173.4,3.42,8.95,0.16,0.1363,0.1000
1778858673.548,0.2890,0.0247,7.00,173.4,3.50,8.68,0.23,0.1370,0.1000
1778858673.611,0.2898,0.0247,7.00,173.4,3.51,8.08,0.29,0.1368,0.1000
1778858673.644,0.2902,0.0247,7.00,173.4,3.49,8.03,0.31,0.1368,0.1000
1778858673.676,0.2905,0.0247,7.00,173.4,3.45,8.02,0.34,0.1373,0.1000
1778858673.710,0.2896,0.0246,7.00,173.4,3.52,8.08,0.37,0.1373,0.1000
1778858673.745,0.2891,0.0246,7.00,173.4,3.47,7.99,0.40,0.1356,0.1000
1778858673.777,0.2883,0.0246,7.00,173.4,3.46,8.09,0.40,0.1347,0.1000
1778858673.811,0.2896,0.0246,7.00,173.4,3.51,8.07,0.40,0.1346,0.1000
1778858673.842,0.2910,0.0245,7.00,173.4,3.57,7.98,0.41,0.1348,0.1000
1778858673.879,0.2927,0.0245,7.00,173.4,3.62,8.09,0.42,0.1351,0.1000
1778858673.946,0.2937,0.0245,7.00,173.4,3.67,8.26,0.45,0.1371,0.1000
1778858674.012,0.2951,0.0245,7.00,173.4,3.53,8.48,0.50,0.1365,0.1000
1778858674.079,0.2957,0.0245,7.00,173.4,3.58,8.72,0.52,0.1374,0.1000
1778858674.149,0.2949,0.0245,7.00,173.4,3.62,8.82,0.52,0.1384,0.1000
1778858674.214,0.2952,0.0245,7.00,173.4,3.69,8.77,0.53,0.1394,0.1000
1778858674.284,0.2952,0.0245,7.00,173.4,3.70,8.68,0.57,0.1414,0.1000
1778858674.341,0.2954,0.0245,7.00,173.4,3.72,8.67,0.58,0.1423,0.1000
1778858674.378,0.2955,0.0245,7.00,173.4,3.71,8.69,0.59,0.1430,0.1000
1778858674.444,0.2884,0.0245,7.00,173.4,3.72,8.86,0.60,0.1430,0.1000
1778858674.479,0.2698,0.0245,7.00,173.4,3.59,9.13,0.56,0.1410,0.1000
1778858674.546,0.0789,0.0265,7.00,173.4,2.96,6.94,0.83,0.1405,0.1000
1778858674.611,0.0227,0.0286,7.00,173.4,2.16,4.38,0.87,0.1389,0.1000
1778858674.683,0.0226,0.0306,7.00,173.4,2.15,4.34,0.83,0.1413,0.1000
1778858674.750,0.0191,0.0327,7.00,173.4,2.13,4.18,0.86,0.1422,0.1000
1778858674.817,0.0165,0.0347,7.00,173.4,2.11,4.23,0.82,0.1423,0.1000
1778858674.884,0.0113,0.0367,7.00,173.4,2.05,4.25,0.80,0.1423,0.1000
1778858674.952,0.0111,0.0388,7.00,173.4,2.04,4.32,0.80,0.1432,0.1000
1778858675.013,0.0118,0.0408,7.00,173.4,2.03,4.22,0.81,0.1438,0.1000
1778858675.080,0.0121,0.0429,7.00,173.4,2.06,4.18,0.82,0.1442,0.1000
1778858675.148,0.0120,0.0449,7.00,173.4,2.06,4.14,0.82,0.1444,0.1000
1778858675.215,0.0112,0.0469,7.00,173.4,2.07,4.12,0.83,0.1445,0.1000
1778858675.280,0.0117,0.0490,7.00,173.4,2.14,4.08,0.86,0.1443,0.1000
1778858675.349,0.0126,0.0510,7.00,173.4,2.23,4.05,0.86,0.1442,0.1000
1778858675.416,0.0128,0.0531,7.00,173.4,2.25,3.94,0.86,0.1443,0.1000
1778858675.483,0.0133,0.0551,7.00,173.4,2.26,3.95,0.87,0.1443,0.1000
1778858675.546,0.0137,0.0571,7.00,173.4,2.28,4.00,0.87,0.1443,0.1000
1778858675.617,0.0146,0.0592,7.00,173.4,2.31,4.01,0.90,0.1444,0.1000
1778858675.716,0.0157,0.0612,7.00,173.4,2.28,4.02,0.89,0.1451,0.1000
1778858675.778,0.0156,0.0633,7.00,173.4,2.20,3.86,0.87,0.1462,0.1000
1778858675.811,0.0154,0.0653,7.00,173.4,2.20,3.89,0.87,0.1463,0.1000
1778858675.843,0.0158,0.0672,7.00,173.4,2.23,3.98,0.87,0.1463,0.1000
1778858675.881,0.0166,0.0692,7.00,173.4,2.25,4.17,0.87,0.1464,0.1000
1778858675.946,0.0185,0.0713,7.00,173.4,2.25,4.43,0.86,0.1460,0.1000
1778858676.012,0.0219,0.0733,7.00,173.4,2.34,4.54,0.89,0.1455,0.1000
1778858676.046,0.0231,0.0752,7.00,173.4,2.36,4.63,0.90,0.1454,0.1000
1778858676.113,0.0232,0.0772,7.00,173.4,2.36,4.72,0.90,0.1452,0.1000
1778858676.185,0.0231,0.0793,7.00,173.4,2.37,4.64,0.91,0.1450,0.1000
1778858676.252,0.0224,0.0813,7.00,173.4,2.36,4.58,0.92,0.1450,0.1000
1778858676.318,0.0205,0.0835,7.00,173.4,2.36,4.40,0.93,0.1451,0.1000
1778858676.382,0.0204,0.0857,7.00,173.4,2.40,4.27,0.93,0.1450,0.1000
1778858676.452,0.0204,0.0878,7.00,173.4,2.51,4.07,0.89,0.1450,0.1000
1778858676.518,0.0203,0.0898,7.00,173.4,2.55,3.94,0.87,0.1451,0.1000
1778858676.582,0.0321,0.0918,7.00,173.4,2.70,4.40,0.89,0.1448,0.1000
1778858676.649,0.0757,0.0939,7.00,173.4,2.97,4.80,0.92,0.1430,0.1000
1778858676.717,0.1535,0.0959,7.00,173.4,2.70,5.74,0.79,0.1401,0.1000
1778858676.787,0.2067,0.0980,7.00,173.4,2.73,6.23,0.74,0.1392,0.1000
1778858676.848,0.2220,0.0980,7.00,173.4,2.78,6.40,0.72,0.1383,0.1000
1778858676.910,0.2328,0.0980,7.00,173.4,2.81,6.61,0.67,0.1376,0.1000
1778858676.945,0.2343,0.0978,7.00,173.4,2.79,6.65,0.65,0.1376,0.1000
1778858677.011,0.2362,0.0978,7.00,173.4,2.69,6.93,0.55,0.1373,0.1000
1778858677.044,0.2378,0.0978,7.00,173.4,2.64,6.99,0.53,0.1372,0.1000
1778858677.077,0.2392,0.0976,7.00,173.4,2.63,6.94,0.53,0.1368,0.1000
1778858677.111,0.2418,0.0955,7.00,173.4,2.69,6.91,0.55,0.1370,0.1000
1778858677.149,0.2442,0.0953,7.00,173.4,2.72,7.06,0.53,0.1376,0.1000
1778858677.213,0.2409,0.0933,7.00,173.4,2.37,8.23,0.61,0.1379,0.1000
1778858677.280,0.2418,0.0913,7.00,173.4,2.32,8.63,0.67,0.1376,0.1000
1778858677.349,0.2440,0.0892,7.00,173.4,2.27,8.79,0.68,0.1375,0.1000
1778858677.417,0.2424,0.0892,7.00,173.4,2.13,8.94,0.68,0.1379,0.1000
1778858677.482,0.2415,0.0892,7.00,173.4,2.01,9.42,0.67,0.1411,0.1000
1778858677.550,0.2411,0.0892,7.00,173.4,1.94,9.61,0.67,0.1419,0.1000
1778858677.616,0.2420,0.0892,7.00,173.4,1.90,9.67,0.67,0.1423,0.1000
1778858677.684,0.2421,0.0892,7.00,173.4,1.80,9.70,0.66,0.1426,0.1000
1778858677.750,0.2413,0.0892,7.00,173.4,1.75,9.71,0.66,0.1435,0.1000
1778858677.815,0.2410,0.0892,7.00,173.4,1.76,9.75,0.65,0.1433,0.1000
1778858677.882,0.2402,0.0892,7.00,173.4,1.73,9.65,0.65,0.1431,0.1000
1778858677.950,0.2387,0.0892,7.00,173.4,1.71,9.57,0.66,0.1432,0.1000
1778858678.014,0.2373,0.0892,7.00,173.4,1.70,9.53,0.66,0.1434,0.1000
1778858678.087,0.2202,0.0892,7.00,173.4,1.65,9.39,0.70,0.1440,0.1000
1778858678.153,0.1957,0.0913,7.00,173.4,1.61,8.91,0.68,0.1445,0.1000
1778858678.217,0.1729,0.0933,7.00,173.4,1.66,8.12,0.71,0.1445,0.1000
1778858678.286,0.1619,0.0953,7.00,173.4,1.66,7.61,0.74,0.1445,0.1000
1778858678.351,0.1540,0.0974,7.00,173.4,1.64,7.47,0.76,0.1450,0.1000
1778858678.412,0.1451,0.0994,7.00,173.4,1.65,7.22,0.76,0.1456,0.1000
1778858678.482,0.1416,0.1014,7.00,173.4,1.64,7.01,0.83,0.1460,0.1000
1778858678.552,0.1378,0.1034,7.00,173.4,1.69,6.80,0.83,0.1461,0.1000
1778858678.620,0.0532,0.1055,7.00,173.4,1.32,5.14,0.87,0.1471,0.1000
1778858678.686,0.0225,0.1075,7.00,173.4,1.02,4.56,0.84,0.1492,0.1000
1778858678.750,0.0188,0.1095,7.00,173.4,1.13,4.26,0.87,0.1512,0.1000
1778858678.818,0.0223,0.1116,7.00,173.4,1.17,4.41,0.90,0.1512,0.1000
1778858678.887,0.0233,0.1136,7.00,173.4,1.21,4.53,0.89,0.1522,0.1000
1778858678.953,0.0240,0.1156,7.00,173.4,1.22,4.72,0.87,0.1528,0.1000
1778858679.013,0.0239,0.1176,7.00,173.4,1.25,4.77,0.86,0.1539,0.1000
1778858679.047,0.0240,0.1197,7.00,173.4,1.29,4.75,0.87,0.1539,0.1000
1778858679.080,0.0245,0.1215,7.00,173.4,1.29,4.79,0.86,0.1541,0.1000
1778858679.111,0.0247,0.1235,7.00,173.4,1.32,4.77,0.86,0.1542,0.1000
1778858679.150,0.0247,0.1253,7.00,173.4,1.37,4.70,0.86,0.1543,0.1000
1778858679.218,0.0237,0.1273,7.00,173.4,1.39,4.69,0.85,0.1545,0.1000
1778858679.285,0.0234,0.1293,7.00,173.4,1.39,4.62,0.86,0.1544,0.1000
1778858679.353,0.0208,0.1293,7.00,173.4,1.47,4.56,0.88,0.1544,0.1000
1778858679.420,0.0206,0.1293,7.00,173.4,1.52,4.49,0.90,0.1542,0.1000
1778858679.485,0.0208,0.1313,7.00,173.4,1.56,4.42,0.90,0.1541,0.1000
1778858679.551,0.0226,0.1333,7.00,173.4,1.54,4.50,0.87,0.1541,0.1000
1778858679.618,0.0198,0.1354,7.00,173.4,1.51,4.50,0.87,0.1541,0.1000
1778858679.686,0.0205,0.1374,7.00,173.4,1.47,4.56,0.89,0.1545,0.1000
1778858679.749,0.0211,0.1394,7.00,173.4,1.46,4.62,0.90,0.1548,0.1000
1778858679.820,0.0204,0.1414,7.00,173.4,1.41,4.81,0.90,0.1554,0.1000
1778858679.887,0.0169,0.1434,7.00,173.4,1.27,4.85,0.86,0.1557,0.1000
1778858679.955,0.0217,0.1455,7.00,173.4,1.33,4.82,0.85,0.1555,0.1000
1778858680.016,0.0864,0.1475,7.00,173.4,1.71,5.69,0.81,0.1550,0.1000
1778858680.086,0.1826,0.1495,7.00,173.4,1.78,7.67,0.70,0.1537,0.1000
1778858680.155,0.2042,0.1515,7.00,173.4,1.76,8.43,0.65,0.1528,0.1020
1778858680.220,0.2147,0.1535,7.00,173.4,1.67,9.30,0.60,0.1518,0.1047
1778858680.287,0.2227,0.1515,7.00,173.4,1.66,9.58,0.62,0.1512,0.1020
1778858680.353,0.2313,0.1495,7.00,173.4,1.70,9.68,0.65,0.1505,0.1000
1778858680.420,0.2361,0.1495,7.00,173.4,1.69,9.72,0.64,0.1497,0.1000
1778858680.487,0.2393,0.1495,7.00,173.4,1.64,9.67,0.65,0.1493,0.1000
1778858680.554,0.2414,0.1495,7.00,173.4,1.60,9.45,0.66,0.1489,0.1000
1778858680.620,0.2420,0.1495,7.00,173.4,1.49,9.49,0.68,0.1490,0.1000
1778858680.688,0.2436,0.1495,7.00,173.4,1.36,10.17,0.57,0.1510,0.1000
1778858680.750,0.2445,0.1495,7.00,173.4,1.14,10.93,0.44,0.1535,0.1000
1778858680.820,0.2462,0.1495,7.00,173.4,0.92,11.68,0.32,0.1581,0.1000
1778858680.883,0.2486,0.1495,7.00,173.4,0.80,13.32,0.03,0.1646,0.1000
1778858680.954,0.2560,0.1495,7.00,173.4,0.81,13.69,-0.17,0.1668,0.1000
1778858681.018,0.2626,0.1495,7.00,173.4,0.80,13.65,-0.24,0.1691,0.1000
1778858681.087,0.2991,0.1495,7.00,173.4,1.32,15.04,-0.25,0.1724,0.1000
1778858681.153,0.3281,0.1495,7.00,173.4,2.04,16.53,-0.25,0.1753,0.1000
1778858681.221,0.3506,0.1495,7.00,173.4,2.19,17.08,-0.26,0.1921,0.1000
1778858681.288,0.3594,0.1495,7.00,173.4,2.21,17.47,-0.33,0.2156,0.1000
1778858681.354,0.3629,0.1495,7.00,173.4,2.29,17.65,-0.31,0.2651,0.1000
1778858681.420,0.3626,0.1495,7.00,173.4,2.25,17.71,-0.34,0.2901,0.1000
1778858681.487,0.3611,0.1495,7.00,173.4,2.26,17.80,-0.32,0.3039,0.1000
1778858681.550,0.3590,0.1495,7.00,173.4,2.23,17.91,-0.35,0.3124,0.1000
1778858681.620,0.3571,0.1495,7.00,173.4,2.22,17.99,-0.36,0.3158,0.1000
1778858681.686,0.3555,0.1495,7.00,173.4,2.22,18.12,-0.37,0.3192,0.1000
1778858681.754,0.3537,0.1495,7.00,173.4,2.18,18.47,-0.42,0.3251,0.1000
1778858681.821,0.3524,0.1495,7.00,173.4,2.14,18.56,-0.44,0.3269,0.1000
1778858681.887,0.3515,0.1475,7.00,173.4,2.10,18.56,-0.44,0.3276,0.1000
1778858681.953,0.3512,0.1455,7.00,173.4,2.05,18.54,-0.44,0.3286,0.1000
1778858682.016,0.3496,0.1434,7.00,173.4,2.08,18.60,-0.47,0.3372,0.1000
1778858682.087,0.3490,0.1434,7.00,173.4,2.04,19.69,-0.64,0.3805,0.1000
1778858682.153,0.3490,0.1434,7.00,173.4,1.92,21.11,-0.84,0.4198,0.1000
1778858682.218,0.3537,0.1434,7.00,173.4,0.84,20.75,-0.98,0.4612,0.1000
1778858682.288,0.3352,0.1434,7.00,173.4,0.27,20.63,-1.03,0.4940,0.1000
1778858682.355,0.3258,0.1434,7.00,173.4,-0.16,20.57,-1.07,0.5221,0.1000
1778858682.421,0.3142,0.1434,7.00,173.4,-0.64,20.86,-1.22,0.5473,0.1000
1778858682.488,0.3133,0.1434,7.00,173.4,-0.75,21.70,-1.34,0.5842,0.1000
1778858682.555,0.3121,0.1434,7.00,173.4,-0.82,22.03,-1.36,0.6063,0.1000
1778858682.621,0.3122,0.1434,7.00,173.4,-1.11,22.72,-1.59,0.6315,0.1000
1778858682.686,0.3145,0.1434,7.00,173.4,-0.74,23.84,-1.57,0.6468,0.1000
1778858682.753,0.3163,0.1434,7.00,173.4,-0.82,25.30,-1.78,0.6978,0.1000
1778858682.821,0.3189,0.1434,7.00,173.4,-0.83,24.69,-1.63,0.6846,0.1000
1778858682.888,0.3196,0.1434,7.00,173.4,-0.92,24.45,-1.59,0.6813,0.1000
1778858682.956,0.3203,0.1434,7.00,173.4,-1.10,23.31,-1.38,0.6629,0.1000
1778858683.017,0.3206,0.1434,7.00,173.4,-1.04,22.91,-1.31,0.6563,0.1000
1778858683.089,0.3208,0.1434,7.00,173.4,-1.09,22.61,-1.31,0.6507,0.1000
1778858683.155,0.3209,0.1434,7.00,173.4,-1.29,22.44,-1.35,0.6474,0.1000
1778858683.222,0.3217,0.1434,7.00,173.4,-1.39,21.86,-1.26,0.6396,0.1000
1778858683.289,0.2290,0.1434,7.00,173.4,-2.06,23.47,-1.47,0.6320,0.1000
1778858683.355,0.0991,0.1455,7.00,173.4,-2.76,17.74,-1.07,0.6039,0.1000
1778858683.418,0.1415,0.1475,7.00,173.4,-2.76,18.00,-1.02,0.5802,0.1000
1778858683.488,0.2008,0.1495,7.00,173.4,-2.53,17.68,-1.01,0.5549,0.1000
1778858683.554,0.2420,0.1495,8.00,187.0,-2.10,17.71,-0.84,0.5158,0.1000
1778858683.617,0.2656,0.1495,8.00,187.0,-1.65,18.44,-0.69,0.4967,0.1000
1778858683.690,0.2784,0.1495,8.00,187.0,-1.28,19.08,-0.75,0.4592,0.1000
1778858683.754,0.2855,0.1495,8.00,187.0,-0.90,19.85,-0.83,0.4082,0.1000
1778858683.821,0.2891,0.1495,8.00,187.0,0.02,21.26,-0.84,0.3809,0.1000
1778858683.886,0.2906,0.1495,8.00,187.0,0.82,21.74,-0.92,0.3147,0.1000
1778858683.955,0.2922,0.1495,8.00,187.0,1.37,21.02,-0.89,0.2397,0.1000
1778858684.018,0.2937,0.1495,8.00,187.0,1.48,21.05,-0.88,0.2256,0.1000
1778858684.085,0.2958,0.1495,8.00,187.0,1.56,20.94,-0.79,0.1965,0.1000
1778858684.154,0.2967,0.1495,8.00,187.0,1.84,20.19,-0.52,0.1748,0.1000
1778858684.219,0.2977,0.1495,8.00,187.0,1.91,19.49,-0.42,0.1628,0.1000
1778858684.288,0.2981,0.1495,8.00,187.0,2.13,18.14,-0.22,0.1500,0.1000
1778858684.353,0.2975,0.1495,8.00,187.0,2.37,16.27,0.09,0.1609,0.1000
1778858684.419,0.2967,0.1495,8.00,187.0,2.75,14.48,0.20,0.1492,0.1000
1778858684.486,0.2965,0.1495,8.00,187.0,3.15,13.68,0.29,0.1428,0.1000
1778858684.555,0.2960,0.1495,8.00,187.0,3.45,12.94,0.42,0.1344,0.1000
1778858684.622,0.2949,0.1495,8.00,187.0,3.77,13.51,0.29,0.1046,0.1000
1778858684.688,0.2948,0.1495,8.00,187.0,4.07,12.66,0.10,0.0855,0.1000
1778858684.755,0.2923,0.1495,8.00,187.0,4.45,11.53,0.19,0.0813,0.1000
1778858684.821,0.2971,0.1495,8.00,187.0,4.81,11.18,0.23,0.0856,0.1000
1778858684.889,0.3164,0.1495,8.00,187.0,5.23,10.66,0.34,0.0691,0.1000
1778858684.955,0.3219,0.1495,8.00,187.0,5.41,10.70,0.38,0.0712,0.1000
1778858685.019,0.3230,0.1495,8.00,187.0,5.40,10.87,0.36,0.0737,0.1000
1778858685.086,0.3310,0.1495,8.00,187.0,5.48,11.19,0.39,0.0740,0.1000
1778858685.153,0.3403,0.1495,8.00,187.0,5.46,12.06,0.30,0.0755,0.1000
1778858685.221,0.3288,0.1495,8.00,187.0,5.17,11.84,0.18,0.0757,0.1000
1778858685.289,0.3116,0.1495,8.00,187.0,4.65,12.15,0.11,0.0716,0.1000
1778858685.355,0.3066,0.1495,8.00,187.0,4.09,11.91,0.09,0.0673,0.1000
1778858685.423,0.3055,0.1495,8.00,187.0,3.64,11.67,0.10,0.0674,0.1000
1778858685.486,0.3046,0.1495,8.00,187.0,3.50,12.40,0.04,0.0666,0.1000
1778858685.557,0.3076,0.1495,8.00,187.0,3.26,13.17,-0.01,0.0723,0.1000
1778858685.621,0.3038,0.1495,8.00,187.0,2.79,13.14,-0.05,0.0724,0.1000
1778858685.688,0.3038,0.1495,8.00,187.0,2.75,12.75,-0.00,0.0721,0.1000
1778858685.753,0.3049,0.1495,8.00,187.0,2.44,12.75,-0.03,0.0720,0.1000
1778858685.823,0.3061,0.1495,8.00,187.0,2.30,13.09,-0.01,0.0737,0.1000
1778858685.889,0.3066,0.1495,8.00,187.0,2.07,14.36,0.14,0.0871,0.1000
1778858685.957,0.3054,0.1495,8.00,187.0,1.88,15.31,0.29,0.0904,0.1000
1778858686.020,0.3078,0.1495,8.00,187.0,1.85,14.83,0.46,0.0946,0.1000
1778858686.087,0.3121,0.1495,8.00,187.0,2.12,14.96,0.69,0.1048,0.1000
1778858686.155,0.3088,0.1495,8.00,187.0,2.09,14.73,0.83,0.1052,0.1000
1778858686.222,0.3071,0.1495,8.00,187.0,2.06,14.68,0.89,0.1054,0.1000
1778858686.288,0.3081,0.1495,8.00,187.0,1.94,14.36,1.05,0.1076,0.1000
1778858686.356,0.3083,0.1495,8.00,187.0,1.97,14.18,1.08,0.1073,0.1000
1778858686.421,0.3082,0.1495,8.00,187.0,2.08,13.66,1.09,0.1069,0.1000
1778858686.490,0.3085,0.1495,8.00,187.0,2.19,13.04,1.04,0.1011,0.1000
1778858686.555,0.3080,0.1495,8.00,187.0,2.27,12.15,1.04,0.0979,0.1000
1778858686.623,0.3058,0.1495,8.00,187.0,2.27,11.03,1.08,0.0973,0.1000
1778858686.691,0.3011,0.1495,8.00,187.0,2.46,10.56,1.03,0.0968,0.1000
1778858686.755,0.3009,0.1495,8.00,187.0,2.59,10.31,1.00,0.0965,0.1000
1778858686.820,0.2990,0.1495,8.00,187.0,2.63,9.94,0.96,0.0966,0.1000
1778858686.888,0.2962,0.1495,8.00,187.0,2.53,9.98,0.83,0.0967,0.1000
1778858686.956,0.2708,0.1495,8.00,187.0,2.35,9.62,0.79,0.0994,0.1000
1778858687.021,0.1570,0.1515,8.00,187.0,2.38,9.20,0.75,0.1109,0.1020
1778858687.088,0.0957,0.1535,8.00,187.0,1.39,10.87,0.47,0.1128,0.1047
1778858687.157,0.1254,0.1556,8.00,187.0,1.81,7.98,0.49,0.1185,0.1074
1778858687.224,0.1523,0.1576,8.00,187.0,1.82,12.07,0.75,0.1218,0.1101
1778858687.290,0.2004,0.1596,8.00,187.0,1.92,6.88,1.49,0.1126,0.1128
1778858687.357,0.2499,0.1596,9.00,207.2,-0.77,11.25,1.25,0.1227,0.1128
1778858687.423,0.2285,0.1596,9.00,207.2,1.19,-17.86,3.90,0.1314,0.1128
1778858687.490,0.2755,0.1596,9.00,207.2,3.21,-24.24,2.93,0.1288,0.1128
1778858687.558,0.2788,0.1596,9.00,207.2,2.25,-22.44,1.81,0.1372,0.1128
1778858687.622,0.2771,0.1596,9.00,207.2,2.80,-5.18,-0.98,0.1328,0.1128
1778858687.690,0.3009,0.1596,9.00,207.2,0.21,-1.40,-0.43,0.1343,0.1128
1778858687.756,0.2759,0.1596,9.00,207.2,0.31,-1.29,0.05,0.1298,0.1128
1778858687.824,0.2590,0.1596,9.00,207.2,-0.65,-10.24,0.76,0.1288,0.1128
1778858687.887,0.2305,0.1596,9.00,207.2,-3.17,-4.60,1.80,0.1159,0.1128
1778858687.957,0.2423,0.1596,9.00,207.2,-3.20,-9.22,0.97,0.1233,0.1128
1778858688.019,0.2355,0.1596,9.00,207.2,-2.60,-6.70,1.90,0.1086,0.1128
1778858688.088,0.2466,0.1596,9.00,207.2,-1.58,-12.65,2.01,0.1129,0.1128
1778858688.157,0.2117,0.1616,9.00,207.2,-3.78,-9.47,2.78,0.1131,0.1155
1778858688.223,0.2279,0.1616,10.00,186.9,-0.84,-9.69,3.40,0.1097,0.1155
1778858688.288,0.1669,0.1636,10.00,186.9,-8.10,-0.41,0.38,0.1085,0.1182
1778858688.357,0.1683,0.1657,10.00,186.9,7.71,-2.88,-0.56,0.1259,0.1209
1778858688.422,0.2015,0.1677,10.00,186.9,24.11,-5.40,179.59,0.1618,0.2146
1778858688.623,0.1360,0.1704,10.00,186.9,-6.41,-4.84,2.14,0.2312,0.1272
1778858688.686,0.1548,0.1724,10.00,186.9,-16.31,1.67,1.36,0.2627,0.1429
1778858688.757,0.1826,0.1744,10.00,186.9,20.76,-4.72,-176.67,0.2532,0.1902
1778858689.121,0.1137,0.1783,10.00,186.9,-15.09,0.21,3.60,0.2769,0.1386
1778858689.186,0.1766,0.1803,10.00,186.9,2.64,-4.23,4.43,0.2131,0.1404
1778858689.256,0.2097,0.1824,10.00,186.9,2.68,1.67,3.17,0.1525,0.1432
1778858689.488,0.2247,0.1831,10.00,186.9,16.94,-27.19,-174.88,0.2493,0.1636
1778858689.554,0.2424,0.1831,10.00,186.9,5.28,-15.81,3.46,0.3042,0.1442
1778858689.621,0.2519,0.1831,10.00,186.9,14.78,-1.85,-2.20,0.1708,0.1442
1778858689.691,0.2061,0.1852,10.00,186.9,10.66,0.25,-1.12,0.2796,0.1469
1778858689.754,0.1710,0.1872,10.00,186.9,10.99,-0.32,0.13,0.2843,0.1497
1778858689.820,0.1474,0.1893,10.00,186.9,11.90,-1.12,0.61,0.3014,0.1524
1778858689.892,0.1519,0.1914,10.00,186.9,14.95,-0.94,0.32,0.2833,0.1551
1778858689.959,0.1421,0.1934,10.00,186.9,16.63,-0.48,-0.61,0.2602,0.1742
1778858690.025,0.1304,0.1955,10.00,186.9,17.37,0.27,-1.53,0.2723,0.1844
1778858690.090,0.1299,0.1975,10.00,186.9,18.07,0.68,-1.64,0.2713,0.1940
1778858690.157,0.1630,0.1996,10.00,186.9,18.02,1.10,-2.18,0.2629,0.1964
1778858690.224,0.2022,0.2016,10.00,186.9,18.18,2.30,-2.92,0.2790,0.2006
1778858690.291,0.2343,0.2016,10.00,186.9,18.89,2.85,-2.27,0.1883,0.2077
1778858690.355,0.2125,0.2037,10.00,186.9,18.30,2.28,-2.08,0.1845,0.2046
1778858690.422,0.2259,0.2037,11.00,179.8,18.17,2.38,-1.97,0.2377,0.1833
1778858690.488,0.2107,0.2058,11.00,179.8,15.46,0.69,-0.31,0.2558,0.1589
1778858690.559,0.2114,0.2078,11.00,179.8,14.92,-0.13,-1.22,0.2499,0.1571
1778858690.623,0.2070,0.2099,11.00,179.8,18.60,1.31,-0.01,0.1617,0.1958
1778858690.687,0.1926,0.2119,11.00,179.8,20.07,-0.78,0.32,0.1391,0.2132
1778858690.759,0.1873,0.2140,11.00,179.8,22.30,-3.70,0.30,0.1357,0.2383
1778858690.823,0.1538,0.2160,11.00,179.8,23.89,-2.40,-0.15,0.1438,0.2570
1778858690.892,0.0951,0.2181,11.00,179.8,34.14,-0.07,0.91,0.1346,0.3622
1778858690.955,0.1556,0.2202,11.00,179.8,31.26,-0.19,1.05,0.0890,0.3362
1778858691.022,0.1751,0.2222,11.00,179.8,31.95,0.28,0.91,0.1032,0.3458
1778858691.090,0.1607,0.2243,11.00,179.8,25.02,0.39,0.25,0.1366,0.2792
1778858691.157,0.1408,0.2263,11.00,179.8,30.86,-2.72,3.06,0.2284,0.3404
1778858691.225,0.1130,0.2284,11.00,179.8,46.25,-12.62,-178.62,0.2979,0.4345
1778858692.661,0.0981,0.2430,11.00,179.8,18.05,-3.38,-1.22,0.1437,0.2345
1778858692.725,0.2724,0.2435,11.00,179.8,11.10,8.47,0.17,0.1286,0.2046
1778858692.792,0.1874,0.2462,11.00,179.8,9.43,9.17,0.58,0.1241,0.2082
1778858692.855,0.2269,0.2467,12.00,152.8,9.83,11.09,0.35,0.1203,0.1890
1778858692.924,0.2375,0.2473,12.00,152.8,9.94,10.34,0.36,0.1220,0.1897
1778858692.990,0.2581,0.2478,12.00,152.8,9.91,9.91,0.26,0.1211,0.1904
1778858693.060,0.2671,0.2484,12.00,152.8,10.14,9.49,-0.06,0.1229,0.1911
1778858693.126,0.2743,0.2489,12.00,152.8,10.08,8.99,-0.19,0.1219,0.1919
1778858693.188,0.2780,0.2494,12.00,152.8,9.86,8.98,-0.25,0.1220,0.1926
1778858693.256,0.2791,0.2500,12.00,152.8,10.00,8.97,-0.33,0.1213,0.1933
1778858693.327,0.2818,0.2506,12.00,152.8,9.62,9.14,-0.35,0.1208,0.1941
1778858693.391,0.2817,0.2511,12.00,152.8,9.58,9.12,-0.44,0.1236,0.1948
1778858693.458,0.2860,0.2517,12.00,152.8,9.42,9.15,-0.43,0.1242,0.1956
1778858693.526,0.2874,0.2517,12.00,152.8,8.98,9.10,-0.34,0.1274,0.1956
1778858693.593,0.2883,0.2522,12.00,152.8,8.92,9.55,-0.12,0.1286,0.1963
1778858693.656,0.2877,0.2522,12.00,152.8,8.97,8.92,-0.03,0.1298,0.1963
1778858693.727,0.2910,0.2522,12.00,152.8,8.79,8.96,0.03,0.1305,0.1963
1778858693.789,0.2972,0.2522,12.00,152.8,8.95,8.92,0.09,0.1302,0.1963
1778858693.861,0.3014,0.2522,12.00,152.8,9.02,8.38,0.14,0.1299,0.1963
1778858693.927,0.3055,0.2522,12.00,152.8,9.03,8.06,0.23,0.1302,0.1963
1778858693.988,0.3093,0.2522,12.00,152.8,8.96,8.91,0.09,0.1296,0.1963
1778858694.061,0.3108,0.2522,12.00,152.8,8.69,8.87,0.04,0.1302,0.1963
1778858694.124,0.3080,0.2522,12.00,152.8,8.60,8.73,0.09,0.1295,0.1963
1778858694.190,0.3107,0.2522,12.00,152.8,8.40,8.33,0.09,0.1301,0.1963
1778858694.261,0.3118,0.2522,12.00,152.8,8.32,7.73,0.09,0.1294,0.1963
1778858694.327,0.3113,0.2522,12.00,152.8,8.30,8.00,0.10,0.1287,0.1963
1778858694.392,0.3090,0.2522,12.00,152.8,8.27,8.13,0.03,0.1277,0.1963
1778858694.458,0.3063,0.2522,12.00,152.8,8.25,7.94,0.02,0.1264,0.1963
1778858694.524,0.3073,0.2522,12.00,152.8,8.27,7.82,-0.05,0.1261,0.1963
1778858694.594,0.3051,0.2522,12.00,152.8,8.49,7.88,-0.10,0.1261,0.1963
1778858694.661,0.3050,0.2522,12.00,152.8,8.23,8.06,-0.14,0.1261,0.1963
1778858694.728,0.3094,0.2522,12.00,152.8,8.35,8.13,-0.12,0.1271,0.1963
1778858694.793,0.3115,0.2522,12.00,152.8,8.42,8.15,-0.11,0.1272,0.1963
1778858694.856,0.3084,0.2522,12.00,152.8,8.26,7.99,-0.12,0.1259,0.1963
1778858694.928,0.3045,0.2522,11.00,152.8,8.14,7.89,-0.10,0.1285,0.2163
1778858694.988,0.3052,0.2522,11.00,152.8,8.19,7.82,-0.05,0.1289,0.2163
1778858695.058,0.3052,0.2522,11.00,152.8,8.21,7.67,-0.04,0.1287,0.2163
1778858695.126,0.3031,0.2522,11.00,152.8,8.15,7.09,-0.08,0.1255,0.2163
1778858695.191,0.3038,0.2522,11.00,152.8,8.27,6.73,-0.16,0.1261,0.2163
1778858695.257,0.3009,0.2522,11.00,152.8,8.25,6.84,-0.01,0.1267,0.2163
1778858695.328,0.3022,0.2522,11.00,152.8,8.39,6.79,0.03,0.1228,0.2163
1778858695.395,0.3012,0.2522,11.00,152.8,8.06,6.25,0.06,0.1228,0.2163
1778858695.461,0.3014,0.2522,11.00,152.8,8.11,6.09,0.15,0.1235,0.2163
1778858695.527,0.3020,0.2522,11.00,152.8,8.13,5.80,0.21,0.1237,0.2163
1778858695.590,0.3066,0.2522,11.00,152.8,7.98,4.45,0.28,0.1192,0.2163
1778858695.662,0.3043,0.2522,11.00,152.8,7.59,5.30,0.23,0.1205,0.2163
1778858695.724,0.2971,0.2522,11.00,152.8,7.60,5.68,0.27,0.1209,0.2163
1778858695.792,0.2981,0.2522,11.00,152.8,7.04,6.04,0.27,0.1186,0.2163
1778858695.860,0.2928,0.2522,11.00,152.8,6.38,5.62,0.25,0.1197,0.2163
1778858695.928,0.2887,0.2522,11.00,152.8,6.20,5.98,0.15,0.1271,0.2163
1778858695.988,0.2894,0.2522,11.00,152.8,6.06,5.89,0.17,0.1324,0.2163
1778858696.060,0.2910,0.2522,11.00,152.8,5.55,5.77,0.28,0.1319,0.2163
1778858696.124,0.2857,0.2522,11.00,152.8,5.40,5.40,0.29,0.1340,0.2163
1778858696.192,0.2814,0.2522,11.00,152.8,5.33,5.19,0.34,0.1297,0.2163
1778858696.261,0.2801,0.2522,11.00,152.8,5.39,5.47,0.37,0.1290,0.2163
1778858696.325,0.2845,0.2522,11.00,152.8,5.33,5.84,0.48,0.1285,0.2163
1778858696.393,0.2816,0.2522,11.00,152.8,5.54,4.46,0.62,0.1250,0.2163
1778858696.460,0.2777,0.2522,11.00,152.8,5.52,4.57,0.63,0.1241,0.2163
1778858696.528,0.2831,0.2522,11.00,152.8,5.48,4.26,0.57,0.1257,0.2163
1778858696.593,0.2832,0.2522,11.00,152.8,5.30,4.07,0.60,0.1273,0.2163
1778858696.660,0.2883,0.2522,11.00,152.8,4.77,4.79,0.56,0.1300,0.2163
1778858696.729,0.2943,0.2522,11.00,152.8,4.99,4.63,0.55,0.1295,0.2163
1778858696.791,0.3006,0.2522,11.00,152.8,5.17,4.39,0.53,0.1290,0.2163
1778858696.858,0.3022,0.2522,11.00,152.8,5.25,3.80,0.55,0.1291,0.2163
1778858696.927,0.3020,0.2522,11.00,152.8,4.96,3.20,0.51,0.1299,0.2163
1778858696.989,0.3015,0.2522,11.00,152.8,4.85,2.97,0.49,0.1285,0.2163
1778858697.063,0.3003,0.2522,11.00,152.8,4.69,2.77,0.49,0.1277,0.2163
1778858697.129,0.2988,0.2522,11.00,152.8,4.70,2.69,0.51,0.1273,0.2163
1778858697.192,0.2929,0.2522,11.00,152.8,4.71,2.88,0.53,0.1273,0.2163
1778858697.263,0.2903,0.2522,11.00,152.8,4.71,2.93,0.55,0.1275,0.2163
1778858697.325,0.2898,0.2522,11.00,152.8,4.64,2.89,0.56,0.1278,0.2163
1778858697.394,0.2957,0.2522,11.00,152.8,4.75,3.04,0.61,0.1278,0.2163
1778858697.461,0.3004,0.2522,11.00,152.8,4.87,3.03,0.67,0.1278,0.2163
1778858697.530,0.3027,0.2522,11.00,152.8,4.99,3.44,0.67,0.1275,0.2163
1778858697.596,0.3044,0.2522,11.00,152.8,5.02,3.38,0.67,0.1272,0.2163
1778858697.662,0.3057,0.2522,11.00,152.8,5.05,3.33,0.67,0.1273,0.2163
1778858697.728,0.3064,0.2522,11.00,152.8,5.08,3.28,0.66,0.1270,0.2163
1778858697.796,0.3064,0.2522,11.00,152.8,5.18,3.62,0.64,0.1270,0.2163
1778858697.862,0.3067,0.2522,11.00,152.8,5.26,3.86,0.63,0.1271,0.2163
1778858697.929,0.3068,0.2522,11.00,152.8,5.34,4.14,0.61,0.1271,0.2163
1778858697.989,0.3071,0.2528,11.00,152.8,5.40,4.19,0.61,0.1271,0.2171
1778858698.023,0.3078,0.2522,11.00,152.8,5.40,4.17,0.61,0.1271,0.2163
1778858698.055,0.3083,0.2522,11.00,152.8,5.42,4.23,0.61,0.1270,0.2163
1778858698.088,0.3084,0.2522,11.00,152.8,5.44,4.23,0.61,0.1270,0.2163
1778858698.125,0.3086,0.2522,11.00,152.8,5.44,4.23,0.61,0.1270,0.2163
1778858698.194,0.3097,0.2528,11.00,152.8,5.09,3.91,0.60,0.1269,0.2171
1778858698.261,0.3079,0.2534,11.00,152.8,5.11,3.57,0.62,0.1258,0.2178
1778858698.328,0.3103,0.2534,11.00,152.8,5.18,3.33,0.66,0.1244,0.2178
1778858698.395,0.3133,0.2539,11.00,152.8,5.34,3.50,0.68,0.1240,0.2186
1778858698.453,0.3156,0.2539,11.00,152.8,5.72,3.66,0.68,0.1237,0.2186
1778858698.491,0.3158,0.2534,11.00,152.8,5.71,3.50,0.71,0.1237,0.2178
1778858698.557,0.3116,0.2534,11.00,152.8,5.22,2.95,0.77,0.1254,0.2178
1778858698.628,0.3090,0.2534,11.00,152.8,5.00,2.87,0.71,0.1275,0.2178
1778858698.691,0.3090,0.2534,11.00,152.8,5.01,2.27,0.80,0.1266,0.2178
1778858698.755,0.3114,0.2534,11.00,152.8,5.22,3.00,0.79,0.1281,0.2178
1778858698.789,0.3123,0.2534,11.00,152.8,5.34,3.23,0.79,0.1286,0.2178
1778858698.824,0.3125,0.2528,11.00,152.8,5.47,3.30,0.79,0.1283,0.2171
1778858698.892,0.3101,0.2528,11.00,152.8,5.41,2.88,0.84,0.1292,0.2171
1778858698.962,0.3085,0.2528,11.00,152.8,5.44,2.66,0.86,0.1258,0.2171
1778858699.026,0.3088,0.2528,11.00,152.8,5.45,2.54,0.86,0.1257,0.2171
1778858699.094,0.3157,0.2528,11.00,152.8,5.35,1.76,0.94,0.1265,0.2171
1778858699.163,0.3163,0.2528,11.00,152.8,5.40,1.76,0.94,0.1265,0.2171
1778858699.227,0.3154,0.2528,11.00,152.8,5.40,1.77,0.94,0.1271,0.2171
1778858699.289,0.3154,0.2528,11.00,152.8,5.39,1.72,0.95,0.1269,0.2171
1778858699.323,0.3152,0.2528,11.00,152.8,5.39,1.69,0.95,0.1271,0.2171
1778858699.356,0.3160,0.2528,11.00,152.8,5.47,1.70,0.94,0.1266,0.2171
1778858699.390,0.3173,0.2528,11.00,152.8,5.52,1.81,0.94,0.1260,0.2171
1778858699.422,0.3183,0.2528,11.00,152.8,5.52,1.85,0.94,0.1262,0.2171
1778858699.459,0.3184,0.2528,11.00,152.8,5.61,2.05,0.93,0.1261,0.2171
1778858699.528,0.3172,0.2528,11.00,152.8,5.67,2.08,0.93,0.1261,0.2171
1778858699.592,0.3157,0.2528,11.00,152.8,5.69,2.09,0.92,0.1269,0.2171
1778858699.663,0.3150,0.2528,11.00,152.8,5.66,2.08,0.94,0.1268,0.2171
1778858699.729,0.3149,0.2528,11.00,152.8,5.64,2.14,0.93,0.1268,0.2171
1778858699.793,0.3146,0.2528,11.00,152.8,5.67,2.36,0.91,0.1267,0.2171
1778858699.863,0.3139,0.2528,11.00,152.8,5.64,2.64,0.90,0.1264,0.2171
1778858699.929,0.3050,0.2528,11.00,152.8,5.54,3.02,0.95,0.1264,0.2171
1778858699.991,0.3003,0.2528,11.00,152.8,5.49,3.19,0.97,0.1264,0.2171
1778858700.059,0.2978,0.2528,11.00,152.8,5.44,3.36,0.99,0.1264,0.2171
1778858700.120,0.2953,0.2528,11.00,152.8,5.42,3.43,0.99,0.1259,0.2171
1778858700.153,0.2955,0.2522,11.00,152.8,5.44,3.36,0.98,0.1258,0.2163
1778858700.186,0.2961,0.2522,11.00,152.8,5.31,3.11,0.96,0.1246,0.2163
1778858700.221,0.2973,0.2517,11.00,152.8,5.08,3.10,0.90,0.1242,0.2156
1778858700.259,0.2988,0.2517,11.00,152.8,4.88,3.13,0.85,0.1240,0.2156
1778858700.324,0.3021,0.2517,11.00,152.8,4.65,2.85,0.89,0.1256,0.2156
1778858700.356,0.3031,0.2511,11.00,152.8,4.59,2.92,0.88,0.1257,0.2148
1778858700.392,0.3046,0.2511,11.00,152.8,4.50,3.00,0.92,0.1263,0.2148
1778858700.457,0.3054,0.2511,11.00,152.8,4.47,3.22,0.94,0.1253,0.2148
1778858700.524,0.3060,0.2511,11.00,152.8,4.37,3.32,0.92,0.1255,0.2148
1778858700.558,0.3063,0.2511,11.00,152.8,4.31,3.64,0.85,0.1260,0.2148
1778858700.629,0.3071,0.2511,11.00,152.8,4.10,3.84,0.74,0.1289,0.2148
1778858700.696,0.3075,0.2511,11.00,152.8,3.82,3.46,0.78,0.1306,0.2148
1778858700.761,0.3091,0.2511,11.00,152.8,3.53,1.78,0.90,0.1326,0.2148
1778858700.829,0.3105,0.2511,11.00,152.8,3.29,1.23,0.92,0.1343,0.2148
1778858700.896,0.3108,0.2489,11.00,152.8,3.20,1.26,0.92,0.1371,0.2119
1778858700.963,0.3115,0.2489,11.00,152.8,3.18,1.29,0.92,0.1385,0.2119
1778858701.029,0.3111,0.2489,11.00,152.8,3.17,1.52,0.91,0.1390,0.2119
1778858701.097,0.3106,0.2489,11.00,152.8,3.22,1.24,0.94,0.1389,0.2119
1778858701.163,0.3093,0.2489,11.00,152.8,3.22,1.53,0.94,0.1394,0.2119
1778858701.230,0.3094,0.2489,11.00,152.8,3.30,2.07,0.93,0.1396,0.2119
1778858701.296,0.3092,0.2489,11.00,152.8,3.30,2.16,0.93,0.1398,0.2119
1778858701.358,0.3080,0.2494,11.00,152.8,3.36,2.43,0.90,0.1396,0.2126
1778858701.428,0.3058,0.2500,11.00,152.8,3.35,2.25,0.91,0.1409,0.2133
1778858701.495,0.3042,0.2506,11.00,152.8,3.39,1.92,0.93,0.1413,0.2141
1778858701.564,0.3034,0.2511,11.00,152.8,3.47,1.59,0.96,0.1426,0.2148
1778858701.631,0.3033,0.2517,11.00,152.8,3.50,1.31,0.99,0.1429,0.2156
1778858701.697,0.3032,0.2517,11.00,152.8,3.52,1.06,1.02,0.1423,0.2156
1778858701.764,0.3028,0.2517,11.00,152.8,3.65,0.90,1.09,0.1416,0.2156
1778858701.829,0.3023,0.2517,11.00,152.8,3.73,0.65,1.17,0.1405,0.2156
1778858701.897,0.3020,0.2517,11.00,152.8,3.81,0.73,1.15,0.1409,0.2156
1778858701.961,0.2967,0.2517,11.00,152.8,3.81,-0.22,1.12,0.1395,0.2156
1778858702.032,0.2931,0.2517,11.00,152.8,3.77,-0.60,1.14,0.1383,0.2156
1778858702.094,0.2893,0.2517,11.00,152.8,3.85,0.05,1.10,0.1371,0.2156
1778858702.165,0.2843,0.2517,11.00,152.8,3.91,1.99,1.08,0.1367,0.2156
1778858702.231,0.2840,0.2517,11.00,152.8,3.91,2.67,1.13,0.1363,0.2156
1778858702.300,0.2853,0.2517,11.00,152.8,3.95,3.73,1.10,0.1371,0.2156
1778858702.361,0.2921,0.2523,11.00,152.8,4.04,3.65,1.16,0.1368,0.2163
1778858702.429,0.2935,0.2528,11.00,152.8,4.20,3.06,1.17,0.1361,0.2171
1778858702.494,0.2930,0.2534,11.00,152.8,4.07,1.50,0.89,0.1395,0.2179
1778858702.565,0.2928,0.2540,11.00,152.8,3.53,-2.34,0.88,0.1398,0.2186
1778858702.627,0.2943,0.2540,11.00,152.8,3.54,-1.99,0.79,0.1399,0.2186
1778858702.697,0.2945,0.2540,11.00,152.8,3.46,0.34,1.03,0.1427,0.2186
1778858702.764,0.3001,0.2540,11.00,152.8,3.16,2.44,1.47,0.2167,0.2186
1778858702.830,0.3027,0.2540,11.00,152.8,2.99,10.43,1.11,0.3104,0.2186
1778858702.895,0.3070,0.2540,11.00,152.8,2.55,11.46,1.23,0.3787,0.2186
1778858702.964,0.3097,0.2540,11.00,152.8,1.42,11.92,1.49,0.4148,0.2186
1778858703.028,0.3072,0.2540,11.00,152.8,1.61,14.40,1.36,0.3846,0.2186
1778858703.096,0.3054,0.2540,11.00,152.8,1.25,14.66,1.19,0.4110,0.2186
1778858703.165,0.3131,0.2540,11.00,152.8,1.41,16.28,0.86,0.2814,0.2186
1778858703.231,0.3116,0.2540,11.00,152.8,1.48,17.37,1.12,0.1927,0.2186
1778858703.296,0.3104,0.2540,11.00,152.8,0.81,17.07,1.40,0.3017,0.2186
1778858703.365,0.3073,0.2540,11.00,152.8,0.88,17.51,1.47,0.3613,0.2186
1778858703.430,0.3068,0.2540,11.00,152.8,0.49,18.15,1.41,0.4199,0.2186
1778858703.498,0.3067,0.2540,10.00,152.8,0.39,18.17,1.49,0.4095,0.2386
1778858703.565,0.3087,0.2540,10.00,152.8,0.54,18.29,1.61,0.4006,0.2386
1778858703.631,0.3096,0.2540,10.00,152.8,0.56,17.35,2.12,0.3883,0.2386
1778858703.698,0.3088,0.2545,10.00,152.8,0.29,17.62,2.71,0.3802,0.2394
1778858703.765,0.2993,0.2551,10.00,152.8,0.51,18.21,3.12,0.3779,0.2402
1778858703.832,0.3018,0.2557,10.00,152.8,0.90,16.91,3.41,0.3658,0.2409
1778858703.898,0.3038,0.2563,10.00,152.8,1.10,15.85,3.61,0.3532,0.2417
1778858703.965,0.3012,0.2563,10.00,152.8,1.34,15.06,3.68,0.3440,0.2417
1778858704.032,0.3003,0.2563,10.00,152.8,1.84,13.41,3.58,0.3273,0.2417
1778858704.097,0.2911,0.2563,10.00,152.8,3.67,12.90,3.61,0.3211,0.2417
1778858704.165,0.2835,0.2563,10.00,152.8,4.93,11.60,3.80,0.3082,0.2417
1778858704.233,0.2900,0.2563,10.00,152.8,5.46,10.37,3.86,0.2919,0.2417
1778858704.298,0.2836,0.2563,10.00,152.8,5.82,9.46,3.79,0.2922,0.2417
1778858704.363,0.2822,0.2563,10.00,152.8,6.14,9.34,3.50,0.2914,0.2417
1778858704.432,0.2706,0.2563,10.00,152.8,6.94,8.13,3.16,0.3044,0.2417
1778858704.495,0.2656,0.2569,10.00,152.8,8.11,6.39,2.95,0.3067,0.2425
1778858704.564,0.2683,0.2546,10.00,152.8,8.46,5.61,3.05,0.3048,0.2394
1778858704.632,0.2695,0.2523,10.00,152.8,8.74,5.46,3.14,0.3036,0.2364
1778858704.696,0.2672,0.2500,10.00,152.8,8.69,6.35,3.13,0.3062,0.2333
1778858704.761,0.2688,0.2477,10.00,152.8,8.49,5.96,3.00,0.3050,0.2303
1778858704.830,0.2702,0.2454,10.00,152.8,8.29,6.13,3.04,0.3085,0.2272
1778858704.900,0.2710,0.2431,10.00,152.8,7.48,6.24,3.03,0.3125,0.2242
1778858704.964,0.2743,0.2408,10.00,152.8,6.97,6.25,3.05,0.3137,0.2211
1778858705.032,0.2738,0.2385,10.00,152.8,5.75,5.82,3.03,0.3264,0.2180
1778858705.098,0.2781,0.2362,10.00,152.8,3.19,5.91,2.71,0.3630,0.2150
1778858705.163,0.2816,0.2339,10.00,152.8,2.31,5.24,2.82,0.3837,0.2119
1778858705.232,0.2761,0.2317,10.00,152.8,2.57,5.32,2.61,0.4106,0.2089
1778858705.300,0.2740,0.2294,10.00,152.8,2.54,5.66,2.52,0.4225,0.2058
1778858705.365,0.2752,0.2271,10.00,152.8,2.75,5.55,2.53,0.4207,0.2028
1778858705.431,0.2740,0.2248,10.00,152.8,3.31,5.72,2.34,0.3998,0.1997
1778858705.500,0.2748,0.2225,10.00,152.8,3.75,4.37,2.24,0.3654,0.1966
1778858705.566,0.2755,0.2202,10.00,152.8,3.40,4.71,1.69,0.3532,0.1936
1778858705.630,0.2752,0.2179,10.00,152.8,2.29,3.34,1.00,0.3747,0.1905
1778858705.698,0.2808,0.2174,10.00,152.8,2.66,3.65,0.79,0.1779,0.1899
1778858705.766,0.2777,0.2151,10.00,152.8,2.43,-0.47,1.47,0.1759,0.1868
1778858705.833,0.2791,0.2110,10.00,152.8,2.30,0.74,1.87,0.2823,0.1813
1778858705.900,0.2765,0.2069,10.00,152.8,1.88,0.32,1.75,0.3447,0.1759
1778858705.967,0.2776,0.2046,10.00,152.8,1.85,1.24,1.53,0.3977,0.1728
1778858706.033,0.2803,0.2023,10.00,152.8,2.01,1.54,1.86,0.3973,0.1697
1778858706.099,0.2786,0.2000,10.00,152.8,2.11,3.92,2.03,0.3781,0.1667
1778858706.166,0.2745,0.1977,10.00,152.8,2.87,3.96,2.07,0.3474,0.1636
1778858706.233,0.2729,0.1954,10.00,152.8,3.85,3.89,2.01,0.3403,0.1605
1778858706.296,0.2705,0.1931,10.00,152.8,4.34,3.40,2.00,0.3268,0.1575
1778858706.366,0.2743,0.1908,10.00,152.8,4.57,2.72,2.16,0.3239,0.1544
1778858706.433,0.2735,0.1885,10.00,152.8,4.90,2.00,2.16,0.3207,0.1513
1778858706.499,0.2725,0.1862,10.00,152.8,4.72,1.64,2.17,0.3183,0.1483
1778858706.561,0.2745,0.1839,10.00,152.8,5.71,1.09,2.13,0.3197,0.1452
1778858706.630,0.2713,0.1816,10.00,152.8,6.35,1.15,2.11,0.3238,0.1421
1778858706.700,0.2735,0.1793,10.00,152.8,6.78,2.04,2.00,0.3250,0.1391
1778858706.764,0.2745,0.1770,10.00,152.8,6.93,2.34,1.97,0.3275,0.1360
1778858706.832,0.2727,0.1747,10.00,152.8,6.75,2.38,1.97,0.3283,0.1330
1778858706.900,0.2699,0.1747,10.00,152.8,6.81,2.35,1.94,0.3263,0.1330
1778858706.966,0.2711,0.1751,10.00,152.8,6.94,2.29,2.02,0.3234,0.1335
1778858707.034,0.2703,0.1751,10.00,152.8,6.36,2.27,2.31,0.3456,0.1335
1778858707.101,0.2719,0.1755,10.00,152.8,4.46,1.36,2.66,0.3402,0.1340
1778858707.166,0.2755,0.1759,10.00,152.8,2.98,1.92,3.54,0.2783,0.1346
1778858707.231,0.2788,0.1759,10.00,152.8,2.49,2.71,3.63,0.2958,0.1346
1778858707.295,0.2793,0.1759,10.00,152.8,3.12,2.14,3.97,0.3089,0.1346
1778858707.363,0.2812,0.1759,10.00,152.8,3.60,1.00,3.77,0.3119,0.1346
1778858707.433,0.2812,0.1759,9.00,152.8,4.04,0.49,3.49,0.3134,0.1346
1778858707.498,0.2813,0.1759,9.00,152.8,4.59,0.57,3.47,0.3127,0.1346
1778858707.567,0.2790,0.1759,9.00,152.8,5.34,1.29,3.31,0.3091,0.1346
1778858707.632,0.2772,0.1759,9.00,152.8,5.80,1.22,3.35,0.3105,0.1346
1778858707.700,0.2747,0.1759,9.00,152.8,6.16,0.75,3.44,0.3123,0.1346
1778858707.767,0.2741,0.1759,9.00,152.8,6.47,1.14,3.35,0.3083,0.1346
1778858707.834,0.2713,0.1759,9.00,152.8,6.89,1.16,3.25,0.3122,0.1346
1778858707.903,0.2720,0.1759,9.00,152.8,7.24,1.26,3.18,0.3147,0.1346
1778858707.965,0.2740,0.1759,9.00,152.8,7.62,1.58,3.09,0.3122,0.1346
1778858708.034,0.2751,0.1759,9.00,152.8,7.65,1.44,2.95,0.3092,0.1346
1778858708.101,0.2761,0.1759,9.00,152.8,7.87,1.47,2.90,0.3143,0.1346
1778858708.170,0.2771,0.1736,9.00,152.8,7.68,1.57,2.86,0.3158,0.1315
1778858708.234,0.2771,0.1713,9.00,152.8,7.72,1.60,2.77,0.3144,0.1284
1778858708.296,0.2760,0.1690,9.00,152.8,7.77,1.49,2.67,0.3123,0.1253
1778858708.368,0.2754,0.1667,9.00,152.8,7.66,1.25,2.57,0.3108,0.1222
1778858708.432,0.2745,0.1644,9.00,152.8,7.65,1.23,2.54,0.3108,0.1191
1778858708.502,0.2735,0.1620,9.00,152.8,7.54,1.18,2.57,0.3118,0.1160
1778858708.568,0.2744,0.1597,9.00,152.8,7.71,1.00,2.63,0.3131,0.1130
1778858708.635,0.2743,0.1574,9.00,152.8,7.65,0.77,2.64,0.3127,0.1099
1778858708.697,0.2745,0.1551,9.00,152.8,7.65,0.58,2.63,0.3112,0.1068
1778858708.767,0.2745,0.1528,9.00,152.8,7.71,0.53,2.60,0.3102,0.1037
1778858708.834,0.2738,0.1505,9.00,152.8,7.71,0.53,2.59,0.3105,0.1006
1778858708.901,0.2733,0.1481,9.00,152.8,7.76,0.59,2.60,0.3108,0.1000
1778858708.966,0.2736,0.1458,9.00,152.8,7.86,0.82,2.62,0.3090,0.1000
1778858709.032,0.2729,0.1435,9.00,152.8,7.84,0.79,2.69,0.3067,0.1000
1778858709.102,0.2694,0.1392,9.00,152.8,8.28,0.75,2.66,0.3010,0.1000
1778858709.168,0.2677,0.1349,9.00,152.8,8.75,0.82,2.57,0.2992,0.1000
1778858709.232,0.2705,0.1326,9.00,152.8,8.80,1.26,2.46,0.3002,0.1000
1778858709.296,0.2720,0.1302,9.00,152.8,8.69,1.28,2.34,0.3001,0.1000
1778858709.365,0.2715,0.1279,9.00,152.8,8.59,1.33,2.28,0.3001,0.1000
1778858709.435,0.2712,0.1256,8.00,152.8,8.54,1.30,2.20,0.2985,0.1000
1778858709.497,0.2732,0.1233,8.00,152.8,8.41,1.17,2.12,0.2936,0.1000
1778858709.565,0.2739,0.1209,8.00,152.8,8.23,0.99,2.04,0.2891,0.1000
1778858709.636,0.2764,0.1186,8.00,152.8,8.19,1.11,1.92,0.2832,0.1000
1778858709.698,0.2768,0.1163,8.00,152.8,8.01,0.98,1.92,0.2797,0.1000
1778858709.766,0.2771,0.1140,8.00,152.8,7.87,1.06,1.94,0.2767,0.1000
1778858709.835,0.2664,0.1116,8.00,152.8,7.58,0.94,2.03,0.2763,0.1000
1778858709.900,0.2088,0.1116,8.00,152.8,7.15,0.71,2.10,0.2792,0.1000
1778858709.969,0.2068,0.1116,8.00,152.8,6.86,0.69,2.26,0.2815,0.1000
1778858710.033,0.2156,0.1116,8.00,152.8,7.21,0.88,2.45,0.2819,0.1000
1778858710.099,0.2255,0.1093,9.00,146.0,7.13,1.27,2.48,0.2835,0.1000
1778858710.169,0.2350,0.1070,9.00,146.0,6.98,1.22,2.48,0.2821,0.1000
1778858710.235,0.2461,0.1047,9.00,146.0,6.76,1.01,2.52,0.2785,0.1000
1778858710.297,0.2520,0.1047,9.00,146.0,6.71,1.03,2.49,0.2766,0.1000
1778858710.363,0.2560,0.1047,9.00,146.0,6.81,0.90,2.50,0.2685,0.1000
1778858710.433,0.2580,0.1047,8.00,146.0,6.71,0.84,2.41,0.2640,0.1000
1778858710.498,0.2600,0.1047,8.00,146.0,6.15,0.62,2.44,0.2656,0.1000
1778858710.569,0.2625,0.1047,8.00,146.0,4.51,1.44,2.52,0.2582,0.1000
1778858710.631,0.2671,0.1047,8.00,146.0,3.78,1.90,2.59,0.1658,0.1000
1778858710.702,0.2752,0.1047,8.00,146.0,3.54,2.92,2.55,0.1415,0.1000
1778858710.769,0.2781,0.1047,8.00,146.0,3.25,5.96,2.03,0.1408,0.1000
1778858710.834,0.2812,0.1047,8.00,146.0,3.02,5.74,2.01,0.1414,0.1000
1778858710.898,0.2834,0.1047,8.00,146.0,3.10,5.79,1.97,0.1424,0.1000
1778858710.967,0.2842,0.1047,8.00,146.0,3.17,5.54,2.02,0.1430,0.1000
1778858711.035,0.2845,0.1047,8.00,146.0,3.14,5.41,2.02,0.1428,0.1000
1778858711.101,0.2904,0.1047,8.00,146.0,2.38,5.19,2.03,0.1490,0.1000
1778858711.168,0.2892,0.1047,8.00,146.0,2.07,1.80,2.75,0.1538,0.1000
1778858711.237,0.2887,0.1047,8.00,146.0,2.37,0.45,3.16,0.1570,0.1000
1778858711.303,0.2848,0.1047,8.00,146.0,2.63,-0.34,3.85,0.1583,0.1000
1778858711.367,0.2855,0.1047,8.00,146.0,1.91,-1.46,4.51,0.1595,0.1000
1778858711.436,0.2807,0.1047,8.00,146.0,2.71,-0.82,4.88,0.1564,0.1000
1778858711.499,0.2853,0.1047,8.00,146.0,1.88,-2.79,5.61,0.1604,0.1000
1778858711.566,0.2870,0.1047,8.00,146.0,1.59,-0.91,5.53,0.1528,0.1000
1778858711.636,0.2763,0.1047,8.00,146.0,0.46,-4.80,5.85,0.1561,0.1000
1778858711.701,0.2823,0.1047,8.00,146.0,0.12,-2.82,5.28,0.1557,0.1000
1778858711.769,0.2726,0.1047,8.00,146.0,-0.25,-0.93,4.56,0.1488,0.1000
1778858711.833,0.2583,0.1047,8.00,146.0,-0.34,-3.18,4.20,0.1525,0.1000
1778858711.900,0.2414,0.1047,8.00,146.0,-1.39,-1.82,2.77,0.1571,0.1000
1778858711.970,0.2348,0.1047,8.00,146.0,0.36,-4.52,3.01,0.1364,0.1000
1778858712.036,0.2504,0.1047,7.00,146.0,2.57,-5.18,2.60,0.1355,0.1000
1778858712.103,0.2496,0.1047,7.00,146.0,2.88,-2.06,2.57,0.1461,0.1000
1778858712.169,0.2430,0.1047,7.00,146.0,3.09,1.53,2.81,0.1382,0.1000
1778858712.236,0.2304,0.1047,7.00,146.0,4.18,1.32,3.33,0.1282,0.1000
1778858712.302,0.2244,0.1047,7.00,146.0,5.60,0.52,3.67,0.1306,0.1000
1778858712.370,0.2356,0.1047,7.00,146.0,5.60,-1.84,3.63,0.1242,0.1000
1778858712.437,0.2294,0.1047,7.00,146.0,6.58,-1.83,3.64,0.1198,0.1000
1778858712.503,0.2279,0.1047,7.00,146.0,6.00,-4.05,3.51,0.1204,0.1000
1778858712.570,0.2259,0.1047,7.00,146.0,5.56,-4.48,3.58,0.1250,0.1000
1778858712.631,0.2328,0.1047,7.00,146.0,5.50,-5.90,3.21,0.1253,0.1000
1778858712.699,0.2546,0.1047,7.00,146.0,4.92,-6.34,3.06,0.1317,0.1000
1778858712.765,0.2607,0.1047,7.00,146.0,5.11,-4.08,2.72,0.1217,0.1000
1778858712.831,0.2559,0.1047,7.00,146.0,5.33,-2.99,2.67,0.1225,0.1000
1778858712.898,0.2569,0.1047,7.00,146.0,5.36,-2.06,2.58,0.1187,0.1000
1778858712.966,0.2571,0.1047,7.00,146.0,5.28,-2.19,2.59,0.1188,0.1000
1778858713.033,0.2582,0.1047,7.00,146.0,5.28,-1.70,2.60,0.1193,0.1000
1778858713.098,0.2619,0.1047,7.00,146.0,5.39,-1.30,2.60,0.1200,0.1000
1778858713.165,0.2706,0.1047,7.00,146.0,5.22,-1.37,2.76,0.1251,0.1000
1778858713.233,0.2738,0.1047,7.00,146.0,5.53,-1.12,2.78,0.1237,0.1000
1778858713.300,0.2754,0.1047,7.00,146.0,5.59,-0.55,2.67,0.1232,0.1000
1778858713.366,0.2778,0.1023,7.00,146.0,5.72,0.84,2.51,0.1235,0.1000
1778858713.433,0.2773,0.1000,7.00,146.0,5.61,1.45,2.47,0.1227,0.1000
1778858713.500,0.2756,0.0977,7.00,146.0,5.52,1.53,2.51,0.1223,0.1000
1778858713.570,0.2761,0.0977,7.00,146.0,5.45,1.38,2.53,0.1225,0.1000
1778858713.637,0.2756,0.0977,7.00,146.0,4.97,1.62,2.58,0.1238,0.1000
1778858713.704,0.2732,0.0977,7.00,146.0,4.61,1.07,2.68,0.1237,0.1000
1778858713.764,0.2730,0.0977,7.00,146.0,4.59,0.87,2.69,0.1223,0.1000
1778858713.837,0.2721,0.0977,7.00,146.0,4.49,1.48,2.78,0.1227,0.1000
1778858713.904,0.2706,0.0977,7.00,146.0,4.32,0.35,3.05,0.1269,0.1000
1778858713.968,0.2744,0.0977,7.00,146.0,4.49,0.34,3.08,0.1264,0.1000
1778858714.037,0.2818,0.0977,7.00,146.0,4.76,1.25,3.05,0.1246,0.1000
1778858714.103,0.2844,0.0977,7.00,146.0,4.92,2.49,2.97,0.1234,0.1000
1778858714.171,0.2883,0.0977,7.00,146.0,4.46,3.11,3.00,0.1297,0.1000
1778858714.235,0.2918,0.0977,7.00,146.0,4.43,3.06,3.04,0.1210,0.1000
1778858714.304,0.2948,0.0977,7.00,146.0,4.40,3.15,3.10,0.1209,0.1000
1778858714.366,0.2961,0.0977,7.00,146.0,4.17,3.16,3.09,0.1216,0.1000
1778858714.437,0.2953,0.0977,7.00,146.0,4.10,3.35,3.07,0.1232,0.1000
1778858714.502,0.2915,0.0977,7.00,146.0,3.80,3.51,3.15,0.1282,0.1000
1778858714.570,0.2907,0.0977,7.00,146.0,3.54,3.70,3.22,0.1289,0.1000
1778858714.638,0.2915,0.0977,7.00,146.0,3.44,3.65,3.17,0.1309,0.1000
1778858714.704,0.2876,0.0977,7.00,146.0,3.11,4.11,3.25,0.1327,0.1000
1778858714.769,0.2929,0.0977,7.00,146.0,2.77,4.47,3.24,0.1371,0.1000
1778858714.837,0.2923,0.0977,7.00,146.0,2.41,4.08,3.19,0.1363,0.1000
1778858714.905,0.2928,0.0977,7.00,146.0,2.19,3.34,3.26,0.1366,0.1000
1778858714.968,0.2944,0.0977,7.00,146.0,2.15,3.40,3.08,0.1361,0.1000
1778858715.034,0.2938,0.0977,7.00,146.0,2.23,5.36,2.71,0.1363,0.1000
1778858715.100,0.2950,0.0977,7.00,146.0,1.64,9.71,2.16,0.1416,0.1000
1778858715.170,0.2931,0.0977,7.00,146.0,0.76,13.14,1.39,0.1569,0.1000
1778858715.235,0.2858,0.0977,7.00,146.0,-0.80,14.08,0.45,0.1556,0.1000
1778858715.300,0.2829,0.0977,7.00,146.0,-1.36,16.47,-0.72,0.1648,0.1000
1778858715.367,0.2799,0.0977,7.00,146.0,-1.28,17.26,-1.20,0.1542,0.1000
1778858715.436,0.2924,0.0977,7.00,146.0,-1.57,15.80,-0.77,0.1494,0.1000
1778858715.501,0.2839,0.0977,7.00,146.0,-1.66,12.10,-0.76,0.1448,0.1000
1778858715.571,0.2772,0.0977,7.00,146.0,-1.33,10.18,-1.07,0.1334,0.1000
1778858715.638,0.2791,0.0977,7.00,146.0,-1.21,9.98,-1.47,0.1277,0.1000
1778858715.704,0.2724,0.0977,7.00,146.0,-0.55,11.31,-1.81,0.1199,0.1000
1778858715.769,0.2766,0.0977,7.00,146.0,0.19,10.99,-1.90,0.1079,0.1000
1778858715.838,0.2733,0.0977,7.00,146.0,0.30,13.33,-1.69,0.1130,0.1000
1778858715.903,0.2723,0.0977,7.00,146.0,0.31,13.35,-1.60,0.0974,0.1000
1778858715.972,0.2706,0.0977,7.00,146.0,0.52,12.64,-1.50,0.0817,0.1000
1778858716.038,0.2747,0.0977,7.00,146.0,1.27,13.08,-1.97,0.0676,0.1000
1778858716.105,0.2658,0.0977,7.00,146.0,1.70,12.43,-1.84,0.0696,0.1000
1778858716.171,0.2544,0.0977,7.00,146.0,1.49,11.75,-1.72,0.0696,0.1000
1778858716.238,0.2499,0.0977,7.00,146.0,2.36,11.18,-1.41,0.0667,0.1000
1778858716.305,0.2434,0.0977,7.00,146.0,2.12,6.59,-1.21,0.0652,0.1000
1778858716.367,0.2383,0.0977,7.00,146.0,2.12,6.65,-1.91,0.0628,0.1000
1778858716.438,0.2385,0.0977,7.00,146.0,2.27,5.47,-2.98,0.0620,0.1000
1778858716.505,0.2407,0.0977,7.00,146.0,1.70,3.42,-3.17,0.0685,0.1000
1778858716.572,0.2395,0.0977,7.00,146.0,2.76,5.10,-3.07,0.0625,0.1000
1778858716.638,0.2286,0.0977,7.00,146.0,1.79,7.99,-1.50,0.0618,0.1000
1778858716.705,0.2212,0.0977,7.00,146.0,2.40,9.97,-0.11,0.0711,0.1000
1778858716.769,0.2194,0.0977,7.00,146.0,2.12,1.80,0.53,0.0813,0.1000
1778858716.836,0.2159,0.1000,7.00,146.0,1.65,0.29,0.95,0.0845,0.1000
1778858716.905,0.2379,0.1000,8.00,139.5,1.63,-1.19,1.66,0.0847,0.1000
1778858716.971,0.2631,0.1000,8.00,139.5,2.49,2.43,1.90,0.0908,0.1000
1778858717.038,0.2843,0.0977,8.00,139.5,3.11,7.44,1.78,0.0828,0.1000
1778858717.098,0.2975,0.0953,8.00,139.5,3.25,6.48,1.74,0.0811,0.1000
1778858717.133,0.3087,0.0951,8.00,139.5,3.14,4.21,1.83,0.0787,0.1000
1778858717.200,0.3122,0.0928,8.00,139.5,3.07,0.02,1.98,0.0849,0.1000
1778858717.265,0.3061,0.0905,8.00,139.5,3.38,3.21,1.65,0.0906,0.1000
1778858717.301,0.3043,0.0882,8.00,139.5,3.59,5.81,1.36,0.0857,0.1000
1778858717.366,0.3057,0.0882,8.00,139.5,3.41,8.74,0.52,0.0926,0.1000
1778858717.435,0.3064,0.0882,8.00,139.5,3.04,10.33,0.43,0.1012,0.1000
1778858717.503,0.3070,0.0882,8.00,139.5,2.95,11.19,0.42,0.1075,0.1000
1778858717.569,0.3055,0.0882,8.00,139.5,3.13,10.92,0.41,0.1080,0.1000
1778858717.636,0.3030,0.0882,8.00,139.5,3.22,10.57,0.30,0.1110,0.1000
1778858717.702,0.3016,0.0882,8.00,139.5,3.21,9.24,0.33,0.1203,0.1000
1778858717.769,0.3020,0.0882,8.00,139.5,2.97,7.38,0.39,0.1257,0.1000
1778858717.840,0.2997,0.0882,8.00,139.5,2.83,7.50,0.51,0.1288,0.1000
1778858717.905,0.3003,0.0882,8.00,139.5,2.84,7.57,0.56,0.1309,0.1000
1778858717.965,0.3023,0.0882,8.00,139.5,2.87,8.26,0.62,0.1323,0.1000
1778858718.036,0.3032,0.0882,8.00,139.5,2.71,7.93,0.77,0.1347,0.1000
1778858718.104,0.3030,0.0882,8.00,139.5,2.80,7.86,0.92,0.1370,0.1000
1778858718.169,0.3052,0.0858,8.00,139.5,2.69,7.68,1.16,0.1376,0.1000
1778858718.239,0.3078,0.0858,8.00,139.5,2.76,9.78,0.99,0.1384,0.1000
1778858718.304,0.3044,0.0835,8.00,139.5,2.73,12.71,0.77,0.1422,0.1000
1778858718.372,0.3124,0.0812,8.00,139.5,3.25,9.02,1.73,0.1470,0.1000
1778858718.436,0.3101,0.0789,8.00,139.5,4.07,8.02,1.90,0.1428,0.1000
1778858718.506,0.3023,0.0787,8.00,139.5,3.00,6.91,0.96,0.1256,0.1000
1778858718.573,0.3039,0.0785,8.00,139.5,0.82,5.33,0.49,0.1438,0.1000
1778858718.640,0.2988,0.0762,8.00,139.5,0.26,3.61,0.46,0.1460,0.1000
1778858718.705,0.3070,0.0739,8.00,139.5,0.20,3.62,0.66,0.1564,0.1000
1778858718.773,0.3122,0.0716,8.00,139.5,0.07,1.09,0.86,0.1543,0.1000
1778858718.836,0.3074,0.0714,8.00,139.5,0.68,9.55,0.10,0.1759,0.1000
1778858718.905,0.2998,0.0713,8.00,139.5,0.99,3.00,0.40,0.1951,0.1000
1778858718.973,0.2954,0.0711,8.00,139.5,-1.27,5.52,0.13,0.2119,0.1000
1778858719.039,0.2982,0.0709,8.00,139.5,-1.36,4.43,0.23,0.2095,0.1000
1778858719.106,0.2979,0.0708,8.00,139.5,-1.02,4.54,0.02,0.2047,0.1000
1778858719.168,0.2988,0.0685,8.00,139.5,-1.83,1.66,-0.04,0.1983,0.1000
1778858719.236,0.3239,0.0662,8.00,139.5,0.10,11.93,-0.89,0.1963,0.1000
1778858719.302,0.3499,0.0639,8.00,139.5,0.85,13.72,-0.68,0.1952,0.1000
1778858719.370,0.3473,0.0638,8.00,139.5,0.88,13.46,-0.40,0.2005,0.1000
1778858719.439,0.3331,0.0636,8.00,139.5,0.85,12.49,-0.16,0.1987,0.1000
1778858719.503,0.3303,0.0636,8.00,139.5,0.76,11.22,0.08,0.1959,0.1000
1778858719.568,0.3247,0.0636,8.00,139.5,0.64,10.05,0.27,0.1956,0.1000
1778858719.637,0.3238,0.0636,8.00,139.5,0.53,10.60,-0.02,0.1875,0.1000
1778858719.707,0.3188,0.0614,8.00,139.5,0.46,9.94,-0.09,0.1902,0.1000
1778858719.770,0.3292,0.0591,8.00,139.5,0.84,10.76,-0.09,0.1938,0.1000
1778858719.840,0.3423,0.0568,8.00,139.5,-0.79,-14.77,0.96,0.1990,0.1000
1778858719.904,0.3540,0.0545,8.00,139.5,-0.95,-21.23,0.72,0.2041,0.1000
1778858719.970,0.3583,0.0523,8.00,139.5,-0.75,-24.90,0.36,0.1984,0.1000
1778858720.037,0.3595,0.0500,8.00,139.5,-0.98,-28.32,0.92,0.2085,0.1000
1778858720.106,0.3694,0.0477,8.00,139.5,1.78,-34.40,179.01,0.2068,0.1000
1778858720.171,0.3774,0.0455,8.00,139.5,0.84,-36.12,179.43,0.2205,0.1000
1778858720.241,0.3852,0.0432,8.00,139.5,-0.44,-38.20,179.84,0.2255,0.1000
1778858720.306,0.3881,0.0432,8.00,139.5,-0.56,-38.68,-179.66,0.2281,0.1000
1778858720.373,0.3935,0.0409,8.00,139.5,-0.86,-39.07,-179.05,0.2222,0.1000
1778858720.440,0.3934,0.0409,8.00,139.5,-1.59,-39.65,-178.92,0.2198,0.1000
1778858720.504,0.3933,0.0386,8.00,139.5,-1.89,-39.93,-178.65,0.2227,0.1000
1778858720.573,0.3926,0.0364,8.00,139.5,-2.16,-40.33,-178.49,0.2195,0.1000
1778858720.640,0.3904,0.0341,8.00,139.5,-2.25,-40.49,-178.46,0.2154,0.1000
1778858720.705,0.3884,0.0318,8.00,139.5,-2.30,-40.43,-178.46,0.2131,0.1000
1778858720.770,0.3856,0.0295,8.00,139.5,-2.43,-40.36,-178.43,0.2121,0.1000
1778858720.837,0.3831,0.0273,8.00,139.5,-2.47,-40.53,-178.33,0.2121,0.1000
1778858720.908,0.3809,0.0250,8.00,139.5,-2.49,-40.41,-178.18,0.2121,0.1000
1778858720.975,0.3819,0.0227,8.00,139.5,-2.53,-40.45,-178.07,0.2142,0.1000
1778858721.040,0.3833,0.0205,8.00,139.5,-2.48,-40.35,-178.06,0.2151,0.1000
1778858721.105,0.3836,0.0182,8.00,139.5,-2.49,-40.30,-178.06,0.2151,0.1000
1778858721.171,0.3848,0.0159,8.00,139.5,-2.67,-40.50,-178.03,0.2146,0.1000
1778858721.238,0.3858,0.0136,8.00,139.5,-2.88,-40.20,-178.09,0.2119,0.1000
1778858721.304,0.3848,0.0136,8.00,139.5,-3.15,-39.73,-178.12,0.2219,0.1000
1778858721.375,0.3881,0.0136,8.00,139.5,-3.28,-39.16,-178.29,0.2251,0.1000
1778858721.472,0.3871,0.0135,8.00,139.5,-3.11,-38.75,-178.38,0.2179,0.1000
1778858721.537,0.3873,0.0135,8.00,139.5,-3.13,-38.79,-178.38,0.2124,0.1000
1778858721.604,0.3674,0.0135,8.00,139.5,-2.99,-38.61,-178.49,0.2129,0.1000
1778858721.671,0.3426,0.0135,8.00,139.5,-2.69,-38.40,-178.73,0.2135,0.1000
1778858721.738,0.3370,0.0134,8.00,139.5,-2.45,-38.57,-178.69,0.2130,0.1000
1778858721.804,0.3264,0.0134,8.00,139.5,-2.41,-38.11,-178.71,0.2112,0.1000
1778858721.873,0.3059,0.0134,8.00,139.5,-2.14,-37.98,-178.93,0.2118,0.1000
1778858721.937,0.2938,0.0133,8.00,139.5,-2.19,-37.76,-178.99,0.2141,0.1000
1778858722.007,0.2909,0.0133,8.00,139.5,-2.29,-37.69,-178.94,0.2158,0.1000
1778858722.074,0.2883,0.0133,8.00,139.5,-2.33,-37.61,-178.87,0.2166,0.1000
1778858722.140,0.2892,0.0132,8.00,139.5,-2.40,-37.46,-178.74,0.2148,0.1000
1778858722.208,0.2922,0.0132,8.00,139.5,-2.43,-37.63,-178.68,0.2159,0.1000
1778858722.272,0.2953,0.0132,8.00,139.5,-2.26,-37.65,-178.77,0.2130,0.1000
1778858722.343,0.2957,0.0132,8.00,139.5,-2.25,-37.64,-178.73,0.2085,0.1000
1778858722.403,0.2972,0.0131,8.00,139.5,-2.33,-37.59,-178.65,0.2086,0.1000
1778858722.473,0.2994,0.0131,8.00,139.5,-1.95,-38.14,-178.56,0.2143,0.1000
1778858722.540,0.3501,0.0131,8.00,139.5,-1.61,-38.75,-178.44,0.2204,0.1000
1778858722.608,0.3711,0.0130,8.00,139.5,-1.84,-39.14,-178.30,0.2216,0.1000
1778858722.671,0.3728,0.0109,8.00,139.5,-2.00,-39.16,-178.22,0.2181,0.1000
1778858722.739,0.3708,0.0109,8.00,139.5,-2.00,-38.89,-178.09,0.2176,0.1000
1778858722.807,0.3701,0.0087,8.00,139.5,-1.84,-38.80,-178.01,0.2173,0.1000
1778858722.873,0.3708,0.0087,8.00,139.5,-1.77,-38.77,-177.98,0.2161,0.1000
1778858722.942,0.3708,0.0087,8.00,139.5,-1.77,-38.76,-177.96,0.2144,0.1000
1778858723.007,0.3718,0.0087,8.00,139.5,-1.74,-38.79,-177.92,0.2141,0.1000
1778858723.074,0.3722,0.0087,8.00,139.5,-1.70,-38.74,-177.91,0.2131,0.1000
1778858723.139,0.3735,0.0087,8.00,139.5,-1.73,-38.72,-177.85,0.2118,0.1000
1778858723.208,0.3732,0.0087,8.00,139.5,-1.71,-38.67,-177.85,0.2108,0.1000
1778858723.274,0.3770,0.0087,8.00,139.5,-1.68,-38.87,-177.77,0.2098,0.1000
1778858723.341,0.3708,0.0087,8.00,139.5,-1.71,-38.88,-177.72,0.2099,0.1000
1778858723.403,0.3564,0.0087,8.00,139.5,-1.05,-38.15,-178.33,0.2080,0.1000
1778858723.471,0.3343,0.0087,8.00,139.5,-0.80,-37.79,-178.69,0.2105,0.1000
1778858723.541,0.3223,0.0087,8.00,139.5,-0.65,-37.61,-178.59,0.2134,0.1000
1778858723.609,0.3187,0.0087,8.00,139.5,-0.71,-37.53,-178.49,0.2126,0.1000
1778858723.675,0.3171,0.0087,8.00,139.5,-0.64,-37.53,-178.41,0.2126,0.1000
1778858723.738,0.3159,0.0087,8.00,139.5,-0.59,-37.53,-178.41,0.2122,0.1000
1778858723.805,0.3153,0.0087,8.00,139.5,-0.61,-37.64,-178.40,0.2122,0.1000
1778858723.874,0.3072,0.0087,8.00,139.5,-0.87,-37.50,-178.33,0.2103,0.1000
1778858723.941,0.2968,0.0087,8.00,139.5,-1.11,-37.69,-178.32,0.2068,0.1000
1778858724.009,0.2957,0.0087,8.00,139.5,-1.18,-37.84,-178.36,0.2048,0.1000
1778858724.075,0.2983,0.0087,8.00,139.5,-1.25,-37.83,-178.33,0.2024,0.1000
1778858724.142,0.2971,0.0087,8.00,139.5,-1.30,-37.84,-178.29,0.2016,0.1000
1778858724.205,0.2967,0.0087,8.00,139.5,-1.30,-37.85,-178.29,0.2005,0.1000
1778858724.274,0.2971,0.0087,8.00,139.5,-1.27,-37.73,-178.31,0.1998,0.1000
1778858724.341,0.2970,0.0087,8.00,139.5,-0.95,-37.68,-178.28,0.1998,0.1000
1778858724.405,0.2921,0.0087,8.00,139.5,-0.78,-37.44,-178.24,0.2007,0.1000
1778858724.470,0.2905,0.0087,8.00,139.5,-0.59,-37.09,-178.06,0.2020,0.1000
1778858724.542,0.2913,0.0087,8.00,139.5,-0.56,-37.07,-177.91,0.2018,0.1000
1778858724.608,0.2916,0.0087,8.00,139.5,-0.58,-37.06,-177.82,0.2007,0.1000
1778858724.676,0.2870,0.0087,8.00,139.5,-0.80,-36.59,-177.54,0.1992,0.1000
1778858724.738,0.2871,0.0087,8.00,139.5,-0.90,-36.72,-177.56,0.1993,0.1000
1778858724.808,0.2859,0.0087,8.00,139.5,-0.94,-36.91,-177.55,0.1986,0.1000
1778858724.875,0.2828,0.0087,8.00,139.5,-1.10,-37.08,-177.53,0.1998,0.1000
1778858724.943,0.2830,0.0087,8.00,139.5,-1.06,-37.20,-177.54,0.1994,0.1000
1778858725.006,0.2833,0.0087,8.00,139.5,-0.94,-37.29,-177.58,0.2025,0.1000
1778858725.073,0.2831,0.0087,8.00,139.5,-0.61,-37.31,-177.73,0.2035,0.1000
1778858725.140,0.2832,0.0087,8.00,139.5,-0.45,-37.36,-177.80,0.2037,0.1000
1778858725.210,0.2878,0.0087,8.00,139.5,0.21,-37.94,-177.79,0.2066,0.1000
1778858725.271,0.3445,0.0087,8.00,139.5,0.13,-38.30,-177.34,0.2096,0.1000
1778858725.340,0.3638,0.0087,8.00,139.5,-0.49,-38.89,-176.87,0.2127,0.1000
1778858725.406,0.3652,0.0087,8.00,139.5,-0.46,-39.27,-176.80,0.2150,0.1000
1778858725.478,0.3709,0.0087,8.00,139.5,-0.30,-39.75,-176.63,0.2135,0.1000
1778858725.542,0.3818,0.0087,8.00,139.5,-0.68,-39.87,-176.32,0.2178,0.1000
1778858725.606,0.3863,0.0087,8.00,139.5,-0.70,-40.32,-176.46,0.2124,0.1000
1778858725.675,0.3879,0.0087,8.00,139.5,-0.70,-40.48,-176.32,0.2060,0.1000
1778858725.738,0.3946,0.0087,8.00,139.5,-0.61,-41.35,-176.05,0.2074,0.1000
1778858725.804,0.3943,0.0087,8.00,139.5,-0.75,-42.01,-175.87,0.2147,0.1000
1778858725.875,0.4029,0.0087,8.00,139.5,-0.66,-42.42,-175.90,0.2209,0.1000
1778858725.943,0.4079,0.0087,8.00,139.5,-0.63,-42.67,-175.78,0.2188,0.1000
1778858726.010,0.4075,0.0087,8.00,139.5,-0.56,-42.78,-175.76,0.2172,0.1000
1778858726.076,0.4069,0.0087,8.00,139.5,-0.70,-42.65,-175.68,0.2148,0.1000
1778858726.139,0.4017,0.0087,8.00,139.5,-0.98,-42.60,-175.59,0.2129,0.1000
1778858726.206,0.3949,0.0087,8.00,139.5,-0.94,-42.53,-175.63,0.2121,0.1000
1778858726.275,0.3725,0.0087,8.00,139.5,-0.82,-42.20,-175.74,0.2116,0.1000
1778858726.338,0.3639,0.0087,8.00,139.5,-0.74,-42.11,-175.77,0.2139,0.1000
1778858726.409,0.3655,0.0087,8.00,139.5,-0.60,-42.10,-175.82,0.2161,0.1000
1778858726.477,0.3653,0.0087,8.00,139.5,-0.50,-42.10,-175.86,0.2172,0.1000
1778858726.545,0.3658,0.0087,8.00,139.5,-0.38,-42.05,-175.89,0.2176,0.1000
1778858726.610,0.3644,0.0087,8.00,139.5,-0.28,-42.03,-175.95,0.2177,0.1000
1778858726.676,0.3638,0.0087,8.00,139.5,-0.25,-42.00,-175.94,0.2173,0.1000
1778858726.740,0.3641,0.0087,8.00,139.5,-0.24,-41.96,-175.96,0.2180,0.1000
1778858726.810,0.3637,0.0087,8.00,139.5,-0.18,-41.88,-175.99,0.2186,0.1000
1778858726.872,0.3639,0.0087,8.00,139.5,-0.04,-41.76,-176.02,0.2195,0.1000
1778858726.941,0.3640,0.0087,8.00,139.5,0.02,-41.72,-176.04,0.2193,0.1000
1778858727.008,0.3646,0.0087,8.00,139.5,0.06,-41.73,-176.05,0.2194,0.1000
1778858727.075,0.3659,0.0087,8.00,139.5,0.07,-41.74,-176.06,0.2195,0.1000
1778858727.141,0.3720,0.0087,8.00,139.5,0.08,-41.74,-176.09,0.2199,0.1000
1778858727.208,0.3754,0.0087,8.00,139.5,0.14,-41.79,-176.07,0.2204,0.1000
1778858727.278,0.3764,0.0087,8.00,139.5,0.17,-41.72,-176.09,0.2204,0.1000
1778858727.343,0.3780,0.0087,8.00,139.5,0.21,-41.67,-176.11,0.2206,0.1000
1778858727.410,0.3792,0.0087,8.00,139.5,0.20,-41.68,-176.10,0.2203,0.1000
1778858727.476,0.3797,0.0087,8.00,139.5,0.23,-41.68,-176.10,0.2200,0.1000
1778858727.541,0.3798,0.0087,8.00,139.5,0.17,-41.64,-176.09,0.2205,0.1000
1778858727.606,0.3798,0.0087,8.00,139.5,0.14,-41.58,-176.09,0.2196,0.1000
1778858727.675,0.3794,0.0087,8.00,139.5,0.11,-41.57,-176.08,0.2193,0.1000
1778858727.744,0.3796,0.0087,8.00,139.5,0.07,-41.55,-176.06,0.2181,0.1000
1778858727.807,0.3801,0.0087,8.00,139.5,0.05,-41.55,-176.05,0.2179,0.1000
1778858727.875,0.3806,0.0087,8.00,139.5,0.05,-41.53,-176.05,0.2179,0.1000
1778858727.942,0.3812,0.0087,8.00,139.5,0.05,-41.54,-176.06,0.2180,0.1000
1778858728.007,0.3828,0.0087,8.00,139.5,0.06,-41.53,-176.06,0.2180,0.1000
1778858728.078,0.3811,0.0087,8.00,139.5,0.06,-41.57,-176.05,0.2180,0.1000
1778858728.141,0.3811,0.0087,8.00,139.5,0.02,-41.62,-176.04,0.2180,0.1000
1778858728.206,0.3809,0.0087,8.00,139.5,0.03,-41.64,-176.05,0.2179,0.1000
1778858728.275,0.3809,0.0087,8.00,139.5,0.02,-41.69,-176.05,0.2180,0.1000
1778858728.342,0.3810,0.0087,8.00,139.5,0.04,-41.65,-176.06,0.2178,0.1000
1778858728.408,0.3809,0.0087,8.00,139.5,0.01,-41.64,-176.04,0.2178,0.1000
1778858728.474,0.3806,0.0087,8.00,139.5,0.00,-41.69,-176.04,0.2178,0.1000
1778858728.541,0.3807,0.0087,8.00,139.5,-0.02,-41.69,-176.04,0.2178,0.1000
1778858728.609,0.3804,0.0087,8.00,139.5,-0.01,-41.65,-176.04,0.2171,0.1000
1778858728.677,0.3805,0.0087,8.00,139.5,0.02,-41.66,-176.06,0.2166,0.1000
1778858728.739,0.3777,0.0087,8.00,139.5,0.17,-41.89,-176.02,0.2157,0.1000
1778858728.806,0.3762,0.0088,8.00,139.5,0.15,-41.98,-175.98,0.2150,0.1000
1778858728.877,0.3764,0.0088,8.00,139.5,0.19,-42.13,-175.95,0.2139,0.1000
1778858728.944,0.3763,0.0088,8.00,139.5,0.22,-42.04,-175.99,0.2123,0.1000
1778858729.010,0.3762,0.0088,8.00,139.5,0.06,-42.13,-175.91,0.2144,0.1000
1778858729.071,0.2781,0.0088,8.00,139.5,1.54,-42.20,-176.62,0.2163,0.1000
1778858729.104,0.1673,0.0109,8.00,139.5,1.62,-41.78,-176.90,0.2177,0.1000
1778858729.138,0.1587,0.0131,8.00,139.5,1.07,-41.31,-176.93,0.2188,0.1000
1778858729.170,0.2107,0.0153,8.00,139.5,0.69,-40.70,-177.10,0.2205,0.1000
1778858729.206,0.2404,0.0153,9.00,136.6,1.06,-40.06,-176.99,0.2254,0.1000
1778858729.272,0.2500,0.0153,9.00,136.6,2.28,-37.76,-176.76,0.2248,0.1000
1778858729.340,0.2744,0.0153,9.00,136.6,4.05,-32.77,-176.72,0.2125,0.1000
1778858729.411,0.2663,0.0153,9.00,136.6,-1.25,-23.28,6.81,0.2122,0.1000
1778858729.474,0.2645,0.0154,9.00,136.6,-1.46,-19.67,7.14,0.2001,0.1000
1778858729.541,0.2627,0.0154,9.00,136.6,-1.92,-17.60,7.30,0.2042,0.1000
1778858729.609,0.2658,0.0154,9.00,136.6,-2.27,-17.08,7.26,0.2008,0.1000
1778858729.679,0.2665,0.0154,9.00,136.6,-2.41,-18.54,7.38,0.2048,0.1000
1778858729.741,0.2654,0.0154,9.00,136.6,-2.50,-18.95,7.33,0.2075,0.1000
1778858729.806,0.2655,0.0154,9.00,136.6,-2.49,-19.02,7.40,0.2061,0.1000
1778858729.876,0.2667,0.0154,9.00,136.6,-2.39,-19.47,7.53,0.2076,0.1000
1778858729.942,0.2667,0.0154,9.00,136.6,-2.32,-19.92,7.66,0.2103,0.1000
1778858730.011,0.2693,0.0154,9.00,136.6,-2.29,-19.94,7.69,0.2098,0.1000
1778858730.073,0.2717,0.0154,9.00,136.6,-2.12,-19.97,7.64,0.2091,0.1000
1778858730.144,0.2742,0.0154,9.00,136.6,-2.09,-20.79,7.67,0.2063,0.1000
1778858730.209,0.2749,0.0154,9.00,136.6,-1.93,-20.86,7.65,0.2047,0.1000
1778858730.278,0.2764,0.0154,9.00,136.6,-1.89,-21.07,7.64,0.2035,0.1000
1778858730.342,0.2773,0.0154,9.00,136.6,-1.85,-21.02,7.66,0.2037,0.1000
1778858730.411,0.2784,0.0155,9.00,136.6,-1.84,-20.99,7.69,0.2037,0.1000
1778858730.479,0.2777,0.0155,9.00,136.6,-1.73,-20.17,7.68,0.2040,0.1000
1778858730.541,0.2757,0.0155,9.00,136.6,-1.62,-18.83,7.64,0.2030,0.1000
1778858730.607,0.2754,0.0155,9.00,136.6,-1.53,-18.78,7.70,0.2046,0.1000
1778858730.678,0.2744,0.0155,9.00,136.6,-1.50,-18.84,7.74,0.2039,0.1000
1778858730.745,0.2739,0.0155,9.00,136.6,-1.50,-18.91,7.76,0.2026,0.1000
1778858730.809,0.2743,0.0155,9.00,136.6,-1.59,-18.60,7.76,0.2005,0.1000
1778858730.878,0.2746,0.0155,9.00,136.6,-1.99,-19.47,7.87,0.2290,0.1000
1778858730.944,0.2739,0.0155,8.00,136.6,-2.23,-20.38,7.63,0.2942,0.1000
1778858731.011,0.2858,0.0155,8.00,136.6,-2.70,-26.44,6.74,0.2332,0.1000
1778858731.077,0.2932,0.0155,8.00,136.6,-3.10,-31.48,6.39,0.2321,0.1000
1778858731.143,0.2921,0.0155,8.00,136.6,-2.75,-34.56,5.84,0.3432,0.1000
1778858731.209,0.2906,0.0155,8.00,136.6,-1.39,-34.79,5.11,0.3814,0.1000
1778858731.277,0.3115,0.0155,8.00,136.6,-1.36,-34.83,5.16,0.4147,0.1000
1778858731.346,0.3150,0.0155,8.00,136.6,3.88,-40.22,-178.87,0.4332,0.1000
1778858731.412,0.3169,0.0155,8.00,136.6,3.82,-40.25,-178.73,0.4054,0.1000
1778858731.478,0.3177,0.0155,8.00,136.6,3.67,-40.42,-178.58,0.3828,0.1000
1778858731.540,0.3205,0.0155,8.00,136.6,27.91,-8.45,-175.56,0.3585,0.2291
1778858731.612,0.3240,0.0155,8.00,136.6,-4.28,10.39,-5.33,0.3440,0.1000
1778858731.679,0.3248,0.0155,8.00,136.6,3.91,-40.51,-178.10,0.3605,0.1000
1778858731.742,0.3307,0.0155,8.00,136.6,-1.20,-36.65,5.92,0.4077,0.1000
1778858731.809,0.3414,0.0155,8.00,136.6,-0.70,-37.44,5.50,0.4393,0.1000
1778858731.876,0.3426,0.0155,8.00,136.6,4.54,-43.53,-179.11,0.4492,0.1000
1778858731.946,0.3424,0.0155,8.00,136.6,4.89,-43.30,-179.21,0.4392,0.1000
1778858732.010,0.3464,0.0155,8.00,136.6,5.45,-43.03,-179.25,0.3912,0.1000
1778858732.075,0.3408,0.0155,8.00,136.6,0.07,-37.93,5.42,0.3356,0.1000
1778858732.143,0.3474,0.0155,8.00,136.6,5.63,-43.45,-178.68,0.3072,0.1000
1778858732.212,0.3531,0.0155,8.00,136.6,0.12,-38.50,6.09,0.2755,0.1000
1778858732.278,0.3530,0.0155,8.00,136.6,-0.11,-38.35,6.36,0.2444,0.1000
1778858732.344,0.3340,0.0155,8.00,136.6,-0.60,-38.10,6.64,0.2204,0.1000
1778858732.408,0.3314,0.0155,8.00,136.6,-0.72,-37.75,6.80,0.2022,0.1000
1778858732.476,0.3270,0.0155,8.00,136.6,-0.50,-37.40,6.89,0.1870,0.1000
1778858732.545,0.3238,0.0155,8.00,136.6,-0.35,-37.05,7.15,0.1770,0.1000
1778858732.613,0.3261,0.0155,8.00,136.6,0.10,-37.21,7.38,0.1713,0.1000
1778858732.677,0.3334,0.0155,8.00,136.6,0.42,-37.27,7.44,0.1650,0.1000
1778858732.742,0.3450,0.0155,8.00,136.6,0.27,-37.31,7.60,0.1625,0.1000
1778858732.812,0.3536,0.0155,8.00,136.6,0.10,-37.34,7.77,0.1601,0.1000
1778858732.879,0.3586,0.0155,8.00,136.6,-0.03,-37.35,7.88,0.1603,0.1000
1778858732.945,0.3586,0.0155,8.00,136.6,-0.11,-37.41,7.88,0.1620,0.1000
1778858733.011,0.3581,0.0155,8.00,136.6,-0.43,-37.19,7.88,0.1639,0.1000
1778858733.077,0.3606,0.0155,8.00,136.6,-0.93,-37.63,7.82,0.1670,0.1000
1778858733.146,0.3610,0.0155,8.00,136.6,-1.11,-37.85,7.82,0.1656,0.1000
1778858733.208,0.3653,0.0155,8.00,136.6,-1.46,-37.60,7.77,0.1638,0.1000
1778858733.279,0.3698,0.0155,8.00,136.6,-1.56,-37.35,7.81,0.1625,0.1000
1778858733.346,0.3797,0.0155,8.00,136.6,-1.93,-38.59,7.88,0.1677,0.1000
1778858733.413,0.4006,0.0155,8.00,136.6,-3.94,-40.41,8.76,0.1768,0.1000
1778858733.477,0.4145,0.0155,8.00,136.6,-4.71,-42.40,9.32,0.1757,0.1000
1778858733.539,0.4312,0.0155,8.00,136.6,-5.59,-43.69,9.69,0.1852,0.1000
1778858733.574,0.4385,0.0155,8.00,136.6,-5.60,-43.44,9.87,0.1856,0.1000
1778858733.642,0.4362,0.0155,8.00,136.6,-5.86,-43.86,10.32,0.1906,0.1000
1778858733.708,0.4453,0.0155,8.00,136.6,-6.33,-44.30,10.43,0.1949,0.1000
1778858733.780,0.4420,0.0155,8.00,136.6,-5.70,-44.23,10.40,0.1963,0.1000
1778858733.848,0.4407,0.0155,8.00,136.6,-5.60,-43.98,10.52,0.1942,0.1000
1778858733.913,0.4360,0.0155,8.00,136.6,-5.43,-44.07,10.68,0.1956,0.1000
1778858733.980,0.4359,0.0155,8.00,136.6,-5.65,-43.92,10.71,0.1944,0.1000
1778858734.046,0.4306,0.0155,8.00,136.6,-5.78,-43.75,10.68,0.1930,0.1000
1778858734.113,0.4274,0.0155,8.00,136.6,-5.82,-43.88,10.75,0.1931,0.1000
1778858734.181,0.4274,0.0155,8.00,136.6,-5.92,-43.91,10.76,0.1928,0.1000
1778858734.247,0.4277,0.0155,8.00,136.6,-6.00,-43.92,10.77,0.1930,0.1000
1778858734.312,0.4282,0.0155,8.00,136.6,-6.07,-43.92,10.78,0.1928,0.1000
1778858734.378,0.4284,0.0155,8.00,136.6,-6.08,-43.97,10.80,0.1935,0.1000
1778858734.442,0.4285,0.0155,8.00,136.6,-6.10,-44.00,10.81,0.1940,0.1000
1778858734.512,0.4287,0.0155,8.00,136.6,-6.14,-44.06,10.86,0.1956,0.1000
1778858734.575,0.4289,0.0155,8.00,136.6,-6.23,-44.11,10.92,0.1965,0.1000
1778858734.644,0.4304,0.0155,8.00,136.6,-6.26,-44.22,10.98,0.1965,0.1000
1778858734.709,0.4316,0.0155,8.00,136.6,-6.41,-44.25,10.96,0.1974,0.1000
1778858734.780,0.4322,0.0155,8.00,136.6,-6.50,-44.26,10.96,0.1967,0.1000
1778858734.845,0.4332,0.0155,8.00,136.6,-6.59,-44.29,10.97,0.1978,0.1000
1778858734.914,0.4337,0.0155,8.00,136.6,-6.64,-44.33,10.98,0.1987,0.1000
1778858734.980,0.4351,0.0155,8.00,136.6,-6.64,-44.38,11.03,0.1994,0.1000
1778858735.044,0.4348,0.0155,8.00,136.6,-6.61,-44.41,11.08,0.2027,0.1000
1778858735.112,0.4347,0.0155,8.00,136.6,-6.60,-44.40,11.10,0.2031,0.1000
1778858735.175,0.4333,0.0155,8.00,136.6,-6.50,-44.38,11.14,0.2040,0.1000
1778858735.243,0.4310,0.0155,8.00,136.6,-6.49,-44.41,11.19,0.2050,0.1000
1778858735.314,0.4319,0.0155,8.00,136.6,-6.55,-44.34,11.23,0.2063,0.1000
1778858735.380,0.4318,0.0155,8.00,136.6,-6.62,-44.23,11.32,0.2061,0.1000
1778858735.446,0.4306,0.0155,8.00,136.6,-6.72,-44.13,11.40,0.2059,0.1000
1778858735.511,0.4307,0.0155,8.00,136.6,-6.67,-44.09,11.37,0.2063,0.1000
1778858735.581,0.4277,0.0155,8.00,136.6,-6.51,-44.00,11.34,0.2058,0.1000
1778858735.646,0.4256,0.0155,8.00,136.6,-6.40,-43.97,11.36,0.2066,0.1000
1778858735.712,0.4255,0.0155,8.00,136.6,-6.33,-43.96,11.31,0.2070,0.1000
1778858735.778,0.4253,0.0155,8.00,136.6,-6.26,-43.92,11.30,0.2072,0.1000
1778858735.845,0.4247,0.0155,8.00,136.6,-6.21,-43.78,11.28,0.2069,0.1000
1778858735.909,0.4252,0.0155,8.00,136.6,-6.11,-43.77,11.30,0.2073,0.1000
1778858735.979,0.4245,0.0155,8.00,136.6,-6.05,-43.64,11.29,0.2065,0.1000
1778858736.048,0.4220,0.0155,8.00,136.6,-6.04,-43.55,11.27,0.2065,0.1000
1778858736.114,0.4197,0.0155,8.00,136.6,-5.85,-43.37,11.15,0.2049,0.1000
1778858736.180,0.4197,0.0155,8.00,136.6,-5.81,-43.27,11.15,0.2037,0.1000
1778858736.247,0.4193,0.0155,8.00,136.6,-5.77,-42.96,11.04,0.2009,0.1000
1778858736.312,0.4182,0.0155,8.00,136.6,-5.70,-42.78,11.02,0.2017,0.1000
1778858736.380,0.4135,0.0155,8.00,136.6,-5.35,-42.59,11.04,0.2004,0.1000
1778858736.444,0.3051,0.0155,8.00,136.6,-5.23,-42.20,11.24,0.1964,0.1000
1778858736.514,0.3195,0.0155,8.00,136.6,-5.02,-41.78,11.14,0.1953,0.1000
1778858736.579,0.3304,0.0155,8.00,136.6,-5.00,-41.81,11.12,0.1962,0.1000
1778858736.646,0.3361,0.0155,8.00,136.6,-5.03,-41.77,11.11,0.1958,0.1000
1778858736.710,0.3419,0.0155,8.00,136.6,-5.07,-41.77,11.10,0.1954,0.1000
1778858736.781,0.3461,0.0155,8.00,136.6,-5.03,-41.79,11.11,0.1951,0.1000
1778858736.849,0.3503,0.0155,8.00,136.6,-4.98,-41.82,11.09,0.1953,0.1000
1778858736.914,0.3596,0.0155,8.00,136.6,-5.06,-41.82,11.15,0.1954,0.1000
1778858736.979,0.3648,0.0155,8.00,136.6,-5.11,-41.85,11.19,0.1950,0.1000
1778858737.044,0.3674,0.0155,8.00,136.6,-5.06,-41.78,11.19,0.1934,0.1000
1778858737.115,0.3688,0.0155,8.00,136.6,-5.03,-41.78,11.17,0.1924,0.1000
1778858737.181,0.3726,0.0155,8.00,136.6,-5.07,-41.80,11.19,0.1930,0.1000
1778858737.246,0.3744,0.0155,8.00,136.6,-5.00,-41.75,11.19,0.1934,0.1000
1778858737.313,0.3758,0.0155,8.00,136.6,-4.98,-41.84,11.21,0.1936,0.1000
1778858737.382,0.3786,0.0155,8.00,136.6,-5.00,-41.94,11.26,0.1949,0.1000
1778858737.449,0.3823,0.0155,8.00,136.6,-5.06,-41.94,11.32,0.1940,0.1000
1778858737.511,0.3868,0.0155,8.00,136.6,-5.05,-42.04,11.34,0.1945,0.1000
1778858737.581,0.3885,0.0155,8.00,136.6,-5.09,-42.22,11.40,0.1952,0.1000
1778858737.648,0.3922,0.0155,8.00,136.6,-5.24,-42.28,11.39,0.1959,0.1000
1778858737.715,0.3964,0.0155,8.00,136.6,-5.30,-42.38,11.45,0.1964,0.1000
1778858737.782,0.3997,0.0155,8.00,136.6,-5.46,-42.49,11.55,0.1977,0.1000
1778858737.846,0.4023,0.0155,8.00,136.6,-5.55,-42.61,11.56,0.1980,0.1000
1778858737.913,0.4000,0.0155,8.00,136.6,-5.60,-42.45,11.44,0.1970,0.1000
1778858737.982,0.4024,0.0155,8.00,136.6,-5.51,-42.67,11.53,0.1983,0.1000
1778858738.047,0.4061,0.0155,8.00,136.6,-5.58,-42.94,11.43,0.2043,0.1000
1778858738.113,0.4376,0.0155,8.00,136.6,-6.99,-45.26,11.40,0.2079,0.1000
1778858738.179,0.4344,0.0155,8.00,136.6,-8.70,-47.35,11.30,0.2209,0.1000
1778858738.245,0.4221,0.0155,8.00,136.6,-7.97,-46.39,10.61,0.2458,0.1000
1778858738.314,0.3465,0.0155,8.00,136.6,-6.65,-44.20,10.18,0.2408,0.1000
1778858738.384,0.3342,0.0155,8.00,136.6,-6.24,-43.38,10.91,0.2739,0.1000
1778858738.443,0.3620,0.0155,8.00,136.6,-7.86,-43.90,11.13,0.3073,0.1000
1778858738.513,0.3066,0.0155,8.00,136.6,-9.56,-46.12,11.27,0.3193,0.1000
1778858738.582,0.3201,0.0155,8.00,136.6,-8.86,-46.24,11.25,0.3317,0.1000
1778858738.649,0.3508,0.0155,8.00,136.6,-7.27,-43.52,11.74,0.3015,0.1000
1778858738.712,0.3700,0.0155,8.00,136.6,-6.45,-42.92,11.12,0.2779,0.1000
1778858738.780,0.4046,0.0155,8.00,136.6,-7.53,-44.47,11.04,0.2522,0.1000
1778858738.848,0.4274,0.0155,8.00,136.6,-7.84,-44.97,11.03,0.2401,0.1000
1778858738.916,0.4246,0.0155,8.00,136.6,-6.95,-44.50,11.16,0.2402,0.1000
1778858738.979,0.4233,0.0155,8.00,136.6,-7.09,-44.03,11.54,0.2312,0.1000
1778858739.049,0.4229,0.0155,8.00,136.6,-7.84,-44.65,11.65,0.2208,0.1000
1778858739.113,0.4150,0.0155,8.00,136.6,-7.41,-44.50,11.49,0.2177,0.1000
1778858739.183,0.4151,0.0155,8.00,136.6,-7.32,-44.47,11.41,0.2177,0.1000
1778858739.250,0.4167,0.0155,8.00,136.6,-7.22,-44.51,11.29,0.2138,0.1000
1778858739.316,0.4204,0.0155,8.00,136.6,-7.24,-44.83,11.14,0.2083,0.1000
1778858739.382,0.4195,0.0155,8.00,136.6,-7.24,-44.97,10.99,0.2067,0.1000
1778858739.449,0.4190,0.0155,8.00,136.6,-7.16,-44.50,10.89,0.2012,0.1000
1778858739.512,0.4207,0.0155,8.00,136.6,-7.22,-44.57,10.89,0.1997,0.1000
1778858739.581,0.4247,0.0155,8.00,136.6,-7.36,-44.67,11.04,0.2009,0.1000
1778858739.648,0.4256,0.0155,8.00,136.6,-7.55,-44.67,11.22,0.2024,0.1000
1778858739.715,0.4258,0.0155,8.00,136.6,-7.45,-44.65,11.30,0.2035,0.1000
1778858739.783,0.4254,0.0155,8.00,136.6,-7.45,-44.62,11.32,0.2035,0.1000
1778858739.850,0.4246,0.0155,8.00,136.6,-7.39,-44.54,11.37,0.2023,0.1000
1778858739.914,0.4239,0.0132,8.00,136.6,-7.33,-44.45,11.36,0.2017,0.1000
1778858739.984,0.4236,0.0110,8.00,136.6,-7.14,-44.35,11.34,0.2016,0.1000
1778858740.049,0.4241,0.0088,8.00,136.6,-7.15,-44.27,11.34,0.1997,0.1000
1778858740.114,0.4264,0.0088,8.00,136.6,-7.11,-44.25,11.34,0.1998,0.1000
1778858740.183,0.4292,0.0088,8.00,136.6,-7.20,-44.41,11.37,0.2001,0.1000
1778858740.250,0.4289,0.0088,8.00,136.6,-7.25,-44.46,11.36,0.2011,0.1000
1778858740.315,0.4300,0.0088,8.00,136.6,-7.27,-44.54,11.39,0.2017,0.1000
1778858740.382,0.4309,0.0088,8.00,136.6,-7.31,-44.53,11.42,0.2018,0.1000
1778858740.449,0.4277,0.0088,8.00,136.6,-7.59,-44.47,11.38,0.2039,0.1000
1778858740.513,0.4235,0.0088,8.00,136.6,-7.81,-44.20,11.42,0.2105,0.1000
1778858740.583,0.4195,0.0088,8.00,136.6,-7.92,-43.99,11.26,0.2092,0.1000
1778858740.650,0.4203,0.0088,8.00,136.6,-8.04,-44.05,11.23,0.2113,0.1000
1778858740.715,0.4212,0.0088,8.00,136.6,-8.10,-44.14,11.22,0.2142,0.1000
1778858740.780,0.4223,0.0088,8.00,136.6,-8.19,-44.18,11.20,0.2168,0.1000
1778858740.848,0.4214,0.0088,8.00,136.6,-8.53,-44.15,11.26,0.2175,0.1000
1778858740.914,0.4276,0.0088,8.00,136.6,-8.98,-44.26,11.46,0.2210,0.1000
1778858740.982,0.4308,0.0088,8.00,136.6,-9.70,-44.95,11.89,0.2370,0.1000
1778858741.046,0.4381,0.0088,8.00,136.6,-3.73,-55.99,-173.69,0.2505,0.1000
1778858741.117,0.4267,0.0088,8.00,136.6,-2.78,-57.40,-174.20,0.2658,0.1000
1778858741.183,0.4053,0.0088,8.00,136.6,-1.47,-58.42,-174.64,0.2662,0.1000
1778858741.246,0.3783,0.0088,8.00,136.6,-0.87,-59.51,-174.70,0.2940,0.1000
1778858741.317,0.3912,0.0088,8.00,136.6,-21.99,-37.58,-153.16,0.3017,0.1699
1778858741.384,0.4020,0.0088,8.00,136.6,-0.95,-64.07,-174.80,0.3436,0.1000
1778858741.447,0.4373,0.0088,8.00,136.6,-36.50,71.51,-16.33,0.3930,0.3150
1778858741.517,0.4702,0.0088,8.00,136.6,-33.93,72.20,17.50,0.4407,0.2893
1778858741.582,0.4961,0.0088,8.00,136.6,-34.59,71.86,-5.08,0.4543,0.2959
1778858741.649,0.4963,0.0088,8.00,136.6,-33.94,72.47,9.59,0.4659,0.2894
1778858741.714,0.4832,0.0088,8.00,136.6,-38.10,70.36,-57.17,0.4722,0.3310
1778858741.781,0.4745,0.0088,8.00,136.6,5.65,-69.94,-178.54,0.4520,0.1000
1778858741.849,0.4835,0.0088,8.00,136.6,-32.08,72.34,24.93,0.4360,0.2708
1778858741.913,0.4985,0.0088,8.00,136.6,-36.61,71.61,-13.13,0.4144,0.3161
1778858741.980,0.4969,0.0088,8.00,136.6,-35.47,71.51,-18.21,0.3969,0.3047
1778858742.047,0.4993,0.0088,8.00,136.6,-37.62,71.54,-11.38,0.4006,0.3262
1778858742.117,0.4949,0.0088,8.00,136.6,2.17,-67.64,-175.38,0.4048,0.1000
1778858742.181,0.4735,0.0088,8.00,136.6,1.47,-66.98,-174.72,0.3612,0.1000
1778858742.251,0.4715,0.0088,8.00,136.6,-34.76,72.03,15.31,0.3396,0.2976
1778858742.315,0.4714,0.0088,8.00,136.6,-38.18,71.12,-26.81,0.3524,0.3318
1778858742.383,0.4711,0.0088,8.00,136.6,0.39,-66.88,-174.23,0.3499,0.1000
1778858742.448,0.4733,0.0088,8.00,136.6,-0.13,-66.90,-173.87,0.3452,0.1000
1778858742.515,0.4721,0.0088,8.00,136.6,-0.57,-66.89,-173.45,0.3371,0.1000
1778858742.581,0.4748,0.0088,8.00,136.6,-0.58,-66.93,-173.29,0.3317,0.1000
1778858742.651,0.4759,0.0088,8.00,136.6,-0.83,-66.82,-173.19,0.3213,0.1000
1778858742.716,0.4732,0.0088,8.00,136.6,-33.69,72.20,27.01,0.3188,0.2869
1778858742.783,0.4720,0.0088,8.00,136.6,-38.04,71.26,-23.35,0.3156,0.3304
1778858742.846,0.4746,0.0088,8.00,136.6,-36.57,73.37,-5.19,0.3194,0.3157
1778858742.918,0.4742,0.0088,8.00,136.6,26.95,-34.71,172.37,0.3292,0.2195
1778858742.983,0.4790,0.0088,8.00,136.6,-34.70,72.03,17.08,0.3402,0.2970
1778858743.046,0.4781,0.0088,8.00,136.6,-38.35,70.39,-48.33,0.3359,0.3335
1778858743.118,0.4794,0.0088,8.00,136.6,-1.28,-66.52,-172.77,0.3382,0.1000
1778858743.181,0.4801,0.0088,8.00,136.6,-1.20,-66.51,-172.64,0.3383,0.1000
1778858743.248,0.4791,0.0088,8.00,136.6,27.44,-35.32,167.34,0.3178,0.2244
1778858743.318,0.4741,0.0088,8.00,136.6,0.12,-0.31,1.72,0.3059,0.1000
1778858743.383,0.4584,0.0088,8.00,136.6,-1.94,-65.45,-171.53,0.2825,0.1000
1778858743.450,0.4564,0.0088,8.00,136.6,-1.79,-65.05,-171.05,0.2565,0.1000
1778858743.519,0.4484,0.0088,8.00,136.6,-8.06,-53.36,16.35,0.2512,0.1000
1778858743.583,0.4392,0.0088,7.00,136.6,-7.89,-53.28,16.86,0.2576,0.1000
1778858743.649,0.4311,0.0088,7.00,136.6,-8.17,-53.41,17.34,0.2471,0.1000
1778858743.718,0.4072,0.0088,7.00,136.6,-8.78,-52.72,17.48,0.2415,0.1000
1778858743.784,0.4029,0.0088,7.00,136.6,-9.05,-52.48,17.98,0.2320,0.1000
1778858743.851,0.3945,0.0088,7.00,136.6,-9.80,-51.92,18.46,0.1931,0.1000
1778858743.920,0.3856,0.0088,7.00,136.6,-10.25,-51.38,18.82,0.1911,0.1000
1778858743.982,0.3735,0.0088,7.00,136.6,-9.92,-51.32,18.47,0.1822,0.1000
1778858744.048,0.3749,0.0088,7.00,136.6,-10.03,-51.36,18.28,0.1888,0.1000
1778858744.117,0.3811,0.0088,7.00,136.6,-10.16,-51.59,18.26,0.1929,0.1000
1778858744.182,0.3845,0.0088,7.00,136.6,-10.33,-51.56,18.00,0.1948,0.1000
1778858744.249,0.3841,0.0088,7.00,136.6,-10.34,-51.49,17.90,0.1965,0.1000
1778858744.315,0.3855,0.0088,7.00,136.6,-10.38,-51.48,17.90,0.1980,0.1000
1778858744.383,0.3872,0.0088,7.00,136.6,-10.40,-51.36,17.87,0.1996,0.1000
1778858744.448,0.3904,0.0088,7.00,136.6,-10.56,-51.38,17.95,0.2048,0.1000
1778858744.518,0.3902,0.0088,7.00,136.6,-10.52,-51.46,17.89,0.2167,0.1000
1778858744.584,0.3911,0.0088,7.00,136.6,-10.57,-51.73,17.72,0.2287,0.1000
1778858744.653,0.3961,0.0088,7.00,136.6,-10.62,-52.09,17.60,0.2476,0.1000
1778858744.718,0.4042,0.0088,7.00,136.6,-4.46,-63.99,-168.78,0.2496,0.1000
1778858744.785,0.4028,0.0088,7.00,136.6,-4.51,-63.86,-168.79,0.2476,0.1000
1778858744.848,0.3979,0.0088,7.00,136.6,-4.56,-63.68,-168.87,0.2481,0.1000
1778858744.916,0.3983,0.0088,7.00,136.6,-4.49,-63.56,-169.00,0.2477,0.1000
1778858744.986,0.4004,0.0088,7.00,136.6,-4.51,-63.59,-169.03,0.2440,0.1000
1778858745.052,0.4115,0.0088,7.00,136.6,-4.31,-63.77,-169.23,0.2417,0.1000
1778858745.117,0.4123,0.0088,7.00,136.6,-4.08,-63.74,-169.44,0.2374,0.1000
1778858745.186,0.4159,0.0088,7.00,136.6,-4.10,-63.80,-169.42,0.2414,0.1000
1778858745.252,0.4173,0.0088,7.00,136.6,-4.26,-63.72,-169.42,0.2436,0.1000
1778858745.316,0.4156,0.0088,7.00,136.6,-4.13,-63.64,-169.57,0.2396,0.1000
1778858745.384,0.4132,0.0088,7.00,136.6,-4.17,-63.53,-169.65,0.2430,0.1000
1778858745.449,0.4110,0.0088,7.00,136.6,-4.53,-63.64,-169.37,0.2524,0.1000
1778858745.520,0.4212,0.0088,7.00,136.6,-4.23,-64.33,-169.50,0.2514,0.1000
1778858745.583,0.4252,0.0088,7.00,136.6,-4.37,-64.46,-169.41,0.2638,0.1000
1778858745.652,0.4321,0.0088,7.00,136.6,-4.34,-64.75,-169.33,0.2701,0.1000
1778858745.717,0.4381,0.0088,7.00,136.6,-4.37,-64.94,-169.19,0.2692,0.1000
1778858745.784,0.4403,0.0088,7.00,136.6,-4.34,-64.89,-169.21,0.2736,0.1000
1778858745.853,0.4399,0.0088,7.00,136.6,2.29,1.60,1.10,0.2805,0.1000
1778858745.919,0.4452,0.0088,7.00,136.6,-3.39,-64.57,-170.13,0.2762,0.1000
1778858745.984,0.4470,0.0088,7.00,136.6,16.67,35.47,-167.87,0.2677,0.1167
1778858746.053,0.4447,0.0088,7.00,136.6,-37.47,71.07,-22.00,0.2648,0.3247
1778858746.117,0.4385,0.0088,7.00,136.6,16.77,34.38,-167.94,0.2593,0.1177
1778858746.186,0.4275,0.0088,7.00,136.6,-37.56,70.87,-31.33,0.2588,0.3256
1778858746.250,0.4273,0.0088,7.00,136.6,-37.57,70.86,-31.59,0.2587,0.3257
1778858746.318,0.4366,0.0088,7.00,136.6,-37.40,71.25,-17.35,0.2608,0.3240
1778858746.387,0.4392,0.0088,7.00,136.6,-36.60,70.65,-40.68,0.2581,0.3160
1778858746.449,0.4345,0.0088,7.00,136.6,13.20,38.96,-34.13,0.2446,0.1000
1778858746.517,0.3857,0.0088,7.00,136.6,-3.92,-61.23,-171.57,0.2238,0.1000
1778858746.585,0.2912,0.0088,7.00,136.6,-9.59,-46.67,13.47,0.2032,0.1000
1778858746.653,0.2869,0.0088,7.00,136.6,-5.06,-39.72,10.63,0.1848,0.1000
1778858746.719,0.2860,0.0088,7.00,136.6,-0.57,-34.52,8.86,0.1723,0.1000
1778858746.787,0.2881,0.0088,7.00,136.6,2.49,-28.70,7.94,0.1526,0.1000
1778858746.851,0.2767,0.0066,7.00,136.6,2.98,-23.89,7.55,0.1549,0.1000
1778858746.915,0.2853,0.0066,7.00,136.6,3.66,-17.20,7.65,0.1479,0.1000
1778858746.985,0.2872,0.0066,7.00,136.6,3.95,-8.63,7.45,0.1471,0.1000
1778858747.052,0.2914,0.0066,7.00,136.6,4.16,-6.09,7.01,0.1480,0.1000
1778858747.120,0.2883,0.0066,7.00,136.6,4.30,-6.45,6.91,0.1500,0.1000
1778858747.186,0.2901,0.0066,7.00,136.6,4.19,-8.66,6.57,0.1483,0.1000
1778858747.253,0.2788,0.0066,7.00,136.6,4.52,-6.62,6.39,0.1482,0.1000
1778858747.319,0.2738,0.0066,7.00,136.6,4.33,-8.74,6.45,0.1449,0.1000
1778858747.387,0.2726,0.0066,6.00,136.6,3.89,-12.38,6.69,0.1407,0.1000
1778858747.450,0.2755,0.0066,6.00,136.6,3.32,-18.66,6.58,0.1480,0.1000
1778858747.518,0.2867,0.0066,6.00,136.6,2.23,-21.69,6.14,0.1988,0.1000
1778858747.587,0.2889,0.0066,6.00,136.6,1.74,-22.33,5.34,0.3138,0.1000
1778858747.650,0.2763,0.0066,6.00,136.6,1.63,-23.23,5.40,0.3180,0.1000
1778858747.720,0.2852,0.0066,6.00,136.6,1.37,-19.45,4.73,0.2332,0.1000
1778858747.786,0.2902,0.0066,6.00,136.6,1.90,-16.21,5.26,0.1783,0.1000
1778858747.853,0.2906,0.0066,6.00,136.6,1.94,-16.72,5.59,0.1510,0.1000
1778858747.919,0.2868,0.0066,6.00,136.6,1.39,-19.64,5.60,0.1611,0.1000
1778858747.985,0.2876,0.0066,6.00,136.6,1.16,-20.81,5.48,0.2995,0.1000
1778858748.053,0.2844,0.0066,6.00,136.6,1.30,-20.69,5.58,0.3267,0.1000
1778858748.121,0.2824,0.0066,6.00,136.6,1.22,-20.20,5.62,0.3330,0.1000
1778858748.185,0.2792,0.0066,6.00,136.6,0.93,-20.14,5.10,0.3105,0.1000
1778858748.254,0.2753,0.0066,5.00,136.6,1.13,-20.41,4.80,0.2733,0.1000
1778858748.320,0.2763,0.0066,5.00,136.6,1.27,-17.96,4.64,0.2154,0.1000
1778858748.386,0.2884,0.0066,5.00,136.6,2.51,-12.76,4.37,0.1630,0.1000
1778858748.453,0.2980,0.0066,5.00,136.6,3.06,-5.65,4.36,0.1296,0.1000
1778858748.519,0.3049,0.0066,5.00,136.6,3.36,-8.43,4.74,0.1249,0.1000
1778858748.585,0.3029,0.0066,5.00,136.6,3.36,-5.08,4.14,0.1185,0.1000
1778858748.651,0.3038,0.0066,5.00,136.6,3.47,-3.02,3.97,0.1185,0.1000
1778858748.721,0.3016,0.0066,5.00,136.6,3.79,-3.14,3.95,0.1183,0.1000
1778858748.787,0.2995,0.0066,5.00,136.6,4.14,-2.11,3.64,0.1160,0.1000
1778858748.854,0.2980,0.0066,5.00,136.6,4.49,1.77,3.17,0.1166,0.1000
1778858748.921,0.2962,0.0066,5.00,136.6,4.43,1.09,3.25,0.1171,0.1000
1778858748.986,0.2965,0.0066,5.00,136.6,4.39,0.32,3.34,0.1191,0.1000
1778858749.054,0.2977,0.0066,5.00,136.6,4.36,-0.10,3.35,0.1203,0.1000
1778858749.121,0.2990,0.0066,5.00,136.6,4.40,-0.35,3.39,0.1210,0.1000
1778858749.185,0.2990,0.0066,5.00,136.6,4.44,-0.66,3.40,0.1210,0.1000
1778858749.255,0.2950,0.0066,5.00,136.6,4.18,-4.91,3.48,0.1202,0.1000
1778858749.321,0.2897,0.0066,5.00,136.6,4.13,-6.59,3.39,0.1195,0.1000
1778858749.385,0.2862,0.0066,5.00,136.6,4.05,-6.86,3.38,0.1198,0.1000
1778858749.455,0.2847,0.0066,5.00,136.6,3.99,-6.91,3.42,0.1195,0.1000
1778858749.520,0.2786,0.0066,5.00,136.6,4.00,-6.42,3.45,0.1191,0.1000
1778858749.588,0.2772,0.0066,5.00,136.6,3.98,-6.26,3.46,0.1199,0.1000
1778858749.653,0.2776,0.0066,5.00,136.6,4.11,-5.50,3.34,0.1195,0.1000
1778858749.722,0.2869,0.0066,5.00,136.6,4.04,-5.20,3.21,0.1214,0.1000
1778858749.788,0.2933,0.0066,5.00,136.6,4.51,1.23,2.66,0.1244,0.1000
1778858749.853,0.2919,0.0066,5.00,136.6,4.33,6.88,2.24,0.1279,0.1000
1778858749.921,0.2883,0.0066,5.00,136.6,4.05,11.41,1.86,0.1305,0.1000
1778858749.986,0.2887,0.0066,5.00,136.6,4.25,14.56,1.61,0.1359,0.1000
1778858750.055,0.2868,0.0066,5.00,136.6,4.40,14.96,1.39,0.1316,0.1000
1778858750.121,0.2477,0.0066,5.00,136.6,4.26,14.54,1.38,0.1287,0.1000
1778858750.187,0.0501,0.0088,5.00,136.6,3.49,9.89,1.46,0.1327,0.1000
1778858750.254,0.0328,0.0111,5.00,136.6,3.08,9.01,1.31,0.1325,0.1000
1778858750.319,0.0260,0.0133,5.00,136.6,3.21,7.88,1.24,0.1309,0.1000
1778858750.388,0.0216,0.0155,5.00,136.6,3.23,6.75,1.36,0.1342,0.1000
1778858750.455,0.0223,0.0177,4.00,136.6,3.55,3.80,1.61,0.1316,0.1000
1778858750.521,0.0216,0.0199,4.00,136.6,3.74,1.93,1.60,0.1329,0.1000
1778858750.585,0.0225,0.0221,4.00,136.6,3.68,0.59,1.40,0.1361,0.1000
1778858750.655,0.0294,0.0243,4.00,136.6,3.32,-1.24,1.51,0.1339,0.1000
1778858750.721,0.0303,0.0265,4.00,136.6,2.49,-6.15,1.69,0.1359,0.1000
1778858750.788,0.0400,0.0288,4.00,136.6,2.80,-9.08,1.84,0.1396,0.1000
1778858750.855,0.0456,0.0310,4.00,136.6,3.20,-10.05,1.94,0.1383,0.1000
1778858750.921,0.0390,0.0332,4.00,136.6,3.54,-9.60,1.84,0.1379,0.1000
1778858750.986,0.0350,0.0354,4.00,136.6,3.56,-9.43,1.84,0.1335,0.1000
1778858751.055,0.0360,0.0376,4.00,136.6,3.40,-9.79,1.94,0.1336,0.1000
1778858751.121,0.0368,0.0398,4.00,136.6,3.29,-9.84,1.85,0.1317,0.1000
1778858751.188,0.0400,0.0420,4.00,136.6,3.20,-9.74,1.82,0.1355,0.1000
1778858751.255,0.0370,0.0442,4.00,136.6,2.96,-10.22,1.90,0.1358,0.1000
1778858751.320,0.0358,0.0465,4.00,136.6,2.38,-11.56,1.50,0.1374,0.1000
1778858751.384,0.0380,0.0487,4.00,136.6,1.30,-13.00,1.53,0.1384,0.1000
1778858751.455,0.0452,0.0508,4.00,136.6,0.36,-14.25,1.70,0.1428,0.1000
1778858751.521,0.0803,0.0530,4.00,136.6,-0.38,-16.92,2.03,0.1474,0.1000
1778858751.588,0.1098,0.0552,4.00,136.6,-0.35,-18.07,2.38,0.1497,0.1000
1778858751.655,0.1177,0.0574,4.00,136.6,-0.24,-18.40,2.46,0.1508,0.1000
1778858751.722,0.1250,0.0596,4.00,136.6,0.02,-17.94,2.46,0.1518,0.1000
1778858751.789,0.1280,0.0618,4.00,136.6,0.33,-17.69,2.45,0.1518,0.1000
1778858751.854,0.1309,0.0640,4.00,136.6,0.39,-17.69,2.48,0.1517,0.1000
1778858751.919,0.1358,0.0662,4.00,136.6,0.67,-17.47,2.50,0.1502,0.1000
1778858751.985,0.1366,0.0684,4.00,136.6,1.01,-16.32,2.49,0.1484,0.1000
1778858752.053,0.1395,0.0706,4.00,136.6,1.20,-16.01,2.55,0.1474,0.1000
1778858752.122,0.1418,0.0728,4.00,136.6,1.65,-15.41,2.46,0.1450,0.1000
1778858752.188,0.1433,0.0751,4.00,136.6,1.82,-15.15,2.46,0.1447,0.1000
1778858752.253,0.1229,0.0773,4.00,136.6,2.21,-14.12,2.28,0.1430,0.1000
1778858752.322,0.0924,0.0795,4.00,136.6,2.71,-12.43,1.63,0.1417,0.1000
1778858752.389,0.0705,0.0817,4.00,136.6,2.87,-11.74,1.54,0.1416,0.1000
1778858752.455,0.0650,0.0839,4.00,136.6,2.95,-12.06,1.64,0.1395,0.1000
1778858752.522,0.0642,0.0861,4.00,136.6,3.29,-11.04,1.72,0.1410,0.1000
1778858752.587,0.0641,0.0883,4.00,136.6,3.56,-11.36,1.68,0.1383,0.1000
1778858752.655,0.0793,0.0905,4.00,136.6,4.26,-11.61,1.49,0.1369,0.1000
1778858752.722,0.1214,0.0927,4.00,136.6,5.36,-11.99,1.19,0.1345,0.1000
1778858752.788,0.1387,0.0949,4.00,136.6,5.38,-10.45,1.12,0.1358,0.1000
1778858752.853,0.1428,0.0971,4.00,136.6,5.56,-10.28,1.20,0.1355,0.1000
1778858752.923,0.1321,0.0993,3.00,136.6,6.04,-9.63,1.01,0.1334,0.1000
1778858752.986,0.1432,0.1015,3.00,136.6,6.99,-8.76,1.11,0.1341,0.1000
1778858753.056,0.1488,0.1038,3.00,136.6,7.22,-7.96,1.22,0.1327,0.1000
1778858753.121,0.1537,0.1060,3.00,136.6,7.28,-7.00,1.23,0.1313,0.1000
1778858753.189,0.1597,0.1082,3.00,136.6,7.35,-7.83,1.33,0.1320,0.1000
1778858753.255,0.1696,0.1104,3.00,136.6,7.29,-7.65,1.43,0.1305,0.1000
1778858753.323,0.1719,0.1126,3.00,136.6,7.30,-7.61,1.47,0.1294,0.1000
1778858753.388,0.1688,0.1148,3.00,136.6,7.24,-8.83,1.45,0.1327,0.1000
1778858753.457,0.1479,0.1170,3.00,136.6,7.05,-9.10,1.58,0.1330,0.1000
1778858753.520,0.1211,0.1192,3.00,136.6,7.07,-11.10,1.77,0.1323,0.1000
1778858753.588,0.1996,0.1214,3.00,136.6,6.85,-12.12,2.26,0.1323,0.1000
1778858753.654,0.2530,0.1214,3.00,136.6,6.27,-13.39,2.43,0.1328,0.1000
1778858753.723,0.2724,0.1214,3.00,136.6,5.63,-13.88,2.57,0.1333,0.1000
1778858753.790,0.1342,0.1236,3.00,136.6,5.19,-12.42,2.35,0.1377,0.1000
1778858753.856,0.1478,0.1258,3.00,136.6,4.81,-14.44,2.28,0.1387,0.1000
1778858753.922,0.2283,0.1258,4.00,129.9,4.10,-16.71,1.92,0.1422,0.1000
1778858753.987,0.2629,0.1258,4.00,129.9,4.06,-17.39,1.88,0.1444,0.1000
1778858754.056,0.2725,0.1258,4.00,129.9,4.14,-18.36,2.04,0.1475,0.1000
1778858754.123,0.2774,0.1258,4.00,129.9,4.13,-18.50,2.15,0.1477,0.1000
1778858754.190,0.2734,0.1258,4.00,129.9,3.97,-18.48,2.23,0.1485,0.1000
1778858754.254,0.2725,0.1258,4.00,129.9,3.67,-18.53,2.26,0.1492,0.1000
1778858754.320,0.2719,0.1258,4.00,129.9,3.69,-18.46,2.28,0.1492,0.1000
1778858754.389,0.2741,0.1258,4.00,129.9,3.70,-18.07,2.29,0.1471,0.1000
1778858754.457,0.2737,0.1258,4.00,129.9,3.79,-18.11,2.34,0.1484,0.1000
1778858754.523,0.2738,0.1258,4.00,129.9,3.75,-17.95,2.44,0.1489,0.1000
1778858754.588,0.2748,0.1258,4.00,129.9,3.71,-17.83,2.52,0.1490,0.1000
1778858754.656,0.2749,0.1258,4.00,129.9,3.62,-17.77,2.56,0.1489,0.1000
1778858754.724,0.2739,0.1258,4.00,129.9,3.56,-17.73,2.61,0.1487,0.1000
1778858754.790,0.2744,0.1258,4.00,129.9,3.57,-17.70,2.63,0.1481,0.1000
1778858754.854,0.2744,0.1258,4.00,129.9,3.58,-17.67,2.69,0.1477,0.1000
1778858754.923,0.2735,0.1258,4.00,129.9,3.62,-17.57,2.72,0.1476,0.1000
1778858754.989,0.2731,0.1258,4.00,129.9,3.65,-17.89,2.81,0.1484,0.1000
1778858755.054,0.2732,0.1258,4.00,129.9,3.63,-17.82,2.88,0.1482,0.1000
1778858755.122,0.2752,0.1258,4.00,129.9,3.16,-18.26,3.21,0.1649,0.1000
1778858755.190,0.2618,0.1258,4.00,129.9,0.91,-19.26,3.61,0.3500,0.1000
1778858755.258,0.2657,0.1258,4.00,129.9,0.02,-17.35,4.22,0.3714,0.1000
1778858755.322,0.2658,0.1258,4.00,129.9,-0.82,-18.39,4.51,0.3406,0.1000
1778858755.388,0.2596,0.1258,4.00,129.9,-1.09,-22.04,4.65,0.2472,0.1000
1778858755.455,0.2715,0.1258,4.00,129.9,-1.16,-25.29,4.30,0.1671,0.1000
1778858755.520,0.2889,0.1258,4.00,129.9,-0.99,-30.14,4.29,0.1794,0.1000
1778858755.591,0.2851,0.1258,4.00,129.9,-1.59,-34.28,4.53,0.3641,0.1000
1778858755.658,0.2881,0.1258,4.00,129.9,-2.02,-33.92,3.90,0.4111,0.1000
1778858755.723,0.2834,0.1258,4.00,129.9,-1.02,-34.45,4.13,0.4353,0.1000
1778858755.788,0.2790,0.1258,4.00,129.9,-1.15,-33.50,4.53,0.4176,0.1000
1778858755.854,0.2726,0.1258,4.00,129.9,-1.28,-33.16,5.21,0.4348,0.1000
1778858755.924,0.2782,0.1258,4.00,129.9,-1.70,-32.74,5.46,0.4132,0.1000
1778858755.988,0.2837,0.1258,4.00,129.9,-1.85,-32.93,5.58,0.3987,0.1000
1778858756.058,0.2860,0.1258,4.00,129.9,3.44,-39.89,-178.14,0.3726,0.1000
1778858756.123,0.2920,0.1258,4.00,129.9,3.05,-41.60,-178.06,0.2912,0.1000
1778858756.191,0.2943,0.1258,4.00,129.9,3.36,-41.47,-177.98,0.2442,0.1000
1778858756.256,0.2938,0.1258,4.00,129.9,-1.56,-36.00,7.19,0.3281,0.1000
1778858756.321,0.2868,0.1258,4.00,129.9,-0.70,-31.72,6.51,0.3850,0.1000
1778858756.388,0.2841,0.1258,4.00,129.9,-0.98,-29.43,6.29,0.3894,0.1000
1778858756.456,0.2805,0.1258,4.00,129.9,-0.81,-28.67,6.22,0.3828,0.1000
1778858756.525,0.2757,0.1258,4.00,129.9,-0.56,-28.65,6.22,0.3846,0.1000
1778858756.588,0.2748,0.1258,4.00,129.9,-0.40,-28.04,6.26,0.3613,0.1000
1778858756.658,0.2733,0.1258,4.00,129.9,-0.28,-26.84,6.20,0.3076,0.1000
1778858756.724,0.2732,0.1258,4.00,129.9,-0.23,-26.02,6.23,0.3152,0.1000
1778858756.789,0.2715,0.1258,4.00,129.9,-0.57,-26.15,6.28,0.3458,0.1000
1778858756.858,0.2684,0.1258,4.00,129.9,-0.82,-24.69,6.29,0.3561,0.1000
1778858756.924,0.2684,0.1258,4.00,129.9,-0.63,-24.21,6.42,0.3726,0.1000
1778858756.988,0.2613,0.1258,4.00,129.9,-0.78,-22.12,6.28,0.3660,0.1000
1778858757.057,0.2607,0.1258,4.00,129.9,-0.85,-21.72,6.62,0.3313,0.1000
1778858757.122,0.2645,0.1258,4.00,129.9,-0.99,-22.41,6.42,0.2246,0.1000
1778858757.188,0.2716,0.1258,4.00,129.9,-1.69,-21.39,5.78,0.1468,0.1000
1778858757.258,0.2658,0.1258,4.00,129.9,-2.12,-16.98,4.82,0.1405,0.1000
1778858757.322,0.2821,0.1258,4.00,129.9,-3.51,-15.09,4.29,0.1583,0.1000
1778858757.392,0.2937,0.1258,4.00,129.9,-2.62,-20.75,5.21,0.1485,0.1000
1778858757.458,0.2900,0.1258,4.00,129.9,-2.39,-16.89,5.19,0.1779,0.1000
1778858757.526,0.2864,0.1258,4.00,129.9,-2.05,-18.66,6.62,0.2417,0.1000
1778858757.588,0.2874,0.1258,4.00,129.9,-3.63,-17.75,8.28,0.2280,0.1000
1778858757.658,0.2801,0.1258,4.00,129.9,-4.28,-11.19,8.19,0.1928,0.1000
1778858757.722,0.2551,0.1258,4.00,129.9,-3.91,-5.98,8.09,0.1811,0.1000
1778858757.792,0.2650,0.1258,4.00,129.9,-2.98,-7.40,8.50,0.1687,0.1000
1778858757.857,0.2617,0.1258,4.00,129.9,-2.85,-5.38,8.94,0.2000,0.1000
1778858757.926,0.2549,0.1258,4.00,129.9,-1.58,-1.18,8.69,0.2688,0.1000
1778858757.987,0.2744,0.1258,4.00,129.9,-3.14,8.09,8.07,0.3119,0.1000
1778858758.058,0.2743,0.1258,4.00,129.9,-3.32,10.84,7.84,0.3577,0.1000
1778858758.121,0.2721,0.1258,4.00,129.9,-3.58,11.30,7.91,0.3746,0.1000
1778858758.186,0.2763,0.1258,4.00,129.9,-1.21,2.37,8.83,0.3739,0.1000
1778858758.257,0.2675,0.1258,4.00,129.9,0.26,-13.40,8.42,0.3498,0.1000
1778858758.324,0.2876,0.1258,4.00,129.9,1.83,-14.71,6.73,0.2762,0.1000
1778858758.390,0.2796,0.1258,4.00,129.9,2.55,-13.18,5.93,0.1468,0.1000
1778858758.456,0.2888,0.1258,4.00,129.9,4.23,-9.87,5.12,0.1244,0.1000
1778858758.522,0.2953,0.1258,4.00,129.9,5.51,-8.98,5.52,0.1316,0.1000
1778858758.588,0.2964,0.1258,4.00,129.9,7.58,-7.78,5.38,0.1185,0.1000
1778858758.657,0.3037,0.1258,4.00,129.9,8.58,-6.86,5.36,0.1216,0.1000
1778858758.726,0.3159,0.1258,4.00,129.9,9.66,-5.09,5.37,0.1220,0.1000
1778858758.788,0.3504,0.1258,4.00,129.9,12.63,-8.28,5.93,0.1288,0.1000
1778858758.859,0.3672,0.1258,4.00,129.9,19.30,-5.86,5.51,0.1020,0.1430
1778858758.921,0.3876,0.1258,4.00,129.9,39.69,-4.88,-176.04,0.1023,0.3469
1778858758.988,0.3487,0.1258,4.00,129.9,50.44,-6.37,-176.39,0.0626,0.3500
1778858759.058,0.3123,0.1258,4.00,129.9,55.80,-7.94,-176.96,0.0516,0.3500
1778858759.123,0.3011,0.1239,4.00,129.9,53.66,-7.89,-176.55,0.0582,0.3500
1778858759.189,0.3053,0.1197,4.00,129.9,52.56,-7.24,-178.37,0.0660,0.3500
1778858759.258,0.2952,0.1197,4.00,129.9,50.77,-7.36,-179.10,0.0798,0.3500
1778858759.321,0.2925,0.1197,4.00,129.9,54.37,-5.37,-178.36,0.0598,0.3500
1778858759.388,0.2764,0.1197,4.00,129.9,54.19,-4.94,-178.37,0.0674,0.3500
1778858759.458,0.3124,0.1197,4.00,129.9,54.26,-4.38,-179.32,0.0666,0.3500
1778858759.526,0.3150,0.1197,4.00,129.9,54.48,-3.72,-178.89,0.0617,0.3500
1778858759.590,0.3136,0.1197,4.00,129.9,53.27,-2.71,-178.66,0.0730,0.3500
1778858759.655,0.3194,0.1197,4.00,129.9,54.43,-2.03,-178.81,0.0755,0.3500
1778858759.723,0.3129,0.1197,4.00,129.9,54.20,-1.66,-178.73,0.0688,0.3500
1778858759.789,0.3486,0.1197,4.00,129.9,53.69,-1.68,-178.42,0.0675,0.3500
1778858759.856,0.3394,0.1197,4.00,129.9,53.48,-1.90,-177.88,0.0619,0.3500
1778858759.925,0.3409,0.1197,4.00,129.9,31.07,-4.13,2.99,0.0688,0.2607
1778858759.987,0.3744,0.1197,4.00,129.9,50.85,-2.62,-178.17,0.0830,0.3500
1778858760.030,0.3908,0.1197,4.00,129.9,48.27,-4.10,-178.12,0.0643,0.3500
1778858760.086,0.3923,0.1197,4.00,129.9,23.64,-6.91,3.50,0.1181,0.1864
1778858760.150,0.3942,0.1197,4.00,129.9,18.01,-4.13,2.94,0.1229,0.1301
1778858760.183,0.3627,0.1195,4.00,129.9,15.76,-0.83,3.08,0.1300,0.1076
1778858760.217,0.3396,0.1195,4.00,129.9,12.95,-2.17,3.37,0.1098,0.1000
1778858760.250,0.3394,0.1192,4.00,129.9,11.18,-3.16,3.51,0.1187,0.1000
1778858760.283,0.3268,0.1192,4.00,129.9,10.02,-3.36,3.30,0.1152,0.1000
1778858760.320,0.3209,0.1189,4.00,129.9,7.67,-3.48,3.76,0.1277,0.1000
1778858760.354,0.3201,0.1189,4.00,129.9,7.36,-3.48,3.58,0.1220,0.1000
1778858760.385,0.3061,0.1187,4.00,129.9,6.16,-3.42,3.95,0.1197,0.1000
1778858760.420,0.3078,0.1187,4.00,129.9,5.21,-2.50,3.83,0.1191,0.1000
1778858760.453,0.3063,0.1184,4.00,129.9,4.88,-0.83,3.62,0.1254,0.1000
1778858760.487,0.3036,0.1184,4.00,129.9,3.66,-1.18,3.65,0.1371,0.1000
1778858760.518,0.2980,0.1182,4.00,129.9,2.99,-1.38,3.71,0.1358,0.1000
1778858760.554,0.2990,0.1182,4.00,129.9,1.78,-1.38,3.52,0.1383,0.1000
1778858760.621,0.2878,0.1182,4.00,129.9,0.17,-2.94,3.52,0.1325,0.1000
1778858760.687,0.2850,0.1182,4.00,129.9,-0.49,-3.59,3.35,0.1279,0.1000
1778858760.756,0.2875,0.1182,4.00,129.9,-1.38,-1.27,2.94,0.1299,0.1000
1778858760.826,0.2893,0.1182,4.00,129.9,-1.75,1.69,2.58,0.1468,0.1000
1778858760.892,0.2890,0.1182,4.00,129.9,-2.36,1.12,2.71,0.1427,0.1000
1778858760.956,0.2876,0.1182,4.00,129.9,-2.82,1.15,2.93,0.1429,0.1000
1778858761.025,0.2789,0.1182,4.00,129.9,-2.86,2.59,2.96,0.1489,0.1000
1778858761.088,0.2746,0.1182,4.00,129.9,-3.09,0.16,3.44,0.1448,0.1000
1778858761.160,0.2677,0.1182,4.00,129.9,-3.42,-2.68,4.24,0.1415,0.1000
1778858761.222,0.2561,0.1182,4.00,129.9,-3.07,-7.55,5.49,0.1365,0.1000
1778858761.292,0.2583,0.1182,4.00,129.9,-3.17,-10.37,6.33,0.1413,0.1000
1778858761.360,0.2607,0.1182,4.00,129.9,-2.50,-13.93,7.48,0.2036,0.1000
1778858761.424,0.2672,0.1182,4.00,129.9,-3.53,-20.34,8.80,0.3334,0.1000
1778858761.489,0.2430,0.1182,4.00,129.9,-4.66,-29.38,11.60,0.4044,0.1000
1778858761.560,0.1407,0.1204,4.00,129.9,-7.81,-43.25,15.01,0.5264,0.1000
1778858761.622,0.4126,0.1204,5.00,129.8,5.98,-69.45,-172.54,0.8244,0.1000
1778858761.693,0.4863,0.1204,5.00,129.8,-4.20,64.45,2.84,1.2229,0.1000
1778858761.791,3.5055,0.1204,5.00,129.8,-20.66,-78.33,27.23,7.4594,0.1566
1778858761.860,0.6858,0.1204,5.00,129.8,3.27,72.62,3.45,1.3236,0.1000
1778858761.926,0.8446,0.1204,5.00,129.8,19.41,59.98,-159.28,0.9971,0.1441
1778858761.989,0.6958,0.1204,5.00,129.8,-12.30,-68.27,25.39,0.6965,0.1000
1778858762.057,0.5968,0.1204,5.00,129.8,5.44,-79.16,-171.90,0.7635,0.1000
1778858762.193,0.6397,0.1206,5.00,129.8,-13.81,-68.79,26.81,1.1636,0.1000
1778858762.256,0.5697,0.1206,5.00,129.8,-13.12,-66.65,26.47,0.8911,0.1000
1778858762.326,0.6406,0.1206,5.00,129.8,-13.53,-66.03,28.08,0.9099,0.1000
1778858762.391,0.5731,0.1206,5.00,129.8,-13.82,-64.27,28.32,0.9546,0.1000
1778858762.456,0.6078,0.1206,5.00,129.8,-13.20,-63.89,28.27,0.9704,0.1000
1778858762.525,0.5843,0.1206,5.00,129.8,-15.66,-63.54,28.64,0.9018,0.1066
1778858762.591,0.5818,0.1206,5.00,129.8,-16.62,-63.49,29.80,0.8950,0.1162
1778858762.661,0.5790,0.1206,5.00,129.8,-18.07,-64.07,30.69,0.8421,0.1307
1778858762.727,0.6329,0.1206,5.00,129.8,-16.28,-63.98,30.03,0.7330,0.1128
1778858762.794,0.5911,0.1206,5.00,129.8,-15.59,-64.20,30.02,0.8388,0.1059
1778858762.857,0.5611,0.1206,5.00,129.8,-15.13,-64.14,29.44,0.7995,0.1013
1778858762.928,0.4703,0.1206,5.00,129.8,-16.52,-63.66,30.43,0.8373,0.1152
1778858762.989,0.4244,0.1206,5.00,129.8,-14.23,-62.66,29.10,0.8210,0.1000
1778858763.061,0.3987,0.1206,5.00,129.8,-15.04,-63.28,28.88,0.8812,0.1004
1778858763.128,0.5171,0.1206,5.00,129.8,-18.13,-64.35,30.80,0.8978,0.1313
1778858763.329,0.3433,0.1211,5.00,129.8,-16.36,-62.36,27.86,0.8011,0.1136
1778858763.392,0.4700,0.1211,5.00,129.8,-16.84,-63.77,29.29,0.8074,0.1184
1778858763.458,0.5057,0.1211,5.00,129.8,-16.71,-63.85,30.29,0.8299,0.1171
1778858763.523,0.4517,0.1211,5.00,129.8,-16.90,-63.37,30.61,0.8265,0.1190
1778858763.592,0.4844,0.1214,5.00,129.8,-17.13,-63.61,31.27,0.7952,0.1213
1778858763.658,0.4922,0.1214,5.00,129.8,-16.60,-63.42,30.36,0.8022,0.1160
1778858763.725,0.4798,0.1214,5.00,129.8,-16.61,-62.52,30.90,0.7684,0.1161
1778858763.789,0.4309,0.1214,5.00,129.8,-18.01,-62.84,31.23,0.9105,0.1301
1778858763.861,0.4410,0.1214,5.00,129.8,-15.96,-62.68,29.76,0.9532,0.1096
1778858763.924,0.4633,0.1214,5.00,129.8,-16.32,-62.70,31.73,0.9594,0.1132
1778858763.989,0.5192,0.1214,5.00,129.8,-16.67,-63.91,32.35,0.9413,0.1167
1778858764.061,0.5409,0.1214,5.00,129.8,-15.07,-63.95,30.94,1.0041,0.1007
1778858764.798,0.1965,0.1264,5.00,129.8,-15.01,-55.46,33.43,0.6825,0.1001
1778858764.861,0.1869,0.1287,5.00,129.8,-0.48,-33.74,23.23,0.4502,0.1375
1778858764.924,0.1986,0.1309,5.00,129.8,5.98,-21.31,16.17,0.3495,0.1375
1778858764.990,0.2188,0.1309,6.00,129.1,5.77,-15.35,12.64,0.3489,0.1375
1778858765.059,0.2215,0.1309,6.00,129.1,4.51,-14.52,10.86,0.3676,0.1375
1778858765.129,0.2365,0.1309,6.00,129.1,3.78,-16.02,11.17,0.3824,0.1375
1778858765.195,0.2232,0.1309,6.00,129.1,4.22,-16.66,10.53,0.3723,0.1375
1778858765.260,0.2259,0.1309,6.00,129.1,4.57,-18.38,9.92,0.3439,0.1375
1778858765.327,0.2137,0.1332,6.00,129.1,4.73,-18.77,9.60,0.3346,0.1375
1778858765.395,0.2153,0.1354,6.00,129.1,5.29,-16.89,9.18,0.3418,0.1375
1778858765.461,0.2134,0.1377,6.00,129.1,4.34,-21.90,8.39,0.3766,0.1375
1778858765.531,0.2158,0.1400,6.00,129.1,6.41,-23.18,7.02,0.3114,0.1375
1778858765.596,0.2297,0.1400,7.00,122.5,7.06,-23.91,6.78,0.3344,0.1375
1778858765.662,0.2450,0.1400,7.00,122.5,7.51,-23.62,6.81,0.3678,0.1375
1778858765.728,0.2432,0.1400,7.00,122.5,8.89,-20.51,6.11,0.3587,0.1375
1778858765.795,0.2478,0.1400,7.00,122.5,12.67,-15.35,5.44,0.3174,0.1375
1778858765.860,0.2432,0.1400,7.00,122.5,13.62,-11.26,5.41,0.3111,0.1375
1778858765.925,0.2368,0.1400,7.00,122.5,14.00,-10.27,6.11,0.3175,0.1375
1778858765.994,0.2268,0.1400,7.00,122.5,13.33,-9.99,8.56,0.3335,0.1375
1778858766.063,0.2321,0.1400,7.00,122.5,13.29,-5.89,10.41,0.3371,0.1375
1778858766.129,0.2240,0.1400,7.00,122.5,13.29,-1.80,11.50,0.3348,0.1375
1778858766.189,0.2538,0.1400,7.00,122.5,13.64,6.88,12.61,0.3176,0.1375
1778858766.262,0.2971,0.1400,7.00,122.5,12.42,17.97,13.09,0.3161,0.1375
1778858766.329,0.3111,0.1400,7.00,122.5,8.80,22.58,12.93,0.3560,0.1375
1778858766.393,0.2928,0.1400,7.00,122.5,7.54,23.39,12.82,0.3669,0.1375
1778858766.460,0.2942,0.1400,7.00,122.5,8.94,20.75,11.99,0.3600,0.1375
1778858766.527,0.2469,0.1400,7.00,122.5,9.32,7.13,12.11,0.3600,0.1375
1778858766.596,0.2253,0.1400,7.00,122.5,10.29,-6.82,11.68,0.3459,0.1375
1778858766.689,0.2301,0.1400,7.00,122.5,11.18,-11.11,12.77,0.3414,0.1375
1778858766.723,0.2332,0.1400,7.00,122.5,11.32,-9.34,13.84,0.3343,0.1375
1778858766.759,0.2292,0.1396,7.00,122.5,10.90,-10.10,13.89,0.3286,0.1375
1778858766.825,0.2246,0.1396,7.00,122.5,10.63,-11.70,14.81,0.3363,0.1375
1778858766.891,0.2277,0.1396,7.00,122.5,10.85,-7.92,14.26,0.3253,0.1375
1778858766.962,0.2361,0.1396,7.00,122.5,11.72,-8.76,13.64,0.3116,0.1375
1778858767.027,0.2268,0.1396,7.00,122.5,10.12,-8.38,13.33,0.3349,0.1375
1778858767.094,0.2327,0.1396,7.00,122.5,10.26,-7.72,13.28,0.3275,0.1375
1778858767.160,0.2376,0.1396,7.00,122.5,9.92,-7.58,12.82,0.3249,0.1375
1778858767.224,0.2402,0.1396,7.00,122.5,9.69,-7.60,12.19,0.3191,0.1375
1778858767.295,0.2425,0.1396,7.00,122.5,8.50,-6.28,11.72,0.3224,0.1375
1778858767.363,0.2387,0.1396,7.00,122.5,6.87,-5.71,11.36,0.3356,0.1375
1778858767.424,0.2426,0.1396,7.00,122.5,6.20,-1.91,10.56,0.3379,0.1375
1778858767.494,0.2474,0.1396,7.00,122.5,5.47,-0.35,8.97,0.3287,0.1375
1778858767.562,0.2544,0.1396,7.00,122.5,4.30,5.80,7.61,0.3379,0.1375
1778858767.632,0.2564,0.1396,7.00,122.5,3.35,10.01,6.37,0.3446,0.1375
1778858767.697,0.2601,0.1396,7.00,122.5,2.71,11.17,5.90,0.3468,0.1375
1778858767.760,0.2630,0.1396,7.00,122.5,1.25,10.11,5.40,0.3526,0.1375
1778858767.827,0.2651,0.1396,7.00,122.5,-0.72,9.86,4.68,0.3571,0.1375
1778858767.896,0.2617,0.1396,7.00,122.5,-1.97,8.17,3.93,0.3494,0.1375
1778858767.963,0.2423,0.1396,7.00,122.5,-2.95,8.60,3.42,0.3678,0.1375
1778858768.031,0.2378,0.1396,7.00,122.5,-6.54,7.30,3.34,0.3645,0.1375
1778858768.093,0.2364,0.1396,7.00,122.5,-8.27,4.09,3.68,0.3546,0.1375
1778858768.163,0.2495,0.1396,7.00,122.5,-9.34,3.69,3.60,0.3429,0.1375
1778858768.228,0.2578,0.1396,7.00,122.5,-9.64,0.43,4.27,0.3523,0.1375
1778858768.297,0.2539,0.1396,7.00,122.5,-8.65,-0.72,4.58,0.3572,0.1375
1778858768.363,0.2584,0.1396,7.00,122.5,-9.29,-0.09,3.92,0.3829,0.1375
1778858768.429,0.2466,0.1396,7.00,122.5,-10.52,3.82,2.09,0.3920,0.1375
1778858768.497,0.2465,0.1396,7.00,122.5,-11.40,11.31,-0.66,0.3946,0.1375
1778858768.564,0.2421,0.1396,7.00,122.5,-12.50,10.39,-1.73,0.4260,0.1375
1778858768.628,0.2428,0.1396,7.00,122.5,-11.95,10.89,-2.27,0.4216,0.1375
1778858768.695,0.2364,0.1396,7.00,122.5,-11.96,12.85,-2.33,0.4178,0.1375
1778858768.760,0.2454,0.1396,7.00,122.5,-9.65,14.52,-1.34,0.4579,0.1375
1778858768.827,0.2513,0.1396,7.00,122.5,-8.94,10.95,0.30,0.4632,0.1375
1778858768.897,0.2399,0.1396,7.00,122.5,-9.74,-0.97,2.42,0.4535,0.1375
1778858768.966,0.2505,0.1396,7.00,122.5,-9.00,-6.12,2.90,0.4521,0.1375
1778858769.027,0.2458,0.1396,7.00,122.5,-8.58,-4.10,3.42,0.4287,0.1375
1778858769.097,0.2532,0.1396,7.00,122.5,-7.03,-1.56,3.95,0.3586,0.1375
1778858769.165,0.2658,0.1396,7.00,122.5,-4.73,-17.75,6.44,0.3481,0.1375
1778858769.231,0.2674,0.1396,7.00,122.5,-4.43,-23.01,6.71,0.3150,0.1375
1778858769.296,0.2587,0.1396,7.00,122.5,-4.33,-7.97,5.27,0.3098,0.1375
1778858769.365,0.2584,0.1396,7.00,122.5,-4.55,-18.44,6.10,0.2810,0.1375
1778858769.429,0.2623,0.1396,7.00,122.5,-4.54,-14.06,5.57,0.2626,0.1375
1778858769.498,0.2618,0.1396,7.00,122.5,-4.59,-11.17,5.18,0.2517,0.1375
1778858769.559,0.2588,0.1396,7.00,122.5,-3.55,-6.50,4.43,0.1775,0.1375
1778858769.631,0.2635,0.1396,7.00,122.5,-1.70,-4.79,4.29,0.1273,0.1375
1778858769.698,0.2516,0.1396,7.00,122.5,-0.30,-4.51,4.15,0.1034,0.1375
1778858769.764,0.2728,0.1396,7.00,122.5,0.08,-4.80,3.80,0.1146,0.1375
1778858769.831,0.2803,0.1396,7.00,122.5,1.04,-5.15,3.93,0.1101,0.1375
1778858769.898,0.2722,0.1396,7.00,122.5,0.83,0.52,3.87,0.1122,0.1375
1778858769.965,0.2692,0.1396,7.00,122.5,0.78,-1.65,4.34,0.1127,0.1375
1778858770.031,0.2640,0.1396,7.00,122.5,1.23,-2.90,4.51,0.1130,0.1375
1778858770.095,0.2657,0.1396,7.00,122.5,2.19,-3.67,4.46,0.1051,0.1375
1778858770.165,0.2700,0.1396,6.00,122.5,2.64,-2.95,4.37,0.1083,0.1375
1778858770.232,0.2708,0.1396,6.00,122.5,2.41,-2.82,4.25,0.1095,0.1375
1778858770.297,0.2676,0.1396,6.00,122.5,2.28,-1.38,4.04,0.1115,0.1375
1778858770.360,0.2700,0.1396,6.00,122.5,1.89,-0.87,3.94,0.1103,0.1375
1778858770.431,0.2680,0.1396,6.00,122.5,1.34,-1.46,4.11,0.1112,0.1375
1778858770.497,0.2663,0.1396,6.00,122.5,1.40,-0.26,4.15,0.1120,0.1375
1778858770.565,0.2678,0.1396,6.00,122.5,1.84,-0.40,4.11,0.1117,0.1375
1778858770.632,0.2756,0.1396,6.00,122.5,2.56,0.37,4.24,0.1132,0.1375
1778858770.698,0.2722,0.1396,6.00,122.5,2.71,1.49,4.27,0.1225,0.1375
1778858770.761,0.2904,0.1396,6.00,122.5,3.11,2.25,4.49,0.1240,0.1375
1778858770.828,0.2884,0.1396,6.00,122.5,2.86,2.32,4.53,0.1259,0.1375
1778858770.898,0.2944,0.1396,6.00,122.5,2.87,2.31,4.63,0.1339,0.1375
1778858770.965,0.2958,0.1396,6.00,122.5,3.09,1.68,4.67,0.1290,0.1375
1778858771.024,0.2957,0.1396,6.00,122.5,3.24,1.28,4.64,0.1262,0.1375
1778858771.059,0.2975,0.1396,6.00,122.5,3.22,0.91,4.54,0.1239,0.1375
1778858771.091,0.2998,0.1393,6.00,122.5,3.16,0.93,4.41,0.1230,0.1375
1778858771.124,0.3004,0.1393,6.00,122.5,3.06,0.94,4.31,0.1225,0.1375
1778858771.162,0.2985,0.1390,6.00,122.5,2.86,0.93,4.33,0.1221,0.1375
1778858771.230,0.2996,0.1390,6.00,122.5,2.70,0.05,4.39,0.1210,0.1375
1778858771.297,0.3004,0.1390,6.00,122.5,2.53,-1.15,4.56,0.1222,0.1375
1778858771.361,0.3070,0.1390,6.00,122.5,2.21,-1.76,4.67,0.1234,0.1375
1778858771.432,0.3120,0.1390,6.00,122.5,2.17,-3.39,4.98,0.1230,0.1375
1778858771.498,0.3126,0.1390,6.00,122.5,2.41,-2.10,4.76,0.1224,0.1375
1778858771.565,0.3122,0.1390,6.00,122.5,2.48,-2.17,4.60,0.1222,0.1375
1778858771.632,0.3121,0.1390,6.00,122.5,2.41,-0.14,4.23,0.1231,0.1375
1778858771.696,0.3100,0.1390,6.00,122.5,2.48,1.79,3.90,0.1255,0.1375
1778858771.766,0.3095,0.1390,6.00,122.5,2.48,2.13,3.87,0.1288,0.1375
1778858771.832,0.3112,0.1390,6.00,122.5,2.60,3.72,3.85,0.1261,0.1375
1778858771.898,0.3120,0.1390,6.00,122.5,2.80,3.93,3.79,0.1236,0.1375
1778858771.966,0.2985,0.1390,6.00,122.5,2.63,3.08,3.84,0.1227,0.1375
1778858772.031,0.2965,0.1390,6.00,122.5,2.67,2.43,3.92,0.1216,0.1375
1778858772.101,0.2971,0.1390,6.00,122.5,2.69,2.74,3.93,0.1238,0.1375
1778858772.166,0.2828,0.1390,6.00,122.5,2.55,2.61,4.06,0.1252,0.1375
1778858772.233,0.2801,0.1390,6.00,122.5,2.58,1.93,4.25,0.1215,0.1375
1778858772.298,0.2809,0.1390,6.00,122.5,2.53,1.80,4.24,0.1227,0.1375
1778858772.366,0.2828,0.1390,6.00,122.5,2.69,1.74,4.25,0.1246,0.1375
1778858772.432,0.2803,0.1390,6.00,122.5,2.74,2.12,4.20,0.1247,0.1375
1778858772.499,0.2835,0.1390,6.00,122.5,2.81,2.07,4.11,0.1242,0.1375
1778858772.564,0.2842,0.1390,6.00,122.5,2.77,2.29,4.01,0.1240,0.1375
1778858772.633,0.2835,0.1390,6.00,122.5,2.91,2.46,3.97,0.1255,0.1375
1778858772.695,0.2831,0.1390,6.00,122.5,3.02,2.33,3.98,0.1258,0.1375
1778858772.765,0.2839,0.1390,6.00,122.5,3.12,2.45,3.97,0.1257,0.1375
1778858772.829,0.2832,0.1390,6.00,122.5,3.10,2.72,3.95,0.1258,0.1375
1778858772.899,0.2831,0.1390,6.00,122.5,3.15,3.28,3.88,0.1250,0.1375
1778858772.963,0.2827,0.1390,6.00,122.5,3.20,3.31,3.86,0.1251,0.1375
1778858773.032,0.2824,0.1390,6.00,122.5,3.34,3.42,3.79,0.1264,0.1375
1778858773.100,0.2807,0.1390,6.00,122.5,3.53,3.08,3.68,0.1267,0.1375
1778858773.166,0.2786,0.1390,6.00,122.5,3.82,2.50,3.62,0.1286,0.1375
1778858773.233,0.2696,0.1390,6.00,122.5,4.33,2.19,3.78,0.1369,0.1375
1778858773.296,0.2539,0.1390,6.00,122.5,3.95,1.75,4.27,0.1358,0.1375
1778858773.365,0.2544,0.1390,6.00,122.5,3.55,2.51,4.23,0.1343,0.1375
1778858773.432,0.2428,0.1390,6.00,122.5,3.42,1.75,4.16,0.1338,0.1375
1778858773.497,0.2432,0.1390,6.00,122.5,3.88,1.95,3.80,0.1405,0.1375
1778858773.566,0.2173,0.1413,6.00,122.5,4.61,1.19,3.57,0.1391,0.1375
1778858773.633,0.2248,0.1413,7.00,122.5,5.92,0.41,3.48,0.1585,0.1375
1778858773.700,0.2240,0.1413,7.00,122.5,6.86,-0.11,3.54,0.1600,0.1375
1778858773.766,0.2212,0.1413,7.00,122.5,6.31,-0.12,3.32,0.1689,0.1375
1778858773.828,0.2142,0.1435,7.00,122.5,6.03,0.30,3.07,0.1736,0.1375
1778858773.900,0.2025,0.1457,7.00,122.5,8.44,0.33,3.10,0.1653,0.1375
1778858773.967,0.2180,0.1480,7.00,122.5,9.28,0.23,3.16,0.1752,0.1375
1778858774.029,0.2225,0.1480,8.00,135.9,9.65,-0.33,3.08,0.1743,0.1375
1778858774.095,0.2189,0.1480,8.00,135.9,10.81,-0.75,2.95,0.1804,0.1375
1778858774.167,0.2134,0.1502,8.00,135.9,10.09,0.79,2.53,0.1932,0.1378
1778858774.233,0.2116,0.1525,8.00,135.9,10.95,0.62,2.18,0.1848,0.1408
1778858774.300,0.2146,0.1547,8.00,135.9,11.52,-0.16,2.47,0.1698,0.1438
1778858774.361,0.2146,0.1570,8.00,135.9,10.80,-1.04,2.59,0.1741,0.1468
1778858774.430,0.2195,0.1570,9.00,155.8,10.07,-1.09,2.60,0.1733,0.1468
1778858774.495,0.2195,0.1570,9.00,155.8,9.70,-1.16,2.77,0.1717,0.1468
1778858774.566,0.2202,0.1570,9.00,155.8,8.45,-0.35,2.82,0.1692,0.1468
1778858774.629,0.2207,0.1570,9.00,155.8,7.93,-0.99,2.88,0.1602,0.1468
1778858774.697,0.2234,0.1570,9.00,155.8,7.48,-1.26,3.06,0.1603,0.1468
1778858774.765,0.2233,0.1570,9.00,155.8,7.50,-0.90,3.28,0.1651,0.1468
1778858774.833,0.2235,0.1570,9.00,155.8,8.02,-1.81,3.14,0.1690,0.1468
1778858774.899,0.2233,0.1570,9.00,155.8,7.94,-5.10,3.60,0.1680,0.1468
1778858774.965,0.1178,0.1592,9.00,155.8,7.34,-13.10,3.86,0.1954,0.1498
1778858775.034,0.0846,0.1614,9.00,155.8,2.12,-30.29,6.01,0.2467,0.1527
1778858775.096,0.1624,0.1637,9.00,155.8,-2.10,-47.53,8.83,0.3967,0.1557
1778858775.164,0.3481,0.1637,10.00,155.7,-2.87,-60.22,13.01,0.6542,0.1557
1778858776.024,0.1788,0.1705,10.00,155.7,1.33,-53.77,11.41,0.6361,0.1648
1778858776.057,0.1749,0.1728,10.00,155.7,5.70,-49.86,10.04,0.4971,0.1679
1778858776.090,0.1498,0.1747,10.00,155.7,12.70,-41.89,7.06,0.4472,0.1705
1778858776.123,0.1153,0.1770,10.00,155.7,13.90,-35.75,5.58,0.4024,0.1735
1778858776.156,0.1024,0.1789,10.00,155.7,17.35,-27.21,5.21,0.3436,0.1996
1778858776.190,0.1162,0.1812,10.00,155.7,20.00,-20.45,5.63,0.3668,0.2291
1778858776.224,0.1210,0.1831,10.00,155.7,21.00,-15.11,6.37,0.3407,0.2416
1778858776.259,0.1148,0.1854,10.00,155.7,20.98,-8.97,6.75,0.3351,0.2445
1778858776.325,0.1018,0.1876,10.00,155.7,22.63,1.14,6.58,0.3121,0.2640
1778858776.357,0.1087,0.1895,10.00,155.7,23.43,3.96,6.53,0.3093,0.2745
1778858776.391,0.1230,0.1918,10.00,155.7,24.24,4.82,6.17,0.2971,0.2856
1778858776.423,0.1359,0.1936,10.00,155.7,23.71,5.49,5.97,0.3066,0.2828
1778858776.457,0.1536,0.1959,10.00,155.7,22.94,6.24,5.97,0.3111,0.2781
1778858776.490,0.1835,0.1977,10.00,155.7,22.74,6.53,5.78,0.3088,0.2785
1778858776.524,0.2032,0.2000,10.00,155.7,23.35,5.79,5.54,0.2980,0.2877
1778858776.558,0.2053,0.2018,10.00,155.7,23.98,5.51,5.31,0.2973,0.2964
1778858776.590,0.2094,0.2041,10.00,155.7,24.91,5.20,4.95,0.2950,0.3087
1778858776.624,0.2203,0.2036,10.00,155.7,24.95,5.62,4.77,0.2998,0.3084
1778858776.657,0.2180,0.2059,10.00,155.7,25.48,5.48,4.49,0.2936,0.3168
1778858776.691,0.2240,0.2054,10.00,155.7,25.96,4.49,4.36,0.2904,0.3210
1778858776.725,0.2276,0.2054,10.00,155.7,26.93,5.15,4.29,0.2937,0.3307
1778858776.762,0.2308,0.2050,10.00,155.7,26.91,5.30,4.02,0.2811,0.3299
1778858776.823,0.2355,0.2050,10.00,155.7,27.71,6.25,3.72,0.2755,0.3379
1778858776.857,0.2246,0.2050,10.00,155.7,29.29,5.96,3.89,0.2652,0.3537
1778858776.893,0.2335,0.2045,10.00,155.7,29.18,5.00,3.54,0.2742,0.3520
1778858776.923,0.2445,0.2045,9.00,155.7,30.21,4.88,3.04,0.2642,0.3623
1778858776.957,0.2566,0.2040,9.00,155.7,30.38,4.82,2.88,0.2717,0.3634
1778858776.990,0.2574,0.2040,9.00,155.7,30.33,5.03,2.83,0.2633,0.3629
1778858777.023,0.2544,0.2036,9.00,155.7,30.17,5.05,2.76,0.2598,0.3607
1778858777.057,0.2560,0.2036,9.00,155.7,29.72,5.01,2.76,0.2655,0.3562
1778858777.090,0.2642,0.2031,9.00,155.7,28.83,4.82,2.50,0.2678,0.3466
1778858777.123,0.2734,0.2031,9.00,155.7,29.61,4.80,2.78,0.2704,0.3544
1778858777.157,0.2669,0.2027,9.00,155.7,30.15,4.19,2.72,0.2732,0.3592
1778858777.191,0.2670,0.2027,9.00,155.7,30.44,3.46,3.08,0.2645,0.3621
1778858777.224,0.2713,0.2022,9.00,155.7,30.86,2.26,3.32,0.2592,0.3658
1778858777.257,0.2735,0.2022,9.00,155.7,30.64,1.78,3.29,0.2593,0.3636
1778858777.291,0.2797,0.2018,9.00,155.7,31.39,1.98,3.78,0.2412,0.3705
1778858777.325,0.2938,0.2018,9.00,155.7,31.12,1.55,4.31,0.2529,0.3678
1778858777.358,0.2893,0.2013,9.00,155.7,30.52,1.52,4.51,0.2532,0.3612
1778858777.392,0.2897,0.2013,9.00,155.7,29.72,1.34,4.90,0.2587,0.3531
1778858777.424,0.2892,0.2009,9.00,155.7,28.26,1.93,5.01,0.2632,0.3380
1778858777.458,0.2846,0.2009,9.00,155.7,28.65,1.57,5.60,0.2607,0.3419
1778858777.491,0.2808,0.2004,9.00,155.7,27.65,1.12,5.90,0.2714,0.3312
1778858777.525,0.2862,0.2004,9.00,155.7,27.40,-0.36,5.97,0.2851,0.3288
1778858777.558,0.2805,0.2000,9.00,155.7,27.10,-1.06,6.29,0.2921,0.3251
1778858777.593,0.2800,0.2000,9.00,155.7,25.75,-2.15,6.66,0.2965,0.3116
1778858777.625,0.2666,0.1996,9.00,155.7,25.01,-1.98,6.92,0.3085,0.3037
1778858777.657,0.2682,0.1996,9.00,155.7,23.24,-2.73,7.19,0.3199,0.2860
1778858777.692,0.2640,0.1991,9.00,155.7,23.72,-3.35,7.47,0.3222,0.2902
1778858777.724,0.2608,0.1991,9.00,155.7,22.55,-3.11,7.93,0.3339,0.2785
1778858777.764,0.2583,0.1987,9.00,155.7,22.39,-4.10,8.11,0.3229,0.2763
1778858777.824,0.2593,0.1987,9.00,155.7,21.07,-5.14,8.52,0.3375,0.2631
1778858777.859,0.2535,0.1987,9.00,155.7,21.58,-5.20,9.07,0.3307,0.2682
1778858777.891,0.2516,0.1983,9.00,155.7,20.60,-5.24,9.43,0.3457,0.2579
1778858777.924,0.2533,0.1983,9.00,155.7,19.38,-5.01,9.60,0.3365,0.2457
1778858777.958,0.2556,0.1978,9.00,155.7,19.59,-4.53,9.72,0.3355,0.2472
1778858777.991,0.2446,0.1978,9.00,155.7,19.32,-4.36,9.97,0.3434,0.2444
1778858778.024,0.2400,0.1974,9.00,155.7,18.50,-4.46,10.07,0.3481,0.2357
1778858778.058,0.2391,0.1974,9.00,155.7,17.89,-3.86,10.19,0.3460,0.2296
1778858778.091,0.2407,0.1970,9.00,155.7,17.61,-3.41,10.28,0.3436,0.2262
1778858778.124,0.2418,0.1970,9.00,155.7,17.69,-2.90,10.29,0.3398,0.2271
1778858778.157,0.2396,0.1965,9.00,155.7,17.11,-2.94,10.13,0.3444,0.2206
1778858778.191,0.2369,0.1965,9.00,155.7,16.19,-3.01,9.91,0.3477,0.2114
1778858778.224,0.2323,0.1961,9.00,155.7,15.69,-2.66,9.83,0.3331,0.2059
1778858778.257,0.2348,0.1961,9.00,155.7,15.36,-2.23,9.81,0.3315,0.2026
1778858778.291,0.2403,0.1957,9.00,155.7,14.49,-2.00,9.75,0.3236,0.1984
1778858778.324,0.2455,0.1957,9.00,155.7,13.37,-0.25,9.57,0.2981,0.1984
1778858778.358,0.2389,0.1953,9.00,155.7,12.87,0.89,9.30,0.2807,0.1979
1778858778.391,0.2356,0.1953,9.00,155.7,12.20,1.48,8.90,0.2885,0.1979
1778858778.427,0.2373,0.1949,9.00,155.7,11.06,2.07,8.57,0.2933,0.1973
1778858778.457,0.2399,0.1949,9.00,155.7,10.08,1.67,8.38,0.2928,0.1973
1778858778.493,0.2487,0.1944,9.00,155.7,10.11,2.35,8.24,0.3024,0.1968
1778858778.529,0.2432,0.1944,9.00,155.7,10.12,2.14,8.01,0.2960,0.1968
1778858778.591,0.2497,0.1944,9.00,155.7,9.11,3.58,7.36,0.2986,0.1968
1778858778.624,0.2709,0.1940,9.00,155.7,7.73,2.78,7.24,0.3031,0.1962
1778858778.657,0.2827,0.1940,9.00,155.7,6.95,3.61,6.88,0.3050,0.1962
1778858778.691,0.2783,0.1936,9.00,155.7,5.59,1.86,6.75,0.3101,0.1957
1778858778.724,0.2827,0.1936,9.00,155.7,4.69,-0.56,6.51,0.3037,0.1957
1778858778.757,0.2854,0.1932,9.00,155.7,3.60,-3.55,6.53,0.2944,0.1951
1778858778.791,0.2866,0.1932,9.00,155.7,2.85,-8.52,6.61,0.2872,0.1951
1778858778.824,0.2874,0.1928,9.00,155.7,2.18,-10.02,6.66,0.2786,0.1946
1778858778.858,0.2927,0.1928,9.00,155.7,2.12,-11.64,6.60,0.2596,0.1946
1778858778.896,0.2980,0.1924,9.00,155.7,1.98,-12.87,6.43,0.2202,0.1940
1778858778.929,0.2918,0.1924,9.00,155.7,1.52,-14.41,6.40,0.1956,0.1940
1778858778.963,0.2901,0.1920,9.00,155.7,1.13,-15.74,6.30,0.1822,0.1935
1778858778.994,0.2948,0.1920,9.00,155.7,0.78,-15.96,6.12,0.1781,0.1935
1778858779.027,0.2991,0.1916,9.00,155.7,0.62,-16.52,6.00,0.1739,0.1929
1778858779.058,0.2955,0.1916,9.00,155.7,0.05,-17.78,6.00,0.1816,0.1929
1778858779.091,0.2938,0.1912,9.00,155.7,-0.13,-18.69,5.94,0.2304,0.1924
1778858779.124,0.2925,0.1912,9.00,155.7,-0.16,-19.41,6.06,0.2964,0.1924
1778858779.158,0.2897,0.1908,9.00,155.7,-0.06,-20.05,5.95,0.3368,0.1919
1778858779.192,0.2846,0.1908,9.00,155.7,-0.07,-19.58,5.75,0.3585,0.1919
1778858779.226,0.2858,0.1904,9.00,155.7,-0.04,-19.70,5.66,0.3694,0.1913
1778858779.263,0.2863,0.1904,9.00,155.7,-0.09,-18.48,5.39,0.3712,0.1913
1778858779.295,0.2896,0.1900,9.00,155.7,-0.24,-17.69,5.35,0.3577,0.1908
1778858779.324,0.2883,0.1900,9.00,155.7,-0.29,-17.22,5.23,0.3473,0.1908
1778858779.358,0.2892,0.1896,9.00,155.7,-0.22,-17.15,5.04,0.3299,0.1903
1778858779.391,0.2860,0.1896,9.00,155.7,-0.06,-17.66,5.03,0.3248,0.1903
1778858779.425,0.2850,0.1892,9.00,155.7,0.04,-17.82,4.94,0.3172,0.1898
1778858779.459,0.2824,0.1892,9.00,155.7,0.01,-17.90,4.88,0.3054,0.1898
1778858779.497,0.2816,0.1888,9.00,155.7,-0.01,-18.52,4.71,0.2892,0.1892
1778858779.526,0.2840,0.1888,9.00,155.7,-0.25,-18.65,4.59,0.2616,0.1892
1778858779.562,0.2852,0.1884,9.00,155.7,-0.28,-18.08,4.62,0.2371,0.1887
1778858779.597,0.2863,0.1884,9.00,155.7,-0.42,-17.87,4.50,0.2029,0.1887
1778858779.628,0.2878,0.1880,9.00,155.7,-0.57,-18.05,4.42,0.1764,0.1882
1778858779.664,0.2887,0.1880,9.00,155.7,-0.64,-17.98,4.41,0.1575,0.1882
1778858779.695,0.2897,0.1876,9.00,155.7,-0.64,-17.70,4.37,0.1448,0.1877
1778858779.731,0.2903,0.1876,9.00,155.7,-0.62,-17.41,4.37,0.1362,0.1877
1778858779.792,0.2918,0.1876,9.00,155.7,-0.57,-17.64,4.41,0.1360,0.1877
1778858779.826,0.2910,0.1872,9.00,155.7,-0.63,-17.36,4.36,0.1363,0.1872
1778858779.859,0.2900,0.1872,9.00,155.7,-0.71,-17.20,4.37,0.1347,0.1872
1778858779.892,0.2877,0.1869,9.00,155.7,-0.94,-16.72,4.36,0.1339,0.1866
1778858779.930,0.2864,0.1869,9.00,155.7,-1.09,-16.32,4.42,0.1311,0.1866
1778858779.965,0.2849,0.1865,9.00,155.7,-1.03,-15.61,4.33,0.1321,0.1861
1778858780.030,0.2818,0.1865,9.00,155.7,-1.36,-13.92,4.20,0.1384,0.1861
1778858780.064,0.2821,0.1865,9.00,155.7,-1.30,-13.32,4.18,0.1403,0.1861
1778858780.127,0.2765,0.1865,9.00,155.7,-1.92,-12.11,4.26,0.1348,0.1861
1778858780.161,0.2748,0.1861,9.00,155.7,-2.11,-12.28,4.14,0.1357,0.1856
1778858780.194,0.2713,0.1840,9.00,155.7,-2.39,-11.29,4.02,0.1337,0.1829
1778858780.226,0.2723,0.1837,9.00,155.7,-2.22,-10.46,3.94,0.1340,0.1824
1778858780.262,0.2739,0.1816,9.00,155.7,-2.58,-11.09,3.78,0.1369,0.1797
1778858780.293,0.2748,0.1813,9.00,155.7,-2.55,-14.01,4.00,0.2085,0.1792
1778858780.327,0.2757,0.1792,9.00,155.7,-2.71,-12.96,3.99,0.2923,0.1765
1778858780.363,0.2758,0.1789,9.00,155.7,-3.40,-14.10,4.25,0.3439,0.1760
1778858780.394,0.2793,0.1768,9.00,155.7,-3.58,-13.57,4.18,0.3640,0.1733
1778858780.430,0.2776,0.1765,9.00,155.7,-3.68,-13.69,4.00,0.3676,0.1728
1778858780.465,0.2757,0.1744,9.00,155.7,-3.99,-13.06,3.99,0.3693,0.1701
1778858780.495,0.2758,0.1741,9.00,155.7,-3.92,-12.85,3.94,0.3765,0.1696
1778858780.530,0.2740,0.1721,9.00,155.7,-3.89,-12.63,3.94,0.3724,0.1669
1778858780.563,0.2717,0.1717,9.00,155.7,-3.79,-11.67,3.89,0.3529,0.1665
1778858780.599,0.2671,0.1697,9.00,155.7,-3.94,-11.52,3.83,0.3366,0.1638
1778858780.660,0.2587,0.1677,9.00,155.7,-4.07,-11.31,3.65,0.3149,0.1611
1778858780.693,0.2608,0.1673,9.00,155.7,-4.41,-12.30,3.80,0.3316,0.1606
1778858780.729,0.2691,0.1653,9.00,155.7,-5.12,-14.13,4.15,0.3420,0.1579
1778858780.760,0.2714,0.1650,9.00,155.7,-5.17,-15.23,4.19,0.3315,0.1575
1778858780.793,0.2724,0.1630,9.00,155.7,-5.48,-16.78,4.25,0.3224,0.1548
1778858780.830,0.2733,0.1627,9.00,155.7,-5.53,-17.59,4.40,0.3322,0.1544
1778858780.865,0.2741,0.1606,9.00,155.7,-5.41,-18.08,4.41,0.3435,0.1517
1778858780.926,0.2776,0.1586,9.00,155.7,-5.57,-21.03,4.70,0.2657,0.1490
1778858780.966,0.2780,0.1583,9.00,155.7,-5.89,-21.38,4.61,0.2480,0.1486
1778858781.027,0.2756,0.1563,9.00,155.7,-6.33,-19.90,4.22,0.3000,0.1459
1778858781.061,0.2756,0.1543,9.00,155.7,-6.39,-19.82,4.15,0.3142,0.1432
1778858781.094,0.2765,0.1540,9.00,155.7,-6.37,-20.39,4.22,0.3429,0.1428
1778858781.133,0.2770,0.1520,9.00,155.7,-6.43,-20.80,4.22,0.3561,0.1402
1778858781.194,0.2753,0.1500,9.00,155.7,-6.01,-20.50,4.17,0.3554,0.1375
1778858781.227,0.2740,0.1497,9.00,155.7,-5.81,-19.89,4.15,0.3530,0.1375
1778858781.260,0.2747,0.1477,9.00,155.7,-5.25,-19.53,4.06,0.3468,0.1375
1778858781.295,0.2788,0.1474,9.00,155.7,-4.73,-19.02,3.96,0.3299,0.1375
1778858781.331,0.2801,0.1454,9.00,155.7,-4.43,-18.78,3.87,0.3087,0.1375
1778858781.362,0.2860,0.1451,9.00,155.7,-4.39,-18.36,3.80,0.2901,0.1375
1778858781.398,0.2895,0.1431,9.00,155.7,-4.27,-17.77,3.77,0.2702,0.1375
1778858781.429,0.2894,0.1429,9.00,155.7,-4.16,-17.15,3.73,0.2632,0.1375
1778858781.466,0.2874,0.1409,9.00,155.7,-4.16,-16.52,3.73,0.2562,0.1375
1778858781.531,0.2855,0.1389,9.00,155.7,-3.90,-15.75,3.67,0.2489,0.1375
1778858781.564,0.2844,0.1386,9.00,155.7,-3.86,-15.37,3.63,0.2449,0.1375
1778858781.597,0.2841,0.1366,9.00,155.7,-3.46,-15.02,3.58,0.2404,0.1375
1778858781.631,0.2845,0.1364,9.00,155.7,-3.31,-14.79,3.62,0.2369,0.1375
1778858781.664,0.2822,0.1344,9.00,155.7,-3.23,-14.06,3.64,0.2361,0.1375
1778858781.727,0.2542,0.1324,9.00,155.7,-2.73,-13.75,3.73,0.2335,0.1375
1778858781.761,0.2570,0.1321,9.00,155.7,-2.38,-13.15,3.60,0.2322,0.1375
1778858781.795,0.2562,0.1302,9.00,155.7,-2.26,-12.38,3.55,0.2300,0.1375
1778858781.828,0.2603,0.1299,9.00,155.7,-2.15,-12.26,3.58,0.2351,0.1375
1778858781.861,0.2588,0.1280,9.00,155.7,-2.28,-12.16,3.64,0.2398,0.1375
1778858781.894,0.2578,0.1277,9.00,155.7,-2.35,-11.91,3.69,0.2421,0.1375
1778858781.926,0.2566,0.1257,9.00,155.7,-2.25,-11.50,3.66,0.2394,0.1375
1778858781.959,0.2560,0.1255,9.00,155.7,-1.98,-10.99,3.58,0.2401,0.1375
1778858781.997,0.2518,0.1235,9.00,155.7,-1.81,-11.00,3.54,0.2430,0.1375
1778858782.029,0.2475,0.1233,9.00,155.7,-1.76,-11.24,3.60,0.2477,0.1375
1778858782.064,0.2454,0.1213,9.00,155.7,-1.56,-11.26,3.53,0.2483,0.1375
1778858782.097,0.2480,0.1211,9.00,155.7,-0.76,-11.30,3.38,0.2585,0.1375
1778858782.131,0.2388,0.1191,9.00,155.7,-0.40,-11.70,3.46,0.2726,0.1375
1778858782.163,0.2442,0.1189,9.00,155.7,0.64,-12.40,3.72,0.2818,0.1375
1778858782.199,0.2367,0.1170,9.00,155.7,3.17,-14.75,3.91,0.2943,0.1375
1778858782.228,0.2485,0.1167,9.00,155.7,4.06,-16.12,3.98,0.3004,0.1375
1778858782.262,0.2462,0.1148,9.00,155.7,4.24,-17.49,3.75,0.3277,0.1375
1778858782.293,0.2567,0.1146,9.00,155.7,3.04,-19.37,3.67,0.3439,0.1375
1778858782.326,0.2521,0.1126,9.00,155.7,2.97,-21.04,3.14,0.3619,0.1375
1778858782.359,0.2534,0.1124,9.00,155.7,3.05,-22.15,2.37,0.3465,0.1375
1778858782.393,0.2497,0.1105,9.00,155.7,3.45,-22.77,1.66,0.3439,0.1375
1778858782.434,0.2543,0.1103,9.00,155.7,3.38,-23.41,1.35,0.3499,0.1375
1778858782.499,0.2518,0.1083,9.00,155.7,3.12,-24.09,1.71,0.3450,0.1375
1778858782.568,0.2331,0.1064,9.00,155.7,4.09,-23.85,1.31,0.3124,0.1375
1778858782.628,0.2415,0.1044,9.00,155.7,3.02,-23.69,1.99,0.3004,0.1375
1778858782.661,0.2447,0.1025,9.00,155.7,2.27,-24.52,2.44,0.2968,0.1375
1778858782.696,0.2396,0.1023,9.00,155.7,1.65,-24.47,2.53,0.3099,0.1375
1778858782.728,0.2456,0.1004,9.00,155.7,0.98,-25.27,2.77,0.3114,0.1375
1778858782.763,0.2554,0.1002,9.00,155.7,0.40,-25.89,2.84,0.3154,0.1375
1778858782.828,0.2568,0.0983,9.00,155.7,-0.08,-24.84,2.55,0.2948,0.1375
1778858782.861,0.2585,0.0963,9.00,155.7,0.42,-24.22,2.30,0.2880,0.1375
1778858782.893,0.2585,0.0962,9.00,155.7,0.64,-24.04,2.21,0.2740,0.1375
1778858782.926,0.2619,0.0942,9.00,155.7,0.31,-24.17,1.83,0.2738,0.1375
1778858782.967,0.2649,0.0940,9.00,155.7,0.11,-24.85,1.74,0.2730,0.1375
1778858783.030,0.2555,0.0921,9.00,155.7,-0.35,-26.39,1.49,0.2650,0.1375
1778858783.064,0.2576,0.0902,9.00,155.7,-0.62,-27.05,1.58,0.2790,0.1375
1778858783.099,0.2668,0.0900,9.00,155.7,-1.19,-27.20,1.80,0.2794,0.1375
1778858783.161,0.2668,0.0881,9.00,155.7,-1.64,-27.99,2.16,0.2805,0.1375
1778858783.200,0.2685,0.0862,9.00,155.7,-2.18,-29.37,2.29,0.2782,0.1375
1778858783.264,0.2644,0.0843,9.00,155.7,-2.42,-30.62,1.83,0.2806,0.1375
1778858783.296,0.2655,0.0841,9.00,155.7,-3.14,-30.95,1.73,0.2802,0.1375
1778858783.329,0.2622,0.0822,9.00,155.7,-3.79,-31.50,1.63,0.2889,0.1375
1778858783.362,0.2635,0.0821,9.00,155.7,-4.04,-31.64,1.36,0.2839,0.1375
1778858783.400,0.2691,0.0802,9.00,155.7,-3.99,-31.40,1.31,0.2930,0.1375
1778858783.465,0.2670,0.0782,9.00,155.7,-3.71,-31.59,1.11,0.2889,0.1375
1778858783.533,0.2679,0.0763,9.00,155.7,-4.06,-31.35,1.03,0.2869,0.1375
1778858783.597,0.2699,0.0744,9.00,155.7,-4.29,-31.48,1.20,0.2934,0.1375
1778858783.631,0.2721,0.0743,9.00,155.7,-4.34,-31.55,1.27,0.2949,0.1375
1778858783.664,0.2714,0.0743,9.00,155.7,-4.40,-31.45,1.30,0.2954,0.1375
1778858783.697,0.2728,0.0741,9.00,155.7,-4.32,-31.31,1.30,0.2950,0.1375
1778858783.731,0.2731,0.0741,9.00,155.7,-4.29,-31.31,1.33,0.2947,0.1375
1778858783.796,0.2786,0.0722,9.00,155.7,-4.24,-31.76,1.43,0.2968,0.1375
1778858783.866,0.2833,0.0703,9.00,155.7,-4.35,-32.51,1.48,0.2952,0.1375
1778858783.927,0.2783,0.0703,9.00,155.7,-4.30,-32.36,1.66,0.2980,0.1375
1778858783.961,0.2765,0.0702,9.00,155.7,-4.40,-32.12,1.72,0.2977,0.1375
1778858783.996,0.2761,0.0702,9.00,155.7,-4.18,-31.97,1.83,0.2977,0.1375
1778858784.030,0.2779,0.0701,9.00,155.7,-4.32,-32.03,1.89,0.2958,0.1375
1778858784.064,0.2806,0.0701,9.00,155.7,-4.29,-32.35,2.06,0.2978,0.1375
1778858784.095,0.2838,0.0699,9.00,155.7,-4.47,-32.62,2.36,0.2956,0.1375
1778858784.132,0.2851,0.0699,9.00,155.7,-4.65,-33.04,2.70,0.2957,0.1375
1778858784.198,0.2856,0.0699,9.00,155.7,-5.00,-32.83,3.30,0.3066,0.1375
1778858784.262,0.2871,0.0699,9.00,155.7,-5.20,-33.10,3.50,0.3003,0.1375
1778858784.294,0.2882,0.0698,9.00,155.7,-5.22,-33.12,3.65,0.2965,0.1375
1778858784.330,0.2879,0.0698,9.00,155.7,-5.15,-33.06,3.68,0.2972,0.1375
1778858784.361,0.2870,0.0697,9.00,155.7,-4.97,-32.87,3.79,0.2942,0.1375
1778858784.398,0.2878,0.0697,9.00,155.7,-4.98,-32.67,3.73,0.2956,0.1375
1778858784.468,0.2907,0.0697,9.00,155.7,-4.77,-32.85,3.86,0.2956,0.1375
1778858784.531,0.2884,0.0697,9.00,155.7,-4.88,-32.78,3.94,0.2946,0.1375
1778858784.565,0.2875,0.0695,9.00,155.7,-4.89,-32.39,4.08,0.2936,0.1375
1778858784.634,0.2868,0.0695,9.00,155.7,-5.89,-31.58,4.67,0.2881,0.1375
1778858784.697,0.2885,0.0695,9.00,155.7,-6.76,-31.00,5.23,0.2848,0.1375
1778858784.739,0.2895,0.0695,9.00,155.7,-7.01,-30.85,5.52,0.2799,0.1375
1778858784.801,0.2850,0.0695,9.00,155.7,-6.72,-30.06,5.84,0.2737,0.1375
1778858784.863,0.2855,0.0695,9.00,155.7,-6.49,-29.17,6.07,0.2715,0.1375
1778858784.898,0.2867,0.0694,9.00,155.7,-6.43,-28.95,6.34,0.2719,0.1375
1778858784.968,0.2931,0.0694,9.00,155.7,-6.60,-28.49,6.69,0.2692,0.1375
1778858785.032,0.2967,0.0694,9.00,155.7,-6.61,-26.25,6.93,0.2661,0.1375
1778858785.100,0.3041,0.0694,9.00,155.7,-7.39,-23.88,6.95,0.2610,0.1375
1778858785.162,0.2935,0.0694,9.00,155.7,-6.99,-22.55,5.80,0.2512,0.1375
1778858785.196,0.3041,0.0694,9.00,155.7,-6.44,-21.66,4.96,0.2468,0.1375
1778858785.238,0.3210,0.0693,9.00,155.7,-5.72,-20.72,4.38,0.2435,0.1375
1778858785.297,0.3404,0.0693,9.00,155.7,-5.50,-19.60,4.00,0.2482,0.1375
1778858785.363,0.3254,0.0693,9.00,155.7,-2.96,-5.95,2.53,0.2354,0.1375
1778858785.398,0.3302,0.0693,9.00,155.7,-2.21,-8.58,3.32,0.2180,0.1375
1778858785.462,0.3414,0.0693,9.00,155.7,-1.09,-10.08,4.67,0.2221,0.1375
1778858785.496,0.3496,0.0692,9.00,155.7,-1.21,-9.55,5.50,0.2274,0.1375
1778858785.530,0.3463,0.0692,9.00,155.7,-1.32,-7.55,6.33,0.2285,0.1375
1778858785.563,0.3361,0.0690,9.00,155.7,-1.00,-4.86,6.82,0.2270,0.1375
1778858785.595,0.3389,0.0690,9.00,155.7,-1.30,-3.98,7.10,0.2293,0.1375
1778858785.630,0.3459,0.0689,9.00,155.7,-1.58,-3.35,7.36,0.2277,0.1375
1778858785.662,0.3441,0.0689,9.00,155.7,-1.36,-3.11,7.42,0.2241,0.1375
1778858785.695,0.3510,0.0688,9.00,155.7,-1.20,-1.62,7.20,0.2210,0.1375
1778858785.729,0.3498,0.0688,9.00,155.7,-1.24,0.07,6.72,0.2228,0.1375
1778858785.764,0.3457,0.0686,9.00,155.7,-1.14,1.28,6.52,0.2299,0.1375
1778858785.798,0.3481,0.0686,9.00,155.7,-1.23,3.26,6.34,0.2275,0.1375
1778858785.831,0.3435,0.0685,9.00,155.7,-1.13,7.00,5.96,0.2314,0.1375
1778858785.866,0.3423,0.0685,9.00,155.7,-0.92,8.98,5.90,0.2270,0.1375
1778858785.898,0.3439,0.0684,9.00,155.7,-0.88,10.49,6.24,0.2316,0.1375
1778858785.930,0.3323,0.0684,9.00,155.7,-1.37,11.44,6.56,0.2316,0.1375
1778858785.964,0.3261,0.0683,9.00,155.7,-1.71,11.71,6.68,0.2248,0.1375
1778858785.999,0.3197,0.0683,9.00,155.7,-1.62,12.71,6.75,0.2069,0.1375
1778858786.031,0.3163,0.0681,9.00,155.7,-1.87,12.30,6.72,0.1906,0.1375
1778858786.065,0.3166,0.0681,9.00,155.7,-1.74,11.23,6.66,0.1772,0.1375
1778858786.098,0.3039,0.0680,9.00,155.7,-1.37,11.03,6.79,0.1644,0.1375
1778858786.132,0.2901,0.0680,9.00,155.7,-1.94,9.41,6.41,0.1463,0.1375
1778858786.164,0.2851,0.0679,9.00,155.7,-1.89,9.15,6.20,0.1421,0.1375
1778858786.199,0.2834,0.0679,9.00,155.7,-1.99,8.97,5.97,0.1337,0.1375
1778858786.233,0.2838,0.0678,9.00,155.7,-1.76,9.53,5.73,0.1390,0.1375
1778858786.275,0.2877,0.0678,9.00,155.7,-1.76,8.49,5.68,0.1408,0.1375
1778858786.332,0.2916,0.0678,9.00,155.7,-1.94,7.24,5.73,0.1380,0.1375
1778858786.396,0.2865,0.0678,9.00,155.7,-2.26,4.87,5.66,0.1433,0.1375
1778858786.429,0.2893,0.0676,9.00,155.7,-2.15,2.69,5.62,0.1476,0.1375
1778858786.465,0.2846,0.0676,9.00,155.7,-2.09,3.63,5.45,0.1498,0.1375
1778858786.496,0.2826,0.0675,9.00,155.7,-2.18,3.10,5.44,0.1506,0.1375
1778858786.532,0.2805,0.0675,9.00,155.7,-2.03,2.01,5.37,0.1498,0.1375
1778858786.565,0.2788,0.0674,9.00,155.7,-1.79,1.86,5.27,0.1500,0.1375
1778858786.600,0.2756,0.0674,9.00,155.7,-1.52,1.16,5.14,0.1500,0.1375
1778858786.633,0.2794,0.0673,9.00,155.7,-1.45,0.49,4.99,0.1480,0.1375
1778858786.667,0.2801,0.0673,9.00,155.7,-1.49,-0.48,4.83,0.1483,0.1375
1778858786.698,0.2804,0.0672,9.00,155.7,-1.70,-2.50,4.96,0.1486,0.1375
1778858786.735,0.2805,0.0672,9.00,155.7,-1.58,-3.00,4.90,0.1463,0.1375
1778858786.802,0.2832,0.0672,9.00,155.7,-1.49,-2.63,4.62,0.1485,0.1375
1778858786.870,0.2846,0.0672,9.00,155.7,-1.54,-3.19,4.55,0.1469,0.1375
1778858786.940,0.2846,0.0672,9.00,155.7,-1.56,-3.62,4.58,0.1490,0.1375
1778858787.006,0.2837,0.0672,9.00,155.7,-1.31,-3.50,4.53,0.1484,0.1375
1778858787.072,0.2837,0.0672,9.00,155.7,-1.42,-4.01,4.52,0.1472,0.1375
1778858787.138,0.2788,0.0672,9.00,155.7,-1.33,-3.71,4.37,0.1484,0.1375
1778858787.207,0.2792,0.0672,9.00,155.7,-1.18,-2.93,4.26,0.1489,0.1375
1778858787.273,0.2813,0.0672,9.00,155.7,-1.07,-3.06,4.17,0.1504,0.1375
1778858787.339,0.2806,0.0672,9.00,155.7,-0.95,-2.69,4.10,0.1513,0.1375
1778858787.405,0.2795,0.0672,9.00,155.7,-0.96,-2.27,4.01,0.1513,0.1375
1778858787.470,0.2780,0.0672,9.00,155.7,-0.93,-2.26,3.97,0.1520,0.1375
1778858787.541,0.2709,0.0672,9.00,155.7,-0.93,-2.25,4.00,0.1522,0.1375
1778858787.606,0.2678,0.0672,9.00,155.7,-0.88,-2.34,4.00,0.1513,0.1375
1778858787.671,0.2660,0.0672,9.00,155.7,-0.77,-2.47,4.01,0.1506,0.1375
1778858787.739,0.2646,0.0672,9.00,155.7,-0.74,-2.63,4.00,0.1501,0.1375
1778858787.806,0.2657,0.0672,9.00,155.7,-0.74,-2.78,4.01,0.1506,0.1375
1778858787.872,0.2657,0.0672,9.00,155.7,-0.77,-2.55,3.99,0.1511,0.1375
1778858787.939,0.2653,0.0672,9.00,155.7,-0.78,-2.49,3.98,0.1515,0.1375
1778858788.004,0.2642,0.0672,9.00,155.7,-0.79,-2.58,3.98,0.1518,0.1375
1778858788.071,0.2642,0.0672,9.00,155.7,-0.84,-2.70,3.99,0.1519,0.1375
1778858788.139,0.2646,0.0672,9.00,155.7,-0.87,-2.71,3.99,0.1523,0.1375
1778858788.207,0.2647,0.0672,9.00,155.7,-0.85,-2.62,3.97,0.1525,0.1375
1778858788.273,0.2650,0.0672,9.00,155.7,-0.81,-2.59,3.94,0.1522,0.1375
1778858788.340,0.2653,0.0672,9.00,155.7,-0.75,-2.35,3.91,0.1525,0.1375
1778858788.405,0.2656,0.0672,9.00,155.7,-0.60,-2.30,3.89,0.1523,0.1375
1778858788.474,0.2669,0.0672,9.00,155.7,-0.48,-2.17,3.87,0.1526,0.1375
1778858788.536,0.2678,0.0672,9.00,155.7,-0.33,-1.97,3.84,0.1527,0.1375
1778858788.606,0.2692,0.0672,9.00,155.7,-0.25,-1.76,3.79,0.1538,0.1375
1778858788.665,0.2720,0.0672,9.00,155.7,-0.16,-1.52,3.75,0.1536,0.1375
1778858788.736,0.2758,0.0672,9.00,155.7,-0.05,-1.15,3.68,0.1532,0.1375
1778858788.798,0.2791,0.0672,9.00,155.7,0.07,-0.65,3.57,0.1535,0.1375
1778858788.836,0.2813,0.0670,9.00,155.7,0.11,-0.48,3.51,0.1536,0.1375
1778858788.900,0.2854,0.0670,9.00,155.7,0.15,-0.54,3.45,0.1538,0.1375
1778858788.966,0.2918,0.0670,9.00,155.7,0.32,0.69,3.39,0.1542,0.1375
1778858789.033,0.2977,0.0670,9.00,155.7,0.48,0.53,3.37,0.1540,0.1375
1778858789.098,0.3047,0.0670,9.00,155.7,0.60,0.39,3.35,0.1543,0.1375
1778858789.130,0.3077,0.0670,9.00,155.7,0.67,0.03,3.37,0.1541,0.1375
1778858789.165,0.3233,0.0669,9.00,155.7,0.80,-0.22,3.39,0.1536,0.1375
1778858789.198,0.3304,0.0669,9.00,155.7,0.68,-2.95,3.55,0.1513,0.1375
1778858789.231,0.3363,0.0668,8.00,155.7,0.50,-6.93,3.76,0.1513,0.1375
1778858789.264,0.3380,0.0668,8.00,155.7,-0.04,-11.01,4.12,0.1513,0.1375
1778858789.298,0.3336,0.0667,8.00,155.7,-0.69,-15.08,4.40,0.1537,0.1375
1778858789.331,0.3254,0.0667,8.00,155.7,-1.25,-16.93,4.45,0.1530,0.1375
1778858789.365,0.3198,0.0665,8.00,155.7,-1.23,-16.48,4.48,0.1527,0.1375
1778858789.397,0.3161,0.0665,8.00,155.7,-1.23,-16.53,4.58,0.1540,0.1375
1778858789.431,0.3129,0.0664,8.00,155.7,-1.18,-16.91,4.77,0.1538,0.1375
1778858789.464,0.3119,0.0664,8.00,155.7,-1.25,-17.42,4.90,0.1564,0.1375
1778858789.498,0.3085,0.0663,8.00,155.7,-1.33,-17.57,5.06,0.1594,0.1375
1778858789.531,0.3075,0.0663,8.00,155.7,-1.50,-17.71,5.13,0.1894,0.1375
1778858789.564,0.3109,0.0662,8.00,155.7,-1.81,-18.51,5.15,0.2557,0.1375
1778858789.598,0.3111,0.0662,8.00,155.7,-1.94,-19.05,5.08,0.2984,0.1375
1778858789.635,0.3098,0.0661,8.00,155.7,-2.04,-19.51,5.08,0.3221,0.1375
1778858789.669,0.3066,0.0661,8.00,155.7,-2.08,-19.74,5.02,0.3524,0.1375
1778858789.700,0.3061,0.0660,8.00,155.7,-2.09,-19.69,4.99,0.3668,0.1375
1778858789.735,0.2998,0.0660,8.00,155.7,-2.15,-19.44,4.87,0.3733,0.1375
1778858789.766,0.2978,0.0658,8.00,155.7,-2.17,-19.72,4.88,0.3790,0.1375
1778858789.801,0.2939,0.0658,8.00,155.7,-2.39,-18.69,4.62,0.3957,0.1375
1778858789.836,0.2904,0.0657,8.00,155.7,-2.87,-17.60,4.26,0.4032,0.1375
1778858789.897,0.2785,0.0657,8.00,155.7,-3.01,-14.72,3.92,0.3821,0.1375
1778858789.931,0.2733,0.0657,8.00,155.7,-2.61,-12.25,3.85,0.3705,0.1375
1778858789.965,0.2732,0.0656,8.00,155.7,-2.30,-11.39,3.77,0.3368,0.1375
1778858789.999,0.2716,0.0656,8.00,155.7,-1.64,-9.50,3.61,0.2918,0.1375
1778858790.032,0.2748,0.0656,8.00,155.7,-0.70,-3.54,3.34,0.2280,0.1375
1778858790.064,0.2761,0.0655,8.00,155.7,0.33,11.48,2.41,0.1878,0.1375
1778858790.099,0.2777,0.0655,8.00,155.7,0.72,13.40,2.22,0.1636,0.1375
1778858790.131,0.2790,0.0654,8.00,155.7,0.67,13.38,2.25,0.1560,0.1375
1778858790.163,0.2806,0.0654,8.00,155.7,0.57,13.98,2.27,0.1577,0.1375
1778858790.199,0.2794,0.0654,8.00,155.7,0.70,14.25,2.29,0.1566,0.1375
1778858790.231,0.2771,0.0654,8.00,155.7,0.68,13.92,2.40,0.1607,0.1375
1778858790.265,0.2756,0.0654,8.00,155.7,0.74,14.20,2.35,0.1603,0.1375
1778858790.299,0.2748,0.0654,8.00,155.7,0.82,14.06,2.40,0.1657,0.1375
1778858790.332,0.2745,0.0654,8.00,155.7,0.92,13.75,2.50,0.1747,0.1375
1778858790.367,0.2741,0.0654,8.00,155.7,0.96,13.00,2.58,0.1760,0.1375
1778858790.399,0.2736,0.0654,8.00,155.7,0.98,12.72,2.65,0.1753,0.1375
1778858790.435,0.2732,0.0654,8.00,155.7,1.04,12.82,2.70,0.1717,0.1375
1778858790.468,0.2738,0.0654,8.00,155.7,1.06,12.46,2.74,0.1709,0.1375
1778858790.503,0.2741,0.0654,8.00,155.7,1.08,12.05,2.78,0.1712,0.1375
1778858790.532,0.2746,0.0654,8.00,155.7,1.11,11.83,2.80,0.1701,0.1375
1778858790.566,0.2754,0.0654,8.00,155.7,1.12,13.09,2.76,0.1685,0.1375
1778858790.598,0.2783,0.0653,8.00,155.7,1.16,15.69,2.78,0.1671,0.1375
1778858790.631,0.2806,0.0653,8.00,155.7,1.22,16.95,2.85,0.1733,0.1375
1778858790.666,0.2659,0.0651,8.00,155.7,1.25,16.46,2.94,0.1767,0.1375
1778858790.699,0.2257,0.0651,8.00,155.7,0.21,-8.91,4.13,0.1746,0.1375
1778858790.733,0.2228,0.0650,8.00,155.7,-0.14,-21.42,4.15,0.1669,0.1375
1778858790.765,0.2322,0.0650,8.00,155.7,0.59,-24.30,3.67,0.1483,0.1375
1778858790.797,0.2436,0.0649,8.00,155.7,0.76,-24.10,3.52,0.1392,0.1375
1778858790.832,0.2508,0.0649,8.00,155.7,1.08,-21.89,3.78,0.1342,0.1375
1778858790.865,0.2492,0.0648,8.00,155.7,0.98,-21.27,3.97,0.1233,0.1375
1778858790.897,0.2559,0.0648,8.00,155.7,1.30,-10.09,4.49,0.1227,0.1375
1778858790.932,0.2579,0.0647,8.00,155.7,1.23,6.23,4.04,0.1179,0.1375
1778858790.964,0.2588,0.0647,8.00,155.7,1.36,5.27,4.18,0.1154,0.1375
1778858790.999,0.2575,0.0646,8.00,155.7,1.39,0.17,4.44,0.1127,0.1375
1778858791.032,0.2589,0.0646,8.00,155.7,1.65,-10.98,4.78,0.1098,0.1375
1778858791.065,0.2578,0.0645,8.00,155.7,1.74,-12.94,4.68,0.1115,0.1375
1778858791.099,0.2583,0.0645,8.00,155.7,2.04,-12.62,4.61,0.1099,0.1375
1778858791.131,0.2627,0.0643,8.00,155.7,2.18,-10.71,4.57,0.1120,0.1375
1778858791.166,0.2662,0.0643,8.00,155.7,2.39,-4.28,4.37,0.1154,0.1375
1778858791.197,0.2665,0.0642,8.00,155.7,2.52,-1.64,4.32,0.1154,0.1375
1778858791.237,0.2682,0.0642,8.00,155.7,2.59,0.54,4.21,0.1155,0.1375
1778858791.267,0.2686,0.0641,8.00,155.7,2.63,-1.56,4.36,0.1158,0.1375
1778858791.302,0.2689,0.0641,8.00,155.7,2.75,-1.22,4.38,0.1160,0.1375
1778858791.335,0.2698,0.0640,8.00,155.7,2.86,-1.71,4.45,0.1169,0.1375
1778858791.369,0.2698,0.0640,8.00,155.7,2.98,-1.86,4.52,0.1170,0.1375
1778858791.403,0.2694,0.0639,8.00,155.7,3.08,-2.45,4.60,0.1181,0.1375
1778858791.434,0.2694,0.0639,8.00,155.7,3.10,-2.89,4.67,0.1185,0.1375
1778858791.470,0.2708,0.0638,8.00,155.7,3.18,-0.08,4.64,0.1201,0.1375
1778858791.501,0.2723,0.0638,8.00,155.7,3.21,0.52,4.68,0.1202,0.1375
1778858791.537,0.2720,0.0637,8.00,155.7,3.20,0.56,4.81,0.1221,0.1375
1778858791.608,0.2708,0.0620,8.00,155.7,3.22,1.46,4.85,0.1234,0.1375
1778858791.673,0.2708,0.0620,8.00,155.7,3.23,2.40,4.79,0.1249,0.1375
1778858791.741,0.2717,0.0620,8.00,155.7,3.21,0.05,4.86,0.1283,0.1375
1778858791.808,0.2721,0.0620,8.00,155.7,3.30,-1.65,4.90,0.1267,0.1375
1778858791.876,0.2720,0.0620,8.00,155.7,3.38,-2.16,4.88,0.1269,0.1375
1778858791.941,0.2718,0.0620,8.00,155.7,3.45,-2.40,4.92,0.1290,0.1375
1778858792.007,0.2716,0.0620,8.00,155.7,3.51,-1.86,4.90,0.1298,0.1375
1778858792.074,0.2719,0.0620,8.00,155.7,3.55,-2.11,4.92,0.1296,0.1375
1778858792.142,0.2717,0.0619,8.00,155.7,3.51,-1.42,4.88,0.1296,0.1375
1778858792.209,0.2720,0.0619,8.00,155.7,3.52,-0.63,4.87,0.1288,0.1375
1778858792.275,0.2720,0.0619,8.00,155.7,3.48,-0.97,4.83,0.1285,0.1375
1778858792.341,0.2490,0.0619,8.00,155.7,3.39,0.64,4.70,0.1291,0.1375
1778858792.410,0.1257,0.0636,8.00,155.7,3.16,-1.47,4.81,0.1299,0.1375
1778858792.475,0.0280,0.0653,8.00,155.7,2.73,-0.97,4.84,0.1304,0.1375
1778858792.543,0.0168,0.0670,8.00,155.7,2.41,-1.24,4.86,0.1317,0.1375
1778858792.609,0.0113,0.0687,8.00,155.7,2.27,-1.21,4.77,0.1334,0.1375
1778858792.675,0.0095,0.0704,8.00,155.7,2.15,-1.48,4.73,0.1359,0.1375
1778858792.742,0.0114,0.0722,8.00,155.7,2.04,-1.42,4.68,0.1367,0.1375
1778858792.810,0.0101,0.0739,8.00,155.7,2.04,-1.38,4.61,0.1378,0.1375
1778858792.876,0.0120,0.0756,8.00,155.7,1.97,-0.96,4.46,0.1390,0.1375
1778858792.943,0.0129,0.0773,8.00,155.7,1.97,-0.39,4.15,0.1379,0.1375
1778858793.009,0.0124,0.0790,8.00,155.7,1.63,0.06,3.86,0.1374,0.1375
1778858793.075,0.0119,0.0808,8.00,155.7,1.45,0.19,3.84,0.1351,0.1375
1778858793.143,0.0116,0.0825,8.00,155.7,1.47,0.15,3.81,0.1325,0.1375
1778858793.212,0.0118,0.0840,8.00,155.7,1.46,0.04,3.80,0.1302,0.1375
1778858793.275,0.0117,0.0856,8.00,155.7,1.44,-0.32,3.82,0.1308,0.1375
1778858793.342,0.0119,0.0873,8.00,155.7,1.34,-0.54,3.79,0.1338,0.1375
1778858793.408,0.0118,0.0890,8.00,155.7,0.85,-1.41,3.86,0.1410,0.1375
1778858793.477,0.0117,0.0908,8.00,155.7,0.67,-1.72,3.89,0.1497,0.1375
1778858793.538,0.0121,0.0925,8.00,155.7,0.48,-2.37,3.98,0.1553,0.1375
1778858793.608,0.0128,0.0942,8.00,155.7,0.39,-3.15,4.07,0.1579,0.1375
1778858793.675,0.0139,0.0959,8.00,155.7,0.33,-2.91,4.04,0.1601,0.1375
1778858793.739,0.0168,0.0976,8.00,155.7,0.32,-2.92,4.05,0.1616,0.1375
1778858793.808,0.0203,0.0993,8.00,155.7,0.26,-2.47,3.99,0.1619,0.1375
1778858793.874,0.0258,0.1010,8.00,155.7,0.35,-2.09,3.93,0.1616,0.1375
1778858793.943,0.0348,0.1027,8.00,155.7,0.47,-2.07,3.94,0.1616,0.1375
1778858794.010,0.0460,0.1045,8.00,155.7,0.66,-1.76,3.91,0.1610,0.1375
1778858794.073,0.0481,0.1062,8.00,155.7,0.75,-1.29,3.89,0.1606,0.1375
1778858794.143,0.0492,0.1077,8.00,155.7,0.79,-1.36,3.95,0.1594,0.1375
1778858794.208,0.0438,0.1092,8.00,155.7,0.78,-1.03,3.92,0.1588,0.1375
1778858794.271,0.0417,0.1107,8.00,155.7,0.78,-1.14,3.94,0.1585,0.1375
1778858794.337,0.0402,0.1122,8.00,155.7,0.82,-1.20,3.93,0.1582,0.1375
1778858794.406,0.0398,0.1138,8.00,155.7,0.87,-1.51,4.00,0.1573,0.1375
1778858794.478,0.0396,0.1153,8.00,155.7,0.89,-1.59,4.03,0.1571,0.1375
1778858794.543,0.0409,0.1168,8.00,155.7,0.91,-1.62,4.08,0.1571,0.1375
1778858794.607,0.0417,0.1182,8.00,155.7,0.96,-1.63,4.10,0.1570,0.1375
1778858794.675,0.0436,0.1197,8.00,155.7,1.04,-1.51,4.10,0.1566,0.1375
1778858794.740,0.0475,0.1212,8.00,155.7,1.07,-1.19,4.08,0.1569,0.1375
1778858794.810,0.0524,0.1212,8.00,155.7,1.10,-1.09,4.05,0.1569,0.1375
1778858794.874,0.0567,0.1212,8.00,155.7,1.14,-1.01,4.01,0.1569,0.1375
1778858794.944,0.0592,0.1212,8.00,155.7,1.14,-1.20,4.00,0.1569,0.1375
1778858795.007,0.0588,0.1229,8.00,155.7,1.03,-1.19,3.97,0.1570,0.1375
1778858795.077,0.0601,0.1246,8.00,155.7,0.97,-1.35,3.97,0.1577,0.1375
1778858795.138,0.0623,0.1263,8.00,155.7,0.96,-1.50,3.96,0.1582,0.1375
1778858795.210,0.0647,0.1279,8.00,155.7,0.92,-1.71,3.96,0.1585,0.1375
1778858795.275,0.0642,0.1296,8.00,155.7,0.95,-1.78,3.99,0.1595,0.1375
1778858795.340,0.0611,0.1296,8.00,155.7,0.85,-1.90,3.98,0.1612,0.1375
1778858795.409,0.0584,0.1296,8.00,155.7,0.73,-1.40,3.94,0.1634,0.1375
1778858795.474,0.0458,0.1296,8.00,155.7,0.56,-1.95,3.88,0.1655,0.1375
1778858795.545,0.0350,0.1296,8.00,155.7,0.52,-2.19,3.86,0.1664,0.1375
1778858795.608,0.0449,0.1313,8.00,155.7,0.66,-2.11,3.85,0.1656,0.1375
1778858795.674,0.0593,0.1330,8.00,155.7,0.79,-1.04,3.75,0.1646,0.1375
1778858795.743,0.0722,0.1347,8.00,155.7,0.91,0.10,3.68,0.1648,0.1375
1778858795.811,0.0822,0.1364,8.00,155.7,0.90,-0.07,3.64,0.1657,0.1375
1778858795.873,0.0866,0.1380,8.00,155.7,0.81,0.06,3.59,0.1665,0.1375
1778858795.943,0.0874,0.1397,8.00,155.7,0.81,0.39,3.55,0.1680,0.1375
1778858796.008,0.0859,0.1414,8.00,155.7,0.81,0.54,3.52,0.1676,0.1375
1778858796.077,0.0859,0.1431,8.00,155.7,0.81,0.68,3.46,0.1662,0.1375
1778858796.144,0.0877,0.1448,8.00,155.7,0.85,1.46,3.40,0.1645,0.1375
1778858796.211,0.0882,0.1465,8.00,155.7,0.95,1.36,3.46,0.1640,0.1375
1778858796.276,0.0896,0.1481,8.00,155.7,1.01,1.58,3.46,0.1632,0.1375
1778858796.344,0.0907,0.1498,8.00,155.7,1.07,1.72,3.47,0.1622,0.1375
1778858796.409,0.1401,0.1515,8.00,155.7,1.34,3.06,3.38,0.1617,0.1395
1778858796.474,0.2095,0.1532,8.00,155.7,1.49,4.71,3.32,0.1601,0.1418
1778858796.542,0.2343,0.1532,8.00,155.7,1.57,5.69,3.20,0.1566,0.1418
1778858796.609,0.2448,0.1532,8.00,155.7,1.58,6.68,3.08,0.1546,0.1418
1778858796.674,0.2506,0.1529,8.00,155.7,1.48,6.52,2.98,0.1621,0.1414
1778858796.743,0.2477,0.1532,8.00,155.7,1.33,11.45,2.62,0.2657,0.1418
1778858796.807,0.2336,0.1532,8.00,155.7,0.64,11.12,2.43,0.3300,0.1418
1778858796.875,0.2262,0.1532,8.00,155.7,0.22,10.88,2.29,0.3812,0.1418
1778858796.944,0.2242,0.1532,8.00,155.7,0.32,6.72,2.66,0.4124,0.1418
1778858797.007,0.2124,0.1549,8.00,155.7,-0.22,-6.69,3.67,0.4119,0.1440
1778858797.076,0.2063,0.1566,8.00,155.7,-0.96,-10.63,4.06,0.3992,0.1463
1778858797.144,0.1978,0.1582,8.00,155.7,-0.92,-11.86,4.06,0.3486,0.1485
1778858797.209,0.1877,0.1599,8.00,155.7,-0.59,-12.27,3.94,0.2702,0.1507
1778858797.277,0.1586,0.1616,8.00,155.7,-0.45,-11.49,3.73,0.1895,0.1530
1778858797.341,0.1495,0.1633,8.00,155.7,-0.12,-10.46,3.64,0.1535,0.1552
1778858797.409,0.1286,0.1650,8.00,155.7,0.39,-8.97,3.58,0.1414,0.1575
1778858797.478,0.1160,0.1667,8.00,155.7,0.78,-9.75,3.80,0.1383,0.1597
1778858797.539,0.1080,0.1684,8.00,155.7,0.85,-8.24,3.78,0.1362,0.1620
1778858797.609,0.0999,0.1700,8.00,155.7,0.94,-7.36,3.75,0.1306,0.1642
1778858797.677,0.0996,0.1717,8.00,155.7,1.01,-4.40,3.46,0.1271,0.1665
1778858797.741,0.1005,0.1734,8.00,155.7,1.03,-3.93,3.43,0.1268,0.1687
1778858797.807,0.1029,0.1751,8.00,155.7,1.19,-3.46,3.44,0.1242,0.1709
1778858797.878,0.1051,0.1768,8.00,155.7,1.23,-2.82,3.44,0.1241,0.1732
1778858797.945,0.1117,0.1785,8.00,155.7,0.41,-3.41,3.56,0.1836,0.1754
1778858798.011,0.1105,0.1801,8.00,155.7,-0.21,-4.44,3.71,0.2798,0.1777
1778858798.074,0.0685,0.1818,8.00,155.7,-0.46,-5.19,4.06,0.3562,0.1799
1778858798.145,0.0711,0.1835,8.00,155.7,-0.45,-5.80,4.35,0.3615,0.1822
1778858798.212,0.0865,0.1852,8.00,155.7,-0.35,-6.21,4.32,0.3582,0.1844
1778858798.278,0.1029,0.1869,8.00,155.7,-0.03,-5.96,4.34,0.3519,0.1867
1778858798.345,0.1081,0.1886,8.00,155.7,0.12,-6.76,4.36,0.3527,0.1889
1778858798.412,0.1101,0.1902,8.00,155.7,0.43,-7.63,4.45,0.3495,0.1911
1778858798.478,0.1056,0.1919,8.00,155.7,0.37,-7.77,4.46,0.3471,0.1934
1778858798.543,0.1031,0.1936,8.00,155.7,0.38,-7.94,4.48,0.3443,0.1956
1778858798.612,0.1037,0.1953,8.00,155.7,0.51,-8.11,4.56,0.3437,0.1979
1778858798.676,0.1097,0.1970,8.00,155.7,0.93,-8.33,4.59,0.3316,0.2001
1778858798.746,0.1097,0.1987,8.00,155.7,0.80,-8.75,4.67,0.3111,0.2024
1778858798.808,0.1096,0.2003,8.00,155.7,0.78,-9.48,4.76,0.2878,0.2046
1778858798.880,0.1091,0.2020,8.00,155.7,0.53,-9.43,4.63,0.2623,0.2069
1778858798.946,0.1062,0.2037,8.00,155.7,0.19,-9.46,4.44,0.2319,0.2091
1778858799.012,0.1049,0.2054,8.00,155.7,0.10,-9.43,4.44,0.2159,0.2113
1778858799.078,0.1017,0.2071,8.00,155.7,0.14,-9.07,4.36,0.1930,0.2136
1778858799.146,0.0996,0.2088,8.00,155.7,0.15,-8.64,4.28,0.1843,0.2158
1778858799.212,0.0972,0.2104,8.00,155.7,0.19,-8.02,4.24,0.1809,0.2181
1778858799.280,0.0957,0.2121,8.00,155.7,0.23,-7.77,4.20,0.1793,0.2203
1778858799.342,0.0953,0.2138,8.00,155.7,0.33,-7.66,4.25,0.1800,0.2226
1778858799.412,0.0933,0.2155,8.00,155.7,0.49,-7.69,4.27,0.1856,0.2248
1778858799.477,0.0933,0.2172,8.00,155.7,0.60,-7.63,4.28,0.1893,0.2271
1778858799.547,0.0946,0.2189,8.00,155.7,0.67,-7.70,4.31,0.1899,0.2293
1778858799.610,0.0953,0.2205,8.00,155.7,0.76,-7.78,4.30,0.1925,0.2316
1778858799.679,0.0950,0.2222,8.00,155.7,0.88,-8.00,4.36,0.1936,0.2338
1778858799.745,0.0954,0.2239,8.00,155.7,0.92,-7.81,4.30,0.1955,0.2360
1778858799.813,0.0955,0.2256,8.00,155.7,0.99,-7.90,4.27,0.1961,0.2383
1778858799.876,0.0954,0.2273,8.00,155.7,1.17,-7.92,4.23,0.1979,0.2405
1778858799.946,0.0958,0.2290,8.00,155.7,1.50,-7.95,4.19,0.2058,0.2428
1778858800.012,0.0982,0.2306,8.00,155.7,1.79,-7.48,4.02,0.2105,0.2450
1778858800.075,0.1005,0.2323,8.00,155.7,2.13,-6.76,3.75,0.2163,0.2473
1778858800.142,0.1012,0.2340,8.00,155.7,2.39,-6.68,3.69,0.2198,0.2495
1778858800.209,0.1024,0.2357,8.00,155.7,2.49,-6.83,3.72,0.2220,0.2518
1778858800.278,0.1014,0.2374,8.00,155.7,2.54,-6.77,3.71,0.2215,0.2540
1778858800.341,0.1017,0.2391,8.00,155.7,2.56,-6.94,3.75,0.2218,0.2562
1778858800.409,0.1020,0.2407,8.00,155.7,2.54,-7.01,3.78,0.2225,0.2585
1778858800.479,0.1021,0.2424,8.00,155.7,2.55,-7.08,3.81,0.2224,0.2607
1778858800.547,0.1048,0.2441,8.00,155.7,2.40,-7.36,3.92,0.2441,0.2630
1778858800.612,0.1114,0.2458,8.00,155.7,1.56,-7.62,4.05,0.3123,0.2652
1778858800.678,0.0828,0.2475,8.00,155.7,-0.49,-9.83,4.46,0.3635,0.2675
1778858800.741,0.0686,0.2492,8.00,155.7,-1.96,-16.83,4.89,0.3877,0.2697
1778858800.811,0.2443,0.2492,8.00,155.7,-1.78,-31.37,5.66,0.4222,0.2697
1778858800.880,0.3804,0.2492,8.00,155.7,-3.50,-43.91,6.28,0.5093,0.2697
1778858800.942,0.5220,0.2492,8.00,155.7,-8.06,-58.26,10.60,0.7036,0.2697
1778858801.011,0.6231,0.2492,8.00,155.7,-9.83,-63.06,12.09,0.9101,0.2697
1778858801.080,0.9229,0.2496,8.00,155.7,-10.39,-66.09,14.26,1.0473,0.2703
1778858801.146,0.9957,0.2500,8.00,155.7,-11.95,-67.76,14.39,1.1232,0.2708
1778858801.210,0.9885,0.2500,8.00,155.7,-14.25,-67.90,15.31,1.0571,0.2708
1778858801.279,1.1717,0.2500,8.00,155.7,-16.46,-69.13,17.10,0.9061,0.2854
1778858801.611,1.4248,0.2517,8.00,155.7,-24.68,-82.84,-156.97,1.6078,0.3699
1778858801.744,0.3188,0.2521,8.00,155.7,-4.96,-62.95,9.79,0.6131,0.2737
1778858801.810,0.1739,0.2538,8.00,155.7,-1.30,-46.60,9.26,0.3812,0.2759
1778858801.881,0.1632,0.2555,8.00,155.7,3.19,-35.09,8.82,0.3046,0.2782
1778858801.947,0.1708,0.2572,8.00,155.7,5.78,-24.54,8.23,0.2783,0.2805
1778858802.011,0.2175,0.2589,8.00,155.7,5.34,-17.86,9.16,0.2635,0.2828
1778858802.073,0.2146,0.2606,8.00,155.7,5.58,-16.09,9.80,0.2631,0.2850
1778858802.107,0.2177,0.2624,8.00,155.7,5.22,-16.76,9.81,0.2664,0.2873
1778858802.140,0.2163,0.2636,8.00,155.7,4.40,-16.39,9.74,0.2574,0.2890
1778858802.206,0.2180,0.2653,8.00,155.7,4.16,-17.97,10.11,0.2609,0.2912
1778858802.243,0.1882,0.2670,8.00,155.7,4.97,-23.36,10.47,0.2727,0.2935
1778858802.310,0.1064,0.2687,8.00,155.7,1.48,-36.51,11.03,0.3394,0.2958
1778858802.379,0.2948,0.2687,8.00,155.7,-5.22,-56.20,16.55,0.4914,0.2958
1778858802.446,0.4447,0.2687,8.00,155.7,-7.44,-61.89,18.22,0.6431,0.2958
1778858802.509,0.4174,0.2687,8.00,155.7,-6.26,-63.88,19.88,0.9917,0.2958
1778858802.847,0.5539,0.2705,8.00,155.7,-11.26,-60.94,21.36,0.6262,0.2982
1778858802.914,0.2230,0.2705,8.00,155.7,-8.19,-47.64,16.55,0.4279,0.2982
1778858802.981,0.2375,0.2705,8.00,155.7,5.32,-33.55,11.82,0.3951,0.2982
1778858803.045,0.2248,0.2705,8.00,155.7,8.19,-22.16,14.12,0.3437,0.2982
1778858803.114,0.2174,0.2723,8.00,155.7,7.20,-12.33,16.32,0.3396,0.3005
1778858803.180,0.2328,0.2723,9.00,155.4,6.22,-9.39,16.76,0.3356,0.3005
1778858803.247,0.2271,0.2723,9.00,155.4,5.72,-10.19,15.68,0.3291,0.3005
1778858803.314,0.2238,0.2723,9.00,155.4,4.19,-10.38,15.13,0.3190,0.3005
1778858803.380,0.2319,0.2723,9.00,155.4,1.93,-11.55,14.47,0.3439,0.3005
1778858803.448,0.2593,0.2723,9.00,155.4,0.85,-11.54,14.00,0.3366,0.3005
1778858803.511,0.2826,0.2723,9.00,155.4,0.78,-9.88,13.46,0.3254,0.3005
1778858803.580,0.2951,0.2705,9.00,155.4,1.87,-8.17,12.99,0.3159,0.2982
1778858803.645,0.2976,0.2705,9.00,155.4,1.33,-8.11,12.11,0.3206,0.2982
1778858803.713,0.3092,0.2705,9.00,155.4,0.10,-5.73,10.71,0.3555,0.2982
1778858803.781,0.3039,0.2705,9.00,155.4,-0.21,-4.21,9.40,0.3673,0.2982
1778858803.847,0.3068,0.2688,9.00,155.4,-0.37,-1.54,8.80,0.3520,0.2959
1778858803.914,0.2598,0.2671,9.00,155.4,-0.01,0.51,8.50,0.3299,0.2937
1778858803.981,0.2019,0.2671,9.00,155.4,-0.49,3.64,7.93,0.3333,0.2937
1778858804.047,0.1969,0.2688,9.00,155.4,-0.19,2.89,7.62,0.3133,0.2959
1778858804.114,0.1967,0.2705,9.00,155.4,0.29,2.60,7.52,0.3177,0.2982
1778858804.180,0.1956,0.2705,9.00,155.4,0.06,1.68,7.50,0.3196,0.2982
1778858804.248,0.2060,0.2705,9.00,155.4,-0.37,1.37,7.40,0.3208,0.2982
1778858804.314,0.2042,0.2705,9.00,155.4,-0.29,1.95,7.05,0.2987,0.2982
1778858804.381,0.1508,0.2705,9.00,155.4,-0.50,1.93,6.78,0.2825,0.2982
1778858804.448,0.1410,0.2723,9.00,155.4,-0.81,1.68,6.63,0.2736,0.3005
1778858804.515,0.1473,0.2740,9.00,155.4,-0.41,0.08,6.74,0.2724,0.3028
1778858804.581,0.1533,0.2757,9.00,155.4,-0.33,-0.60,6.62,0.2575,0.3051
1778858804.648,0.1350,0.2774,9.00,155.4,-0.41,-2.36,6.65,0.2492,0.3074
1778858804.713,0.1330,0.2791,9.00,155.4,-0.67,-3.72,6.76,0.2380,0.3096
1778858804.782,0.1352,0.2808,9.00,155.4,-0.51,-3.49,6.66,0.2312,0.3119
1778858804.848,0.1357,0.2825,9.00,155.4,-0.46,-4.05,6.86,0.2262,0.3142
1778858804.916,0.1400,0.2842,9.00,155.4,-0.75,-3.87,6.64,0.2198,0.3165
1778858804.981,0.1400,0.2842,9.00,155.4,-0.62,-3.70,6.54,0.2135,0.3165
1778858805.051,0.1385,0.2842,9.00,155.4,-0.59,-4.17,6.43,0.2133,0.3165
1778858805.115,0.1322,0.2842,9.00,155.4,-0.53,-4.20,6.28,0.2143,0.3165
1778858805.183,0.1302,0.2860,9.00,155.4,-0.58,-4.78,6.31,0.2160,0.3188
1778858805.246,0.1281,0.2872,9.00,155.4,-0.79,-4.75,6.30,0.2197,0.3204
1778858805.316,0.1270,0.2884,9.00,155.4,-0.95,-4.69,6.30,0.2199,0.3220
1778858805.380,0.1235,0.2896,9.00,155.4,-1.06,-4.89,6.34,0.2194,0.3236
1778858805.449,0.1217,0.2908,9.00,155.4,-1.40,-5.48,6.42,0.2163,0.3253
1778858805.515,0.1196,0.2920,9.00,155.4,-1.68,-4.83,6.56,0.2109,0.3269
1778858805.583,0.1166,0.2932,9.00,155.4,-1.74,-4.57,6.60,0.2131,0.3285
1778858805.646,0.1165,0.2944,9.00,155.4,-1.81,-4.92,6.69,0.2093,0.3301
1778858805.716,0.1415,0.2956,9.00,155.4,-1.89,-4.77,6.89,0.2077,0.3316
1778858805.782,0.1794,0.2968,9.00,155.4,-2.02,-4.74,7.13,0.2079,0.3332
1778858805.849,0.1961,0.2980,9.00,155.4,-2.59,-5.17,7.19,0.2093,0.3348
1778858805.911,0.2133,0.2992,9.00,155.4,-3.02,-5.01,7.13,0.2082,0.3364
1778858805.979,0.2220,0.2987,9.00,155.4,-3.41,-4.72,6.98,0.1861,0.3357
1778858806.048,0.2271,0.2970,9.00,155.4,-3.56,-4.62,6.85,0.1601,0.3335
1778858806.115,0.2358,0.2941,9.00,155.4,-3.52,-5.31,6.74,0.1503,0.3297
1778858806.182,0.2415,0.2912,9.00,155.4,-3.28,-5.27,6.64,0.1466,0.3258
1778858806.249,0.2456,0.2884,9.00,155.4,-3.10,-6.67,6.70,0.1450,0.3220
1778858806.315,0.2469,0.2867,9.00,155.4,-3.13,-6.33,6.59,0.1435,0.3197
1778858806.381,0.2475,0.2838,9.00,155.4,-3.12,-6.07,6.54,0.1427,0.3159
1778858806.448,0.2473,0.2809,9.00,155.4,-3.16,-6.26,6.53,0.1422,0.3120
1778858806.516,0.2472,0.2780,9.00,155.4,-3.15,-6.31,6.52,0.1420,0.3081
1778858806.582,0.2468,0.2750,9.00,155.4,-3.15,-6.89,6.56,0.1421,0.3042
1778858806.650,0.2453,0.2738,9.00,155.4,-3.16,-7.08,6.59,0.1421,0.3026
1778858806.716,0.2448,0.2726,9.00,155.4,-3.17,-7.18,6.61,0.1426,0.3009
1778858806.782,0.2446,0.2730,9.00,155.4,-3.13,-7.42,6.63,0.1437,0.3016
1778858806.848,0.2414,0.2730,9.00,155.4,-3.11,-7.46,6.66,0.1441,0.3016
1778858806.918,0.2406,0.2735,9.00,155.4,-3.08,-7.44,6.70,0.1441,0.3022
1778858806.979,0.2409,0.2740,9.00,155.4,-3.06,-7.68,6.75,0.1442,0.3028
1778858807.049,0.2410,0.2744,9.00,155.4,-3.04,-7.64,6.76,0.1443,0.3034
1778858807.116,0.2408,0.2749,9.00,155.4,-3.04,-7.97,6.82,0.1442,0.3041
1778858807.184,0.2409,0.2754,9.00,155.4,-3.00,-8.26,6.88,0.1445,0.3047
1778858807.246,0.2405,0.2759,9.00,155.4,-2.98,-8.26,6.89,0.1454,0.3053
1778858807.316,0.2406,0.2763,9.00,155.4,-2.97,-8.17,6.88,0.1458,0.3060
1778858807.382,0.2413,0.2768,9.00,155.4,-2.99,-8.08,6.87,0.1460,0.3066
1778858807.450,0.2410,0.2773,9.00,155.4,-2.96,-8.20,6.97,0.1458,0.3072
1778858807.516,0.2392,0.2778,9.00,155.4,-2.98,-8.00,7.00,0.1458,0.3079
1778858807.582,0.2377,0.2783,9.00,155.4,-3.00,-7.88,7.01,0.1465,0.3085
1778858807.645,0.2362,0.2787,9.00,155.4,-3.11,-7.77,7.04,0.1470,0.3092
1778858807.719,0.2352,0.2792,9.00,155.4,-3.17,-7.74,7.07,0.1461,0.3098
1778858807.779,0.2358,0.2797,9.00,155.4,-3.18,-7.73,7.10,0.1456,0.3105
1778858807.849,0.2392,0.2797,9.00,155.4,-3.14,-7.85,7.12,0.1463,0.3105
1778858807.916,0.2827,0.2802,9.00,155.4,-2.48,-8.25,7.17,0.1474,0.3111
1778858807.983,0.3362,0.2807,9.00,155.4,-1.58,-9.48,7.27,0.1475,0.3118
1778858808.045,0.3524,0.2812,9.00,155.4,-1.15,-10.37,7.33,0.1479,0.3124
1778858808.116,0.3502,0.2817,9.00,155.4,-0.99,-10.50,7.37,0.1466,0.3131
1778858808.184,0.3512,0.2822,9.00,155.4,-1.06,-10.05,7.28,0.1463,0.3137
1778858808.250,0.3335,0.2827,9.00,155.4,-1.90,-9.87,6.95,0.1469,0.3144
1778858808.315,0.2895,0.2832,9.00,155.4,-2.49,-7.94,6.61,0.1473,0.3151
1778858808.379,0.2652,0.2837,9.00,155.4,-2.83,-7.35,6.58,0.1469,0.3158
1778858808.448,0.2500,0.2842,9.00,155.4,-3.07,-6.95,6.56,0.1470,0.3164
1778858808.517,0.2406,0.2847,9.00,155.4,-3.18,-6.60,6.58,0.1472,0.3171
1778858808.582,0.2411,0.2847,9.00,155.4,-3.31,-6.58,6.64,0.1477,0.3171
1778858808.649,0.2434,0.2852,9.00,155.4,-3.36,-6.40,6.67,0.1480,0.3178
1778858808.713,0.2447,0.2857,9.00,155.4,-3.41,-6.15,6.67,0.1483,0.3185
1778858808.780,0.2459,0.2862,9.00,155.4,-3.42,-6.06,6.67,0.1493,0.3191
1778858808.850,0.2451,0.2867,9.00,155.4,-3.37,-6.27,6.73,0.1496,0.3198
1778858808.915,0.2448,0.2873,9.00,155.4,-3.34,-6.00,6.70,0.1502,0.3205
1778858808.984,0.2450,0.2878,9.00,155.4,-3.34,-6.34,6.75,0.1500,0.3212
1778858809.050,0.2442,0.2883,9.00,155.4,-3.36,-7.02,6.84,0.1498,0.3219
1778858809.116,0.2443,0.2888,9.00,155.4,-3.32,-7.28,6.87,0.1496,0.3226
1778858809.179,0.2429,0.2893,9.00,155.4,-3.36,-7.25,6.87,0.1489,0.3233
1778858809.252,0.2415,0.2899,9.00,155.4,-3.37,-7.90,6.92,0.1490,0.3240
1778858809.316,0.2404,0.2904,9.00,155.4,-3.41,-7.96,6.94,0.1484,0.3247
1778858809.384,0.2394,0.2909,9.00,155.4,-3.39,-8.19,7.01,0.1489,0.3254
1778858809.450,0.2366,0.2914,9.00,155.4,-3.45,-8.20,7.06,0.1489,0.3261
1778858809.513,0.2391,0.2920,9.00,155.4,-3.50,-7.65,7.23,0.1501,0.3268
1778858809.582,0.2393,0.2925,9.00,155.4,-3.45,-10.41,8.01,0.1488,0.3275
1778858809.651,0.0908,0.2949,9.00,155.4,-3.87,-20.76,9.74,0.1628,0.3307
1778858809.717,0.2504,0.2954,10.00,151.8,-3.97,-37.52,10.90,0.3466,0.3314
1778858809.782,0.3763,0.2954,10.00,151.8,-4.28,-47.14,9.53,0.5216,0.3314
1778858809.847,0.4942,0.2960,10.00,151.8,-7.02,-53.88,13.28,0.6151,0.3321
1778858809.918,0.5733,0.2965,10.00,151.8,-8.04,-57.90,14.51,0.6808,0.3328
1778858809.983,0.6230,0.2970,10.00,151.8,-10.31,-59.51,16.33,0.7539,0.3336
1778858810.048,0.6218,0.2970,10.00,151.8,-9.63,-59.31,16.67,0.7806,0.3336
1778858810.116,0.6350,0.2970,10.00,151.8,-11.15,-58.79,17.12,0.7212,0.3336
1778858810.186,0.6359,0.2976,10.00,151.8,-11.42,-58.01,17.10,0.6633,0.3343
1778858810.248,0.6015,0.2981,10.00,151.8,-11.69,-57.47,16.80,0.6836,0.3350
1778858810.313,0.5958,0.2987,10.00,151.8,-12.42,-57.19,17.14,0.6433,0.3358
1778858810.375,0.5705,0.2993,10.00,151.8,-12.84,-56.48,17.13,0.6222,0.3365
1778858810.408,0.6230,0.2993,10.00,151.8,-11.94,-57.83,17.36,0.6650,0.3365
1778858810.443,0.6030,0.2993,10.00,151.8,-11.99,-58.06,17.48,0.6473,0.3365
1778858810.476,0.6211,0.2993,10.00,151.8,-11.24,-57.74,17.30,0.6317,0.3365
1778858810.510,0.6188,0.2993,10.00,151.8,-10.88,-58.21,16.91,0.6516,0.3365
1778858810.542,0.6067,0.2993,10.00,151.8,-9.89,-58.42,16.45,0.6787,0.3365
1778858810.578,0.6044,0.2993,10.00,151.8,-9.68,-58.98,16.10,0.6878,0.3365
1778858810.610,0.6003,0.2993,10.00,151.8,-6.77,-71.97,-167.29,0.6674,0.3365
1778858810.645,0.6396,0.2987,10.00,151.8,-36.58,71.74,-10.59,0.5042,0.5515
1778858810.717,0.6632,0.2993,10.00,151.8,-4.04,-41.98,-172.62,0.3498,0.3365
1778858810.783,0.6303,0.2998,10.00,151.8,-5.60,-16.95,17.02,0.3347,0.3373
1778858810.851,0.6099,0.3004,10.00,151.8,-14.10,-58.57,17.84,0.6078,0.3380
1778858810.918,0.5867,0.3004,10.00,151.8,-13.17,-58.30,17.64,0.7623,0.3380
1778858810.981,0.6176,0.3009,10.00,151.8,-12.61,-58.97,17.40,0.7861,0.3387
1778858811.051,0.6123,0.3009,10.00,151.8,-12.35,-59.15,16.93,0.7554,0.3387
1778858811.118,0.6155,0.3015,10.00,151.8,-12.27,-60.18,16.69,0.7267,0.3395
1778858811.184,0.6241,0.3015,10.00,151.8,-11.83,-61.68,16.21,0.7220,0.3395
1778858811.251,0.7350,0.3021,10.00,151.8,-19.86,-55.11,-141.69,0.7470,0.3889
1778858811.316,0.7684,0.3026,10.00,151.8,-36.61,71.20,-40.39,0.7372,0.5571
1778858811.380,0.6849,0.3032,10.00,151.8,-37.82,71.11,-45.16,0.8339,0.5700
1778858811.452,0.6521,0.3038,10.00,151.8,16.67,54.88,-168.54,0.8419,0.3592
1778858811.518,0.6285,0.3038,10.00,151.8,3.23,-78.87,-176.36,0.9045,0.3425
1778858811.585,0.5915,0.3043,10.00,151.8,24.72,25.66,-1.59,0.8092,0.4405
1778858811.651,0.6586,0.3049,10.00,151.8,-0.04,-40.37,179.81,0.9196,0.3441
1778858811.719,0.7093,0.3049,10.00,151.8,2.19,72.82,0.47,0.9165,0.3441
1778858811.783,0.6231,0.3055,10.00,151.8,8.10,-40.06,-12.00,1.1991,0.3448
1778858811.852,0.7334,0.3061,10.00,151.8,66.73,64.95,55.13,1.1453,0.5956
1778858812.787,0.5236,0.3207,10.00,151.8,-12.50,-59.89,20.46,0.7577,0.3651
1778858812.851,0.3504,0.3207,10.00,151.8,-4.11,-44.78,15.80,0.5069,0.4026
1778858812.918,0.2758,0.3214,10.00,151.8,3.50,-31.64,13.31,0.3890,0.4035
1778858812.984,0.2726,0.3220,10.00,151.8,5.51,-23.29,13.91,0.3433,0.4043
1778858813.050,0.2796,0.3220,10.00,151.8,5.80,-18.66,13.63,0.3330,0.4043
1778858813.118,0.2581,0.3226,10.00,151.8,5.43,-14.71,12.68,0.3174,0.4052
1778858813.186,0.2571,0.3226,10.00,151.8,6.41,-9.84,11.91,0.3255,0.4052
1778858813.252,0.2544,0.3226,10.00,151.8,7.44,-5.68,11.64,0.3232,0.4052
1778858813.321,0.2515,0.3233,10.00,151.8,7.65,-4.63,11.24,0.3225,0.4061
1778858813.384,0.2532,0.3239,10.00,151.8,7.48,-4.84,10.86,0.3154,0.4069
1778858813.453,0.2541,0.3239,10.00,151.8,7.54,-5.18,10.75,0.3119,0.4069
1778858813.518,0.2581,0.3239,10.00,151.8,7.77,-8.85,10.42,0.3099,0.4069
1778858813.586,0.2531,0.3239,10.00,151.8,8.39,-8.81,10.19,0.3233,0.4069
1778858813.652,0.2442,0.3246,10.00,151.8,6.26,-15.22,9.48,0.3215,0.4078
1778858813.718,0.2325,0.3253,10.00,151.8,4.17,-16.22,9.51,0.3471,0.4087
1778858813.786,0.2012,0.3273,10.00,151.8,2.32,-15.90,9.79,0.3794,0.4114
1778858813.854,0.0890,0.3293,10.00,151.8,-4.13,-15.17,9.76,0.4276,0.4141
1778858813.919,0.1106,0.3313,10.00,151.8,-12.37,-2.17,10.17,0.4450,0.4168
1778858813.986,0.1604,0.3340,9.00,151.8,-14.64,12.58,8.00,0.5032,0.4203
1778858814.053,0.2052,0.3367,9.00,151.8,-21.12,16.37,5.17,0.5242,0.4851
1778858814.119,0.1931,0.3394,9.00,151.8,-23.42,17.55,4.22,0.5321,0.5118
1778858814.185,0.1846,0.3415,9.00,151.8,-26.03,16.99,2.44,0.5268,0.5406
1778858814.252,0.1838,0.3435,9.00,151.8,-26.38,16.96,1.46,0.5042,0.5468
1778858814.319,0.1837,0.3462,9.00,151.8,-27.36,17.87,1.68,0.5217,0.5602
1778858814.385,0.1799,0.3490,9.00,151.8,-28.52,18.06,1.34,0.4916,0.5755
1778858814.452,0.1775,0.3510,9.00,151.8,-29.01,18.75,0.56,0.4944,0.5831
1778858814.519,0.1928,0.3531,9.00,151.8,-28.90,19.75,0.20,0.5012,0.5847
1778858814.586,0.1858,0.3558,9.00,151.8,-28.65,17.23,1.93,0.4945,0.5860
1778858814.656,0.1994,0.3579,9.00,151.8,-26.95,11.80,5.86,0.4508,0.5717
1778858814.719,0.1683,0.3599,9.00,151.8,-23.32,0.68,11.97,0.5055,0.5381
1778858814.786,0.1865,0.3620,9.00,151.8,-20.88,-13.32,17.79,0.4978,0.5164
1778858814.852,0.1980,0.3640,9.00,151.8,-18.44,-23.35,19.77,0.4816,0.4947
1778858814.919,0.2253,0.3648,9.00,151.8,-16.35,-31.76,20.25,0.5098,0.4749
1778858814.985,0.1441,0.3668,9.00,151.8,-15.24,-38.32,21.25,0.5400,0.4664
1778858815.052,0.1577,0.3689,9.00,151.8,-16.16,-50.06,24.27,0.6495,0.4784
1778858815.120,0.3429,0.3689,10.00,152.0,-12.55,-59.12,25.47,0.7919,0.4668
1778858815.184,0.4926,0.3689,10.00,152.0,-13.78,-62.68,28.62,0.9739,0.4668
1778858815.251,0.5198,0.3696,10.00,152.0,-11.76,-61.68,27.30,0.8404,0.4678
1778858815.320,0.6247,0.3696,10.00,152.0,-13.35,-62.49,27.67,0.9027,0.4678
1778858815.386,0.6793,0.3696,10.00,152.0,-11.27,-62.72,25.88,0.7929,0.4678
1778858815.451,0.3004,0.3696,10.00,152.0,-8.12,-56.18,23.15,0.6224,0.4678
1778858815.519,0.1980,0.3724,10.00,152.0,-2.17,-42.57,15.73,0.4879,0.4716
1778858815.585,0.1711,0.3753,10.00,152.0,13.73,-23.39,9.59,0.3815,0.4753
1778858815.652,0.2071,0.3781,10.00,152.0,14.77,-13.05,10.20,0.3570,0.4791
1778858815.720,0.2242,0.3789,11.00,165.8,15.14,-5.16,10.58,0.3493,0.4616
1778858815.786,0.2260,0.3797,11.00,165.8,15.30,-2.28,10.49,0.3440,0.4643
1778858815.854,0.2202,0.3805,11.00,165.8,14.69,-1.78,10.54,0.3368,0.4623
1778858815.918,0.2261,0.3812,11.00,165.8,14.94,-1.14,10.88,0.3329,0.4633
1778858815.986,0.2276,0.3820,11.00,165.8,14.92,-2.06,10.48,0.3325,0.4644
1778858816.053,0.2309,0.3828,11.00,165.8,15.63,-1.84,10.74,0.3207,0.4718
1778858816.120,0.2260,0.3836,11.00,165.8,15.80,-2.27,10.71,0.3239,0.4746
1778858816.186,0.2340,0.3845,11.00,165.8,16.02,-2.12,10.58,0.2976,0.4778
1778858816.250,0.2226,0.3853,11.00,165.8,14.50,-1.12,10.49,0.2993,0.4687
1778858816.320,0.2338,0.3853,11.00,165.8,11.78,-1.48,10.30,0.3089,0.4687
1778858816.387,0.2481,0.3853,11.00,165.8,9.69,-3.77,9.74,0.2954,0.4687
1778858816.454,0.2589,0.3861,11.00,165.8,7.67,-12.92,9.71,0.2606,0.4698
1778858816.521,0.2699,0.3869,11.00,165.8,6.86,-15.56,9.54,0.2224,0.4709
1778858816.587,0.2752,0.3877,11.00,165.8,6.71,-16.79,9.57,0.2097,0.4719
1778858816.652,0.2812,0.3885,11.00,165.8,6.48,-17.09,9.50,0.2162,0.4730
1778858816.720,0.2842,0.3894,11.00,165.8,5.96,-16.95,9.53,0.2203,0.4741
1778858816.787,0.2867,0.3894,11.00,165.8,5.14,-19.41,9.55,0.2071,0.4741
1778858816.854,0.2839,0.3894,11.00,165.8,5.51,-20.13,9.60,0.1881,0.4741
1778858816.921,0.2829,0.3894,11.00,165.8,5.50,-20.08,9.61,0.1926,0.4741
1778858816.989,0.2778,0.3894,11.00,165.8,4.70,-19.09,9.57,0.2006,0.4741
1778858817.055,0.2577,0.3894,11.00,165.8,4.39,-18.50,9.58,0.1655,0.4741
1778858817.121,0.2596,0.3894,11.00,165.8,4.48,-18.96,9.60,0.1890,0.4741
1778858817.188,0.2668,0.3894,11.00,165.8,4.91,-17.45,9.53,0.2128,0.4741
1778858817.254,0.2635,0.3894,11.00,165.8,4.90,-13.75,9.41,0.2861,0.4741
1778858817.321,0.2616,0.3894,11.00,165.8,4.33,-11.87,9.60,0.3479,0.4741
1778858817.386,0.2635,0.3894,11.00,165.8,4.98,-11.14,9.88,0.3533,0.4741
1778858817.455,0.2576,0.3894,11.00,165.8,5.65,-11.30,9.81,0.3457,0.4741
1778858817.522,0.2555,0.3894,11.00,165.8,5.82,-11.97,10.01,0.3349,0.4741
1778858817.588,0.2583,0.3894,11.00,165.8,5.65,-13.86,10.10,0.3062,0.4741
1778858817.656,0.2514,0.3894,11.00,165.8,5.12,-13.35,10.38,0.2617,0.4741
1778858817.722,0.2525,0.3894,11.00,165.8,4.42,-13.30,10.46,0.2515,0.4741
1778858817.789,0.2587,0.3894,11.00,165.8,4.47,-13.30,10.47,0.2651,0.4741
1778858817.855,0.2554,0.3894,11.00,165.8,4.58,-13.25,10.48,0.2751,0.4741
1778858817.921,0.2552,0.3894,11.00,165.8,4.75,-13.59,10.55,0.2877,0.4741
1778858817.989,0.2588,0.3894,11.00,165.8,5.04,-14.61,10.53,0.3208,0.4741
1778858818.055,0.2615,0.3894,11.00,165.8,4.10,-20.03,11.05,0.3479,0.4741
1778858818.121,0.0641,0.3915,11.00,165.8,3.10,-30.87,12.15,0.4149,0.4770
1778858818.188,0.1884,0.3936,11.00,165.8,-2.68,-46.42,15.17,0.5359,0.4798
1778858818.256,0.3716,0.3936,12.00,160.1,-6.99,-61.38,18.84,0.9017,0.4598
1778858818.525,0.4817,0.3961,12.00,160.1,-11.50,-62.77,20.93,0.5278,0.4632
1778858818.587,0.2049,0.3983,12.00,160.1,-1.66,-60.92,-167.01,0.2539,0.4660
1778858818.656,0.2151,0.4004,12.00,160.1,-2.90,-33.48,18.88,0.2808,0.4689
1778858818.722,0.2497,0.4004,13.00,146.7,0.95,-23.50,18.46,0.3350,0.4489
1778858818.789,0.2549,0.4004,13.00,146.7,2.47,-9.56,17.19,0.3091,0.4489
1778858818.854,0.2615,0.4013,13.00,146.7,2.93,3.06,16.14,0.2507,0.4501
1778858818.921,0.2658,0.4013,13.00,146.7,3.59,10.28,15.93,0.2193,0.4501
1778858818.990,0.2675,0.4013,13.00,146.7,3.20,5.25,16.31,0.1989,0.4501
1778858819.056,0.2675,0.4013,13.00,146.7,3.12,-1.72,16.75,0.1879,0.4501
1778858819.121,0.2625,0.4013,13.00,146.7,2.95,-3.68,16.86,0.1694,0.4501
1778858819.188,0.2588,0.4022,13.00,146.7,3.08,-0.12,17.04,0.1505,0.4512
1778858819.255,0.2614,0.4030,13.00,146.7,3.20,3.98,16.98,0.1624,0.4524
1778858819.322,0.2634,0.4039,13.00,146.7,3.51,6.19,16.65,0.1693,0.4535
1778858819.388,0.2577,0.4048,13.00,146.7,3.60,4.91,16.41,0.1744,0.4547
1778858819.455,0.2579,0.4056,13.00,146.7,3.38,3.68,16.47,0.1738,0.4559
1778858819.523,0.2603,0.4065,13.00,146.7,3.62,3.96,16.63,0.1768,0.4570
1778858819.584,0.2720,0.4074,13.00,146.7,3.81,5.88,16.69,0.1834,0.4582
1778858819.655,0.2916,0.4083,13.00,146.7,4.12,4.39,16.72,0.1915,0.4594
1778858819.722,0.2968,0.4092,13.00,146.7,3.82,-2.93,17.38,0.2063,0.4606
1778858819.789,0.3022,0.4101,13.00,146.7,3.99,-7.27,17.99,0.2137,0.4618
1778858819.856,0.3036,0.4110,13.00,146.7,4.29,-6.68,18.10,0.2166,0.4630
1778858819.913,0.3026,0.4110,13.00,146.7,4.38,-7.01,18.10,0.2232,0.4630
1778858819.952,0.3029,0.4110,13.00,146.7,4.41,-6.99,18.07,0.2257,0.4630
1778858820.018,0.3024,0.4119,13.00,146.7,4.69,-5.54,17.98,0.2260,0.4642
1778858820.081,0.3011,0.4128,13.00,146.7,4.80,-7.29,18.19,0.2283,0.4654
1778858820.112,0.2988,0.4128,13.00,146.7,4.75,-7.73,18.22,0.2326,0.4654
1778858820.146,0.2930,0.4128,13.00,146.7,4.57,-8.41,18.32,0.2338,0.4654
1778858820.180,0.2868,0.4128,13.00,146.7,4.46,-8.59,18.34,0.2328,0.4654
1778858820.215,0.2843,0.4128,13.00,146.7,4.43,-8.26,18.31,0.2327,0.4654
1778858820.280,0.2814,0.4137,13.00,146.7,4.57,-7.65,18.37,0.2328,0.4666
1778858820.319,0.2800,0.4137,13.00,146.7,4.63,-7.47,18.38,0.2320,0.4666
1778858820.389,0.2790,0.4146,13.00,146.7,4.66,-7.05,18.37,0.2324,0.4678
1778858820.454,0.2788,0.4156,13.00,146.7,4.65,-7.06,18.37,0.2347,0.4691
1778858820.521,0.2790,0.4165,13.00,146.7,4.64,-7.24,18.38,0.2379,0.4703
1778858820.589,0.2786,0.4174,13.00,146.7,4.63,-7.61,18.40,0.2538,0.4715
1778858820.650,0.2774,0.4183,13.00,146.7,4.57,-8.66,18.56,0.2877,0.4728
1778858820.720,0.2843,0.4193,13.00,146.7,3.36,-9.61,18.82,0.3187,0.4740
1778858820.788,0.2919,0.4202,13.00,146.7,2.31,-12.27,18.75,0.3525,0.4753
1778858820.855,0.2896,0.4212,13.00,146.7,0.95,-15.33,18.32,0.3623,0.4766
1778858820.922,0.2852,0.4221,13.00,146.7,-0.04,-17.04,18.00,0.3771,0.4778
1778858820.989,0.2830,0.4231,13.00,146.7,-0.48,-18.87,17.83,0.3799,0.4791
1778858821.053,0.2772,0.4240,13.00,146.7,-1.22,-19.27,17.46,0.3795,0.4804
1778858821.121,0.2655,0.4250,13.00,146.7,-1.50,-19.65,17.30,0.3647,0.4817
1778858821.189,0.2602,0.4260,13.00,146.7,-2.06,-19.89,17.08,0.3599,0.4830
1778858821.256,0.2501,0.4269,13.00,146.7,-2.86,-21.76,16.24,0.2088,0.4843
1778858821.324,0.2542,0.4279,13.00,146.7,-3.22,-24.19,15.95,0.2254,0.4856
1778858821.390,0.2581,0.4289,13.00,146.7,-4.01,-25.46,15.67,0.3071,0.4869
1778858821.456,0.2344,0.4299,13.00,146.7,-4.65,-30.64,16.16,0.3517,0.4882
1778858821.522,0.0928,0.4332,13.00,146.7,-7.09,-40.71,17.02,0.4965,0.4926
1778858821.589,0.2702,0.4332,14.00,146.7,-1.94,-66.23,-170.02,0.5276,0.4726
1778858821.656,0.4029,0.4332,13.00,146.7,-30.66,71.93,55.10,1.0195,0.6492
1778858822.193,0.3311,0.4403,13.00,146.7,-9.02,-58.56,18.04,0.3704,0.5020
1778858822.256,0.2639,0.4403,13.00,146.7,-0.72,-40.57,15.01,0.1775,0.5020
1778858822.324,0.2674,0.4403,13.00,146.7,2.53,-27.94,15.45,0.1499,0.5020
1778858822.389,0.2725,0.4403,13.00,146.7,3.21,-19.32,17.19,0.1467,0.5020
1778858822.454,0.2657,0.4379,13.00,146.7,2.86,-15.18,17.89,0.1487,0.4989
1778858822.524,0.2626,0.4356,13.00,146.7,3.24,-13.72,17.66,0.1407,0.4958
1778858822.590,0.2623,0.4333,13.00,146.7,3.29,-13.40,17.51,0.1341,0.4927
1778858822.655,0.2673,0.4309,13.00,146.7,3.34,-14.32,17.64,0.1347,0.4896
1778858822.721,0.2697,0.4286,13.00,146.7,3.42,-15.32,17.61,0.1379,0.4864
1778858822.791,0.2724,0.4262,13.00,146.7,2.86,-17.15,17.83,0.1417,0.4833
1778858822.857,0.2751,0.4239,13.00,146.7,3.33,-18.04,17.72,0.1364,0.4802
1778858822.922,0.2755,0.4215,13.00,146.7,3.53,-18.18,17.21,0.1330,0.4771
1778858822.991,0.2795,0.4192,13.00,146.7,3.07,-18.43,16.96,0.1345,0.4739
1778858823.058,0.2766,0.4169,13.00,146.7,3.34,-18.84,16.77,0.1338,0.4708
1778858823.123,0.2769,0.4145,13.00,146.7,2.92,-18.56,16.64,0.1383,0.4677
1778858823.189,0.2753,0.4122,13.00,146.7,3.66,-16.35,16.60,0.1409,0.4646
1778858823.254,0.2753,0.4098,13.00,146.7,3.60,-15.53,16.94,0.1403,0.4614
1778858823.322,0.2759,0.4075,13.00,146.7,0.06,-27.38,14.72,0.1519,0.4583
1778858823.390,0.2889,0.4052,13.00,146.7,-2.41,-36.25,12.16,0.2630,0.4552
1778858823.454,0.2883,0.4028,13.00,146.7,0.49,-33.97,12.59,0.2896,0.4521
1778858823.524,0.2786,0.4005,13.00,146.7,3.84,-27.37,14.62,0.2849,0.4490
1778858823.590,0.2736,0.3981,13.00,146.7,2.85,-26.17,15.35,0.2815,0.4458
1778858823.657,0.2672,0.3958,13.00,146.7,0.85,-27.98,14.27,0.3302,0.4427
1778858823.723,0.3016,0.3934,13.00,146.7,0.73,-28.72,15.98,0.4580,0.4396
1778858823.792,0.3021,0.3911,13.00,146.7,-0.41,-29.13,16.06,0.4154,0.4365
1778858823.855,0.2965,0.3888,13.00,146.7,-2.01,-29.62,14.21,0.2589,0.4333
1778858823.923,0.2965,0.3864,13.00,146.7,-1.74,-29.19,13.95,0.3449,0.4302
1778858823.989,0.2923,0.3841,13.00,146.7,-0.85,-28.37,14.02,0.3340,0.4271
1778858824.054,0.2984,0.3817,13.00,146.7,0.14,-28.34,13.56,0.2162,0.4240
1778858824.124,0.3042,0.3794,13.00,146.7,0.51,-29.67,13.44,0.2150,0.4209
1778858824.191,0.3044,0.3770,13.00,146.7,0.92,-30.53,13.21,0.2390,0.4177
1778858824.255,0.3100,0.3747,13.00,146.7,0.33,-30.68,13.07,0.2643,0.4146
1778858824.324,0.3104,0.3724,13.00,146.7,0.46,-30.28,12.83,0.2102,0.4115
1778858824.391,0.3109,0.3700,13.00,146.7,-0.47,-29.66,13.07,0.1765,0.4084
1778858824.454,0.2766,0.3677,13.00,146.7,-1.56,-31.44,13.75,0.1821,0.4052
1778858824.524,0.1841,0.3677,13.00,146.7,-4.91,-34.48,13.94,0.3438,0.4052
1778858824.588,0.2798,0.3653,14.00,132.9,-5.75,-39.71,14.24,0.4361,0.3821
1778858824.656,0.3446,0.3630,14.00,132.9,-7.47,-41.37,14.53,0.4924,0.3790
1778858824.725,0.3919,0.3607,14.00,132.9,-10.20,-43.46,15.49,0.5180,0.3759
1778858824.791,0.3979,0.3583,14.00,132.9,-11.55,-45.51,16.36,0.5511,0.3728
1778858824.858,0.3979,0.3560,14.00,132.9,-11.08,-46.25,16.62,0.5436,0.3696
1778858824.925,0.4133,0.3536,14.00,132.9,-11.72,-47.79,16.91,0.5604,0.3665
1778858824.989,0.4467,0.3513,14.00,132.9,-12.80,-49.13,17.52,0.5539,0.3634
1778858825.059,0.4676,0.3489,13.00,132.9,-12.47,-62.87,-163.02,0.6213,0.3803
1778858825.125,0.5075,0.3466,13.00,132.9,57.57,-78.78,-166.14,0.3271,0.6271
1778858825.192,0.5373,0.3443,13.00,132.9,-15.33,-67.66,-160.15,0.4149,0.3773
1778858825.256,0.3685,0.3419,13.00,132.9,24.20,-42.12,173.57,0.7197,0.4629
1778858825.322,0.5845,0.3396,13.00,132.9,-13.56,-67.32,21.99,1.3713,0.3678
1778858825.525,1.4677,0.3341,13.00,132.9,-120.30,86.89,-121.36,13.8249,0.6105
1778858825.589,0.8703,0.3318,13.00,132.9,-14.25,81.10,-12.27,1.9627,0.3574
1778858826.394,0.8349,0.3116,12.00,132.9,-16.16,-66.65,25.87,1.0723,0.3620
1778858826.456,0.3323,0.3092,12.00,132.9,-8.60,-55.57,18.70,0.6900,0.3472
1778858826.522,0.2961,0.3068,12.00,132.9,-6.56,-42.52,18.15,0.4918,0.3440
1778858826.592,0.2961,0.3068,12.00,132.9,-4.79,-33.28,18.63,0.2181,0.3440
1778858826.655,0.2717,0.3068,12.00,132.9,-4.92,-26.79,19.44,0.2541,0.3440
1778858826.726,0.2653,0.3068,12.00,132.9,-4.77,-22.20,19.42,0.1973,0.3440
1778858826.792,0.2632,0.3068,12.00,132.9,-5.76,-21.89,19.42,0.3319,0.3440
1778858826.858,0.2677,0.3068,12.00,132.9,-5.78,-22.10,19.07,0.3535,0.3440
1778858826.926,0.2675,0.3068,12.00,132.9,-5.05,-23.37,19.27,0.3665,0.3440
1778858826.993,0.2569,0.3068,12.00,132.9,-5.57,-23.41,19.09,0.3565,0.3440
1778858827.055,0.2567,0.3043,12.00,132.9,-5.18,-24.93,19.13,0.3550,0.3408
1778858827.125,0.2571,0.3019,12.00,132.9,-4.43,-26.08,18.61,0.4020,0.3376
1778858827.191,0.2645,0.2995,12.00,132.9,-5.30,-28.64,18.22,0.3852,0.3344
1778858827.256,0.2766,0.2971,12.00,132.9,-5.58,-32.26,18.45,0.3880,0.3311
1778858827.325,0.2876,0.2947,12.00,132.9,-6.06,-35.43,18.54,0.4235,0.3279
1778858827.392,0.3105,0.2923,12.00,132.9,-6.04,-36.95,18.30,0.4490,0.3247
1778858827.460,0.3879,0.2899,12.00,132.9,-6.15,-39.97,17.83,0.4793,0.3215
1778858827.521,0.4198,0.2874,12.00,132.9,-9.39,-42.17,18.65,0.4855,0.3183
1778858827.594,0.4210,0.2850,12.00,132.9,-12.31,-44.57,20.11,0.5026,0.3150
1778858827.660,0.4447,0.2826,12.00,132.9,-12.58,-58.76,-160.23,0.5609,0.3118
1778858827.724,0.4557,0.2802,12.00,132.9,-15.39,-59.85,-158.12,0.5442,0.3125
1778858827.794,0.4506,0.2778,12.00,132.9,-16.97,-47.34,22.69,0.5218,0.3250
1778858827.858,0.4440,0.2754,12.00,132.9,-17.27,-47.66,22.98,0.5518,0.3248
1778858827.925,0.4412,0.2729,12.00,132.9,-18.85,-47.78,23.55,0.5613,0.3375
1778858827.990,0.4581,0.2705,12.00,132.9,-18.85,-48.71,23.53,0.6081,0.3342
1778858828.056,0.4763,0.2681,12.00,132.9,-35.72,70.32,-61.38,0.5484,0.4997
1778858828.124,0.4932,0.2657,12.00,132.9,-36.76,70.39,-58.35,0.6567,0.5068
1778858828.191,0.4664,0.2633,12.00,132.9,-9.65,-77.08,-163.41,1.0156,0.2860
1778858829.462,6.0551,0.2273,12.00,132.9,-19.62,-72.27,21.13,2.7187,0.2843
1778858829.662,2.8547,0.2208,12.00,132.9,-37.39,69.93,-77.86,2.9346,0.4534
1778858829.727,1.1439,0.2183,12.00,132.9,0.55,78.84,1.95,1.8927,0.2260
1778858830.193,0.8330,0.2036,12.00,132.9,-37.31,72.27,-17.29,1.7611,0.4296
1778858830.260,4.4325,0.2010,12.00,132.9,4.12,86.49,2.29,1.8571,0.2030
1778858830.796,1.2588,0.1837,12.00,132.9,-21.22,-78.04,22.02,8.9143,0.2422
1778858832.464,1.4930,0.1667,12.00,132.9,-122.67,83.01,-129.14,10.2562,0.4072
1778858832.731,1.8777,0.1667,12.00,132.9,-23.89,-68.24,26.17,2.1400,0.2461
1778858832.795,0.5953,0.1662,12.00,132.9,-9.65,-59.31,22.32,0.7837,0.1566
1778858832.861,0.4784,0.1662,12.00,132.9,-4.34,-55.59,17.22,0.6505,0.1566
1778858832.928,0.4102,0.1662,12.00,132.9,-6.24,-43.09,17.04,0.2751,0.1941
1778858832.991,0.4065,0.1662,12.00,132.9,-4.19,-40.41,16.47,0.2394,0.1941
1778858833.057,0.4338,0.1662,12.00,132.9,-7.08,-46.27,16.10,0.2957,0.1941
1778858833.128,0.4743,0.1634,12.00,132.9,-2.49,-58.91,14.94,0.7873,0.1904
1778858833.801,0.8664,0.1676,11.00,132.9,-8.13,-68.05,20.10,1.3933,0.2160
1778858833.858,0.7013,0.1676,11.00,132.9,-4.05,72.43,3.07,1.1596,0.2160
1778858833.996,0.7985,0.1652,11.00,132.9,-31.06,72.77,28.77,0.9535,0.3735
1778858834.130,0.9444,0.1600,10.00,132.9,-6.50,-68.51,22.46,1.2043,0.2258
1778858834.195,1.2146,0.1571,10.00,132.9,-37.78,72.38,-8.28,0.9249,0.4499
1778858834.259,1.3260,0.1543,10.00,132.9,-52.41,32.98,-55.41,0.8514,0.4682
1778858834.329,1.2775,0.1514,10.00,132.9,-37.64,72.37,-0.58,1.1293,0.4408
1778858834.466,1.3496,0.1461,9.00,132.9,-15.34,-68.71,29.30,1.4882,0.2159
1778858834.598,0.8348,0.1408,9.00,132.9,-2.03,75.41,0.99,0.8387,0.2125
1778858834.663,0.7819,0.1379,9.00,132.9,-5.00,76.57,1.70,0.8906,0.2125
1778858834.730,0.7642,0.1351,9.00,132.9,-1.59,75.99,4.59,0.8324,0.2125
1778858834.797,0.7830,0.1322,9.00,132.9,0.07,75.84,5.52,0.6859,0.2125
1778858834.862,0.6526,0.1293,9.00,132.9,-36.89,71.88,-23.99,0.6427,0.4314
1778858834.930,0.5768,0.1264,9.00,132.9,7.30,-80.06,-171.72,0.4406,0.2125
1778858834.996,0.3590,0.1236,9.00,132.9,3.60,-67.09,-168.29,0.2714,0.2125
1778858835.062,0.3238,0.1207,9.00,132.9,-0.66,-38.03,19.34,0.1805,0.2125
1778858835.130,0.2865,0.1178,9.00,132.9,2.34,-29.57,20.44,0.1686,0.2125
1778858835.192,0.2626,0.1149,8.00,132.9,2.20,-24.19,21.78,0.1584,0.2125
1778858835.259,0.2606,0.1121,8.00,132.9,0.27,-22.45,22.48,0.1673,0.2125
1778858835.328,0.2665,0.1092,8.00,132.9,-1.24,-22.58,22.76,0.1675,0.2125
1778858835.395,0.2579,0.1063,8.00,132.9,-1.72,-23.52,22.92,0.1686,0.2125
1778858835.460,0.2558,0.1034,8.00,132.9,-1.42,-24.07,23.02,0.1745,0.2125
1778858835.529,0.2579,0.1006,8.00,132.9,-0.94,-24.17,22.89,0.1773,0.2125
1778858835.594,0.2578,0.0977,8.00,132.9,-0.80,-23.82,22.48,0.1731,0.2125
1778858835.663,0.2581,0.0948,8.00,132.9,-0.79,-23.89,22.45,0.1755,0.2125
1778858835.727,0.2599,0.0920,8.00,132.9,-0.66,-23.51,22.26,0.1758,0.2125
1778858835.789,0.2609,0.0891,8.00,132.9,-0.56,-23.32,22.22,0.1782,0.2125
1778858835.860,0.2639,0.0862,8.00,132.9,-0.25,-23.59,22.42,0.1797,0.2125
1778858835.927,0.2651,0.0833,8.00,132.9,-0.20,-24.17,22.36,0.1842,0.2125
1778858835.993,0.2671,0.0833,8.00,132.9,-0.12,-24.57,22.45,0.1897,0.2125
1778858836.061,0.2708,0.0833,8.00,132.9,-0.10,-25.22,22.56,0.1930,0.2125
1778858836.128,0.2722,0.0833,8.00,132.9,-0.07,-25.56,22.63,0.1952,0.2125
1778858836.193,0.2721,0.0833,8.00,132.9,-0.10,-25.93,22.65,0.1988,0.2125
1778858836.258,0.2711,0.0833,8.00,132.9,-0.15,-26.22,22.74,0.2043,0.2125
1778858836.330,0.2739,0.0833,8.00,132.9,-0.04,-26.51,22.75,0.2047,0.2125
1778858836.397,0.2734,0.0833,8.00,132.9,-0.09,-26.67,22.84,0.2032,0.2125
1778858836.463,0.2728,0.0833,8.00,132.9,-0.10,-27.19,22.83,0.2025,0.2125
1778858836.530,0.2706,0.0833,8.00,132.9,-0.27,-27.90,22.73,0.2029,0.2125
1778858836.594,0.2710,0.0833,8.00,132.9,-0.95,-29.60,22.47,0.1963,0.2125
1778858836.664,0.2612,0.0833,8.00,132.9,-3.54,-37.36,21.69,0.2314,0.2125
1778858836.731,0.2686,0.0833,8.00,132.9,-3.18,-65.79,-164.33,0.2932,0.2125
1778858836.797,0.3721,0.0833,8.00,132.9,4.71,-74.21,-169.86,0.4435,0.2125
1778858837.734,0.2610,0.0866,8.00,132.9,3.38,-58.12,-174.58,0.2370,0.2125
1778858837.793,0.2530,0.0866,8.00,132.9,1.45,-33.07,8.13,0.1638,0.2125
1778858837.862,0.2752,0.0866,8.00,132.9,2.50,-24.60,6.86,0.1502,0.2125
1778858837.929,0.2817,0.0866,8.00,132.9,1.94,-18.87,5.74,0.1499,0.2125
1778858837.999,0.2756,0.0866,8.00,132.9,2.53,-14.11,4.29,0.1406,0.2125
1778858838.062,0.2647,0.0866,8.00,132.9,2.03,-10.23,2.74,0.1415,0.2125
1778858838.132,0.2732,0.0866,8.00,132.9,2.21,-6.89,1.76,0.1391,0.2125
1778858838.198,0.2750,0.0866,8.00,132.9,1.87,-0.13,1.28,0.1399,0.2125
1778858838.261,0.2690,0.0866,8.00,132.9,1.76,3.12,0.39,0.1467,0.2125
1778858838.327,0.2878,0.0866,8.00,132.9,1.83,3.60,0.00,0.1462,0.2125
1778858838.399,0.2896,0.0866,8.00,132.9,1.47,6.91,-0.91,0.1466,0.2125
1778858838.464,0.2941,0.0866,8.00,132.9,0.61,10.90,-1.87,0.1459,0.2125
1778858838.531,0.2908,0.0866,8.00,132.9,0.45,12.97,-2.58,0.1408,0.2125
1778858838.596,0.2939,0.0866,8.00,132.9,0.61,16.57,-2.95,0.1410,0.2125
1778858838.665,0.2940,0.0866,8.00,132.9,0.28,19.10,-3.09,0.1438,0.2125
1778858838.730,0.2928,0.0866,8.00,132.9,-0.12,19.33,-3.07,0.1465,0.2125
1778858838.795,0.2914,0.0866,8.00,132.9,-0.34,18.37,-3.08,0.1474,0.2125
1778858838.861,0.2854,0.0866,8.00,132.9,-0.67,17.31,-2.94,0.1493,0.2125
1778858838.929,0.2806,0.0866,8.00,132.9,-0.69,16.80,-2.86,0.1498,0.2125
1778858838.998,0.2816,0.0866,8.00,132.9,-0.71,16.92,-2.78,0.1515,0.2125
1778858839.065,0.2757,0.0866,8.00,132.9,-1.01,15.57,-2.48,0.1522,0.2125
1778858839.130,0.2743,0.0866,8.00,132.9,-0.89,14.72,-2.32,0.1517,0.2125
1778858839.192,0.2724,0.0866,8.00,132.9,-0.64,13.84,-2.25,0.1506,0.2125
1778858839.225,0.2723,0.0863,8.00,132.9,-0.46,13.62,-2.29,0.1504,0.2125
1778858839.257,0.2715,0.0863,8.00,132.9,0.01,13.92,-2.28,0.1487,0.2125
1778858839.293,0.2633,0.0861,8.00,132.9,0.17,14.75,-2.23,0.1518,0.2125
1778858839.363,0.2314,0.0861,8.00,132.9,0.77,14.57,-2.00,0.1441,0.2125
1778858839.430,0.2162,0.0890,8.00,132.9,1.02,14.36,-1.65,0.1412,0.2125
1778858839.498,0.2167,0.0920,8.00,132.9,1.43,14.36,-1.46,0.1497,0.2125
1778858839.563,0.2214,0.0920,9.00,119.9,1.52,13.40,-1.38,0.1560,0.2125
1778858839.632,0.2217,0.0920,9.00,119.9,1.90,11.48,-1.05,0.1502,0.2125
1778858839.699,0.2316,0.0890,9.00,119.9,2.28,10.04,-0.87,0.1497,0.2125
1778858839.765,0.2297,0.0890,9.00,119.9,1.87,11.15,-0.88,0.1573,0.2125
1778858839.830,0.2211,0.0890,9.00,119.9,2.12,9.49,-0.37,0.1534,0.2125
1778858839.899,0.2334,0.0890,9.00,119.9,1.95,5.06,0.30,0.1484,0.2125
1778858839.965,0.2359,0.0890,9.00,119.9,1.43,2.72,0.24,0.1509,0.2125
1778858840.031,0.2393,0.0890,9.00,119.9,1.43,3.13,0.14,0.1513,0.2125
1778858840.099,0.2349,0.0890,9.00,119.9,1.38,0.97,0.73,0.1508,0.2125
1778858840.165,0.2440,0.0890,9.00,119.9,0.64,1.96,0.96,0.1521,0.2125
1778858840.234,0.2450,0.0890,9.00,119.9,0.45,-0.54,2.08,0.1537,0.2125
1778858840.298,0.2485,0.0890,9.00,119.9,0.41,-0.91,2.84,0.1610,0.2125
1778858840.366,0.2469,0.0890,9.00,119.9,-0.05,-0.92,3.42,0.1554,0.2125
1778858840.429,0.2470,0.0893,9.00,119.9,-0.00,-0.02,3.58,0.1597,0.2125
1778858840.501,0.2544,0.0896,9.00,119.9,0.51,2.82,3.55,0.1649,0.2125
1778858840.561,0.2452,0.0898,9.00,119.9,0.61,3.29,3.69,0.1592,0.2125
1778858840.627,0.2461,0.0901,9.00,119.9,1.08,1.87,4.20,0.1549,0.2125
1778858840.698,0.2395,0.0901,9.00,119.9,0.90,2.18,4.15,0.1458,0.2125
1778858840.767,0.2364,0.0901,9.00,119.9,0.57,1.36,4.35,0.1504,0.2125
1778858840.830,0.2365,0.0901,9.00,119.9,0.72,1.17,4.36,0.1546,0.2125
1778858840.900,0.2402,0.0901,9.00,119.9,0.53,1.26,4.55,0.1544,0.2125
1778858840.967,0.2435,0.0901,9.00,119.9,0.77,0.94,4.45,0.1518,0.2125
1778858841.029,0.2467,0.0901,9.00,119.9,1.14,0.47,4.61,0.1421,0.2125
1778858841.097,0.2502,0.0901,9.00,119.9,21.94,-2.23,-175.68,0.1391,0.2819
1778858841.162,0.2533,0.0901,9.00,119.9,22.14,-1.24,-175.44,0.1372,0.2839
1778858841.229,0.2523,0.0901,9.00,119.9,22.51,-0.59,-175.29,0.1342,0.2876
1778858841.296,0.2499,0.0901,9.00,119.9,21.88,-3.02,-175.97,0.1313,0.2813
1778858841.365,0.2236,0.0901,9.00,119.9,21.57,-2.66,-175.68,0.1346,0.2782
1778858841.430,0.2112,0.0931,9.00,119.9,22.01,-3.84,-176.02,0.1363,0.2826
1778858841.497,0.1950,0.0961,9.00,119.9,4.36,-0.60,5.00,0.1320,0.2125
1778858841.566,0.1926,0.0991,9.00,119.9,3.80,-0.91,5.03,0.1291,0.2125
1778858841.633,0.2027,0.1021,9.00,119.9,3.79,-1.47,5.17,0.1293,0.2125
1778858841.699,0.2094,0.1051,9.00,119.9,3.90,-1.88,5.23,0.1301,0.2125
1778858841.766,0.2106,0.1081,9.00,119.9,3.71,-2.30,5.26,0.1321,0.2125
1778858841.829,0.2105,0.1111,9.00,119.9,3.85,-2.26,5.33,0.1290,0.2125
1778858841.898,0.2080,0.1141,9.00,119.9,4.22,-2.02,5.33,0.1284,0.2125
1778858841.967,0.2082,0.1168,9.00,119.9,4.31,-1.95,5.29,0.1286,0.2125
1778858842.029,0.2071,0.1194,9.00,119.9,4.33,-1.88,5.23,0.1271,0.2125
1778858842.101,0.2085,0.1220,9.00,119.9,4.42,-1.37,5.08,0.1251,0.2125
1778858842.167,0.2036,0.1246,9.00,119.9,5.05,-1.52,5.01,0.1234,0.2125
1778858842.233,0.2065,0.1272,9.00,119.9,5.48,-1.62,4.97,0.1210,0.2125
1778858842.297,0.2081,0.1298,9.00,119.9,5.34,-1.88,4.89,0.1182,0.2125
1778858842.363,0.2026,0.1324,9.00,119.9,5.64,-1.96,4.59,0.1159,0.2125
1778858842.433,0.2132,0.1349,9.00,119.9,5.10,-1.34,4.50,0.1244,0.2125
1778858842.497,0.2150,0.1374,9.00,119.9,4.55,-0.79,4.52,0.1373,0.2125
1778858842.566,0.2170,0.1399,9.00,119.9,5.08,-1.30,4.41,0.1412,0.2125
1778858842.634,0.2214,0.1395,9.00,119.9,4.69,-1.33,4.45,0.1503,0.2125
1778858842.695,0.2111,0.1420,9.00,119.9,4.31,-1.75,4.46,0.1471,0.2125
1778858842.768,0.2039,0.1445,9.00,119.9,4.41,-2.90,4.58,0.1482,0.2125
1778858842.834,0.2051,0.1474,9.00,119.9,4.23,-3.55,4.59,0.1466,0.2125
1778858842.895,0.2050,0.1503,9.00,119.9,4.03,-4.69,4.57,0.1487,0.2129
1778858842.965,0.2004,0.1532,9.00,119.9,3.89,-5.12,4.61,0.1485,0.2167
1778858843.029,0.2005,0.1561,9.00,119.9,3.69,-5.15,4.67,0.1506,0.2206
1778858843.101,0.2015,0.1590,9.00,119.9,3.54,-5.72,4.74,0.1513,0.2244
1778858843.167,0.2033,0.1618,9.00,119.9,3.36,-5.75,4.75,0.1514,0.2283
1778858843.231,0.2037,0.1647,9.00,119.9,3.38,-5.40,4.70,0.1497,0.2322
1778858843.298,0.1865,0.1676,9.00,119.9,3.79,-5.03,4.83,0.1488,0.2360
1778858843.366,0.1790,0.1705,9.00,119.9,3.30,-5.16,4.85,0.1425,0.2399
1778858843.430,0.1740,0.1734,9.00,119.9,3.48,-5.49,4.88,0.1363,0.2437
1778858843.499,0.1829,0.1763,9.00,119.9,3.85,-5.78,4.88,0.1326,0.2476
1778858843.564,0.1881,0.1792,9.00,119.9,4.32,-6.03,4.80,0.1287,0.2514
1778858843.634,0.1929,0.1821,9.00,119.9,4.05,-6.79,4.88,0.1300,0.2553
1778858843.700,0.1873,0.1850,9.00,119.9,4.08,-6.82,4.84,0.1306,0.2591
1778858843.765,0.1851,0.1879,9.00,119.9,3.92,-7.01,4.92,0.1299,0.2630
1778858843.831,0.1819,0.1879,9.00,119.9,3.82,-7.49,5.07,0.1331,0.2630
1778858843.901,0.1799,0.1879,9.00,119.9,3.39,-7.78,5.13,0.1383,0.2630
1778858843.966,0.1661,0.1879,9.00,119.9,3.58,-7.57,5.16,0.1385,0.2630
1778858844.034,0.1590,0.1879,9.00,119.9,3.13,-6.19,4.65,0.1350,0.2630
1778858844.098,0.1409,0.1879,9.00,119.9,3.20,-5.42,4.26,0.1310,0.2630
1778858844.168,0.1417,0.1879,9.00,119.9,3.21,-4.75,4.01,0.1334,0.2630
1778858844.231,0.1336,0.1879,9.00,119.9,3.30,-4.97,3.81,0.1361,0.2630
1778858844.300,0.1358,0.1879,9.00,119.9,3.85,-4.08,3.66,0.1381,0.2630
1778858844.367,0.1360,0.1879,9.00,119.9,2.80,-4.78,3.64,0.1432,0.2630
1778858844.432,0.0832,0.1879,9.00,119.9,2.46,-5.68,3.52,0.1459,0.2630
1778858844.501,0.1219,0.1879,9.00,119.9,2.13,-5.45,3.16,0.1500,0.2630
1778858844.569,0.1416,0.1879,9.00,119.9,2.45,-6.36,3.30,0.1489,0.2630
1778858844.634,0.1467,0.1879,9.00,119.9,3.06,-6.28,3.57,0.1450,0.2630
1778858844.702,0.1455,0.1879,9.00,119.9,3.09,-6.09,3.65,0.1402,0.2630
1778858844.768,0.1499,0.1879,9.00,119.9,2.88,-5.98,3.65,0.1428,0.2630
1778858844.830,0.1511,0.1879,9.00,119.9,2.70,-5.58,3.61,0.1504,0.2630
1778858844.896,0.1474,0.1879,9.00,119.9,3.15,-5.41,3.49,0.1506,0.2630
1778858844.968,0.1421,0.1908,9.00,119.9,3.68,-4.78,3.28,0.1533,0.2668
1778858845.032,0.1274,0.1908,9.00,119.9,4.19,-4.05,3.19,0.1491,0.2668
1778858845.101,0.1295,0.1908,9.00,119.9,5.11,-3.55,3.17,0.1441,0.2668
1778858845.168,0.1219,0.1936,9.00,119.9,5.68,-3.46,3.06,0.1453,0.2707
1778858845.232,0.1250,0.1965,9.00,119.9,6.76,-3.43,3.03,0.1433,0.2745
1778858845.300,0.1442,0.1994,9.00,119.9,6.70,-4.50,2.41,0.1293,0.2784
1778858845.365,0.2057,0.2023,9.00,119.9,6.28,-4.36,2.32,0.1355,0.2822
1778858845.431,0.2336,0.2023,9.00,119.9,6.69,-5.28,2.60,0.1303,0.2822
1778858845.499,0.2420,0.2023,9.00,119.9,7.30,-5.42,2.64,0.1278,0.2822
1778858845.567,0.2481,0.1994,9.00,119.9,7.54,-5.70,2.75,0.1219,0.2784
1778858845.636,0.2403,0.1965,9.00,119.9,7.97,-5.48,2.59,0.1135,0.2745
1778858845.697,0.2385,0.1936,9.00,119.9,8.48,-5.67,2.44,0.1103,0.2707
1778858845.767,0.2297,0.1936,9.00,119.9,9.29,-4.95,2.17,0.1090,0.2707
1778858845.833,0.1823,0.1965,9.00,119.9,10.13,-4.57,1.82,0.1101,0.2745
1778858845.899,0.1895,0.1994,9.00,119.9,10.56,-4.34,1.32,0.1125,0.2784
1778858845.965,0.1910,0.2023,9.00,119.9,10.21,-4.32,1.15,0.1106,0.2822
1778858846.032,0.1657,0.2052,9.00,119.9,10.57,-4.16,1.30,0.1089,0.2861
1778858846.098,0.1451,0.2081,9.00,119.9,10.24,-4.28,1.44,0.1142,0.2900
1778858846.166,0.1422,0.2110,9.00,119.9,11.11,-3.91,1.49,0.1095,0.2938
1778858846.236,0.1357,0.2139,9.00,119.9,11.68,-3.66,1.60,0.1125,0.2977
1778858846.301,0.1216,0.2168,9.00,119.9,11.75,-3.92,1.22,0.1148,0.3015
1778858846.368,0.1487,0.2197,9.00,119.9,11.24,-4.09,1.37,0.1204,0.3054
1778858846.436,0.1507,0.2225,9.00,119.9,10.68,-4.10,1.31,0.1256,0.3092
1778858846.503,0.1577,0.2254,9.00,119.9,10.90,-3.81,1.18,0.1230,0.3131
1778858846.569,0.1609,0.2283,9.00,119.9,11.48,-3.80,1.21,0.1237,0.3169
1778858846.634,0.1493,0.2312,9.00,119.9,11.75,-3.66,0.81,0.1241,0.3208
1778858846.702,0.1776,0.2341,9.00,119.9,11.42,-3.63,0.56,0.1237,0.3246
1778858846.767,0.1635,0.2370,9.00,119.9,11.31,-3.65,0.69,0.1260,0.3285
1778858846.836,0.1692,0.2399,9.00,119.9,11.65,-3.75,0.84,0.1287,0.3323
1778858846.902,0.1728,0.2428,9.00,119.9,11.73,-3.74,0.87,0.1278,0.3362
1778858846.967,0.1639,0.2457,9.00,119.9,11.84,-3.85,0.89,0.1238,0.3401
1778858847.032,0.1585,0.2486,9.00,119.9,11.84,-3.69,1.23,0.1228,0.3439
1778858847.103,0.1665,0.2514,9.00,119.9,11.50,-3.41,1.12,0.1249,0.3478
1778858847.169,0.1558,0.2543,9.00,119.9,11.52,-3.71,0.95,0.1270,0.3516
1778858847.235,0.1399,0.2572,9.00,119.9,10.41,-4.54,1.22,0.1276,0.3555
1778858847.300,0.1545,0.2601,9.00,119.9,9.79,-4.19,1.00,0.1096,0.3593
1778858847.367,0.1525,0.2630,9.00,119.9,5.11,-5.90,2.20,0.1266,0.3632
1778858847.436,0.1321,0.2659,9.00,119.9,5.27,-9.83,4.27,0.1450,0.3670
1778858847.502,0.1332,0.2688,9.00,119.9,5.81,-8.30,4.21,0.1388,0.3709
1778858847.567,0.1298,0.2717,9.00,119.9,4.70,-5.72,4.29,0.1452,0.3747
1778858847.636,0.1372,0.2746,9.00,119.9,22.65,-8.42,-178.18,0.1321,0.4551
1778858847.701,0.1526,0.2775,9.00,119.9,7.13,-6.89,4.68,0.1239,0.3824
1778858847.769,0.1853,0.2803,9.00,119.9,7.45,-6.83,4.89,0.1342,0.3863
1778858847.833,0.1961,0.2832,9.00,119.9,6.17,-6.34,4.18,0.1365,0.3901
1778858847.903,0.2067,0.2861,9.00,119.9,7.30,-3.67,3.52,0.1296,0.3940
1778858847.969,0.2055,0.2890,9.00,119.9,7.74,-1.95,2.98,0.1259,0.3979
1778858848.037,0.2115,0.2919,9.00,119.9,7.04,-2.30,3.06,0.1302,0.4017
1778858848.099,0.2191,0.2919,9.00,119.9,6.81,-3.35,3.12,0.1238,0.4017
1778858848.169,0.2123,0.2919,9.00,119.9,7.15,-4.72,3.35,0.1239,0.4017
1778858848.236,0.1987,0.2919,9.00,119.9,7.37,-4.35,3.34,0.1251,0.4017
1778858848.299,0.1987,0.2948,9.00,119.9,7.76,-4.17,3.41,0.1246,0.4056
1778858848.367,0.1998,0.2968,9.00,119.9,7.14,-5.04,3.77,0.1216,0.4083
1778858848.437,0.1995,0.2989,9.00,119.9,7.95,-4.82,3.80,0.1162,0.4110
1778858848.502,0.2049,0.3009,9.00,119.9,7.35,-4.70,3.79,0.1215,0.4136
1778858848.570,0.2055,0.3037,9.00,119.9,7.67,-4.47,3.70,0.1202,0.4175
1778858848.637,0.2048,0.3037,9.00,119.9,7.16,-4.08,3.76,0.1255,0.4175
1778858848.703,0.1963,0.3037,9.00,119.9,7.25,-5.83,4.07,0.1234,0.4175
1778858848.770,0.2011,0.3066,9.00,119.9,7.42,-6.63,4.34,0.1218,0.4213
1778858848.836,0.2176,0.3095,9.00,119.9,7.41,-6.53,4.43,0.1217,0.4251
1778858848.903,0.2324,0.3095,9.00,119.9,7.63,-6.82,4.50,0.1222,0.4251
1778858848.970,0.2323,0.3095,9.00,119.9,7.81,-7.57,4.52,0.1235,0.4251
1778858849.036,0.2404,0.3095,9.00,119.9,7.82,-7.57,4.48,0.1236,0.4251
1778858849.100,0.2322,0.3095,9.00,119.9,7.49,-6.28,4.01,0.1219,0.4251
1778858849.167,0.2239,0.3095,9.00,119.9,7.38,-7.18,4.26,0.1175,0.4251
1778858849.234,0.2173,0.3123,9.00,119.9,7.38,-7.91,4.43,0.1167,0.4289
1778858849.300,0.2131,0.3152,9.00,119.9,7.27,-7.93,4.48,0.1177,0.4327
1778858849.370,0.2097,0.3181,9.00,119.9,7.39,-7.71,4.37,0.1178,0.4366
1778858849.433,0.2034,0.3209,9.00,119.9,7.32,-8.04,4.41,0.1163,0.4404
1778858849.501,0.1883,0.3238,9.00,119.9,7.34,-8.00,4.34,0.1165,0.4442
1778858849.569,0.1769,0.3266,9.00,119.9,7.40,-7.88,4.27,0.1169,0.4480
1778858849.637,0.1728,0.3295,9.00,119.9,7.32,-8.23,4.31,0.1172,0.4519
1778858849.700,0.1728,0.3324,9.00,119.9,7.49,-7.47,4.12,0.1171,0.4557
1778858849.770,0.1758,0.3352,9.00,119.9,7.24,-7.87,4.17,0.1179,0.4595
1778858849.837,0.1768,0.3381,9.00,119.9,7.03,-8.71,4.45,0.1176,0.4633
1778858849.903,0.1727,0.3410,9.00,119.9,7.24,-8.31,4.35,0.1179,0.4671
1778858849.970,0.1681,0.3448,9.00,119.9,7.46,-8.03,4.29,0.1180,0.4723
1778858850.037,0.1655,0.3477,9.00,119.9,7.50,-7.76,4.29,0.1198,0.4761
1778858850.103,0.1656,0.3506,9.00,119.9,7.50,-7.38,4.19,0.1215,0.4799
1778858850.169,0.1626,0.3545,9.00,119.9,7.66,-7.47,4.36,0.1194,0.4851
1778858850.233,0.1653,0.3584,9.00,119.9,7.77,-6.78,4.19,0.1180,0.4903
1778858850.303,0.1691,0.3613,9.00,119.9,7.56,-6.89,4.37,0.1220,0.4942
1778858850.369,0.1741,0.3642,9.00,119.9,7.09,-7.27,4.38,0.1224,0.4980
1778858850.437,0.1795,0.3671,9.00,119.9,7.37,-7.37,4.33,0.1220,0.5019
1778858850.501,0.1850,0.3699,9.00,119.9,7.29,-7.72,4.27,0.1225,0.5058
1778858850.565,0.1945,0.3728,9.00,119.9,7.55,-7.24,4.23,0.1218,0.5096
1778858850.637,0.2163,0.3757,9.00,119.9,7.52,-7.14,4.32,0.1199,0.5135
1778858850.699,0.2303,0.3757,9.00,119.9,7.34,-6.39,4.20,0.1233,0.5135
1778858850.766,0.2433,0.3757,9.00,119.9,7.46,-5.35,4.19,0.1252,0.5135
1778858850.837,0.2468,0.3757,9.00,119.9,9.94,-6.01,4.84,0.1341,0.5135
1778858850.904,0.2459,0.3757,9.00,119.9,10.17,-5.66,5.61,0.1342,0.5135
1778858850.970,0.2513,0.3757,9.00,119.9,10.73,-5.48,5.78,0.1314,0.5135
1778858851.035,0.2468,0.3757,9.00,119.9,11.10,-5.00,5.58,0.1222,0.5135
1778858851.102,0.2532,0.3757,9.00,119.9,9.51,-4.88,5.61,0.1242,0.5135
1778858851.170,0.2577,0.3757,9.00,119.9,8.13,-5.01,5.57,0.1275,0.5135
1778858851.236,0.2554,0.3757,9.00,119.9,7.77,-4.68,5.58,0.1259,0.5135
1778858851.300,0.2571,0.3757,9.00,119.9,7.76,-4.58,5.58,0.1249,0.5135
1778858851.369,0.2593,0.3757,9.00,119.9,8.10,-5.13,5.64,0.1212,0.5135
1778858851.438,0.2592,0.3757,9.00,119.9,8.12,-5.94,5.75,0.1216,0.5135
1778858851.505,0.2598,0.3757,9.00,119.9,7.98,-6.49,5.81,0.1231,0.5135
1778858851.566,0.2632,0.3728,9.00,119.9,7.57,-6.77,5.85,0.1250,0.5096
1778858851.638,0.2645,0.3728,9.00,119.9,7.41,-6.54,5.91,0.1221,0.5096
1778858851.705,0.2675,0.3728,9.00,119.9,7.61,-6.58,5.84,0.1228,0.5096
1778858851.771,0.2634,0.3718,9.00,119.9,8.02,-6.37,5.70,0.1219,0.5082
1778858851.838,0.2676,0.3707,9.00,119.9,8.06,-6.38,5.63,0.1221,0.5068
1778858851.905,0.2659,0.3696,9.00,119.9,8.29,-5.33,5.57,0.1205,0.5053
1778858851.971,0.2633,0.3686,9.00,119.9,8.26,-4.91,5.48,0.1203,0.5039
1778858852.038,0.2610,0.3675,9.00,119.9,8.02,-5.11,5.43,0.1213,0.5025
1778858852.102,0.2584,0.3665,9.00,119.9,8.41,-5.12,5.40,0.1206,0.5011
1778858852.169,0.2577,0.3654,9.00,119.9,8.81,-5.24,5.48,0.1207,0.4998
1778858852.238,0.2542,0.3654,9.00,119.9,9.02,-5.11,5.40,0.1189,0.4998
1778858852.302,0.2482,0.3654,9.00,119.9,9.40,-5.58,5.45,0.1168,0.4998
1778858852.372,0.2344,0.3654,9.00,119.9,29.79,-3.75,-176.57,0.1141,0.6476
1778858852.439,0.2256,0.3654,9.00,119.9,29.84,-3.59,-176.48,0.1143,0.6481
1778858852.503,0.2190,0.3654,9.00,119.9,29.32,-4.14,-176.72,0.1162,0.6429
1778858852.572,0.2071,0.3683,9.00,119.9,9.01,-3.07,5.08,0.1210,0.5035
1778858852.636,0.2043,0.3711,9.00,119.9,8.78,-3.60,5.07,0.1241,0.5073
1778858852.705,0.2078,0.3739,9.00,119.9,8.63,-3.62,5.07,0.1248,0.5111
1778858852.770,0.2081,0.3768,9.00,119.9,8.68,-4.09,5.10,0.1249,0.5149
1778858852.838,0.2093,0.3796,9.00,119.9,8.87,-4.20,5.15,0.1231,0.5186
1778858852.902,0.2105,0.3824,9.00,119.9,9.11,-3.96,5.17,0.1223,0.5224
1778858852.972,0.2124,0.3853,9.00,119.9,9.31,-4.43,5.29,0.1189,0.5262
1778858853.037,0.2160,0.3881,9.00,119.9,33.30,-3.95,-176.69,0.1082,0.7130
1778858853.107,0.2050,0.3909,9.00,119.9,37.54,-2.16,-176.29,0.1120,0.7591
1778858853.172,0.1929,0.3938,9.00,119.9,36.81,-1.97,-176.31,0.1117,0.7557
1778858853.236,0.1813,0.3966,9.00,119.9,36.65,-1.60,-176.59,0.1102,0.7578
1778858853.304,0.1707,0.3994,9.00,119.9,36.63,-1.46,-177.21,0.1082,0.7614
1778858853.371,0.1503,0.4023,9.00,119.9,38.31,-2.03,-177.56,0.1134,0.7820
1778858853.439,0.1594,0.4051,9.00,119.9,37.42,-2.78,-177.32,0.1184,0.7768
1778858853.506,0.1726,0.4079,9.00,119.9,12.24,-5.76,4.42,0.1102,0.5564
1778858853.571,0.1741,0.4108,9.00,119.9,12.37,-5.62,4.51,0.1102,0.5602
1778858853.636,0.1409,0.4136,9.00,119.9,39.44,-1.83,-175.84,0.0972,0.8084
1778858853.706,0.1361,0.4164,9.00,119.9,40.12,-1.90,-175.70,0.1049,0.8177
1778858853.771,0.1536,0.4193,9.00,119.9,10.87,-2.68,5.77,0.1047,0.5715
1778858853.836,0.1363,0.4221,9.00,119.9,9.39,-1.62,5.20,0.1061,0.5753
1778858853.901,0.1487,0.4249,9.00,119.9,8.77,-1.07,4.89,0.1094,0.5791
1778858853.969,0.1400,0.4278,9.00,119.9,8.36,-1.49,5.28,0.1061,0.5828
1778858854.037,0.1358,0.4306,9.00,119.9,9.35,-1.48,5.44,0.1040,0.5866
1778858854.134,0.1422,0.4347,9.00,119.9,9.40,-1.63,5.53,0.1074,0.5920
1778858854.204,0.1066,0.4375,9.00,119.9,9.97,-1.66,5.30,0.1056,0.5958
1778858854.271,0.1122,0.4403,9.00,119.9,9.57,-1.79,5.32,0.1094,0.5996
1778858854.329,0.1286,0.4432,9.00,119.9,9.81,-1.96,5.56,0.1104,0.6034
1778858854.369,0.1381,0.4448,9.00,119.9,9.46,-1.69,5.57,0.1122,0.6055
1778858854.434,0.1542,0.4476,9.00,119.9,9.55,-2.01,5.83,0.1125,0.6093
1778858854.504,0.1569,0.4504,9.00,119.9,9.63,-2.00,5.81,0.1119,0.6125
1778858854.569,0.1572,0.4504,9.00,119.9,9.44,-2.38,5.94,0.1117,0.6125
1778858854.638,0.1590,0.4533,9.00,119.9,9.58,-2.74,6.06,0.1107,0.6125
1778858854.703,0.1584,0.4561,9.00,119.9,9.92,-2.70,5.95,0.1115,0.6125
1778858854.772,0.1567,0.4589,9.00,119.9,9.56,-2.20,5.88,0.1138,0.6125
1778858854.837,0.1531,0.4618,9.00,119.9,9.77,-2.40,5.91,0.1134,0.6125
1778858854.906,0.1467,0.4646,9.00,119.9,8.87,-2.73,5.92,0.1231,0.6125
1778858854.969,0.1510,0.4674,9.00,119.9,8.57,-3.81,6.27,0.1225,0.6125
1778858855.038,0.1367,0.4703,9.00,119.9,7.99,-4.18,6.49,0.1225,0.6125
1778858855.104,0.1270,0.4731,9.00,119.9,8.05,-3.69,6.50,0.1223,0.6125
1778858855.170,0.1269,0.4759,9.00,119.9,7.85,-3.16,6.39,0.1252,0.6125
1778858855.236,0.1241,0.4788,9.00,119.9,6.91,-2.80,6.41,0.1314,0.6125
1778858855.303,0.1296,0.4816,9.00,119.9,6.83,-2.96,6.29,0.1288,0.6125
1778858855.374,0.1372,0.4844,9.00,119.9,7.70,-2.12,5.99,0.1312,0.6125
1778858855.440,0.1358,0.4859,9.00,119.9,7.59,-1.86,6.16,0.1309,0.6125
1778858855.503,0.1261,0.4873,9.00,119.9,7.54,-0.45,5.87,0.1301,0.6125
1778858855.572,0.1297,0.4901,9.00,119.9,8.78,0.45,5.44,0.1307,0.6125
1778858855.637,0.1292,0.4930,9.00,119.9,10.08,0.08,5.46,0.1287,0.6125
1778858855.706,0.1257,0.4944,9.00,119.9,10.32,0.72,5.22,0.1247,0.6125
1778858855.773,0.1308,0.4958,9.00,119.9,10.89,0.76,5.11,0.1250,0.6125
1778858855.835,0.1286,0.4972,9.00,119.9,11.37,0.51,4.99,0.1235,0.6125
1778858855.906,0.0616,0.4986,9.00,119.9,11.08,0.62,5.11,0.1302,0.6125
1778858855.971,0.0756,0.5000,9.00,119.9,10.52,0.15,5.38,0.1398,0.6125
1778858856.038,0.1004,0.5014,9.00,119.9,10.24,0.79,5.13,0.1381,0.6125
1778858856.106,0.1229,0.5028,9.00,119.9,10.19,0.79,5.00,0.1302,0.6125
1778858856.173,0.1253,0.5041,9.00,119.9,10.12,0.77,4.96,0.1287,0.6125
1778858856.236,0.1244,0.5055,9.00,119.9,10.00,0.99,4.92,0.1271,0.6125
1778858856.303,0.1179,0.5068,9.00,119.9,10.25,1.00,4.90,0.1274,0.6125
1778858856.374,0.1216,0.5082,9.00,119.9,10.14,0.97,4.99,0.1300,0.6125
1778858856.440,0.1112,0.5109,9.00,119.9,9.98,0.31,5.04,0.1325,0.6125
1778858856.507,0.1205,0.5137,9.00,119.9,10.24,-0.14,5.08,0.1298,0.6125
1778858856.574,0.1257,0.5164,9.00,119.9,10.13,-0.18,5.01,0.1302,0.6125
1778858856.641,0.1330,0.5191,9.00,119.9,9.93,-0.39,5.11,0.1313,0.6125
1778858856.706,0.1392,0.5219,9.00,119.9,9.82,-0.78,5.24,0.1346,0.6125
1778858856.775,0.1722,0.5246,9.00,119.9,9.81,-0.81,5.28,0.1374,0.6125
1778858856.840,0.1920,0.5273,9.00,119.9,9.89,-1.01,5.31,0.1380,0.6125
1778858856.905,0.2300,0.5273,9.00,119.9,10.23,-0.25,5.29,0.1340,0.6125
1778858856.968,0.2434,0.5273,9.00,119.9,10.77,-0.54,5.39,0.1333,0.6125
1778858857.040,0.2470,0.5273,9.00,119.9,10.93,-0.38,5.21,0.1334,0.6125
1778858857.106,0.2475,0.5273,9.00,119.9,11.00,-0.70,5.26,0.1337,0.6125
1778858857.173,0.2478,0.5273,9.00,119.9,11.01,-0.74,5.31,0.1322,0.6125
1778858857.236,0.1860,0.5301,9.00,119.9,10.87,-0.87,5.34,0.1314,0.6125
1778858857.305,0.0514,0.5328,9.00,119.9,10.79,-1.90,5.60,0.1384,0.6125
1778858857.369,0.0644,0.5355,9.00,119.9,11.08,-2.09,5.43,0.1318,0.6125
1778858857.441,0.0764,0.5383,9.00,119.9,11.27,-1.82,5.34,0.1288,0.6125
1778858857.505,0.0838,0.5410,9.00,119.9,11.30,-1.29,5.11,0.1272,0.6125
1778858857.571,0.0890,0.5437,9.00,119.9,11.24,-1.71,5.21,0.1261,0.6125
1778858857.637,0.0852,0.5464,9.00,119.9,10.99,-1.71,5.18,0.1259,0.6125
1778858857.707,0.0791,0.5492,9.00,119.9,10.71,-1.37,5.04,0.1288,0.6125
1778858857.775,0.0636,0.5519,9.00,119.9,10.30,-1.17,5.21,0.1356,0.6125
1778858857.839,0.0621,0.5546,9.00,119.9,10.25,-1.36,5.20,0.1402,0.6125
1778858857.904,0.0564,0.5574,9.00,119.9,10.23,-1.56,5.22,0.1392,0.6125
1778858857.973,0.0529,0.5601,9.00,119.9,10.15,-1.81,5.34,0.1412,0.6125
1778858858.043,0.0545,0.5628,9.00,119.9,10.10,-1.92,5.33,0.1409,0.6125
1778858858.107,0.0726,0.5656,9.00,119.9,9.91,-2.09,5.39,0.1403,0.6125
1778858858.174,0.0674,0.5683,9.00,119.9,9.71,-2.16,5.26,0.1401,0.6125
1778858858.237,0.0622,0.5710,9.00,119.9,9.72,-2.07,5.13,0.1406,0.6125
1778858858.309,0.0741,0.5722,9.00,119.9,10.02,-1.87,5.12,0.1334,0.6125
1778858858.374,0.0773,0.5734,9.00,119.9,9.72,-1.83,5.16,0.1344,0.6125
1778858858.441,0.0795,0.5745,9.00,119.9,9.60,-1.44,4.96,0.1317,0.6125
1778858858.506,0.0760,0.5757,9.00,119.9,9.46,-1.51,4.95,0.1326,0.6125
1778858858.567,0.0822,0.5768,9.00,119.9,9.40,-1.53,5.02,0.1326,0.6125
1778858858.638,0.0831,0.5780,9.00,119.9,9.42,-1.60,5.04,0.1310,0.6125
1778858858.709,0.0719,0.5791,9.00,119.9,9.59,-1.45,5.06,0.1297,0.6125
1778858858.775,0.0567,0.5802,9.00,119.9,9.70,-1.39,5.07,0.1300,0.6125
1778858858.836,0.0551,0.5813,9.00,119.9,9.58,-1.42,5.05,0.1328,0.6125
1778858858.909,0.0611,0.5824,9.00,119.9,9.53,-1.55,5.03,0.1324,0.6125
1778858858.973,0.0704,0.5836,9.00,119.9,9.61,-1.58,5.15,0.1340,0.6125
1778858859.039,0.0706,0.5847,9.00,119.9,9.41,-2.02,5.27,0.1351,0.6125
1778858859.105,0.0732,0.5858,9.00,119.9,9.50,-2.33,5.28,0.1332,0.6125
1778858859.173,0.0679,0.5868,9.00,119.9,9.59,-2.25,5.18,0.1334,0.6125
1778858859.238,0.0688,0.5879,9.00,119.9,9.84,-2.22,5.17,0.1325,0.6125
1778858859.305,0.0742,0.5890,9.00,119.9,10.30,-2.28,5.03,0.1364,0.6125
1778858859.376,0.0781,0.5901,9.00,119.9,12.41,-1.33,4.43,0.1328,0.6125
1778858859.441,0.0904,0.5911,9.00,119.9,13.38,-0.43,3.88,0.1280,0.6125
1778858859.507,0.0785,0.5938,9.00,119.9,12.69,-0.62,3.97,0.1332,0.6125
1778858859.575,0.0680,0.5948,9.00,119.9,12.83,-0.90,3.74,0.1295,0.6125
1778858859.640,0.0750,0.5959,9.00,119.9,13.70,-1.16,3.90,0.1298,0.6125
1778858859.705,0.0877,0.5984,9.00,119.9,12.62,-1.90,4.26,0.1253,0.6125
1778858859.775,0.0805,0.6010,9.00,119.9,11.44,-1.66,4.15,0.1399,0.6125
1778858859.839,0.1037,0.6021,9.00,119.9,12.37,-2.73,4.33,0.1343,0.6125
1778858859.909,0.0935,0.6031,9.00,119.9,12.60,-2.65,4.03,0.1283,0.6125
1778858859.971,0.0935,0.6041,9.00,119.9,12.07,-2.34,3.31,0.1244,0.6125
1778858860.042,0.1000,0.6051,9.00,119.9,11.77,-2.51,3.07,0.1309,0.6125
1778858860.106,0.0864,0.6061,9.00,119.9,11.69,-2.64,2.68,0.1257,0.6125
1778858860.174,0.0928,0.6071,9.00,119.9,12.73,-2.60,2.08,0.1230,0.6125
1778858860.238,0.0875,0.6097,9.00,119.9,12.58,-2.86,2.14,0.1301,0.6125
1778858860.304,0.0950,0.6122,9.00,119.9,12.58,-3.38,2.38,0.1253,0.6125
1778858860.376,0.1041,0.6132,9.00,119.9,12.98,-3.50,2.23,0.1218,0.6125
1778858860.439,0.0976,0.6142,9.00,119.9,13.11,-3.76,2.17,0.1149,0.6125
1778858860.507,0.0969,0.6152,9.00,119.9,13.22,-3.66,2.13,0.1180,0.6125
1778858860.574,0.0950,0.6162,9.00,119.9,13.00,-3.48,2.18,0.1199,0.6125
1778858860.639,0.0930,0.6171,9.00,119.9,12.91,-3.27,2.15,0.1206,0.6125
1778858860.704,0.0930,0.6181,9.00,119.9,12.76,-2.91,2.00,0.1189,0.6125
1778858860.774,0.0886,0.6190,9.00,119.9,13.02,-2.86,1.78,0.1192,0.6125
1778858860.839,0.0884,0.6216,9.00,119.9,12.67,-2.87,1.82,0.1217,0.6125
1778858860.906,0.0856,0.6225,9.00,119.9,13.19,-2.97,1.97,0.1243,0.6125
1778858860.975,0.0832,0.6234,9.00,119.9,13.23,-3.02,2.05,0.1237,0.6125
1778858861.038,0.0709,0.6244,9.00,119.9,12.97,-3.37,2.58,0.1235,0.6125
1778858861.105,0.0728,0.6253,9.00,119.9,12.75,-3.73,2.73,0.1241,0.6125
1778858861.175,0.0725,0.6262,9.00,119.9,12.60,-3.22,2.82,0.1250,0.6125
1778858861.241,0.0724,0.6272,9.00,119.9,11.48,-2.94,2.98,0.1317,0.6125
1778858861.307,0.0701,0.6281,9.00,119.9,11.61,-2.79,3.01,0.1305,0.6125
1778858861.377,0.0701,0.6290,9.00,119.9,11.55,-2.32,2.83,0.1294,0.6125
1778858861.438,0.0662,0.6299,9.00,119.9,11.53,-2.04,2.91,0.1294,0.6125
1778858861.508,0.0653,0.6308,9.00,119.9,11.29,-1.81,2.78,0.1276,0.6125
1778858861.573,0.0651,0.6317,9.00,119.9,11.02,-2.06,2.93,0.1284,0.6125
1778858861.643,0.0699,0.6326,9.00,119.9,11.26,-2.18,3.19,0.1268,0.6125
1778858861.706,0.0671,0.6335,9.00,119.9,11.29,-2.36,3.31,0.1266,0.6125
1778858861.774,0.0643,0.6344,9.00,119.9,11.37,-2.22,3.28,0.1265,0.6125
1778858861.841,0.0679,0.6353,9.00,119.9,11.40,-2.12,3.29,0.1265,0.6125
1778858861.909,0.0684,0.6361,9.00,119.9,11.42,-1.82,3.19,0.1258,0.6125
1778858861.975,0.0689,0.6370,9.00,119.9,11.57,-1.95,3.25,0.1251,0.6125
1778858862.039,0.0744,0.6379,9.00,119.9,11.62,-1.79,3.20,0.1244,0.6125
1778858862.106,0.0726,0.6388,9.00,119.9,11.45,-1.72,3.26,0.1258,0.6125
1778858862.172,0.0731,0.6396,9.00,119.9,11.54,-1.54,3.27,0.1269,0.6125
1778858862.239,0.0726,0.6405,9.00,119.9,11.71,-1.24,3.14,0.1258,0.6125
1778858862.308,0.0748,0.6413,9.00,119.9,11.77,-1.39,3.23,0.1275,0.6125
1778858862.375,0.0742,0.6422,9.00,119.9,12.07,-1.62,3.26,0.1262,0.6125
1778858862.443,0.0772,0.6430,9.00,119.9,11.84,-2.57,3.43,0.1270,0.6125
1778858862.502,0.0803,0.6454,9.00,119.9,12.54,-2.57,3.09,0.1249,0.6125
1778858862.536,0.0776,0.6462,9.00,119.9,12.52,-2.37,2.78,0.1240,0.6125
1778858862.571,0.0760,0.6471,9.00,119.9,12.47,-2.08,2.40,0.1234,0.6125
1778858862.638,0.0767,0.6479,9.00,119.9,13.35,-1.82,2.14,0.1189,0.6125
1778858862.705,0.0760,0.6487,9.00,119.9,14.19,-1.77,2.08,0.1173,0.6125
1778858862.776,0.0763,0.6511,9.00,119.9,14.54,-1.51,1.79,0.1214,0.6125
1778858862.839,0.0885,0.6534,9.00,119.9,14.57,-1.63,1.62,0.1202,0.6125
1778858862.910,0.0939,0.6557,9.00,119.9,14.56,-1.54,1.44,0.1218,0.6125
1778858864.539,0.1302,0.6755,8.00,119.9,9.37,-4.15,5.02,0.1516,0.6125
1778858864.571,0.1041,0.6763,8.00,119.9,9.37,-4.34,4.54,0.1324,0.6125
1778858864.605,0.1079,0.6787,8.00,119.9,9.74,-4.57,4.79,0.1244,0.6125
1778858864.636,0.1133,0.6794,8.00,119.9,8.75,-5.04,4.76,0.1264,0.6125
1778858864.674,0.1161,0.6818,8.00,119.9,7.68,-5.92,4.89,0.1307,0.6125
1778858864.742,0.1419,0.6842,8.00,119.9,7.94,-6.82,5.32,0.1267,0.6125
1778858864.807,0.1258,0.6866,8.00,119.9,9.51,-7.72,5.56,0.1083,0.6125
1778858864.875,0.1307,0.6890,8.00,119.9,7.44,-8.57,5.85,0.1128,0.6125
1778858864.943,0.1330,0.6914,8.00,119.9,8.62,-7.95,5.67,0.1107,0.6125
1778858865.011,0.1293,0.6938,8.00,119.9,7.60,-8.46,5.81,0.1122,0.6125
1778858865.076,0.1123,0.6962,8.00,119.9,7.73,-8.58,5.82,0.1130,0.6125
1778858865.142,0.1128,0.6986,8.00,119.9,7.46,-8.59,5.73,0.1129,0.6125
1778858865.207,0.1018,0.7010,8.00,119.9,7.01,-9.10,6.08,0.1160,0.6125
1778858865.277,0.0551,0.7033,8.00,119.9,5.73,-8.84,6.49,0.1252,0.6125
1778858865.344,0.0455,0.7057,8.00,119.9,5.92,-7.66,6.33,0.1268,0.6125
1778858865.412,0.0468,0.7081,8.00,119.9,6.40,-4.90,5.42,0.1362,0.6125
1778858865.476,0.0373,0.7105,8.00,119.9,10.86,-2.93,3.54,0.1449,0.6125
1778858865.545,0.0427,0.7129,8.00,119.9,12.41,-3.80,2.63,0.1231,0.6125
1778858865.612,0.0395,0.7153,8.00,119.9,13.06,-3.13,2.32,0.1201,0.6125
1778858865.676,0.0350,0.7177,8.00,119.9,12.98,-3.61,2.73,0.1149,0.6125
1778858865.741,0.0339,0.7201,8.00,119.9,12.88,-3.51,3.39,0.1199,0.6125
1778858865.813,0.0438,0.7225,8.00,119.9,10.78,-6.07,5.17,0.1179,0.6125
1778858865.877,0.0600,0.7249,8.00,119.9,13.00,-7.88,5.27,0.0973,0.6125
1778858865.943,0.0852,0.7273,8.00,119.9,12.18,-9.44,5.79,0.0939,0.6125
1778858866.007,0.0781,0.7297,8.00,119.9,14.06,-7.17,5.55,0.0965,0.6125
1778858866.077,0.0934,0.7321,8.00,119.9,14.82,-5.81,4.68,0.1053,0.6125
1778858866.146,0.1067,0.7344,8.00,119.9,13.63,-5.41,5.06,0.1029,0.6125
1778858866.213,0.1133,0.7368,8.00,119.9,12.69,-4.41,4.99,0.1022,0.6125
1778858866.275,0.1308,0.7392,8.00,119.9,12.89,-4.26,4.74,0.0984,0.6125
1778858866.340,0.1343,0.7416,8.00,119.9,12.83,-3.97,4.66,0.0991,0.6125
1778858866.411,0.1414,0.7440,8.00,119.9,12.87,-4.20,4.52,0.1069,0.6125
1778858866.480,0.1360,0.7464,8.00,119.9,13.34,-4.62,4.76,0.1032,0.6125
1778858866.542,0.1292,0.7488,8.00,119.9,36.17,-3.83,-176.52,0.0965,0.8242
1778858866.609,0.1155,0.7512,8.00,119.9,13.53,-5.83,5.10,0.0958,0.6125
1778858866.678,0.1179,0.7536,8.00,119.9,13.35,-6.27,5.15,0.0967,0.6125
1778858866.744,0.1268,0.7560,8.00,119.9,13.31,-6.11,5.10,0.0960,0.6125
1778858866.811,0.1120,0.7584,8.00,119.9,13.43,-5.49,5.12,0.0916,0.6125
1778858866.877,0.1235,0.7589,8.00,119.9,13.11,-5.89,5.01,0.0862,0.6125
1778858866.945,0.1688,0.7595,8.00,119.9,36.01,-2.02,-176.20,0.0868,0.8226
1778858867.012,0.1774,0.7601,8.00,119.9,35.98,-1.78,-176.18,0.0880,0.8223
1778858867.075,0.1729,0.7607,8.00,119.9,36.21,-2.65,-176.27,0.0885,0.8246
1778858867.146,0.1667,0.7612,8.00,119.9,12.04,-4.99,4.52,0.0895,0.6125
1778858867.213,0.1588,0.7618,8.00,119.9,12.20,-5.81,4.47,0.0910,0.6125
1778858867.279,0.1471,0.7624,8.00,119.9,12.26,-6.26,4.49,0.0891,0.6125
1778858867.345,0.1159,0.7629,8.00,119.9,12.71,-5.85,4.36,0.0905,0.6125
1778858867.412,0.1105,0.7635,8.00,119.9,13.26,-6.15,4.07,0.0909,0.6125
1778858867.479,0.1200,0.7640,8.00,119.9,13.01,-6.76,3.89,0.0912,0.6125
1778858867.545,0.1188,0.7646,8.00,119.9,13.00,-6.94,3.80,0.0926,0.6125
1778858867.610,0.1289,0.7651,8.00,119.9,12.95,-6.67,3.76,0.0910,0.6125
1778858867.674,0.1472,0.7657,8.00,119.9,35.91,-5.24,-178.54,0.0936,0.8216
1778858867.736,0.1438,0.7680,8.00,119.9,35.66,-5.76,-178.57,0.0972,0.8191
1778858867.773,0.1430,0.7685,8.00,119.9,35.63,-5.92,-178.61,0.0968,0.8188
1778858867.806,0.1396,0.7708,8.00,119.9,35.59,-6.05,-178.69,0.0967,0.8184
1778858867.838,0.1368,0.7714,8.00,119.9,35.61,-6.06,-178.70,0.0966,0.8186
1778858867.874,0.1351,0.7737,8.00,119.9,35.59,-6.05,-178.71,0.0967,0.8184
1778858867.942,0.1361,0.7760,8.00,119.9,35.48,-6.18,-178.71,0.0970,0.8173
1778858868.010,0.1363,0.7783,8.00,119.9,35.51,-6.00,-178.64,0.0954,0.8176
1778858868.079,0.1367,0.7806,8.00,119.9,35.45,-5.93,-178.53,0.0950,0.8170
1778858868.142,0.1359,0.7829,8.00,119.9,35.26,-5.97,-178.49,0.0952,0.8151
1778858868.210,0.1319,0.7852,8.00,119.9,35.43,-5.78,-178.42,0.0934,0.8168
1778858868.279,0.1291,0.7875,8.00,119.9,35.44,-5.76,-178.37,0.0932,0.8169
1778858868.345,0.1294,0.7898,8.00,119.9,35.54,-5.62,-178.25,0.0932,0.8179
1778858868.409,0.1308,0.7921,8.00,119.9,35.65,-5.16,-178.09,0.0929,0.8190
1778858868.479,0.1330,0.7945,8.00,119.9,35.58,-5.09,-178.06,0.0926,0.8183
1778858868.546,0.1428,0.7968,8.00,119.9,35.34,-5.11,-178.05,0.0925,0.8159
1778858868.613,0.1494,0.7991,8.00,119.9,35.11,-5.80,-178.24,0.0925,0.8136
1778858868.678,0.1574,0.8014,8.00,119.9,34.94,-6.19,-178.32,0.0918,0.8119
1778858868.746,0.1545,0.8037,8.00,119.9,34.60,-6.55,-178.43,0.0921,0.8085
1778858868.813,0.1522,0.8060,8.00,119.9,34.59,-6.29,-178.36,0.0920,0.8084
1778858868.878,0.1236,0.8083,8.00,119.9,35.07,-6.45,-178.65,0.0918,0.8132
1778858868.942,0.1221,0.8106,8.00,119.9,34.95,-6.55,-178.74,0.0926,0.8120
1778858869.011,0.1197,0.8129,8.00,119.9,34.89,-6.36,-178.58,0.0916,0.8114
1778858869.080,0.1203,0.8152,8.00,119.9,34.69,-6.43,-178.63,0.0909,0.8094
1778858869.146,0.1212,0.8176,8.00,119.9,34.43,-6.44,-178.60,0.0913,0.8068
1778858869.212,0.1224,0.8199,8.00,119.9,34.04,-6.17,-178.40,0.0914,0.8029
1778858869.278,0.1242,0.8241,8.00,119.9,33.66,-6.28,-178.39,0.0930,0.7991
1778858869.345,0.1172,0.8264,8.00,119.9,33.61,-6.59,-178.44,0.0916,0.7986
1778858869.409,0.1240,0.8287,8.00,119.9,33.76,-6.48,-178.36,0.0914,0.8001
1778858869.477,0.1285,0.8287,8.00,119.9,34.09,-6.46,-178.08,0.0923,0.8034
1778858869.542,0.1390,0.8287,8.00,119.9,33.72,-7.52,-178.46,0.0932,0.7997
1778858869.612,0.1380,0.8310,8.00,119.9,33.69,-7.82,-178.58,0.0928,0.7994
1778858869.680,0.1370,0.8333,8.00,119.9,33.48,-7.72,-178.60,0.0928,0.7973
1778858869.742,0.1362,0.8356,7.00,119.9,33.31,-7.75,-178.65,0.0938,0.7956
1778858869.810,0.1355,0.8380,7.00,119.9,33.39,-7.88,-178.69,0.0927,0.7964
1778858869.878,0.1360,0.8403,7.00,119.9,33.49,-7.94,-178.66,0.0925,0.7974
1778858869.947,0.1341,0.8426,7.00,119.9,33.60,-8.22,-178.69,0.0922,0.7985
1778858870.011,0.1351,0.8449,7.00,119.9,33.38,-7.80,-178.45,0.0928,0.7963
1778858870.079,0.1314,0.8472,7.00,119.9,32.90,-8.16,-178.43,0.0941,0.7915
1778858870.142,0.1312,0.8495,7.00,119.9,32.79,-8.34,-178.41,0.0954,0.7904
1778858870.212,0.1315,0.8519,7.00,119.9,32.74,-8.47,-178.46,0.0957,0.7899
1778858870.281,0.1315,0.8542,7.00,119.9,32.72,-8.47,-178.47,0.0942,0.7897
1778858870.347,0.1335,0.8565,7.00,119.9,32.67,-8.53,-178.49,0.0935,0.7892
1778858870.414,0.1322,0.8588,7.00,119.9,32.70,-9.09,-178.58,0.0952,0.7895
1778858870.477,0.1343,0.8611,7.00,119.9,33.20,-8.60,-178.50,0.0967,0.7945
1778858870.544,0.1332,0.8634,7.00,119.9,33.49,-8.85,-178.54,0.1061,0.7974
1778858870.614,0.1348,0.8657,7.00,119.9,33.41,-9.12,-178.60,0.1127,0.7966
1778858870.681,0.1361,0.8681,7.00,119.9,33.23,-9.43,-178.60,0.1158,0.7948
1778858870.743,0.1385,0.8704,7.00,119.9,32.68,-10.21,-178.78,0.1176,0.7893
1778858870.810,0.1405,0.8727,7.00,119.9,31.81,-11.96,-179.09,0.1186,0.7806
1778858870.879,0.1465,0.8750,7.00,119.9,32.04,-11.38,-179.20,0.1175,0.7829
1778858870.946,0.1466,0.8773,7.00,119.9,29.89,-13.17,-179.73,0.1260,0.7614
1778858871.011,0.1476,0.8796,7.00,119.9,29.97,-13.95,-179.86,0.1235,0.7622
1778858871.077,0.1476,0.8819,7.00,119.9,31.08,-12.54,-179.68,0.1151,0.7733
1778858871.145,0.1533,0.8843,7.00,119.9,31.18,-11.81,-179.54,0.1131,0.7743
1778858871.217,0.1542,0.8866,7.00,119.9,30.96,-11.44,-179.54,0.1121,0.7721
1778858871.278,0.1575,0.8889,7.00,119.9,30.24,-12.35,-179.84,0.1154,0.7649
1778858871.349,0.1577,0.8912,7.00,119.9,29.50,-12.78,-179.97,0.1181,0.7575
1778858871.414,0.1609,0.8935,7.00,119.9,29.16,-12.87,179.93,0.1199,0.7541
1778858871.481,0.1595,0.8935,7.00,119.9,29.78,-12.20,-180.00,0.1195,0.7603
1778858871.547,0.1596,0.8935,7.00,119.9,29.86,-12.00,179.93,0.1216,0.7611
1778858871.615,0.1640,0.8935,7.00,119.9,30.68,-11.65,-179.93,0.1240,0.7693
1778858871.678,0.1701,0.8935,7.00,119.9,31.17,-12.49,179.98,0.1172,0.7742
1778858871.746,0.1749,0.8935,7.00,119.9,32.03,-12.52,179.93,0.1177,0.7828
1778858871.814,0.1643,0.8935,7.00,119.9,32.08,-13.39,179.71,0.1182,0.7833
1778858871.878,0.1672,0.8935,7.00,119.9,33.40,-11.34,-179.79,0.1124,0.7965
1778858871.948,0.1780,0.8935,7.00,119.9,31.89,-13.97,179.79,0.1114,0.7814
1778858872.012,0.1815,0.8935,7.00,119.9,31.49,-14.34,179.69,0.1023,0.7774
1778858872.081,0.1811,0.8935,7.00,119.9,32.20,-13.76,179.68,0.1013,0.7845
1778858872.143,0.1754,0.8935,7.00,119.9,32.44,-13.25,179.79,0.1038,0.7869
1778858872.214,0.1766,0.8935,7.00,119.9,32.73,-12.98,179.91,0.1055,0.7898
1778858872.279,0.1657,0.8935,7.00,119.9,33.02,-13.25,179.63,0.1082,0.7927
1778858872.348,0.1712,0.8935,7.00,119.9,33.02,-13.24,179.67,0.1142,0.7927
1778858872.415,0.1801,0.8935,7.00,119.9,32.83,-13.85,179.41,0.1089,0.7908
1778858872.472,0.1790,0.8935,7.00,119.9,32.29,-14.43,179.26,0.1086,0.7854
1778858872.505,0.1756,0.8935,7.00,119.9,32.21,-14.54,179.27,0.1130,0.7846
1778858872.538,0.1754,0.8938,7.00,119.9,32.82,-13.83,179.54,0.1150,0.7907
1778858872.571,0.1765,0.8938,7.00,119.9,33.18,-13.36,179.72,0.1140,0.7943
1778858872.606,0.1770,0.8940,7.00,119.9,11.90,-10.88,5.04,0.1147,0.6125
1778858872.638,0.1757,0.8963,7.00,119.9,33.84,-12.29,-179.94,0.1148,0.8009
1778858872.677,0.1481,0.8966,7.00,119.9,11.85,-10.37,4.97,0.1166,0.6125
1778858872.742,0.1439,0.8966,7.00,119.9,11.89,-10.26,4.90,0.1144,0.6125
1778858872.774,0.1454,0.8966,7.00,119.9,12.12,-10.19,4.94,0.1145,0.6125
1778858872.809,0.1469,0.8968,7.00,119.9,12.23,-10.30,4.95,0.1169,0.6125
1778858872.843,0.1480,0.8968,7.00,119.9,12.23,-10.42,4.95,0.1170,0.6125
1778858872.874,0.1487,0.8970,7.00,119.9,12.41,-10.47,4.96,0.1166,0.6125
1778858872.910,0.1495,0.8970,7.00,119.9,12.43,-9.61,4.82,0.1134,0.6125
1778858872.940,0.1495,0.8973,7.00,119.9,12.34,-9.66,4.75,0.1153,0.6125
1778858872.976,0.1498,0.8973,7.00,119.9,12.14,-9.88,4.79,0.1179,0.6125
1778858873.007,0.1500,0.8975,7.00,119.9,12.00,-10.12,4.75,0.1177,0.6125
1778858873.046,0.1459,0.8975,7.00,119.9,12.03,-10.30,4.77,0.1201,0.6125
1778858873.110,0.1486,0.8975,7.00,119.9,12.06,-10.61,4.86,0.1191,0.6125
1778858873.182,0.1542,0.8975,7.00,119.9,12.21,-10.56,4.95,0.1177,0.6125
1778858873.248,0.1445,0.8975,7.00,119.9,12.03,-10.82,4.95,0.1222,0.6125
1778858873.315,0.1345,0.8975,7.00,119.9,12.32,-11.04,4.89,0.1218,0.6125
1778858873.380,0.0918,0.8975,7.00,119.9,12.31,-8.36,5.15,0.1067,0.6125
1778858873.449,0.0703,0.8975,7.00,119.9,12.52,-7.70,5.18,0.0975,0.6125
1778858873.515,0.0733,0.8975,7.00,119.9,12.81,-7.70,5.18,0.0984,0.6125
1778858873.583,0.1076,0.8975,7.00,119.9,35.74,-7.22,-177.88,0.0950,0.8199
1778858873.648,0.1562,0.8975,7.00,119.9,37.17,-7.58,-177.50,0.0885,0.8342
1778858873.716,0.1883,0.8975,7.00,119.9,37.38,-8.10,-177.62,0.0861,0.8363
1778858873.780,0.1904,0.8975,7.00,119.9,37.78,-8.62,-177.76,0.0871,0.8403
1778858873.846,0.1782,0.8975,7.00,119.9,38.21,-8.11,-177.69,0.0891,0.8446
1778858873.915,0.1651,0.8975,7.00,119.9,37.85,-8.36,-177.87,0.0932,0.8410
1778858873.984,0.1638,0.8975,7.00,119.9,37.25,-8.35,-178.02,0.0919,0.8350
1778858874.047,0.1544,0.8975,7.00,119.9,37.24,-8.23,-178.10,0.0907,0.8349
1778858874.114,0.1387,0.8975,7.00,119.9,37.68,-7.69,-178.12,0.0899,0.8393
1778858874.182,0.1314,0.8975,7.00,119.9,37.72,-7.23,-178.04,0.0902,0.8397
1778858874.245,0.1310,0.8975,7.00,119.9,37.92,-7.12,-178.06,0.0896,0.8417
1778858874.314,0.1317,0.8975,7.00,119.9,37.89,-7.08,-178.05,0.0907,0.8414
1778858874.384,0.1320,0.8975,7.00,119.9,37.72,-7.22,-178.10,0.0907,0.8397
1778858874.448,0.1312,0.8975,7.00,119.9,37.38,-7.49,-178.18,0.0927,0.8363
1778858874.515,0.1327,0.8975,7.00,119.9,37.13,-7.72,-178.22,0.0920,0.8338
1778858874.582,0.1309,0.8975,7.00,119.9,36.99,-7.81,-178.15,0.0901,0.8324
1778858874.649,0.1334,0.8975,7.00,119.9,36.78,-7.83,-178.20,0.0919,0.8303
1778858874.713,0.1262,0.8975,7.00,119.9,36.31,-7.80,-178.25,0.0917,0.8256
1778858874.782,0.1283,0.8975,7.00,119.9,36.24,-7.38,-178.17,0.0914,0.8249
1778858874.844,0.1284,0.8975,7.00,119.9,36.28,-7.26,-178.18,0.0891,0.8253
1778858874.911,0.1312,0.8975,7.00,119.9,36.17,-7.04,-178.14,0.0885,0.8242
1778858874.981,0.1349,0.8975,7.00,119.9,36.23,-6.81,-178.09,0.0868,0.8248
1778858875.049,0.1347,0.8975,7.00,119.9,35.99,-6.82,-178.09,0.0882,0.8224
1778858875.113,0.1353,0.8975,7.00,119.9,36.03,-6.46,-178.00,0.0883,0.8228
1778858875.183,0.1360,0.8975,6.00,119.9,35.93,-6.57,-178.06,0.0899,0.8218
1778858875.245,0.1395,0.8975,6.00,119.9,35.94,-6.52,-178.05,0.0900,0.8219
1778858875.310,0.1421,0.8975,6.00,119.9,35.69,-6.98,-178.13,0.0905,0.8194
1778858875.380,0.1480,0.8975,6.00,119.9,35.68,-7.35,-178.15,0.0913,0.8193
1778858875.450,0.1435,0.8998,6.00,119.9,35.69,-7.42,-178.12,0.0909,0.8194
1778858875.516,0.1418,0.9021,6.00,119.9,35.60,-7.30,-178.07,0.0915,0.8185
1778858875.576,0.1400,0.9043,6.00,119.9,35.49,-7.26,-178.06,0.0918,0.8174
1778858875.650,0.1360,0.9066,6.00,119.9,35.18,-7.32,-178.07,0.0921,0.8143
1778858875.711,0.1333,0.9089,6.00,119.9,35.05,-7.50,-178.13,0.0921,0.8130
1778858875.780,0.1384,0.9112,5.00,119.9,34.97,-7.70,-178.24,0.0914,0.8122
1778858875.849,0.1416,0.9112,5.00,119.9,35.12,-7.76,-178.20,0.0917,0.8137
1778858875.916,0.1426,0.9112,5.00,119.9,35.15,-7.57,-178.16,0.0930,0.8140
1778858875.981,0.1426,0.9112,5.00,119.9,34.71,-7.25,-178.14,0.0956,0.8096
1778858876.049,0.1461,0.9112,5.00,119.9,33.14,-8.89,-178.55,0.1023,0.7939
1778858876.111,0.1454,0.9112,5.00,119.9,32.70,-9.98,-178.75,0.1053,0.7895
1778858876.181,0.1488,0.9112,5.00,119.9,11.32,-9.87,5.27,0.1114,0.6125
1778858876.250,0.1548,0.9112,5.00,119.9,11.36,-10.94,5.47,0.1196,0.6125
1778858876.317,0.1554,0.9112,5.00,119.9,10.97,-11.15,5.55,0.1192,0.6125
1778858876.383,0.1670,0.9112,5.00,119.9,10.44,-11.45,5.38,0.1173,0.6125
1778858876.450,0.1741,0.9112,5.00,119.9,9.04,-11.05,4.74,0.1329,0.6125
1778858876.517,0.1769,0.9112,5.00,119.9,7.78,-12.67,5.02,0.1333,0.6125
1778858876.581,0.1814,0.9112,5.00,119.9,7.34,-14.70,5.45,0.1392,0.6125
1778858876.645,0.1845,0.9112,5.00,119.9,7.20,-14.71,5.56,0.1371,0.6125
1778858876.714,0.1825,0.9112,5.00,119.9,8.03,-13.64,5.56,0.1387,0.6125
1778858876.783,0.1796,0.9112,5.00,119.9,7.75,-13.32,5.59,0.1488,0.6125
1778858876.846,0.1809,0.9112,5.00,119.9,8.47,-12.70,5.51,0.1447,0.6125
1778858876.915,0.1798,0.9112,5.00,119.9,9.84,-12.63,5.57,0.1394,0.6125
1778858876.981,0.1793,0.9112,5.00,119.9,10.76,-12.04,5.67,0.1316,0.6125
1778858877.047,0.1791,0.9112,5.00,119.9,11.49,-11.23,5.62,0.1226,0.6125
1778858877.117,0.1763,0.9112,5.00,119.9,33.84,-9.94,-178.64,0.1041,0.8009
1778858877.181,0.1756,0.9112,5.00,119.9,33.84,-10.25,-178.64,0.0962,0.8009
1778858877.252,0.1733,0.9112,5.00,119.9,33.72,-11.32,-178.80,0.0978,0.7997
1778858877.312,0.1860,0.9112,5.00,119.9,11.50,-12.10,6.08,0.1104,0.6125
1778858877.385,0.1972,0.9112,5.00,119.9,32.54,-12.08,-178.82,0.1023,0.7879
1778858877.451,0.2130,0.9112,5.00,119.9,37.94,-9.02,-178.15,0.1004,0.8419
1778858877.518,0.2248,0.9089,5.00,119.9,42.64,-7.42,-178.10,0.1097,0.8625
1778858877.582,0.2315,0.9066,5.00,119.9,44.70,-6.79,-177.94,0.1094,0.8625
1778858877.651,0.2320,0.9043,5.00,119.9,46.00,-6.48,-177.67,0.1117,0.8625
1778858877.717,0.2339,0.9021,5.00,119.9,45.88,-6.55,-177.63,0.1131,0.8625
1778858877.782,0.2360,0.8998,5.00,119.9,46.41,-6.60,-177.63,0.1013,0.8625
1778858877.849,0.2404,0.8975,5.00,119.9,46.00,-6.46,-177.46,0.1023,0.8625
1778858877.918,0.2423,0.8952,5.00,119.9,46.56,-6.60,-177.57,0.1031,0.8625
1778858877.981,0.2318,0.8929,5.00,119.9,46.68,-6.53,-177.36,0.0996,0.8625
1778858878.046,0.2270,0.8907,5.00,119.9,44.59,-6.60,-177.30,0.0998,0.8625
1778858878.117,0.2306,0.8907,5.00,119.9,43.13,-6.92,-177.57,0.1047,0.8625
1778858878.182,0.2265,0.8884,5.00,119.9,41.53,-6.84,-177.54,0.1040,0.8625
1778858878.250,0.2085,0.8884,5.00,119.9,39.30,-6.39,-177.50,0.0981,0.8555
1778858878.313,0.2092,0.8884,4.00,119.9,37.22,-6.64,-177.50,0.0986,0.8347
1778858878.382,0.1835,0.8884,4.00,119.9,36.35,-7.12,-177.76,0.1045,0.8260
1778858878.452,0.1801,0.8884,4.00,119.9,36.60,-7.14,-177.85,0.1024,0.8285
1778858878.517,0.1760,0.8884,4.00,119.9,36.82,-7.07,-177.80,0.1019,0.8307
1778858878.584,0.1703,0.8884,4.00,119.9,37.04,-6.89,-177.76,0.1000,0.8329
1778858878.646,0.1614,0.8884,4.00,119.9,36.58,-6.96,-177.77,0.1004,0.8283
1778858878.716,0.1537,0.8884,4.00,119.9,36.09,-6.89,-177.71,0.0940,0.8234
1778858878.781,0.1515,0.8884,3.00,119.9,36.02,-6.60,-177.75,0.0938,0.8227
1778858878.851,0.1539,0.8884,3.00,119.9,36.11,-6.80,-177.93,0.0942,0.8236
1778858878.918,0.1521,0.8907,3.00,119.9,36.36,-6.59,-177.94,0.0933,0.8261
1778858878.982,0.1278,0.8929,3.00,119.9,36.24,-6.90,-178.12,0.0942,0.8249
1778858879.052,0.0734,0.8952,3.00,119.9,13.10,-6.01,4.81,0.0937,0.6125
1778858879.118,0.0706,0.8975,3.00,119.9,13.12,-5.65,4.86,0.0928,0.6125
1778858879.184,0.0717,0.8998,3.00,119.9,12.57,-5.44,4.90,0.0922,0.6125
1778858879.249,0.0706,0.8998,3.00,119.9,12.17,-5.20,4.75,0.0891,0.6125
1778858879.314,0.0736,0.8998,3.00,119.9,12.13,-5.01,4.69,0.0861,0.6125
1778858879.382,0.0739,0.8998,3.00,119.9,36.21,-4.02,-176.92,0.0859,0.8246
1778858879.450,0.0766,0.8998,3.00,119.9,36.32,-3.98,-177.04,0.0848,0.8257
1778858879.517,0.0813,0.8998,3.00,119.9,36.26,-3.82,-177.05,0.0862,0.8251
1778858879.582,0.0819,0.8998,3.00,119.9,36.03,-3.80,-177.11,0.0867,0.8228
1778858879.652,0.0831,0.8998,3.00,119.9,35.81,-4.05,-177.21,0.0868,0.8206
1778858879.718,0.0754,0.8998,3.00,119.9,35.59,-4.30,-177.24,0.0869,0.8184
1778858879.785,0.0754,0.8998,3.00,119.9,35.56,-4.43,-177.24,0.0866,0.8181
1778858879.851,0.0821,0.8998,3.00,119.9,36.21,-4.32,-177.20,0.0838,0.8246
1778858879.920,0.0773,0.8998,3.00,119.9,35.99,-4.38,-177.18,0.0895,0.8224
1778858879.985,0.0782,0.8998,3.00,119.9,35.85,-4.45,-177.16,0.0902,0.8210
1778858880.049,0.0792,0.8998,3.00,119.9,34.93,-4.74,-177.30,0.0942,0.8118
1778858880.108,0.0776,0.8998,3.00,119.9,35.27,-4.75,-177.27,0.0926,0.8152
1778858880.142,0.0761,0.9000,3.00,119.9,35.17,-4.72,-177.24,0.0911,0.8142
1778858880.175,0.0762,0.9000,3.00,119.9,34.76,-4.64,-177.24,0.0911,0.8101
1778858880.208,0.0763,0.9002,3.00,119.9,34.11,-4.97,-177.32,0.0935,0.8036
1778858880.242,0.0772,0.9002,3.00,119.9,33.21,-5.36,-177.40,0.0958,0.7946
1778858880.283,0.0788,0.9005,3.00,119.9,31.92,-5.89,-177.51,0.1010,0.7817
1778858880.350,0.0808,0.9005,3.00,119.9,29.78,-6.98,-177.76,0.1093,0.7603
1778858880.417,0.0835,0.9005,3.00,119.9,9.56,-7.99,4.99,0.1178,0.6125
1778858880.485,0.0846,0.9005,3.00,119.9,9.32,-8.19,5.07,0.1207,0.6125
1778858880.552,0.0858,0.9005,3.00,119.9,9.26,-8.01,5.08,0.1211,0.6125
1778858880.617,0.0869,0.9005,3.00,119.9,9.07,-8.25,5.10,0.1226,0.6125
1778858880.683,0.0860,0.9005,3.00,119.9,8.97,-8.53,5.17,0.1253,0.6125
1778858880.752,0.0863,0.9027,3.00,119.9,8.93,-8.63,5.18,0.1267,0.6125
1778858880.819,0.0869,0.9050,3.00,119.9,8.83,-8.88,5.24,0.1275,0.6125
1778858880.881,0.0853,0.9072,3.00,119.9,8.80,-9.02,5.36,0.1297,0.6125
1778858880.952,0.0821,0.9095,3.00,119.9,8.60,-9.44,5.43,0.1280,0.6125
1778858881.014,0.0803,0.9118,3.00,119.9,8.74,-9.25,5.50,0.1272,0.6125
1778858881.086,0.0804,0.9140,3.00,119.9,8.86,-9.16,5.51,0.1254,0.6125
1778858881.148,0.0822,0.9163,3.00,119.9,8.99,-9.52,5.55,0.1215,0.6125
1778858881.219,0.0831,0.9186,3.00,119.9,9.31,-9.28,5.52,0.1182,0.6125
1778858881.283,0.0840,0.9208,3.00,119.9,9.38,-9.31,5.55,0.1151,0.6125
1778858881.346,0.0847,0.9231,3.00,119.9,27.40,-11.18,-178.30,0.1151,0.7365
1778858881.381,0.0839,0.9253,3.00,119.9,27.51,-11.14,-178.27,0.1152,0.7376
1778858881.453,0.0777,0.9276,3.00,119.9,9.79,-8.95,5.53,0.1154,0.6125
1778858881.519,0.0760,0.9299,3.00,119.9,9.88,-8.81,5.55,0.1154,0.6125
1778858881.586,0.0734,0.9321,3.00,119.9,9.92,-8.69,5.52,0.1152,0.6125
1778858881.652,0.0708,0.9344,2.00,119.9,10.24,-7.91,5.38,0.1129,0.6125
1778858881.721,0.0722,0.9367,2.00,119.9,10.23,-7.83,5.33,0.1119,0.6125
1778858881.782,0.0735,0.9389,2.00,119.9,10.19,-7.78,5.23,0.1112,0.6125
1778858881.851,0.0744,0.9412,2.00,119.9,10.36,-7.54,4.98,0.1106,0.6125
1778858881.920,0.0749,0.9434,2.00,119.9,29.79,-7.88,-177.93,0.1089,0.7604
1778858881.984,0.0752,0.9457,2.00,119.9,30.00,-7.51,-177.91,0.1086,0.7625
1778858882.053,0.0784,0.9480,2.00,119.9,30.57,-6.58,-177.88,0.1073,0.7682
1778858882.121,0.0798,0.9502,2.00,119.9,30.64,-6.24,-177.94,0.1083,0.7689
1778858882.186,0.0904,0.9525,2.00,119.9,30.79,-5.97,-178.05,0.1079,0.7704
1778858882.253,0.0978,0.9548,2.00,119.9,30.81,-5.70,-178.09,0.1076,0.7706
1778858882.319,0.0896,0.9570,2.00,119.9,30.76,-5.91,-178.13,0.1072,0.7701
1778858882.387,0.0888,0.9593,2.00,119.9,30.73,-6.12,-178.20,0.1069,0.7698
1778858882.453,0.0923,0.9615,2.00,119.9,30.57,-6.31,-178.26,0.1065,0.7682
1778858882.518,0.0903,0.9638,2.00,119.9,30.60,-6.45,-178.29,0.1062,0.7685
1778858882.587,0.0835,0.9638,2.00,119.9,31.23,-6.17,-178.24,0.1028,0.7748
1778858882.653,0.0834,0.9638,2.00,119.9,31.02,-7.56,-178.73,0.1036,0.7727
1778858882.717,0.1014,0.9638,2.00,119.9,30.35,-9.40,-179.43,0.1022,0.7660
1778858882.785,0.1274,0.9638,2.00,119.9,29.50,-9.82,-179.57,0.1021,0.7575
1778858882.854,0.1352,0.9638,2.00,119.9,29.72,-9.58,-179.48,0.1016,0.7597
1778858882.918,0.1576,0.9638,2.00,119.9,29.87,-9.84,-179.64,0.1013,0.7612
1778858882.985,0.1748,0.9638,2.00,119.9,29.88,-9.89,-179.59,0.1022,0.7613
1778858883.054,0.1858,0.9638,2.00,119.9,30.15,-9.73,-179.51,0.1011,0.7640
1778858883.120,0.1775,0.9638,2.00,119.9,30.16,-9.38,-179.32,0.1023,0.7641
1778858883.187,0.1752,0.9638,2.00,119.9,30.25,-9.22,-179.28,0.1028,0.7650
1778858883.252,0.1722,0.9638,2.00,119.9,30.91,-8.93,-179.18,0.1025,0.7716
1778858883.320,0.1576,0.9638,2.00,119.9,31.01,-8.93,-179.17,0.1024,0.7726
1778858883.387,0.1562,0.9638,2.00,119.9,31.01,-8.87,-179.15,0.1015,0.7726
1778858883.454,0.1551,0.9638,2.00,119.9,31.17,-8.46,-179.04,0.1007,0.7742
1778858883.520,0.1556,0.9638,2.00,119.9,31.23,-8.43,-179.04,0.1003,0.7748
1778858883.587,0.1570,0.9638,2.00,119.9,31.16,-8.21,-179.11,0.0999,0.7741
1778858883.652,0.1607,0.9638,2.00,119.9,31.15,-8.15,-179.11,0.0998,0.7740
1778858883.720,0.1614,0.9638,2.00,119.9,31.20,-8.08,-179.11,0.0994,0.7745
1778858883.785,0.1622,0.9638,2.00,119.9,31.20,-8.11,-179.10,0.0991,0.7745
1778858883.853,0.1632,0.9638,2.00,119.9,31.22,-8.17,-179.10,0.0990,0.7747
1778858883.919,0.1618,0.9638,2.00,119.9,31.15,-8.48,-179.14,0.0995,0.7740
1778858883.983,0.1615,0.9638,2.00,119.9,31.48,-8.84,-179.44,0.0991,0.7773
1778858884.053,0.1498,0.9638,2.00,119.9,32.37,-9.37,-179.74,0.0994,0.7862
1778858884.116,0.1517,0.9639,2.00,119.9,32.28,-10.04,-179.69,0.1010,0.7853
1778858884.183,0.1521,0.9639,2.00,119.9,32.09,-10.53,-179.74,0.1027,0.7834
1778858884.254,0.1567,0.9639,2.00,119.9,31.91,-10.29,-179.53,0.1050,0.7816
1778858884.321,0.1652,0.9639,2.00,119.9,31.85,-10.33,-179.43,0.1063,0.7810
1778858884.384,0.1911,0.9638,2.00,119.9,31.84,-10.94,-179.41,0.1132,0.7809
1778858884.454,0.2373,0.9615,2.00,119.9,32.25,-10.55,-179.52,0.1173,0.7850
1778858884.517,0.2542,0.9593,2.00,119.9,9.28,-11.05,4.76,0.1575,0.6125
1778858884.587,0.2587,0.9570,2.00,119.9,7.38,-11.44,4.58,0.1780,0.6125
1778858884.654,0.2621,0.9548,1.00,119.9,5.07,-12.38,5.17,0.2885,0.6125
1778858884.721,0.2550,0.9525,1.00,119.9,4.17,-15.80,5.74,0.3041,0.6125
1778858884.787,0.1038,0.9525,1.00,119.9,3.62,-14.15,6.02,0.3386,0.6125
1778858884.854,0.1399,0.9525,1.00,119.9,3.18,-15.80,5.82,0.3430,0.6125
1778858884.921,0.2369,0.9502,2.00,113.5,1.75,-24.88,5.88,0.3701,0.6125
1778858884.986,0.2860,0.9480,2.00,113.5,-0.98,-41.89,4.71,0.4581,0.6125
1778858886.591,0.1322,0.9451,2.00,113.5,1.14,-42.32,13.76,0.4521,0.6125
1778858886.653,0.1350,0.9451,2.00,113.5,11.06,-26.47,8.76,0.3639,0.6125
1778858886.721,0.2016,0.9451,2.00,113.5,13.81,-13.60,9.37,0.3512,0.6125
1778858886.788,0.2139,0.9451,2.00,113.5,15.07,0.15,9.50,0.3363,0.6132
1778858886.856,0.2084,0.9451,2.00,113.5,14.53,4.82,9.04,0.3368,0.6125
1778858886.921,0.2150,0.9475,2.00,113.5,14.84,4.85,8.48,0.3340,0.6125
1778858886.988,0.2076,0.9499,2.00,113.5,14.62,5.00,8.43,0.3345,0.6125
1778858887.056,0.2089,0.9523,2.00,113.5,14.61,7.18,8.31,0.3280,0.6125
1778858887.121,0.1668,0.9547,2.00,113.5,12.26,12.57,7.53,0.3473,0.6125
1778858887.184,0.1878,0.9570,2.00,113.5,12.31,21.58,7.48,0.3580,0.6125
1778858887.253,0.1976,0.9570,2.00,113.5,12.14,25.27,7.72,0.3466,0.6125
1778858887.320,0.2221,0.9547,2.00,113.5,11.74,27.80,7.58,0.3341,0.6125
1778858887.387,0.2581,0.9523,2.00,113.5,9.43,31.56,6.74,0.3840,0.6125
1778858887.455,0.2684,0.9499,2.00,113.5,8.76,33.25,6.61,0.3784,0.6125
1778858887.519,0.2858,0.9475,2.00,113.5,8.19,34.67,5.98,0.3910,0.6125
1778858887.589,0.3361,0.9451,2.00,113.5,6.11,37.03,4.91,0.3995,0.6125
1778858887.655,0.3782,0.9427,2.00,113.5,2.90,40.85,4.00,0.4256,0.6125
1778858887.721,0.3981,0.9403,2.00,113.5,-0.00,43.77,2.46,0.4428,0.6125
1778858887.788,0.4073,0.9379,2.00,113.5,-0.44,44.80,1.72,0.4610,0.6125
1778858887.855,0.3982,0.9356,2.00,113.5,-0.38,45.10,2.30,0.4674,0.6125
1778858887.923,0.3119,0.9332,2.00,113.5,3.25,41.97,4.43,0.4439,0.6125
1778858887.987,0.1469,0.9332,2.00,113.5,15.45,31.76,9.00,0.3611,0.6170
1778858888.055,0.0880,0.9332,2.00,113.5,24.06,18.83,8.48,0.2708,0.7031
1778858888.122,0.0486,0.9332,2.00,113.5,30.95,6.58,6.50,0.1977,0.7720
1778858888.185,0.0588,0.9332,2.00,113.5,33.49,2.92,5.54,0.2042,0.7974
1778858888.255,0.0536,0.9332,2.00,113.5,36.16,0.69,5.42,0.2050,0.8241
1778858888.323,0.0498,0.9332,2.00,113.5,34.98,-0.03,5.72,0.2238,0.8123
1778858888.386,0.0533,0.9332,2.00,113.5,34.20,0.54,6.14,0.2126,0.8045
1778858888.456,0.0483,0.9332,2.00,113.5,33.96,0.58,5.83,0.2252,0.8021
1778858888.522,0.0507,0.9332,2.00,113.5,33.22,0.94,5.89,0.2202,0.7947
1778858888.587,0.0485,0.9332,2.00,113.5,33.99,0.95,6.05,0.2254,0.8024
1778858888.653,0.0467,0.9332,2.00,113.5,34.03,0.40,5.46,0.2182,0.8028
1778858888.717,0.0616,0.9332,2.00,113.5,34.07,-0.25,5.03,0.2148,0.8032
1778858888.788,0.0520,0.9332,2.00,113.5,32.40,1.36,4.69,0.2050,0.7865
1778858888.855,0.0524,0.9332,2.00,113.5,32.73,2.92,4.46,0.2058,0.7898
1778858888.919,0.0623,0.9332,2.00,113.5,32.72,2.69,4.66,0.2052,0.7897
1778858888.986,0.0597,0.9332,2.00,113.5,33.20,2.74,4.65,0.2033,0.7945
1778858889.055,0.0594,0.9332,2.00,113.5,33.46,3.05,4.96,0.1963,0.7971
1778858889.118,0.0594,0.9332,2.00,113.5,33.08,3.05,4.76,0.2019,0.7933
1778858889.188,0.0599,0.9332,2.00,113.5,33.23,3.39,5.18,0.2200,0.7948
1778858889.254,0.0649,0.9332,2.00,113.5,33.09,2.41,5.35,0.2113,0.7934
1778858889.321,0.0633,0.9332,2.00,113.5,32.95,2.24,5.08,0.2222,0.7920
1778858889.387,0.0545,0.9332,2.00,113.5,32.65,2.16,5.24,0.2234,0.7890
1778858889.453,0.0651,0.9332,2.00,113.5,32.04,2.48,5.67,0.2297,0.7829
1778858889.523,0.0620,0.9332,2.00,113.5,32.20,2.52,5.71,0.2273,0.7845
1778858889.591,0.0608,0.9332,2.00,113.5,32.00,2.11,5.66,0.2273,0.7825
1778858889.657,0.0593,0.9332,2.00,113.5,31.54,2.00,5.76,0.2346,0.7779
1778858889.723,0.0625,0.9332,2.00,113.5,31.35,2.34,5.61,0.2385,0.7760
1778858889.790,0.0555,0.9332,2.00,113.5,31.24,2.27,5.57,0.2294,0.7749
1778858889.857,0.0612,0.9332,2.00,113.5,30.31,1.09,5.19,0.2331,0.7656
1778858889.922,0.0630,0.9332,2.00,113.5,26.31,-0.72,4.02,0.2388,0.7256
1778858889.990,0.2861,0.9308,2.00,113.5,20.35,-6.11,2.89,0.2425,0.6660
1778858890.054,0.3733,0.9284,2.00,113.5,17.05,-12.13,1.70,0.2748,0.6330
1778858890.122,0.3787,0.9260,2.00,113.5,13.66,-15.77,1.31,0.2820,0.6125
1778858890.184,0.3739,0.9236,2.00,113.5,10.92,-17.38,1.24,0.2903,0.6125
1778858890.257,0.3634,0.9212,2.00,113.5,8.75,-18.52,1.98,0.3057,0.6125
1778858890.321,0.3704,0.9189,2.00,113.5,8.28,-17.56,2.29,0.3209,0.6125
1778858890.387,0.3680,0.9165,2.00,113.5,8.22,-18.30,2.27,0.3158,0.6125
1778858890.458,0.3656,0.9141,2.00,113.5,7.38,-20.31,2.53,0.3097,0.6125
1778858890.523,0.3658,0.9117,2.00,113.5,6.84,-20.82,2.56,0.3087,0.6125
1778858890.586,0.3591,0.9093,2.00,113.5,6.82,-19.94,2.46,0.3027,0.6125
1778858890.655,0.3627,0.9069,2.00,113.5,6.75,-19.65,2.64,0.2956,0.6125
1778858890.724,0.3622,0.9045,2.00,113.5,6.63,-20.09,2.77,0.2868,0.6125
1778858890.787,0.3603,0.9021,2.00,113.5,6.40,-20.28,2.82,0.2827,0.6125
1778858890.856,0.3648,0.8998,2.00,113.5,6.39,-19.78,2.85,0.2748,0.6125
1778858890.921,0.3648,0.8974,2.00,113.5,5.85,-20.06,3.02,0.2615,0.6125
1778858890.991,0.3630,0.8950,2.00,113.5,5.22,-20.40,3.21,0.2599,0.6125
1778858891.054,0.3620,0.8926,2.00,113.5,5.37,-21.19,3.30,0.2537,0.6125
1778858891.120,0.3686,0.8902,2.00,113.5,5.13,-22.71,3.84,0.2570,0.6125
1778858891.189,0.3770,0.8878,2.00,113.5,4.02,-25.49,4.43,0.2517,0.6125
1778858891.253,0.3740,0.8854,2.00,113.5,3.21,-26.79,5.50,0.2506,0.6125
1778858891.321,0.3613,0.8831,2.00,113.5,1.60,-29.62,6.69,0.2422,0.6125
1778858891.391,0.3682,0.8807,2.00,113.5,1.83,-31.84,7.25,0.2128,0.6125
1778858891.456,0.3707,0.8783,2.00,113.5,1.52,-33.73,7.67,0.1873,0.6125
1778858891.524,0.3829,0.8759,2.00,113.5,1.25,-34.79,8.04,0.1775,0.6125
1778858891.586,0.4125,0.8735,2.00,113.5,-0.96,-38.21,9.28,0.2231,0.6125
1778858891.657,0.4237,0.8711,2.00,113.5,-2.04,-40.76,10.10,0.3416,0.6125
1778858891.722,0.4324,0.8687,2.00,113.5,-2.80,-46.58,12.05,0.5179,0.6125
1778858891.788,0.4898,0.8663,2.00,113.5,-1.26,-50.40,11.22,0.4817,0.6125
1778858891.858,0.3369,0.8640,2.00,113.5,-0.62,-55.23,12.02,0.6940,0.6125
1778858891.924,0.5488,0.8616,2.00,113.5,16.59,-70.95,177.72,0.6383,0.6284
1778858891.988,0.6236,0.8592,2.00,113.5,-35.56,72.50,12.86,0.6277,0.8181
1778858892.058,0.6177,0.8568,2.00,113.5,-39.24,71.36,-31.29,0.4034,0.8549
1778858892.124,0.6900,0.8544,2.00,113.5,-37.53,72.36,-6.97,0.5069,0.8378
1778858892.187,0.6866,0.8520,2.00,113.5,-38.68,72.41,-1.83,0.5243,0.8493
1778858892.254,0.6564,0.8496,2.00,113.5,-39.29,72.33,-14.52,0.4640,0.8554
1778858892.320,0.6180,0.8473,2.00,113.5,-39.54,71.73,-34.10,0.6567,0.8579
1778858892.389,0.5742,0.8449,2.00,113.5,14.42,-76.70,179.29,0.6901,0.6125
1778858892.453,0.6196,0.8425,2.00,113.5,22.36,-78.72,174.29,0.8020,0.6861
1778858892.525,0.7280,0.8401,2.00,113.5,-40.30,72.29,-19.20,0.9951,0.8625
1778858893.929,0.4013,0.8354,2.00,113.5,3.69,-47.32,10.68,0.4935,0.6125
1778858893.989,0.3363,0.8333,2.00,113.5,4.59,-36.81,7.87,0.3940,0.6125
1778858894.055,0.3358,0.8313,2.00,113.5,6.31,-32.11,6.09,0.3608,0.6125
1778858894.123,0.3179,0.8293,2.00,113.5,4.76,-25.38,5.80,0.3490,0.6125
1778858894.188,0.3093,0.8273,2.00,113.5,4.10,-21.96,4.55,0.3326,0.6125
1778858894.256,0.3069,0.8254,2.00,113.5,1.81,-18.12,4.41,0.3259,0.6125
1778858894.322,0.3222,0.8234,2.00,113.5,-0.56,-14.03,3.85,0.3067,0.6125
1778858894.392,0.3365,0.8214,2.00,113.5,-3.39,-11.01,3.24,0.2948,0.6125
1778858894.459,0.3253,0.8195,2.00,113.5,-5.57,-10.30,2.86,0.2949,0.6125
1778858894.524,0.3294,0.8175,2.00,113.5,-7.22,-11.62,2.99,0.3113,0.6125
1778858894.590,0.3241,0.8147,2.00,113.5,-8.21,-16.50,3.99,0.3303,0.6125
1778858894.655,0.3155,0.8119,2.00,113.5,-11.81,-22.05,6.13,0.3423,0.6125
1778858894.720,0.3080,0.8095,2.00,113.5,-13.86,-29.28,9.00,0.3593,0.6125
1778858894.788,0.3371,0.8071,2.00,113.5,-17.13,-32.89,12.23,0.3517,0.6338
1778858894.859,0.3209,0.8048,2.00,113.5,-19.99,-37.41,14.95,0.3107,0.6624
1778858894.925,0.3449,0.8024,2.00,113.5,-22.07,-41.30,18.07,0.3609,0.6832
1778858894.989,0.3696,0.8000,2.00,113.5,-24.26,-48.90,21.92,0.3948,0.7051
1778858895.056,0.3269,0.7976,2.00,113.5,-25.18,-53.69,23.88,0.4609,0.7143
1778858895.126,0.3172,0.7952,2.00,113.5,-26.46,-54.04,26.34,0.5629,0.7271
1778858895.189,0.3619,0.7929,2.00,113.5,-22.86,-56.83,24.92,0.6254,0.6911
1778858895.254,0.3681,0.7905,2.00,113.5,-21.72,-53.85,26.40,0.5864,0.6797
1778858895.286,0.3378,0.7881,2.00,113.5,-22.73,-53.36,27.51,0.5577,0.6898
1778858895.357,0.3690,0.7857,2.00,113.5,-22.70,-54.33,26.80,0.6269,0.6895
1778858895.424,0.3484,0.7833,2.00,113.5,-24.26,-49.95,28.09,0.5822,0.7051
1778858895.488,0.3587,0.7810,2.00,113.5,-24.93,-49.15,28.87,0.3421,0.7118
1778858895.559,0.4165,0.7786,2.00,113.5,-22.37,-50.60,26.98,0.2334,0.6862
1778858895.625,0.3962,0.7762,2.00,113.5,-22.21,-49.11,26.80,0.4174,0.6846
1778858895.689,0.3942,0.7738,2.00,113.5,-19.55,-43.59,24.47,0.4121,0.6580
1778858895.759,0.3320,0.7714,2.00,113.5,-18.76,-38.92,24.02,0.4123,0.6501
1778858895.826,0.3401,0.7690,2.00,113.5,-17.15,-35.49,21.95,0.2833,0.6340
1778858895.891,0.3379,0.7667,2.00,113.5,-15.52,-30.48,19.88,0.3355,0.6177
1778858895.960,0.3389,0.7643,2.00,113.5,-12.70,-28.36,17.38,0.3912,0.6125
1778858896.025,0.3424,0.7619,2.00,113.5,-10.62,-27.21,15.95,0.4043,0.6125
1778858896.093,0.3344,0.7595,2.00,113.5,-9.26,-28.01,15.34,0.4086,0.6125
1778858896.156,0.3261,0.7571,2.00,113.5,-8.41,-27.59,15.18,0.3973,0.6125
1778858896.223,0.3125,0.7548,2.00,113.5,-7.00,-27.77,14.83,0.4040,0.6125
1778858896.293,0.3067,0.7524,2.00,113.5,-6.61,-29.67,14.88,0.4060,0.6125
1778858896.360,0.3258,0.7500,2.00,113.5,-5.56,-30.79,14.33,0.4093,0.6125
1778858896.424,0.3272,0.7476,2.00,113.5,-3.52,-31.84,13.32,0.3960,0.6125
1778858896.491,0.3121,0.7452,2.00,113.5,-3.54,-30.93,13.28,0.3952,0.6125
1778858896.560,0.3159,0.7429,2.00,113.5,-2.47,-29.11,13.02,0.3892,0.6125
1778858896.626,0.3089,0.7405,2.00,113.5,-0.93,-27.14,12.12,0.3879,0.6125
1778858896.690,0.3049,0.7381,2.00,113.5,-0.69,-25.17,11.75,0.3863,0.6125
1778858896.759,0.3027,0.7357,2.00,113.5,-0.55,-25.44,11.35,0.3907,0.6125
1778858896.822,0.2984,0.7333,2.00,113.5,0.38,-24.26,10.85,0.3813,0.6125
1778858896.893,0.3020,0.7310,2.00,113.5,1.50,-24.27,10.98,0.3868,0.6125
1778858896.958,0.3010,0.7286,2.00,113.5,1.65,-24.40,11.03,0.3906,0.6125
1778858897.024,0.2957,0.7262,2.00,113.5,1.62,-25.00,10.94,0.3909,0.6125
1778858897.090,0.2950,0.7238,2.00,113.5,1.13,-24.95,11.02,0.4033,0.6125
1778858897.160,0.2972,0.7214,2.00,113.5,0.92,-24.31,10.80,0.4150,0.6125
1778858897.224,0.2928,0.7190,2.00,113.5,0.48,-24.24,10.95,0.4088,0.6125
1778858897.291,0.2907,0.7167,2.00,113.5,0.82,-24.55,10.80,0.4038,0.6125
1778858897.360,0.3026,0.7143,2.00,113.5,0.75,-25.50,10.86,0.4157,0.6125
1778858897.427,0.2890,0.7119,2.00,113.5,1.81,-25.21,10.40,0.4142,0.6125
1778858897.494,0.2947,0.7095,2.00,113.5,2.36,-24.43,9.86,0.4175,0.6125
1778858897.557,0.3007,0.7071,2.00,113.5,2.10,-23.98,9.64,0.4198,0.6125
1778858897.625,0.3134,0.7048,2.00,113.5,2.75,-23.66,9.28,0.4162,0.6125
1778858897.693,0.3084,0.7024,2.00,113.5,2.88,-23.30,9.02,0.4187,0.6125
1778858897.758,0.3098,0.7000,2.00,113.5,2.59,-23.12,8.85,0.4109,0.6125
1778858897.827,0.3112,0.6969,2.00,113.5,2.32,-23.84,9.10,0.4090,0.6125
1778858897.890,0.2947,0.6938,2.00,113.5,2.97,-23.48,8.72,0.4117,0.6125
1778858897.961,0.2960,0.6914,2.00,113.5,2.82,-22.64,8.54,0.4162,0.6125
1778858898.027,0.2968,0.6890,2.00,113.5,3.41,-21.95,8.38,0.4130,0.6125
1778858898.094,0.3013,0.6866,2.00,113.5,3.26,-22.80,8.95,0.4082,0.6125
1778858898.161,0.2984,0.6842,2.00,113.5,4.25,-22.91,9.22,0.3964,0.6125
1778858898.227,0.2932,0.6818,2.00,113.5,6.26,-23.17,9.06,0.3863,0.6125
1778858898.292,0.1964,0.6818,2.00,113.5,6.81,-21.17,9.38,0.3883,0.6125
1778858898.358,0.2150,0.6818,2.00,113.5,8.09,-21.08,9.83,0.4000,0.6125
1778858898.428,0.2261,0.6794,3.00,120.4,10.24,-18.69,10.87,0.3928,0.6125
1778858898.494,0.2461,0.6770,3.00,120.4,12.17,-17.40,11.81,0.3842,0.6125
1778858898.560,0.2436,0.6746,3.00,120.4,13.62,-18.36,12.64,0.3704,0.6125
1778858898.628,0.2975,0.6722,3.00,120.4,13.26,-22.54,12.92,0.3804,0.6125
1778858898.694,0.3170,0.6699,3.00,120.4,12.54,-25.79,13.22,0.3721,0.6125
1778858898.758,0.2911,0.6675,3.00,120.4,11.34,-27.18,13.04,0.3901,0.6125
1778858898.827,0.3469,0.6651,3.00,120.4,9.10,-27.48,13.09,0.3823,0.6125
1778858898.893,0.3588,0.6627,3.00,120.4,8.44,-27.44,13.05,0.3921,0.6125
1778858898.961,0.3638,0.6603,3.00,120.4,7.49,-28.78,13.61,0.3966,0.6125
1778858899.028,0.3637,0.6579,3.00,120.4,7.37,-28.23,13.81,0.4022,0.6125
1778858899.094,0.3632,0.6555,3.00,120.4,7.95,-28.16,14.15,0.3923,0.6125
1778858899.161,0.3514,0.6531,3.00,120.4,7.84,-27.95,13.92,0.3568,0.6125
1778858899.224,0.3477,0.6507,3.00,120.4,8.37,-27.21,13.12,0.3255,0.6125
1778858899.292,0.3503,0.6483,3.00,120.4,7.89,-26.70,12.75,0.3181,0.6125
1778858899.361,0.3573,0.6459,3.00,120.4,6.40,-26.92,12.32,0.3254,0.6125
1778858899.429,0.3999,0.6435,3.00,120.4,4.01,-28.16,13.12,0.3369,0.6125
1778858899.493,0.3869,0.6411,3.00,120.4,0.09,-29.54,13.45,0.3604,0.6125
1778858899.561,0.3782,0.6388,3.00,120.4,-1.49,-27.54,14.08,0.2985,0.6125
1778858899.628,0.3756,0.6364,2.00,120.4,-2.03,-28.80,14.00,0.1583,0.6125
1778858899.695,0.3606,0.6340,2.00,120.4,-2.74,-27.89,13.91,0.1671,0.6125
1778858899.759,0.4287,0.6316,2.00,120.4,-0.33,-32.25,14.51,0.1530,0.6125
1778858899.828,0.4506,0.6292,2.00,120.4,-0.12,-32.95,14.67,0.1522,0.6125
1778858899.893,0.4243,0.6268,2.00,120.4,-0.00,-30.94,14.39,0.1809,0.6125
1778858899.960,0.4271,0.6244,2.00,120.4,-0.41,-30.25,14.04,0.1735,0.6125
1778858900.026,0.4283,0.6220,2.00,120.4,0.16,-29.83,13.30,0.1635,0.6125
1778858900.091,0.4372,0.6196,2.00,120.4,2.15,-29.65,13.52,0.1604,0.6125
1778858900.162,0.4423,0.6172,2.00,120.4,2.12,-31.01,13.55,0.1634,0.6125
1778858900.228,0.4262,0.6148,2.00,120.4,0.61,-28.52,14.08,0.1534,0.6125
1778858900.292,0.4471,0.6124,2.00,120.4,1.90,-30.24,14.46,0.2105,0.6125
1778858900.360,0.4261,0.6100,2.00,120.4,1.16,-30.69,14.63,0.1744,0.6125
1778858900.425,0.3465,0.6077,2.00,120.4,2.14,-30.41,14.42,0.1546,0.6125
1778858900.490,0.3173,0.6053,2.00,120.4,4.88,-27.17,13.59,0.1572,0.6125
1778858900.559,0.3394,0.6029,2.00,120.4,7.63,-25.19,12.98,0.1642,0.6125
1778858900.628,0.3386,0.6005,2.00,120.4,10.04,-23.37,14.70,0.1653,0.6125
1778858900.694,0.3391,0.5981,2.00,120.4,13.73,-19.27,13.82,0.1492,0.6125
1778858900.761,0.3032,0.5957,2.00,120.4,16.30,-13.73,13.66,0.1450,0.6255
1778858900.823,0.3057,0.5933,2.00,120.4,16.86,-9.96,11.99,0.1420,0.6311
1778858900.894,0.3182,0.5909,2.00,120.4,17.52,-9.72,10.26,0.1438,0.6377
1778858900.956,0.3183,0.5885,2.00,120.4,17.85,-9.27,9.22,0.1427,0.6410
1778858901.028,0.3220,0.5861,2.00,120.4,18.27,-8.01,9.04,0.1446,0.6452
1778858901.090,0.3248,0.5837,2.00,120.4,18.78,-6.18,8.51,0.1413,0.6503
1778858901.157,0.3338,0.5813,2.00,120.4,17.67,-5.45,7.73,0.1379,0.6392
1778858901.221,0.3436,0.5789,2.00,120.4,16.60,-4.97,6.87,0.1254,0.6285
1778858901.292,0.3520,0.5766,2.00,120.4,14.10,-6.35,6.46,0.1147,0.6125
1778858901.361,0.3573,0.5742,2.00,120.4,12.24,-4.97,6.08,0.1158,0.6125
1778858901.428,0.3643,0.5718,2.00,120.4,11.09,-6.10,5.82,0.1144,0.6125
1778858901.494,0.3491,0.5694,2.00,120.4,10.81,-6.90,6.11,0.1191,0.6125
1778858901.560,0.3301,0.5670,2.00,120.4,11.50,-6.55,5.57,0.1285,0.6125
1778858901.628,0.3181,0.5646,2.00,120.4,12.94,-5.03,5.13,0.1764,0.6125
1778858901.694,0.2803,0.5622,2.00,120.4,12.86,-7.15,4.87,0.2056,0.6125
1778858901.759,0.2865,0.5598,2.00,120.4,12.20,-9.91,4.39,0.1791,0.6125
1778858901.826,0.3082,0.5574,2.00,120.4,12.77,-10.95,3.44,0.1295,0.6125
1778858901.894,0.3177,0.5550,2.00,120.4,14.58,-7.10,3.36,0.1123,0.6125
1778858901.959,0.1878,0.5550,2.00,120.4,14.07,-7.48,4.08,0.1019,0.6125
1778858902.028,0.0777,0.5550,2.00,120.4,15.70,-3.75,3.24,0.1013,0.6195
1778858902.093,0.0825,0.5550,2.00,120.4,16.34,-4.52,2.52,0.1062,0.6259
1778858902.162,0.0602,0.5550,2.00,120.4,17.34,-2.39,2.60,0.1072,0.6359
1778858902.228,0.0530,0.5550,2.00,120.4,17.48,-0.63,2.02,0.0963,0.6373
1778858902.289,0.0517,0.5550,2.00,120.4,17.88,-1.14,2.23,0.0969,0.6413
1778858902.354,0.0504,0.5550,2.00,120.4,17.80,-2.11,2.46,0.0934,0.6405
1778858902.389,0.0588,0.5561,2.00,120.4,17.42,-2.69,2.41,0.0967,0.6367
1778858902.423,0.0601,0.5561,2.00,120.4,17.48,-2.03,2.49,0.0960,0.6373
1778858902.453,0.0554,0.5571,2.00,120.4,17.66,-2.66,2.52,0.0982,0.6391
1778858902.490,0.0539,0.5571,2.00,120.4,17.15,-3.94,2.77,0.1003,0.6340
1778858902.520,0.0518,0.5571,2.00,120.4,17.43,-4.96,2.88,0.1000,0.6368
1778858902.557,0.0531,0.5571,2.00,120.4,17.64,-5.25,3.01,0.0968,0.6389
1778858902.626,0.0554,0.5561,2.00,120.4,17.65,-6.15,3.05,0.0930,0.6390
1778858902.689,0.0555,0.5550,2.00,120.4,17.54,-5.66,3.04,0.0892,0.6379
1778858902.759,0.0568,0.5550,2.00,120.4,17.55,-5.52,3.28,0.0921,0.6380
1778858902.825,0.0587,0.5540,2.00,120.4,18.14,-5.60,3.47,0.0909,0.6439
1778858902.893,0.0598,0.5529,2.00,120.4,18.37,-5.96,3.24,0.0932,0.6462
1778858902.959,0.0565,0.5518,2.00,120.4,18.24,-9.16,3.22,0.0931,0.6449
1778858903.024,0.0435,0.5507,2.00,120.4,17.06,-11.46,3.16,0.1037,0.6331
1778858903.090,0.0466,0.5507,2.00,120.4,15.78,-17.57,2.38,0.1203,0.6203
1778858903.162,0.0722,0.5507,2.00,120.4,13.78,-28.32,1.49,0.1269,0.6125
1778858903.229,0.3984,0.5483,2.00,120.4,10.09,-45.18,1.64,0.1785,0.6125
1778858903.293,0.6603,0.5459,2.00,120.4,11.25,-56.76,-0.02,0.2634,0.6125
1778858903.361,0.7236,0.5435,2.00,120.4,46.78,-70.64,145.53,0.3447,0.8625
1778858903.894,0.8066,0.5332,2.00,120.4,-7.49,-61.06,14.77,0.6995,0.6125
1778858903.959,0.4177,0.5307,2.00,120.4,-4.70,-42.82,13.14,0.3475,0.6125
1778858904.026,0.3762,0.5283,2.00,120.4,-4.01,-32.69,13.56,0.1829,0.6125
1778858904.094,0.3665,0.5258,2.00,120.4,-2.75,-25.95,14.20,0.1757,0.6125
1778858904.159,0.3649,0.5233,2.00,120.4,-2.81,-19.96,13.48,0.3285,0.6125
1778858904.222,0.3605,0.5209,2.00,120.4,-2.76,-18.11,12.72,0.3454,0.6125
1778858904.289,0.3578,0.5184,2.00,120.4,-2.72,-18.81,12.28,0.3491,0.6125
1778858904.363,0.3589,0.5160,2.00,120.4,-3.37,-22.88,12.45,0.3467,0.6125
1778858904.429,0.3578,0.5135,2.00,120.4,-3.29,-25.38,12.60,0.2142,0.6125
1778858904.493,0.3482,0.5111,2.00,120.4,-3.70,-28.01,13.15,0.2942,0.6125
1778858904.561,0.3531,0.5086,2.00,120.4,-4.03,-30.87,13.53,0.3461,0.6125
1778858904.629,0.1757,0.5086,2.00,120.4,-4.69,-35.73,14.76,0.3515,0.6125
1778858904.695,0.2084,0.5086,2.00,120.4,0.67,-56.14,-171.90,0.2433,0.6125
1778858904.760,0.4787,0.5061,3.00,127.0,5.74,-66.57,-176.99,0.3447,0.6125
1778858904.829,0.5683,0.5037,3.00,127.0,8.11,-73.18,-179.19,0.5544,0.6125
1778858904.898,0.6370,0.5012,3.00,127.0,9.76,-74.09,-179.92,0.5498,0.6125
1778858904.963,0.7251,0.4988,3.00,127.0,13.11,-73.94,176.27,0.3965,0.6125
1778858905.028,0.7958,0.4963,3.00,127.0,15.32,-74.36,174.37,0.3207,0.6157
1778858905.095,0.5575,0.4939,3.00,127.0,15.88,-71.34,174.84,0.2742,0.6213
1778858905.162,0.3698,0.4914,3.00,127.0,0.85,-44.38,10.36,0.2159,0.6125
1778858905.229,0.3211,0.4889,3.00,127.0,3.01,-34.17,12.13,0.2047,0.6125
1778858905.293,0.3300,0.4865,3.00,127.0,4.89,-24.94,12.58,0.2231,0.6125
1778858905.360,0.3409,0.4840,3.00,127.0,6.19,-18.43,12.68,0.2178,0.6125
1778858905.429,0.3378,0.4816,3.00,127.0,7.07,-15.03,13.11,0.2096,0.6125
1778858905.496,0.3291,0.4791,3.00,127.0,7.54,-12.89,13.14,0.2024,0.6125
1778858905.563,0.3130,0.4767,3.00,127.0,7.14,-11.36,13.73,0.1906,0.6125
1778858905.629,0.2769,0.4742,3.00,127.0,7.56,-12.69,14.43,0.1889,0.6125
1778858905.697,0.2693,0.4717,3.00,127.0,8.77,-11.47,14.14,0.1808,0.6125
1778858905.761,0.2747,0.4693,3.00,127.0,9.12,-12.45,14.53,0.1852,0.6125
1778858905.829,0.2655,0.4668,3.00,127.0,8.64,-11.80,14.74,0.1762,0.6125
1778858905.892,0.2653,0.4644,3.00,127.0,8.74,-12.32,14.91,0.1685,0.6125
1778858905.963,0.2639,0.4619,3.00,127.0,8.99,-12.07,15.00,0.1781,0.6125
1778858906.029,0.2676,0.4595,3.00,127.0,9.02,-12.02,14.86,0.1860,0.6125
1778858906.096,0.2576,0.4570,3.00,127.0,11.12,-9.98,14.02,0.1827,0.6125
1778858906.162,0.2671,0.4545,3.00,127.0,12.80,-6.50,13.15,0.1778,0.6125
1778858906.229,0.2746,0.4521,3.00,127.0,13.50,-5.46,12.38,0.1888,0.6125
1778858906.290,0.2736,0.4496,3.00,127.0,14.77,-3.86,12.01,0.1781,0.6120
1778858906.360,0.2737,0.4472,3.00,127.0,14.17,-3.76,11.99,0.1786,0.6087
1778858906.430,0.2820,0.4447,3.00,127.0,13.48,-6.33,12.21,0.1823,0.6055
1778858906.493,0.2968,0.4423,3.00,127.0,11.38,-13.08,12.45,0.2133,0.6022
1778858906.559,0.3156,0.4398,3.00,127.0,8.49,-17.71,12.67,0.2636,0.5989
1778858906.627,0.3404,0.4373,3.00,127.0,6.66,-22.35,13.50,0.2918,0.5956
1778858906.695,0.3627,0.4349,3.00,127.0,5.21,-25.63,14.10,0.2698,0.5924
1778858906.762,0.3719,0.4324,3.00,127.0,4.68,-25.91,13.53,0.1699,0.5891
1778858906.826,0.3666,0.4300,3.00,127.0,5.20,-24.86,13.08,0.1294,0.5858
1778858906.893,0.3647,0.4275,3.00,127.0,5.69,-23.81,12.49,0.1155,0.5825
1778858906.962,0.3525,0.4251,3.00,127.0,8.29,-21.46,11.49,0.1071,0.5792
1778858907.027,0.3641,0.4226,3.00,127.0,10.55,-21.97,11.63,0.1217,0.5760
1778858907.096,0.3761,0.4201,3.00,127.0,13.21,-23.01,10.48,0.1325,0.5727
1778858907.159,0.3663,0.4177,3.00,127.0,14.29,-21.84,11.34,0.1514,0.5694
1778858907.227,0.3576,0.4152,3.00,127.0,13.51,-22.75,11.60,0.1528,0.5661
1778858907.293,0.3623,0.4128,3.00,127.0,12.93,-23.49,11.42,0.1384,0.5629
1778858907.361,0.2994,0.4103,3.00,127.0,12.67,-23.24,11.29,0.1399,0.5596
1778858907.430,0.0966,0.4103,3.00,127.0,12.34,-19.03,10.99,0.1390,0.5596
1778858907.491,0.1058,0.4103,3.00,127.0,12.45,-9.21,11.54,0.1264,0.5596
1778858907.561,0.2126,0.4128,3.00,127.0,9.80,26.84,15.84,0.1334,0.5629
1778858907.630,0.2706,0.4128,4.00,133.5,11.94,38.19,19.95,0.1516,0.5629
1778858907.696,0.3833,0.4128,4.00,133.5,23.01,48.69,-147.42,0.2150,0.6429
1778858907.760,0.4220,0.4128,4.00,133.5,9.80,54.61,20.55,0.2560,0.5629
1778858907.830,0.3252,0.4128,4.00,133.5,9.41,52.73,19.15,0.2762,0.5629
1778858907.896,0.3723,0.4128,4.00,133.5,8.94,54.19,18.68,0.2744,0.5629
1778858907.962,0.3878,0.4128,4.00,133.5,8.39,53.54,17.39,0.2925,0.5629
1778858908.030,0.3766,0.4128,4.00,133.5,8.85,52.15,17.44,0.2587,0.5629
1778858908.093,0.3441,0.4128,4.00,133.5,9.50,50.03,17.24,0.2422,0.5629
1778858908.159,0.3424,0.4128,4.00,133.5,10.43,49.87,17.66,0.2419,0.5629
1778858908.229,0.3301,0.4128,4.00,133.5,10.24,49.86,17.13,0.2364,0.5629
1778858908.295,0.3234,0.4103,4.00,133.5,10.26,49.20,16.65,0.2442,0.5596
1778858908.362,0.3286,0.4079,4.00,133.5,8.99,49.42,15.52,0.2636,0.5563
1778858908.430,0.3674,0.4054,4.00,133.5,9.22,49.13,14.66,0.2917,0.5530
1778858908.495,0.3591,0.4029,4.00,133.5,9.65,46.86,15.05,0.2724,0.5498
1778858908.564,0.3648,0.4005,4.00,133.5,9.34,47.02,14.77,0.2565,0.5465
1778858908.625,0.3735,0.3980,4.00,133.5,8.39,46.78,13.99,0.2839,0.5432
1778858908.696,0.3728,0.3956,4.00,133.5,8.28,46.02,13.73,0.2736,0.5399
1778858908.763,0.3647,0.3931,4.00,133.5,8.22,45.08,13.69,0.2784,0.5367
1778858908.831,0.3563,0.3907,4.00,133.5,9.79,44.58,13.88,0.2662,0.5334
1778858908.898,0.3428,0.3882,4.00,133.5,9.60,44.17,13.61,0.2599,0.5301
1778858908.962,0.3383,0.3857,4.00,133.5,8.91,44.11,13.56,0.2654,0.5268
1778858909.030,0.3206,0.3833,4.00,133.5,8.35,43.91,13.52,0.2571,0.5236
1778858909.094,0.3312,0.3808,4.00,133.5,8.02,44.59,13.22,0.2603,0.5203
1778858909.165,0.3290,0.3784,4.00,133.5,8.52,43.96,12.61,0.2794,0.5170
1778858909.228,0.1821,0.3784,4.00,133.5,10.76,39.41,12.44,0.3965,0.5170
1778858909.295,0.0681,0.3784,4.00,133.5,20.17,17.69,13.92,0.2832,0.5687
1778858909.364,0.1091,0.3784,4.00,133.5,11.60,-25.00,8.01,0.3175,0.5170
1778858910.166,0.1958,0.3595,4.00,133.5,33.68,-51.46,-179.79,0.4387,0.6786
1778858910.225,0.0918,0.3579,4.00,133.5,23.77,-21.74,12.98,0.3378,0.5773
1778858910.293,0.1404,0.3562,4.00,133.5,26.65,-7.66,16.00,0.2933,0.6040
1778858910.362,0.1812,0.3562,4.00,133.5,28.14,-4.27,17.03,0.2485,0.6189
1778858910.429,0.2115,0.3562,4.00,133.5,28.06,-3.03,16.56,0.2571,0.6181
1778858910.492,0.2341,0.3537,4.00,133.5,28.45,-1.67,15.39,0.2598,0.6185
1778858910.563,0.2310,0.3511,4.00,133.5,27.65,0.51,14.36,0.2589,0.6072
1778858910.627,0.2079,0.3511,4.00,133.5,27.98,2.97,14.42,0.2687,0.6105
1778858910.698,0.1793,0.3511,4.00,133.5,28.78,3.38,13.98,0.2829,0.6185
1778858910.762,0.1870,0.3511,4.00,133.5,31.04,1.08,13.05,0.2606,0.6411
1778858910.830,0.1492,0.3511,4.00,133.5,33.35,-1.83,9.35,0.2389,0.6642
1778858910.897,0.1107,0.3511,4.00,133.5,36.95,-5.53,5.69,0.2464,0.7002
1778858910.965,0.1157,0.3511,4.00,133.5,38.17,-5.25,2.11,0.2185,0.7124
1778858911.030,0.0865,0.3511,4.00,133.5,39.24,-5.40,-0.17,0.2037,0.7231
1778858911.095,0.0887,0.3511,4.00,133.5,39.58,-5.16,-1.35,0.2069,0.7265
1778858911.159,0.0958,0.3511,4.00,133.5,37.80,-2.70,-1.89,0.2257,0.7087
1778858911.232,0.0791,0.3511,4.00,133.5,36.24,-1.06,-2.32,0.2226,0.6931
1778858911.296,0.0678,0.3511,4.00,133.5,36.48,-0.29,-0.81,0.2619,0.6955
1778858911.362,0.0479,0.3511,4.00,133.5,19.24,8.30,-5.04,0.2970,0.5231
1778858911.429,0.0879,0.3511,4.00,133.5,14.59,-0.22,0.28,0.2013,0.4807
1778858911.493,0.1295,0.3511,4.00,133.5,5.52,3.74,1.30,0.1534,0.4807
1778858911.561,0.0748,0.3511,4.00,133.5,12.10,6.83,4.60,0.1628,0.4807
1778858911.631,0.0575,0.3511,4.00,133.5,19.56,6.82,6.19,0.1537,0.5262
1778858911.692,0.0562,0.3511,4.00,133.5,20.25,4.90,6.87,0.1743,0.5332
1778858911.758,0.1339,0.3511,4.00,133.5,24.24,1.21,9.54,0.1476,0.5731
1778858911.792,0.2021,0.3511,4.00,133.5,39.05,-7.43,-173.04,0.1409,0.7212
1778858911.862,0.2352,0.3486,4.00,133.5,39.41,-12.70,-173.87,0.1355,0.7214
1778858911.931,0.2424,0.3461,4.00,133.5,23.31,-10.29,9.98,0.1448,0.5570
1778858911.995,0.2716,0.3435,4.00,133.5,23.55,-13.72,10.80,0.2050,0.5560
1778858912.060,0.2676,0.3410,4.00,133.5,21.98,-14.69,11.39,0.1953,0.5369
1778858912.131,0.3227,0.3384,4.00,133.5,20.63,-12.27,10.54,0.1727,0.5200
1778858912.199,0.3255,0.3359,4.00,133.5,19.99,-10.21,10.96,0.1515,0.5102
1778858912.263,0.3349,0.3333,4.00,133.5,43.89,-6.39,-170.59,0.2568,0.7069
1778858912.329,0.3290,0.3308,4.00,133.5,24.31,3.85,11.23,0.2977,0.5467
1778858912.394,0.3095,0.3282,4.00,133.5,21.87,5.20,11.61,0.3173,0.5189
1778858912.465,0.3181,0.3257,4.00,133.5,20.89,5.29,11.53,0.2885,0.5057
1778858912.530,0.3101,0.3232,4.00,133.5,19.49,2.97,11.62,0.2805,0.4883
1778858912.597,0.2908,0.3206,4.00,133.5,17.14,8.00,11.00,0.2987,0.4614
1778858912.662,0.2845,0.3181,4.00,133.5,14.29,12.71,9.62,0.3289,0.4366
1778858912.732,0.2585,0.3155,4.00,133.5,12.71,12.78,8.20,0.3437,0.4332
1778858912.795,0.2706,0.3130,4.00,133.5,11.19,13.49,6.88,0.3183,0.4298
1778858912.861,0.2805,0.3104,4.00,133.5,9.39,11.26,6.61,0.3179,0.4264
1778858912.931,0.2932,0.3079,4.00,133.5,6.71,12.35,6.34,0.3468,0.4230
1778858912.998,0.2807,0.3053,4.00,133.5,3.76,18.60,5.50,0.4055,0.4196
1778858913.064,0.2873,0.3028,4.00,133.5,1.60,24.18,4.32,0.3479,0.4162
1778858913.132,0.2755,0.3003,4.00,133.5,0.82,22.48,4.33,0.2626,0.4128
1778858913.195,0.2623,0.2977,4.00,133.5,0.65,21.75,3.66,0.3370,0.4094
1778858913.263,0.2290,0.2952,4.00,133.5,1.45,21.54,2.68,0.3601,0.4061
1778858913.330,0.2373,0.2926,4.00,133.5,1.89,22.07,2.03,0.3497,0.4027
1778858913.394,0.2549,0.2901,4.00,133.5,0.61,24.10,1.02,0.4082,0.3993
1778858913.464,0.2566,0.2875,4.00,133.5,0.09,23.83,0.60,0.3831,0.3959
1778858913.531,0.2419,0.2850,4.00,133.5,-0.36,24.56,0.24,0.3894,0.3925
1778858913.596,0.2304,0.2824,4.00,133.5,-0.49,26.39,-1.12,0.3977,0.3891
1778858913.665,0.2449,0.2799,4.00,133.5,1.47,27.95,-1.79,0.4035,0.3857
1778858913.731,0.2346,0.2774,4.00,133.5,0.67,28.10,-2.33,0.4109,0.3823
1778858913.797,0.2315,0.2748,4.00,133.5,0.54,26.76,-2.54,0.3858,0.3789
1778858913.864,0.2270,0.2723,4.00,133.5,0.70,24.85,-2.45,0.3625,0.3755
1778858913.932,0.2367,0.2697,4.00,133.5,0.46,24.81,-2.53,0.3646,0.3721
1778858913.998,0.2392,0.2672,4.00,133.5,-0.69,25.18,-2.35,0.3486,0.3687
1778858914.063,0.1262,0.2672,4.00,133.5,-1.74,24.33,-2.87,0.2695,0.3687
1778858914.128,0.1150,0.2672,4.00,133.5,-2.21,19.28,-2.10,0.2833,0.3687
1778858914.198,0.1691,0.2672,4.00,133.5,-1.56,16.73,-1.97,0.2952,0.3687
1778858914.265,0.1984,0.2672,4.00,133.5,-1.22,17.42,-2.22,0.3255,0.3687
1778858914.331,0.2075,0.2672,4.00,133.5,-1.22,16.32,-2.24,0.2957,0.3687
1778858914.398,0.2118,0.2672,4.00,133.5,-0.37,17.74,-2.83,0.2302,0.3687
1778858914.465,0.2259,0.2672,5.00,153.6,0.84,17.30,-2.99,0.1480,0.3687
1778858914.532,0.2249,0.2672,5.00,153.6,2.26,19.84,-3.22,0.1354,0.3687
1778858914.598,0.2190,0.2672,5.00,153.6,3.07,19.47,-3.31,0.1368,0.3687
1778858914.666,0.2090,0.2697,5.00,153.6,4.52,20.81,-3.98,0.1419,0.3721
1778858914.732,0.2167,0.2723,5.00,153.6,5.26,21.93,-4.85,0.1400,0.3755
1778858914.800,0.2086,0.2723,5.00,153.6,4.93,23.30,-4.63,0.1427,0.3755
1778858914.862,0.2038,0.2723,5.00,153.6,5.48,21.58,-3.39,0.1478,0.3755
1778858914.934,0.2072,0.2748,5.00,153.6,5.42,21.45,-1.76,0.1438,0.3789
1778858914.999,0.2150,0.2774,5.00,153.6,6.02,19.78,-0.27,0.1414,0.3823
1778858915.066,0.2173,0.2792,5.00,153.6,6.79,18.99,-0.04,0.1411,0.3848
1778858915.132,0.2227,0.2785,6.00,186.7,7.34,14.47,0.14,0.1296,0.3838
1778858915.197,0.2138,0.2803,6.00,186.7,7.79,15.41,-0.88,0.1244,0.3862
1778858915.264,0.2199,0.2796,7.00,179.8,6.60,16.91,-1.37,0.1316,0.3853
1778858915.332,0.2240,0.2789,7.00,179.8,7.69,16.91,-1.53,0.1318,0.3844
1778858915.397,0.2415,0.2782,7.00,179.8,8.45,16.01,-1.77,0.1291,0.3834
1778858915.466,0.2521,0.2775,7.00,179.8,9.12,14.58,-1.93,0.1287,0.3825
1778858915.533,0.2569,0.2768,7.00,179.8,9.90,13.81,-2.31,0.1280,0.3816
1778858915.597,0.2405,0.2761,7.00,179.8,9.04,14.25,-3.39,0.1271,0.3807
1778858915.662,0.2322,0.2754,7.00,179.8,8.30,14.52,-4.21,0.1301,0.3797
1778858915.732,0.2293,0.2748,7.00,179.8,8.49,13.58,-4.26,0.1317,0.3788
1778858915.796,0.2267,0.2741,7.00,179.8,8.57,12.64,-3.93,0.1323,0.3779
1778858915.866,0.2196,0.2734,7.00,179.8,9.31,12.51,-3.59,0.1320,0.3770
1778858915.929,0.2117,0.2752,7.00,179.8,9.39,11.88,-3.56,0.1295,0.3794
1778858915.999,0.2080,0.2770,7.00,179.8,9.67,12.48,-3.64,0.1309,0.3818
1778858916.066,0.2021,0.2787,7.00,179.8,8.88,13.01,-4.13,0.1331,0.3841
1778858916.132,0.2014,0.2805,7.00,179.8,8.36,14.94,-4.64,0.1344,0.3865
1778858916.198,0.2065,0.2822,7.00,179.8,8.30,16.05,-5.27,0.1362,0.3888
1778858916.265,0.2079,0.2840,7.00,179.8,8.43,16.88,-5.51,0.1375,0.3911
1778858916.332,0.2031,0.2857,7.00,179.8,8.50,16.62,-5.85,0.1365,0.3935
1778858916.399,0.2017,0.2874,7.00,179.8,8.23,16.81,-6.04,0.1342,0.3958
1778858916.465,0.1974,0.2892,7.00,179.8,7.89,16.60,-6.11,0.1350,0.3980
1778858916.532,0.1968,0.2909,7.00,179.8,8.09,17.07,-6.28,0.1336,0.4003
1778858916.599,0.1968,0.2909,7.00,179.8,8.44,16.80,-6.21,0.1300,0.4003
1778858916.666,0.1974,0.2909,7.00,179.8,8.40,16.79,-6.24,0.1311,0.4003
1778858916.732,0.1940,0.2909,7.00,179.8,8.36,17.08,-6.32,0.1356,0.4003
1778858916.799,0.1791,0.2909,7.00,179.8,7.96,16.91,-6.32,0.1385,0.4003
1778858916.866,0.1881,0.2909,7.00,179.8,8.00,17.47,-6.82,0.1412,0.4003
1778858916.933,0.2081,0.2909,7.00,179.8,7.41,18.09,-7.29,0.1403,0.4003
1778858916.999,0.2112,0.2909,7.00,179.8,7.02,17.27,-7.40,0.1368,0.4003
1778858917.066,0.2195,0.2885,7.00,179.8,6.47,18.75,-7.87,0.1276,0.3971
1778858917.133,0.2039,0.2885,7.00,179.8,5.23,18.71,-7.28,0.1397,0.3971
1778858917.200,0.1987,0.2885,7.00,179.8,4.73,17.96,-6.50,0.1375,0.3971
1778858917.266,0.2022,0.2885,7.00,179.8,4.34,16.05,-5.24,0.1333,0.3971
1778858917.332,0.2011,0.2909,7.00,179.8,4.31,16.25,-4.66,0.1329,0.4003
1778858917.397,0.2045,0.2933,7.00,179.8,4.34,15.77,-4.96,0.1336,0.4035
1778858917.466,0.2055,0.2957,7.00,179.8,3.55,15.63,-4.21,0.1325,0.4067
1778858976.894,0.3131,0.0000,0.00,250.0,0.56,6.81,1.01,0.1543,0.1000
1778858976.950,0.3103,0.0000,0.00,250.0,0.92,6.46,0.94,0.1527,0.1000
1778858976.985,0.3095,0.0000,0.00,250.0,1.05,6.42,0.92,0.1517,0.1000
1778858977.017,0.3087,0.0000,0.00,250.0,1.11,6.43,0.90,0.1512,0.1000
1778858977.051,0.3076,0.0000,0.00,250.0,1.15,6.43,0.88,0.1510,0.1000
1778858977.084,0.3067,0.0000,0.00,250.0,1.18,6.39,0.86,0.1510,0.1000
1778858977.117,0.3059,0.0000,0.00,250.0,1.20,6.36,0.84,0.1509,0.1000
1778858977.150,0.3055,0.0000,0.00,250.0,1.22,6.36,0.83,0.1508,0.1000
1778858977.183,0.3052,0.0000,0.00,250.0,1.22,6.38,0.82,0.1508,0.1000
1778858977.216,0.3051,0.0000,0.00,250.0,1.24,6.43,0.80,0.1507,0.1000
1778858977.249,0.3050,0.0000,0.00,250.0,1.25,6.44,0.80,0.1507,0.1000
1778858977.286,0.3049,0.0000,0.00,250.0,1.26,6.47,0.79,0.1507,0.1000
1778858977.353,0.3048,0.0000,0.00,250.0,1.28,6.50,0.78,0.1505,0.1000
1778858977.420,0.3037,0.0000,0.00,250.0,1.25,6.64,0.77,0.1502,0.1000
1778858977.483,0.3014,0.0000,0.00,250.0,1.24,7.26,0.82,0.1507,0.1000
1778858977.516,0.3005,0.0000,0.00,250.0,1.27,7.18,0.96,0.1506,0.1000
1778858977.554,0.3009,0.0000,0.00,250.0,1.28,7.16,1.02,0.1500,0.1000
1778858977.619,0.3001,0.0000,0.00,250.0,1.32,7.18,1.06,0.1499,0.1000
1778858977.687,0.3000,0.0000,0.00,250.0,1.29,7.06,1.09,0.1497,0.1000
1778858977.758,0.3014,0.0000,0.00,250.0,1.29,6.99,1.10,0.1496,0.1000
1778858977.821,0.3017,0.0000,0.00,250.0,1.32,6.94,1.11,0.1494,0.1000
1778858977.891,0.3027,0.0000,0.00,250.0,1.33,6.60,1.17,0.1487,0.1000
1778858977.953,0.3040,0.0000,0.00,250.0,1.34,6.31,1.19,0.1483,0.1000
1778858978.022,0.3042,0.0000,0.00,250.0,1.36,6.19,1.20,0.1481,0.1000
1778858978.090,0.3044,0.0000,0.00,250.0,1.36,6.16,1.19,0.1480,0.1000
1778858978.157,0.3043,0.0000,0.00,250.0,1.38,6.20,1.19,0.1479,0.1000
1778858978.221,0.3048,0.0000,0.00,250.0,1.37,6.09,1.20,0.1480,0.1000
1778858978.290,0.3047,0.0000,0.00,250.0,1.39,6.15,1.22,0.1481,0.1000
1778858978.356,0.3057,0.0000,0.00,250.0,1.47,6.08,1.27,0.1479,0.1000
1778858978.421,0.3076,0.0000,0.00,250.0,1.66,6.19,1.32,0.1477,0.1000
1778858978.484,0.3099,0.0000,0.00,250.0,1.78,6.39,1.39,0.1466,0.1000
1778858978.518,0.3110,0.0000,0.00,250.0,1.77,6.46,1.42,0.1478,0.1000
1778858978.551,0.3126,0.0000,0.00,250.0,1.83,6.67,1.46,0.1481,0.1000
1778858978.586,0.3140,0.0000,0.00,250.0,1.97,6.63,1.53,0.1473,0.1000
1778858978.616,0.3151,0.0000,0.00,250.0,2.00,6.44,1.58,0.1468,0.1000
1778858978.652,0.3159,0.0000,0.00,250.0,1.98,6.32,1.58,0.1466,0.1000
1778858978.723,0.3160,0.0000,0.00,250.0,1.99,6.36,1.58,0.1461,0.1000
1778858978.785,0.3154,0.0000,0.00,250.0,1.98,6.63,1.55,0.1457,0.1000
1778858978.858,0.3146,0.0000,0.00,250.0,2.01,6.68,1.55,0.1454,0.1000
1778858978.923,0.3141,0.0000,0.00,250.0,2.01,6.78,1.56,0.1453,0.1000
1778858978.990,0.3140,0.0000,0.00,250.0,2.01,6.81,1.56,0.1456,0.1000
1778858979.056,0.3140,0.0000,0.00,250.0,1.98,6.91,1.55,0.1468,0.1000
1778858979.126,0.3132,0.0000,0.00,250.0,1.87,6.78,1.46,0.1465,0.1000
1778858979.192,0.3124,0.0000,0.00,250.0,1.82,6.62,1.42,0.1465,0.1000
1778858979.259,0.3116,0.0000,0.00,250.0,1.80,6.50,1.41,0.1476,0.1000
1778858979.321,0.3106,0.0000,0.00,250.0,1.79,6.86,1.41,0.1479,0.1000
1778858979.390,0.3105,0.0000,0.00,250.0,1.76,6.76,1.48,0.1480,0.1000
1778858979.458,0.3106,0.0000,0.00,250.0,1.73,6.59,1.50,0.1481,0.1000
1778858979.523,0.3113,0.0000,0.00,250.0,1.75,6.63,1.50,0.1484,0.1000
1778858979.592,0.3129,0.0000,0.00,250.0,1.75,6.50,1.46,0.1465,0.1000
1778858979.656,0.3155,0.0000,0.00,250.0,1.76,6.44,1.46,0.1475,0.1000
1778858979.723,0.3153,0.0000,0.00,250.0,1.71,6.47,1.44,0.1477,0.1000
1778858979.792,0.3133,0.0000,0.00,250.0,1.70,6.39,1.45,0.1478,0.1000
1778858979.856,0.3131,0.0000,0.00,250.0,1.78,6.50,1.37,0.1473,0.1000
1778858979.923,0.3112,0.0000,0.00,250.0,1.83,6.24,1.38,0.1471,0.1000
1778858979.993,0.3098,0.0000,0.00,250.0,1.80,5.43,1.46,0.1452,0.1000
1778858980.053,0.3116,0.0000,0.00,250.0,2.01,4.54,1.45,0.1455,0.1000
1778858980.123,0.3079,0.0000,0.00,250.0,2.01,4.17,1.59,0.1484,0.1000
1778858980.194,0.3115,0.0000,0.00,250.0,2.17,3.27,1.76,0.1471,0.1000
1778858980.258,0.3118,0.0000,0.00,250.0,2.27,2.74,1.77,0.1446,0.1000
1778858980.324,0.3111,0.0000,0.00,250.0,2.29,2.52,1.72,0.1435,0.1000
1778858980.391,0.3107,0.0000,0.00,250.0,2.33,2.44,1.76,0.1440,0.1000
1778858980.456,0.3097,0.0000,0.00,250.0,2.38,2.62,1.80,0.1440,0.1000
1778858980.522,0.3102,0.0000,0.00,250.0,2.31,2.34,1.81,0.1446,0.1000
1778858980.590,0.3097,0.0000,0.00,250.0,2.23,2.26,1.83,0.1451,0.1000
1778858980.658,0.3106,0.0000,0.00,250.0,2.34,2.27,1.81,0.1455,0.1000
1778858980.722,0.3141,0.0000,0.00,250.0,2.38,1.67,1.78,0.1433,0.1000
1778858980.789,0.3155,0.0000,0.00,250.0,2.30,1.16,1.68,0.1420,0.1000
1778858980.856,0.3120,0.0000,0.00,250.0,2.42,0.63,1.66,0.1420,0.1000
1778858980.925,0.3136,0.0000,0.00,250.0,2.57,0.65,1.78,0.1452,0.1000
1778858980.989,0.3073,0.0000,0.00,250.0,2.72,0.56,1.90,0.1434,0.1000
1778858981.056,0.3034,0.0000,0.00,250.0,2.85,0.22,1.86,0.1456,0.1000
1778858981.124,0.3115,0.0000,0.00,250.0,2.82,0.27,1.83,0.1458,0.1000
1778858981.192,0.3130,0.0000,0.00,250.0,2.66,0.38,1.82,0.1472,0.1000
1778858981.256,0.3107,0.0000,0.00,250.0,2.49,-0.20,1.98,0.1468,0.1000
1778858981.319,0.3122,0.0000,0.00,250.0,2.39,-0.83,2.25,0.1468,0.1000
1778858981.353,0.3133,0.0000,0.00,250.0,2.54,-1.70,2.49,0.1476,0.1000
1778858981.422,0.3148,0.0000,0.00,250.0,2.70,-1.43,2.56,0.1472,0.1000
1778858981.487,0.3151,0.0000,0.00,250.0,2.87,-0.67,2.57,0.1457,0.1000
1778858981.557,0.3118,0.0000,0.00,250.0,2.84,-0.53,2.61,0.1459,0.1000
1778858981.621,0.3101,0.0000,0.00,250.0,2.90,-0.45,2.70,0.1449,0.1000
1778858981.692,0.3114,0.0000,0.00,250.0,2.91,-0.33,2.76,0.1464,0.1000
1778858981.759,0.3108,0.0000,0.00,250.0,3.20,0.22,2.77,0.1458,0.1000
1778858981.821,0.3153,0.0000,0.00,250.0,3.47,0.75,2.66,0.1443,0.1000
1778858981.854,0.3155,0.0000,0.00,250.0,3.31,0.59,2.66,0.1456,0.1000
1778858981.885,0.3155,0.0000,0.00,250.0,3.29,0.66,2.61,0.1474,0.1000
1778858981.922,0.3153,0.0000,0.00,250.0,3.35,0.71,2.54,0.1467,0.1000
1778858981.990,0.3155,0.0000,0.00,250.0,3.30,0.79,2.56,0.1461,0.1000
1778858982.056,0.3159,0.0000,0.00,250.0,3.30,0.69,2.57,0.1458,0.1000
1778858982.123,0.3121,0.0000,0.00,250.0,3.49,0.99,2.62,0.1478,0.1000
1778858982.188,0.3040,0.0000,0.00,250.0,3.70,1.42,2.66,0.1455,0.1000
1778858982.259,0.2951,0.0000,0.00,250.0,4.10,2.16,2.78,0.1426,0.1000
1778858982.323,0.2971,0.0000,0.00,250.0,3.66,1.09,3.00,0.1499,0.1000
1778858982.393,0.3000,0.0000,0.00,250.0,3.86,0.97,3.07,0.1467,0.1000
1778858982.456,0.3034,0.0000,0.00,250.0,3.85,0.89,3.08,0.1463,0.1000
1778858982.525,0.3051,0.0000,0.00,250.0,4.01,1.14,2.98,0.1464,0.1000
1778858982.592,0.3017,0.0000,0.00,250.0,4.29,2.67,2.89,0.1442,0.1000
1778858982.657,0.3060,0.0000,0.00,250.0,4.67,3.91,3.05,0.1433,0.1000
1778858982.725,0.3196,0.0000,0.00,250.0,5.01,4.87,3.15,0.1434,0.1000
1778858982.795,0.3195,0.0000,0.00,250.0,5.14,4.64,3.30,0.1465,0.1000
1778858982.857,0.3199,0.0000,0.00,250.0,5.31,5.20,3.29,0.1450,0.1000
1778858982.922,0.3181,0.0000,0.00,250.0,5.32,3.64,3.44,0.1446,0.1000
1778858982.994,0.3196,0.0000,0.00,250.0,5.36,2.92,3.59,0.1409,0.1000
1778858983.061,0.3275,0.0000,0.00,250.0,5.68,4.44,3.32,0.1395,0.1000
1778858983.123,0.3255,0.0000,0.00,250.0,6.10,4.50,3.05,0.1413,0.1000
1778858983.192,0.3327,0.0000,0.00,250.0,5.68,3.15,3.06,0.1413,0.1000
1778858983.261,0.3390,0.0000,0.00,250.0,5.70,3.21,3.04,0.1421,0.1000
1778858983.324,0.3343,0.0000,0.00,250.0,5.58,1.64,2.79,0.1433,0.1000
1778858983.392,0.3323,0.0000,0.00,250.0,5.60,2.56,2.57,0.1422,0.1000
1778858983.457,0.3299,0.0000,0.00,250.0,5.58,3.84,2.47,0.1430,0.1000
1778858983.527,0.3261,0.0000,0.00,250.0,5.44,4.41,2.45,0.1451,0.1000
1778858983.590,0.3228,0.0000,0.00,250.0,5.51,3.62,2.45,0.1423,0.1000
1778858983.659,0.3205,0.0000,0.00,250.0,5.72,4.58,2.42,0.1431,0.1000
1778858983.724,0.3218,0.0000,0.00,250.0,5.72,4.94,2.39,0.1435,0.1000
1778858983.794,0.3228,0.0000,0.00,250.0,5.65,4.70,2.42,0.1429,0.1000
1778858983.859,0.3222,0.0000,0.00,250.0,5.62,4.39,2.45,0.1425,0.1000
1778858983.924,0.3226,0.0000,0.00,250.0,5.60,4.31,2.48,0.1423,0.1000
1778858983.991,0.3230,0.0000,0.00,250.0,5.58,4.46,2.46,0.1422,0.1000
1778858984.060,0.3247,0.0000,0.00,250.0,5.66,4.70,2.43,0.1425,0.1000
1778858984.125,0.3250,0.0000,0.00,250.0,5.63,4.59,2.43,0.1425,0.1000
1778858984.193,0.3241,0.0000,0.00,250.0,5.55,4.48,2.42,0.1430,0.1000
1778858984.260,0.3226,0.0000,0.00,250.0,5.47,4.29,2.41,0.1434,0.1000
1778858984.324,0.3226,0.0000,0.00,250.0,5.47,4.35,2.38,0.1437,0.1000
1778858984.392,0.3234,0.0000,0.00,250.0,5.48,4.68,2.17,0.1435,0.1000
1778858984.460,0.3234,0.0000,0.00,250.0,5.57,5.07,2.03,0.1431,0.1000
1778858984.525,0.3209,0.0000,0.00,250.0,5.61,4.76,2.01,0.1423,0.1000
1778858984.592,0.3195,0.0000,0.00,250.0,5.62,4.83,1.97,0.1422,0.1000
1778858984.658,0.3181,0.0000,0.00,250.0,5.62,4.80,1.95,0.1420,0.1000
1778858984.725,0.3173,0.0000,0.00,250.0,5.60,4.78,1.95,0.1421,0.1000
1778858984.793,0.3174,0.0000,0.00,250.0,5.49,4.95,1.98,0.1438,0.1000
1778858984.860,0.3174,0.0000,0.00,250.0,5.53,4.91,2.02,0.1437,0.1000
1778858984.928,0.3168,0.0000,0.00,250.0,5.55,4.98,2.03,0.1426,0.1000
1778858984.992,0.3162,0.0000,0.00,250.0,5.54,4.91,2.06,0.1422,0.1000
1778858985.060,0.3152,0.0000,0.00,250.0,5.52,4.95,2.07,0.1417,0.1000
1778858985.127,0.3132,0.0000,0.00,250.0,5.50,4.93,2.06,0.1412,0.1000
1778858985.192,0.3127,0.0000,0.00,250.0,5.54,4.76,2.06,0.1407,0.1000
1778858985.262,0.3126,0.0000,0.00,250.0,5.52,4.67,2.07,0.1408,0.1000
1778858985.327,0.3123,0.0000,0.00,250.0,5.49,4.69,2.06,0.1406,0.1000
1778858985.394,0.3118,0.0000,0.00,250.0,5.56,4.64,2.06,0.1404,0.1000
1778858985.460,0.3120,0.0000,0.00,250.0,5.56,4.62,2.05,0.1405,0.1000
1778858985.527,0.3120,0.0000,0.00,250.0,5.57,4.64,2.04,0.1404,0.1000
1778858985.592,0.3119,0.0000,0.00,250.0,5.56,4.73,2.03,0.1405,0.1000
1778858985.660,0.3120,0.0000,0.00,250.0,5.55,4.69,2.01,0.1408,0.1000
1778858985.725,0.3119,0.0000,0.00,250.0,5.54,4.58,2.01,0.1410,0.1000
1778858985.792,0.3120,0.0000,0.00,250.0,5.52,4.63,1.98,0.1411,0.1000
1778858985.861,0.3119,0.0000,0.00,250.0,5.53,4.87,1.94,0.1419,0.1000
1778858985.926,0.3119,0.0000,0.00,250.0,5.44,4.91,1.92,0.1419,0.1000
1778858985.995,0.3119,0.0000,0.00,250.0,5.40,4.81,1.91,0.1418,0.1000
1778858986.059,0.3119,0.0000,0.00,250.0,5.42,4.73,1.91,0.1416,0.1000
1778858986.127,0.3127,0.0000,0.00,250.0,5.43,4.64,1.88,0.1413,0.1000
1778858986.195,0.3130,0.0000,0.00,250.0,5.45,4.63,1.87,0.1407,0.1000
1778858986.260,0.3130,0.0000,0.00,250.0,5.42,4.53,1.84,0.1404,0.1000
1778858986.325,0.3132,0.0000,0.00,250.0,5.45,4.64,1.83,0.1401,0.1000
1778858986.395,0.3129,0.0000,0.00,250.0,5.46,4.72,1.83,0.1399,0.1000
1778858986.460,0.3126,0.0000,0.00,250.0,5.45,4.73,1.84,0.1400,0.1000
1778858986.526,0.3124,0.0000,0.00,250.0,5.42,4.75,1.85,0.1409,0.1000
1778858986.591,0.3124,0.0000,0.00,250.0,5.38,4.79,1.86,0.1410,0.1000
1778858986.659,0.3125,0.0000,0.00,250.0,5.36,4.82,1.87,0.1415,0.1000
1778858986.728,0.3127,0.0000,0.00,250.0,5.33,4.85,1.87,0.1417,0.1000
1778858986.793,0.3124,0.0000,0.00,250.0,5.33,4.85,1.88,0.1416,0.1000
1778858986.859,0.3120,0.0000,0.00,250.0,5.33,4.82,1.89,0.1416,0.1000
1778858986.927,0.3118,0.0000,0.00,250.0,5.34,4.91,1.89,0.1417,0.1000
1778858986.996,0.3111,0.0000,0.00,250.0,5.32,5.01,1.88,0.1417,0.1000
1778858987.061,0.3109,0.0000,0.00,250.0,5.27,5.29,1.97,0.1417,0.1000
1778858987.125,0.3157,0.0000,0.00,250.0,5.19,5.40,2.00,0.1417,0.1000
1778858987.196,0.3171,0.0000,0.00,250.0,5.17,5.43,2.00,0.1415,0.1000
1778858987.263,0.3181,0.0000,0.00,250.0,5.13,5.40,2.01,0.1421,0.1000
1778858987.327,0.3179,0.0000,0.00,250.0,5.11,5.46,1.99,0.1428,0.1000
1778858987.395,0.3185,0.0000,0.00,250.0,5.11,5.48,2.00,0.1427,0.1000
1778858987.462,0.3188,0.0000,0.00,250.0,5.08,5.58,2.02,0.1426,0.1000
1778858987.528,0.3189,0.0000,0.00,250.0,5.06,5.52,2.04,0.1428,0.1000
1778858987.593,0.3194,0.0000,0.00,250.0,5.06,5.55,2.04,0.1427,0.1000
1778858987.660,0.3201,0.0000,0.00,250.0,5.07,5.50,2.04,0.1427,0.1000
1778858987.728,0.3205,0.0000,0.00,250.0,5.08,5.45,2.06,0.1425,0.1000
1778858987.794,0.3233,0.0000,0.00,250.0,5.13,5.51,2.04,0.1420,0.1000
1778858987.861,0.3230,0.0000,0.00,250.0,5.12,5.55,2.04,0.1416,0.1000
1778858987.927,0.3229,0.0000,0.00,250.0,5.11,5.65,2.03,0.1415,0.1000
1778858987.993,0.3228,0.0000,0.00,250.0,5.14,5.70,2.04,0.1413,0.1000
1778858988.061,0.3233,0.0000,0.00,250.0,5.07,5.81,2.04,0.1414,0.1000
1778858988.128,0.3233,0.0000,0.00,250.0,5.05,5.79,2.04,0.1418,0.1000
1778858988.194,0.3236,0.0000,0.00,250.0,5.03,5.81,2.03,0.1420,0.1000
1778858988.260,0.3240,0.0000,0.00,250.0,5.02,5.83,2.04,0.1419,0.1000
1778858988.329,0.3243,0.0000,0.00,250.0,5.01,5.82,2.04,0.1418,0.1000
1778858988.396,0.3240,0.0000,0.00,250.0,4.98,5.82,2.05,0.1416,0.1000
1778858988.461,0.3235,0.0000,0.00,250.0,4.96,5.67,2.07,0.1414,0.1000
1778858988.526,0.3234,0.0000,0.00,250.0,4.93,5.69,2.07,0.1416,0.1000
1778858988.595,0.3242,0.0000,0.00,250.0,4.91,5.60,2.09,0.1418,0.1000
1778858988.661,0.3242,0.0000,0.00,250.0,4.88,5.52,2.10,0.1420,0.1000
1778858988.728,0.3233,0.0000,0.00,250.0,4.91,5.31,2.13,0.1411,0.1000
1778858988.796,0.3229,0.0000,0.00,250.0,4.90,5.24,2.15,0.1411,0.1000
1778858988.861,0.3229,0.0000,0.00,250.0,4.86,5.39,2.15,0.1410,0.1000
1778858988.929,0.3226,0.0000,0.00,250.0,4.83,5.36,2.17,0.1409,0.1000
1778858988.997,0.3225,0.0000,0.00,250.0,4.80,5.41,2.17,0.1410,0.1000
1778858989.064,0.3229,0.0000,0.00,250.0,4.74,5.47,2.15,0.1412,0.1000
1778858989.128,0.3229,0.0000,0.00,250.0,4.71,5.46,2.14,0.1418,0.1000
1778858989.194,0.3227,0.0000,0.00,250.0,4.72,5.47,2.15,0.1420,0.1000
1778858989.261,0.3226,0.0000,0.00,250.0,4.70,5.50,2.14,0.1422,0.1000
1778858989.329,0.3223,0.0000,0.00,250.0,4.68,5.47,2.15,0.1425,0.1000
1778858989.396,0.3219,0.0000,0.00,250.0,4.68,5.44,2.17,0.1428,0.1000
1778858989.461,0.3215,0.0000,0.00,250.0,4.68,5.44,2.17,0.1429,0.1000
1778858989.527,0.3217,0.0000,0.00,250.0,4.65,5.35,2.18,0.1429,0.1000
1778858989.596,0.3235,0.0000,0.00,250.0,4.72,5.48,2.18,0.1408,0.1000
1778858989.660,0.3234,0.0000,0.00,250.0,4.51,5.47,2.17,0.1414,0.1000
1778858989.729,0.3245,0.0000,0.00,250.0,4.26,5.43,2.17,0.1418,0.1000
1778858989.794,0.3255,0.0000,0.00,250.0,4.25,5.38,2.08,0.1420,0.1000
1778858989.861,0.3244,0.0000,0.00,250.0,4.24,5.24,2.07,0.1424,0.1000
1778858989.927,0.3235,0.0000,0.00,250.0,4.36,5.62,2.04,0.1414,0.1000
1778858989.995,0.3239,0.0000,0.00,250.0,4.41,5.60,2.06,0.1422,0.1000
1778858990.062,0.3252,0.0000,0.00,250.0,4.53,5.51,2.10,0.1423,0.1000
1778858990.130,0.3257,0.0000,0.00,250.0,4.55,5.29,2.16,0.1426,0.1000
1778858990.193,0.3268,0.0000,0.00,250.0,4.58,4.92,2.23,0.1432,0.1000
1778858990.262,0.3286,0.0000,0.00,250.0,4.59,4.19,2.31,0.1434,0.1000
1778858990.329,0.3309,0.0000,0.00,250.0,4.61,3.81,2.36,0.1434,0.1000
1778858990.396,0.3328,0.0000,0.00,250.0,4.61,3.59,2.36,0.1439,0.1000
1778858990.462,0.3296,0.0000,0.00,250.0,4.56,3.63,2.32,0.1439,0.1000
1778858990.527,0.3287,0.0000,0.00,250.0,4.51,3.74,2.26,0.1437,0.1000
1778858990.596,0.3273,0.0000,0.00,250.0,4.51,3.87,2.24,0.1427,0.1000
1778858990.661,0.3264,0.0000,0.00,250.0,4.48,3.97,2.22,0.1428,0.1000
1778858990.727,0.3255,0.0000,0.00,250.0,4.43,4.06,2.19,0.1426,0.1000
1778858990.793,0.3244,0.0000,0.00,250.0,4.40,4.24,2.19,0.1428,0.1000
1778858990.863,0.3238,0.0000,0.00,250.0,4.42,4.35,2.18,0.1426,0.1000
1778858990.928,0.3237,0.0000,0.00,250.0,4.40,4.39,2.19,0.1428,0.1000
1778858990.994,0.3238,0.0000,0.00,250.0,4.41,4.43,2.20,0.1432,0.1000
1778858991.061,0.3239,0.0000,0.00,250.0,4.41,4.51,2.20,0.1434,0.1000
1778858991.128,0.3243,0.0000,0.00,250.0,4.44,4.45,2.21,0.1434,0.1000
1778858991.195,0.3245,0.0000,0.00,250.0,4.47,4.45,2.20,0.1434,0.1000
1778858991.263,0.3249,0.0000,0.00,250.0,4.47,4.45,2.22,0.1434,0.1000
1778858991.329,0.3247,0.0000,0.00,250.0,4.49,4.50,2.23,0.1435,0.1000
1778858991.396,0.3251,0.0000,0.00,250.0,4.50,4.52,2.23,0.1435,0.1000
1778858991.462,0.3226,0.0000,0.00,250.0,4.42,4.51,2.21,0.1434,0.1000
1778858991.525,0.3192,0.0000,0.00,250.0,4.36,4.48,2.26,0.1428,0.1000
1778858991.596,0.3175,0.0000,0.00,250.0,4.34,4.47,2.28,0.1425,0.1000
1778858991.662,0.3171,0.0000,0.00,250.0,4.33,4.45,2.32,0.1422,0.1000
1778858991.729,0.3172,0.0000,0.00,250.0,4.31,4.68,2.28,0.1419,0.1000
1778858991.794,0.3152,0.0000,0.00,250.0,4.26,4.85,2.24,0.1414,0.1000
1778858991.864,0.3137,0.0000,0.00,250.0,4.22,4.96,2.25,0.1417,0.1000
1778858991.930,0.3108,0.0000,0.00,250.0,4.13,5.29,2.27,0.1424,0.1000
1778858991.996,0.3090,0.0000,0.00,250.0,4.13,5.30,2.29,0.1422,0.1000
1778858992.063,0.3094,0.0000,0.00,250.0,4.14,5.19,2.28,0.1422,0.1000
1778858992.129,0.3095,0.0000,0.00,250.0,4.16,5.30,2.28,0.1425,0.1000
1778858992.195,0.3091,0.0000,0.00,250.0,4.15,5.25,2.29,0.1426,0.1000
1778858992.258,0.3088,0.0000,0.00,250.0,4.14,5.19,2.30,0.1427,0.1000
1778858992.291,0.3083,0.0000,0.00,250.0,4.14,5.24,2.29,0.1428,0.1000
1778858992.324,0.3081,0.0000,0.00,250.0,4.13,5.21,2.29,0.1429,0.1000
1778858992.359,0.3079,0.0000,0.00,250.0,4.12,5.18,2.30,0.1429,0.1000
1778858992.393,0.3080,0.0000,0.00,250.0,4.10,5.20,2.29,0.1427,0.1000
1778858992.425,0.3079,0.0000,0.00,250.0,4.04,5.23,2.29,0.1434,0.1000
1778858992.460,0.3077,0.0000,0.00,250.0,3.97,5.23,2.27,0.1435,0.1000
1778858992.490,0.3077,0.0000,0.00,250.0,3.90,5.18,2.24,0.1432,0.1000
1778858992.525,0.3073,0.0000,0.00,250.0,3.91,5.16,2.20,0.1425,0.1000
1778858992.558,0.3068,0.0000,0.00,250.0,3.97,5.07,2.18,0.1421,0.1000
1778858992.594,0.3078,0.0000,0.00,250.0,4.04,5.16,2.12,0.1422,0.1000
1778858992.660,0.3079,0.0000,0.00,250.0,3.92,5.37,2.03,0.1431,0.1000
1778858992.727,0.3073,0.0000,0.00,250.0,3.86,5.59,1.98,0.1443,0.1000
1778858992.795,0.3063,0.0000,0.00,250.0,3.92,5.85,2.02,0.1448,0.1000
1778858992.862,0.3061,0.0000,0.00,250.0,3.91,5.95,2.00,0.1445,0.1000
1778858992.928,0.3056,0.0000,0.00,250.0,3.97,6.00,2.01,0.1443,0.1000
1778858992.997,0.3058,0.0000,0.00,250.0,3.97,5.83,2.02,0.1438,0.1000
1778858993.063,0.3052,0.0000,0.00,250.0,4.01,5.78,2.04,0.1436,0.1000
1778858993.128,0.3057,0.0000,0.00,250.0,4.00,5.77,2.05,0.1433,0.1000
1778858993.197,0.3032,0.0000,0.00,250.0,3.99,5.79,2.01,0.1436,0.1000
1778858993.265,0.3041,0.0000,0.00,250.0,4.01,5.73,1.99,0.1438,0.1000
1778858993.331,0.3046,0.0000,0.00,250.0,3.99,5.74,1.97,0.1439,0.1000
1778858993.396,0.3051,0.0000,0.00,250.0,4.00,5.68,1.96,0.1439,0.1000
1778858993.464,0.3058,0.0000,0.00,250.0,4.10,5.61,1.97,0.1440,0.1000
1778858993.526,0.3081,0.0000,0.00,250.0,4.13,5.52,1.97,0.1442,0.1000
1778858993.595,0.3109,0.0000,0.00,250.0,4.18,5.47,1.97,0.1442,0.1000
1778858993.665,0.3126,0.0000,0.00,250.0,4.17,5.38,1.95,0.1445,0.1000
1778858993.731,0.3151,0.0000,0.00,250.0,4.21,5.41,1.98,0.1442,0.1000
1778858993.798,0.3183,0.0000,0.00,250.0,4.39,5.69,1.97,0.1437,0.1000
1778858993.864,0.3183,0.0000,0.00,250.0,4.41,5.83,1.96,0.1434,0.1000
1778858993.932,0.3244,0.0000,0.00,250.0,4.51,5.82,2.03,0.1447,0.1000
1778858993.997,0.3267,0.0000,0.00,250.0,4.49,6.65,1.96,0.1443,0.1000
1778858994.063,0.3216,0.0000,0.00,250.0,4.43,6.46,1.97,0.1475,0.1000
1778858994.130,0.3166,0.0000,0.00,250.0,4.74,6.93,1.87,0.1464,0.1000
1778858994.198,0.3146,0.0000,0.00,250.0,4.86,6.61,1.83,0.1452,0.1000
1778858994.264,0.3099,0.0000,0.00,250.0,4.93,6.19,1.93,0.1462,0.1000
1778858994.331,0.3065,0.0000,0.00,250.0,4.83,5.84,1.96,0.1462,0.1000
1778858994.397,0.3022,0.0000,0.00,250.0,4.91,5.97,1.94,0.1451,0.1000
1778858994.464,0.2956,0.0000,0.00,250.0,4.79,6.30,1.93,0.1476,0.1000
1778858994.527,0.2751,0.0000,0.00,250.0,4.57,6.26,1.97,0.1484,0.1000
1778858994.595,0.2529,0.0000,0.00,250.0,4.32,5.76,2.04,0.1490,0.1000
1778858994.664,0.1907,0.0035,0.00,250.0,4.09,4.49,2.18,0.1475,0.1000
1778858994.729,0.1956,0.0070,0.00,250.0,3.88,3.64,2.29,0.1480,0.1000
1778858994.797,0.2111,0.0105,0.00,250.0,4.01,2.34,2.34,0.1470,0.1000
1778858994.863,0.2243,0.0140,0.00,250.0,4.36,2.52,2.56,0.1431,0.1000
1778858994.930,0.2295,0.0174,0.00,250.0,4.63,3.20,2.38,0.1427,0.1000
1778858994.997,0.2324,0.0208,0.00,250.0,4.86,3.50,2.35,0.1435,0.1000
1778858995.065,0.2339,0.0242,0.00,250.0,4.94,3.14,2.39,0.1465,0.1000
1778858995.130,0.2329,0.0276,0.00,250.0,5.09,3.14,2.47,0.1416,0.1000
1778858995.195,0.2338,0.0309,0.00,250.0,5.36,3.80,2.39,0.1389,0.1000
1778858995.264,0.2358,0.0342,0.00,250.0,5.58,3.88,2.52,0.1438,0.1000
1778858995.330,0.2378,0.0375,0.00,250.0,5.90,3.60,2.62,0.1423,0.1000
1778858995.397,0.2303,0.0408,0.00,250.0,6.03,3.45,2.55,0.1418,0.1000
1778858995.462,0.2337,0.0441,0.00,250.0,6.24,3.41,2.58,0.1409,0.1000
1778858995.527,0.2299,0.0473,0.00,250.0,6.17,3.26,2.72,0.1413,0.1000
1778858995.597,0.2203,0.0505,0.00,250.0,6.06,3.62,2.97,0.1394,0.1000
1778858995.664,0.1918,0.0537,0.00,250.0,6.46,2.41,3.32,0.1394,0.1000
1778858995.731,0.1835,0.0569,0.00,250.0,6.53,2.02,3.37,0.1381,0.1000
1778858995.798,0.1686,0.0600,0.00,250.0,6.68,1.41,3.36,0.1362,0.1000
1778858995.865,0.1722,0.0631,0.00,250.0,6.30,1.27,3.24,0.1393,0.1000
1778858995.930,0.1759,0.0662,0.00,250.0,6.21,1.38,3.22,0.1413,0.1000
1778858995.998,0.1705,0.0693,0.00,250.0,6.39,0.81,3.28,0.1424,0.1000
1778858996.064,0.1701,0.0724,0.00,250.0,6.14,0.04,3.30,0.1510,0.1000
1778858996.131,0.1808,0.0754,0.00,250.0,6.55,-1.65,3.28,0.1471,0.1000
1778858996.197,0.1793,0.0784,0.00,250.0,6.81,-1.21,3.04,0.1434,0.1000
1778858996.265,0.1846,0.0814,0.00,250.0,6.55,-0.22,2.97,0.1437,0.1000
1778858996.331,0.1939,0.0844,0.00,250.0,6.98,-0.06,3.03,0.1415,0.1000
1778858996.398,0.2010,0.0874,0.00,250.0,6.90,0.28,3.05,0.1404,0.1000
1778858996.463,0.2126,0.0903,0.00,250.0,6.85,0.76,3.03,0.1408,0.1000
1778858996.529,0.2261,0.0932,0.00,250.0,6.62,0.96,2.99,0.1437,0.1000
1778858996.598,0.2419,0.0962,0.00,250.0,6.16,2.14,3.08,0.1469,0.1000
1778858996.663,0.1926,0.0990,0.00,250.0,6.41,-1.31,3.24,0.1444,0.1000
1778858996.731,0.2143,0.1019,0.00,250.0,5.86,-3.33,3.57,0.1467,0.1000
1778858996.798,0.2260,0.1048,0.00,250.0,6.07,-3.62,3.61,0.1462,0.1000
1778858996.865,0.2350,0.1076,0.00,250.0,6.58,-4.69,3.97,0.1437,0.1000
1778858996.931,0.1512,0.1104,0.00,250.0,6.78,-5.04,3.84,0.1425,0.1000
1778858996.996,0.0825,0.1132,0.00,250.0,6.83,-4.55,3.93,0.1511,0.1000
1778858997.064,0.0688,0.1160,0.00,250.0,7.86,-3.74,3.90,0.1474,0.1000
1778858997.133,0.0707,0.1187,0.00,250.0,8.43,-4.56,3.87,0.1444,0.1000
1778858997.199,0.0540,0.1215,0.00,250.0,8.69,-4.54,4.39,0.1445,0.1000
1778858997.265,0.0536,0.1242,0.00,250.0,9.21,-3.50,4.14,0.1406,0.1000
1778858997.330,0.0750,0.1269,0.00,250.0,9.58,-4.29,3.92,0.1414,0.1000
1778858997.397,0.1041,0.1296,0.00,250.0,9.37,-4.46,3.89,0.1393,0.1000
1778858997.467,0.1416,0.1323,0.00,250.0,26.43,-5.79,-177.77,0.1378,0.2143
1778858997.528,0.1437,0.1350,0.00,250.0,27.21,-5.23,-177.63,0.1348,0.2221
1778858997.598,0.1548,0.1376,0.00,250.0,27.47,-5.19,-177.57,0.1361,0.2247
1778858997.666,0.1626,0.1402,0.00,250.0,28.13,-4.52,-177.35,0.1350,0.2313
1778858997.731,0.1518,0.1429,0.00,250.0,27.91,-4.21,-177.15,0.1384,0.2291
1778858997.797,0.1692,0.1455,0.00,250.0,29.83,-4.79,-177.19,0.1351,0.2483
1778858997.864,0.1477,0.1480,0.00,250.0,32.05,-2.82,-177.12,0.1273,0.2705
1778858997.931,0.1449,0.1506,0.00,250.0,32.28,-4.10,-177.45,0.1169,0.2736
1778858997.998,0.1513,0.1532,0.00,250.0,33.24,-4.83,-177.60,0.1177,0.2866
1778858998.066,0.1412,0.1557,0.00,250.0,33.72,-4.63,-177.45,0.1180,0.2948
1778858998.138,0.1411,0.1582,0.00,250.0,33.05,-6.46,-177.70,0.1241,0.2914
1778858998.199,0.1325,0.1607,0.00,250.0,33.68,-6.85,-177.87,0.1251,0.3011
1778858998.265,0.1365,0.1632,0.00,250.0,33.63,-6.62,-178.00,0.1191,0.3039
1778858998.333,0.1313,0.1657,0.00,250.0,33.92,-5.98,-178.18,0.1124,0.3101
1778858998.400,0.1178,0.1681,0.00,250.0,34.58,-5.42,-178.01,0.1101,0.3200
1778858998.465,0.1294,0.1706,0.00,250.0,34.68,-5.66,-178.12,0.1144,0.3243
1778858998.529,0.1415,0.1730,0.00,250.0,34.99,-5.71,-178.05,0.1130,0.3306
1778858998.598,0.1549,0.1754,0.00,250.0,35.32,-5.63,-177.99,0.1111,0.3371
1778858998.665,0.1482,0.1778,0.00,250.0,35.72,-5.91,-178.17,0.1121,0.3443
1778858998.731,0.1441,0.1802,0.00,250.0,36.68,-5.78,-178.32,0.1071,0.3571
1778858998.798,0.1357,0.1826,0.00,250.0,36.98,-5.61,-178.26,0.0991,0.3633
1778858998.865,0.1367,0.1850,0.00,250.0,37.51,-5.86,-178.42,0.0943,0.3717
1778858998.933,0.1362,0.1873,0.00,250.0,37.82,-5.97,-178.49,0.0952,0.3779
1778858998.999,0.1271,0.1897,0.00,250.0,37.17,-6.12,-178.64,0.0983,0.3746
1778858999.065,0.1295,0.1920,0.00,250.0,37.42,-6.30,-178.79,0.0956,0.3802
1778858999.131,0.1226,0.1943,0.00,250.0,37.39,-6.44,-178.65,0.0988,0.3829
1778858999.198,0.1168,0.1966,0.00,250.0,37.62,-7.30,-178.61,0.0954,0.3884
1778858999.266,0.1237,0.1989,0.00,250.0,38.16,-7.57,-178.78,0.0929,0.3967
1778858999.332,0.1214,0.2011,0.00,250.0,38.25,-7.76,-178.66,0.0919,0.4007
1778858999.399,0.1216,0.2034,0.00,250.0,38.01,-8.03,-178.74,0.0935,0.4013
1778858999.466,0.1222,0.2056,0.00,250.0,38.05,-8.05,-178.77,0.0931,0.4047
1778858999.529,0.1243,0.2079,0.00,250.0,38.52,-7.77,-178.70,0.0916,0.4124
1778858999.598,0.1214,0.2101,0.00,250.0,38.85,-7.49,-178.53,0.0895,0.4186
1778858999.664,0.1131,0.2123,0.00,250.0,38.88,-7.85,-178.52,0.0923,0.4218
1778858999.734,0.1178,0.2145,0.00,250.0,39.20,-7.94,-178.56,0.0936,0.4280
1778858999.798,0.1236,0.2167,0.00,250.0,38.87,-8.50,-178.80,0.0991,0.4276
1778858999.866,0.1169,0.2188,0.00,250.0,38.15,-8.59,-178.86,0.0951,0.4233
1778858999.933,0.1160,0.2210,0.00,250.0,16.00,-8.48,4.43,0.0983,0.2046
1778859000.000,0.1198,0.2231,0.00,250.0,15.91,-8.41,4.49,0.1006,0.2067
1778859000.066,0.1064,0.2253,0.00,250.0,15.51,-8.58,4.81,0.1050,0.2055
1778859000.126,0.1106,0.2274,0.00,250.0,15.45,-8.82,4.89,0.1049,0.2077
1778859000.160,0.1079,0.2295,0.00,250.0,15.40,-9.52,5.03,0.1072,0.2101
1778859000.193,0.1010,0.2316,0.00,250.0,15.85,-10.13,5.16,0.1063,0.2173
1778859000.226,0.0998,0.2337,0.00,250.0,15.89,-10.63,5.25,0.1046,0.2205
1778859000.260,0.1023,0.2358,0.00,250.0,15.92,-10.62,5.20,0.1036,0.2236
1778859000.293,0.1035,0.2378,0.00,250.0,16.00,-10.37,5.19,0.1016,0.2271
1778859000.330,0.1050,0.2399,0.00,250.0,16.02,-10.21,5.18,0.0992,0.2300
1778859000.361,0.1064,0.2419,0.00,250.0,16.00,-10.30,5.19,0.0984,0.2326
1778859000.395,0.1089,0.2440,0.00,250.0,15.93,-10.30,5.17,0.0975,0.2346
1778859000.428,0.1084,0.2460,0.00,250.0,15.71,-10.61,5.16,0.0986,0.2351
1778859000.463,0.1087,0.2480,0.00,250.0,15.35,-10.82,5.20,0.0970,0.2341
1778859000.494,0.1145,0.2500,0.00,250.0,15.01,-11.15,5.34,0.0986,0.2335
1778859000.526,0.1175,0.2520,0.00,250.0,14.85,-11.60,5.39,0.1000,0.2360
1778859000.561,0.1188,0.2540,0.00,250.0,14.83,-11.41,5.37,0.1004,0.2386
1778859000.596,0.1154,0.2559,0.00,250.0,14.78,-11.06,5.37,0.1001,0.2412
1778859000.628,0.1166,0.2579,0.00,250.0,14.62,-11.17,5.39,0.0994,0.2439
1778859000.661,0.1150,0.2598,0.00,250.0,14.41,-11.18,5.36,0.1005,0.2465
1778859000.696,0.1164,0.2618,0.00,250.0,14.21,-11.42,5.39,0.1018,0.2490
1778859000.729,0.1140,0.2637,0.00,250.0,13.85,-11.53,5.42,0.1026,0.2516
1778859000.763,0.1130,0.2656,0.00,250.0,13.78,-11.39,5.33,0.1036,0.2542
1778859000.797,0.1113,0.2675,0.00,250.0,13.81,-11.56,5.33,0.1046,0.2567
1778859000.829,0.1097,0.2694,0.00,250.0,13.76,-11.64,5.36,0.1049,0.2592
1778859000.861,0.1090,0.2713,0.00,250.0,13.58,-11.88,5.41,0.1055,0.2618
1778859000.895,0.1096,0.2732,0.00,250.0,13.50,-12.07,5.45,0.1061,0.2643
1778859000.930,0.1101,0.2751,0.00,250.0,13.51,-12.08,5.45,0.1062,0.2668
1778859000.960,0.1087,0.2769,0.00,250.0,13.56,-11.98,5.44,0.1061,0.2692
1778859000.998,0.1089,0.2788,0.00,250.0,13.58,-11.95,5.40,0.1061,0.2717
1778859001.063,0.1125,0.2806,0.00,250.0,13.65,-11.30,5.22,0.1060,0.2741
1778859001.095,0.1142,0.2824,0.00,250.0,13.76,-11.19,5.15,0.1052,0.2766
1778859001.131,0.1161,0.2843,0.00,250.0,13.77,-10.69,5.01,0.1052,0.2790
1778859001.196,0.1196,0.2861,0.00,250.0,14.13,-10.27,4.91,0.1047,0.2814
1778859001.228,0.1205,0.2879,0.00,250.0,14.19,-9.83,4.76,0.1036,0.2838
1778859001.263,0.1218,0.2897,0.00,250.0,14.47,-9.70,4.61,0.1038,0.2862
1778859001.297,0.1233,0.2915,0.00,250.0,14.56,-9.78,4.49,0.1055,0.2886
1778859001.330,0.1230,0.2932,0.00,250.0,14.68,-9.79,4.45,0.1058,0.2910
1778859001.362,0.1225,0.2950,0.00,250.0,14.56,-9.94,4.44,0.1058,0.2933
1778859001.398,0.1239,0.2968,0.00,250.0,14.51,-10.12,4.43,0.1064,0.2957
1778859001.463,0.1225,0.2985,0.00,250.0,14.55,-9.93,4.37,0.1069,0.2980
1778859001.530,0.1228,0.3002,0.00,250.0,14.73,-9.83,4.33,0.1070,0.3003
1778859001.598,0.1232,0.3020,0.00,250.0,14.62,-9.86,4.34,0.1067,0.3026
1778859001.665,0.1237,0.3037,0.00,250.0,14.70,-9.79,4.34,0.1072,0.3049
1778859001.731,0.1242,0.3054,0.00,250.0,14.61,-9.79,4.36,0.1075,0.3072
1778859001.800,0.1237,0.3071,0.00,250.0,14.76,-9.73,4.46,0.1064,0.3095
1778859001.866,0.0958,0.3088,0.00,250.0,14.24,-10.40,4.67,0.1071,0.3118
1778859001.933,0.0898,0.3105,0.00,250.0,14.20,-10.81,4.73,0.1082,0.3140
1778859001.999,0.0831,0.3122,0.00,250.0,14.21,-10.81,4.71,0.1085,0.3163
1778859002.066,0.0866,0.3139,0.00,250.0,14.30,-10.59,4.59,0.1083,0.3185
1778859002.135,0.1130,0.3155,0.00,250.0,14.41,-10.26,4.54,0.1081,0.3207
1778859002.199,0.1209,0.3172,0.00,250.0,14.52,-10.28,4.51,0.1087,0.3229
1778859002.269,0.1262,0.3188,0.00,250.0,14.62,-9.81,4.43,0.1077,0.3251
1778859002.332,0.1273,0.3205,0.00,250.0,14.53,-9.90,4.41,0.1086,0.3273
1778859002.399,0.1313,0.3221,0.00,250.0,14.66,-9.95,4.39,0.1098,0.3295
1778859002.466,0.1312,0.3237,0.00,250.0,14.78,-9.85,4.37,0.1095,0.3317
1778859002.530,0.1287,0.3254,0.00,250.0,14.72,-10.07,4.43,0.1101,0.3338
1778859002.563,0.1281,0.3270,0.00,250.0,14.65,-10.13,4.45,0.1108,0.3360
1778859002.598,0.1282,0.3286,0.00,250.0,14.57,-10.21,4.49,0.1109,0.3381
1778859002.629,0.1276,0.3302,0.00,250.0,14.48,-10.29,4.51,0.1111,0.3402
1778859002.663,0.1275,0.3318,0.00,250.0,14.38,-10.42,4.57,0.1108,0.3423
1778859002.698,0.1273,0.3333,0.00,250.0,14.40,-10.65,4.62,0.1108,0.3444
1778859002.731,0.1270,0.3349,0.00,250.0,14.37,-10.66,4.63,0.1107,0.3465
1778859002.800,0.1283,0.3365,0.00,250.0,14.40,-10.88,4.65,0.1112,0.3486
1778859002.865,0.1276,0.3380,0.00,250.0,14.60,-10.71,4.62,0.1102,0.3507
1778859002.932,0.1269,0.3396,0.00,250.0,14.75,-10.19,4.44,0.1107,0.3528
1778859003.001,0.1261,0.3411,0.00,250.0,14.80,-10.08,4.44,0.1102,0.3548
1778859003.067,0.1194,0.3427,0.00,250.0,14.34,-10.51,4.45,0.1100,0.3569
1778859003.133,0.1118,0.3442,0.00,250.0,14.24,-11.04,4.61,0.1098,0.3589
1778859003.195,0.1057,0.3457,0.00,250.0,14.36,-11.40,4.71,0.1087,0.3609
1778859003.231,0.1050,0.3472,0.00,250.0,14.37,-11.54,4.73,0.1084,0.3630
1778859003.265,0.1074,0.3487,0.00,250.0,14.46,-11.73,4.78,0.1069,0.3650
1778859003.296,0.1094,0.3502,0.00,250.0,14.66,-11.69,4.75,0.1065,0.3670
1778859003.333,0.1142,0.3517,0.00,250.0,14.81,-11.73,4.74,0.1066,0.3690
1778859003.398,0.1282,0.3532,0.00,250.0,14.70,-11.36,4.67,0.1047,0.3709
1778859003.465,0.1398,0.3547,0.00,250.0,14.53,-11.13,4.65,0.1010,0.3729
1778859003.497,0.1423,0.3562,0.00,250.0,14.49,-11.11,4.69,0.0990,0.3749
1778859003.567,0.1477,0.3576,0.00,250.0,14.35,-10.69,4.68,0.0969,0.3768
1778859003.634,0.1434,0.3591,0.00,250.0,14.05,-10.96,4.63,0.0966,0.3788
1778859003.701,0.1381,0.3605,0.00,250.0,13.63,-11.57,4.73,0.0966,0.3807
1778859003.767,0.1492,0.3620,0.00,250.0,13.79,-11.50,4.85,0.0980,0.3827
1778859003.833,0.1298,0.3634,0.00,250.0,14.18,-11.27,4.77,0.0974,0.3846
1778859003.902,0.1216,0.3649,0.00,250.0,14.73,-11.14,4.78,0.0982,0.3865
1778859003.968,0.1214,0.3663,0.00,250.0,15.01,-11.20,4.73,0.0942,0.3885
1778859004.035,0.1219,0.3677,0.00,250.0,15.13,-11.31,4.69,0.0946,0.3916
1778859004.101,0.1198,0.3691,0.00,250.0,15.02,-10.78,4.51,0.0950,0.3924
1778859004.167,0.1135,0.3705,0.00,250.0,15.17,-10.93,4.54,0.0959,0.3958
1778859004.234,0.1054,0.3719,0.00,250.0,15.34,-10.97,4.51,0.0962,0.3993
1778859004.300,0.1213,0.3733,0.00,250.0,15.12,-10.82,4.54,0.0962,0.3990
1778859004.369,0.1177,0.3747,0.00,250.0,14.78,-10.77,4.47,0.0978,0.3996
1778859004.434,0.1132,0.3761,0.00,250.0,15.07,-10.42,4.49,0.0989,0.4022
1778859004.501,0.1067,0.3775,0.00,250.0,15.49,-10.18,4.44,0.0997,0.4082
1778859004.567,0.1044,0.3789,0.00,250.0,15.70,-10.10,4.43,0.1014,0.4121
1778859004.637,0.1021,0.3802,0.00,250.0,15.73,-9.94,4.43,0.1036,0.4143
1778859004.700,0.1043,0.3816,0.00,250.0,15.77,-9.97,4.43,0.1022,0.4164
1778859004.768,0.0840,0.3829,0.00,250.0,16.09,-9.21,4.31,0.1017,0.4215
1778859004.835,0.0851,0.3843,0.00,250.0,15.76,-9.42,4.26,0.0992,0.4199
1778859004.904,0.1007,0.3856,0.00,250.0,15.54,-9.81,4.34,0.0972,0.4196
1778859004.967,0.1052,0.3870,0.00,250.0,15.49,-10.24,4.43,0.0959,0.4208
1778859005.032,0.1067,0.3883,0.00,250.0,15.37,-10.71,4.54,0.0963,0.4214
1778859005.103,0.1085,0.3896,0.00,250.0,15.46,-11.11,4.62,0.0951,0.4241
1778859005.168,0.1084,0.3909,0.00,250.0,15.47,-11.12,4.62,0.0956,0.4259
1778859005.236,0.1072,0.3922,0.00,250.0,15.62,-11.01,4.63,0.0961,0.4292
1778859005.301,0.1057,0.3935,0.00,250.0,15.83,-10.87,4.64,0.0953,0.4330
1778859005.370,0.1064,0.3948,0.00,250.0,15.74,-11.01,4.75,0.0945,0.4338
1778859005.433,0.0984,0.3961,0.00,250.0,15.98,-10.99,4.79,0.0938,0.4379
1778859005.499,0.1004,0.3974,0.00,250.0,15.93,-10.99,4.81,0.0929,0.4392
1778859005.567,0.1076,0.3987,0.00,250.0,15.87,-10.98,4.78,0.0925,0.4403
1778859005.638,0.1107,0.4000,0.00,250.0,15.83,-11.18,4.79,0.0906,0.4416
1778859005.699,0.1118,0.4013,0.00,250.0,15.92,-11.09,4.82,0.0916,0.4442
1778859005.769,0.1154,0.4025,0.00,250.0,16.05,-11.08,4.85,0.0917,0.4472
1778859005.836,0.1188,0.4038,0.00,250.0,15.87,-11.19,4.87,0.0917,0.4471
1778859005.905,0.1231,0.4051,0.00,250.0,15.82,-11.24,4.86,0.0919,0.4482
1778859005.969,0.1254,0.4063,0.00,250.0,15.58,-11.29,4.86,0.0925,0.4476
1778859006.037,0.1212,0.4076,0.00,250.0,15.84,-11.06,4.83,0.0922,0.4518
1778859006.105,0.1201,0.4088,0.00,250.0,15.71,-11.14,4.83,0.0941,0.4522
1778859006.172,0.1177,0.4100,0.00,250.0,15.92,-10.93,4.81,0.0941,0.4559
1778859006.237,0.1170,0.4113,0.00,250.0,15.73,-11.06,4.88,0.0944,0.4557
1778859006.302,0.1156,0.4125,0.00,250.0,15.75,-11.05,4.96,0.0936,0.4575
1778859006.371,0.1168,0.4137,0.00,250.0,15.57,-11.11,4.97,0.0934,0.4573
1778859006.436,0.1190,0.4149,0.00,250.0,15.57,-11.03,4.97,0.0922,0.4589
1778859006.502,0.1268,0.4161,0.00,250.0,15.45,-10.93,4.94,0.0932,0.4594
1778859006.566,0.1274,0.4174,0.00,250.0,15.30,-11.06,4.90,0.0924,0.4595
1778859006.636,0.1310,0.4186,0.00,250.0,15.19,-10.99,4.79,0.0930,0.4599
1778859006.701,0.1335,0.4198,0.00,250.0,14.88,-9.99,4.41,0.0962,0.4597
1778859006.769,0.1320,0.4209,0.00,250.0,14.99,-9.45,4.09,0.0992,0.4613
1778859006.833,0.1307,0.4221,0.00,250.0,14.70,-9.19,3.92,0.1044,0.4628
1778859006.903,0.1291,0.4242,0.00,250.0,14.97,-8.87,3.71,0.1090,0.4656
1778859006.970,0.1361,0.4262,0.00,250.0,14.99,-8.42,3.57,0.1111,0.4683
1778859007.036,0.1392,0.4292,0.00,250.0,14.79,-8.39,3.47,0.1129,0.4722
1778859007.101,0.1350,0.4321,0.00,250.0,14.63,-8.48,3.49,0.1146,0.4761
1778859007.172,0.1330,0.4351,0.00,250.0,14.59,-8.59,3.48,0.1165,0.4801
1778859007.234,0.1378,0.4380,0.00,250.0,14.42,-8.62,3.49,0.1195,0.4840
1778859007.304,0.1418,0.4410,0.00,250.0,14.21,-8.48,3.44,0.1195,0.4880
1778859007.367,0.1411,0.4431,0.00,250.0,14.25,-8.40,3.44,0.1204,0.4908
1778859007.436,0.1419,0.4451,0.00,250.0,14.15,-8.39,3.48,0.1205,0.4935
1778859007.502,0.1464,0.4472,0.00,250.0,14.13,-8.44,3.50,0.1193,0.4963
1778859007.568,0.1434,0.4502,0.00,250.0,14.44,-8.53,3.65,0.1165,0.5000
1778859007.634,0.1399,0.4523,0.00,250.0,14.43,-8.68,3.68,0.1149,0.5000
1778859007.704,0.1408,0.4544,0.00,250.0,14.48,-8.69,3.71,0.1131,0.5000
1778859007.772,0.1404,0.4564,0.00,250.0,14.83,-8.90,4.02,0.1074,0.5000
1778859007.836,0.1380,0.4585,0.00,250.0,15.21,-8.84,4.07,0.1048,0.5021
1778859007.902,0.1394,0.4606,0.00,250.0,14.86,-8.88,4.10,0.1056,0.5000
1778859007.972,0.1387,0.4627,0.00,250.0,14.87,-8.83,4.09,0.1064,0.5000
1778859008.039,0.1370,0.4647,0.00,250.0,14.92,-8.89,4.09,0.1052,0.5000
1778859008.106,0.1280,0.4668,0.00,250.0,14.57,-9.21,4.06,0.1033,0.5000
1778859008.170,0.1126,0.4689,0.00,250.0,14.66,-9.11,3.98,0.1024,0.5000
1778859008.237,0.1084,0.4710,0.00,250.0,14.69,-9.43,3.95,0.0980,0.5000
1778859008.305,0.1161,0.4730,0.00,250.0,14.85,-9.44,4.01,0.0978,0.5000
1778859008.367,0.1286,0.4751,0.00,250.0,15.25,-9.37,4.04,0.0971,0.5025
1778859008.439,0.1248,0.4772,0.00,250.0,15.35,-9.26,4.04,0.0962,0.5035
1778859008.504,0.1245,0.4793,0.00,250.0,15.64,-9.19,4.00,0.0967,0.5064
1778859008.572,0.1230,0.4823,0.00,250.0,15.52,-9.36,4.08,0.0967,0.5052
1778859008.634,0.1197,0.4854,0.00,250.0,15.97,-9.25,4.06,0.0970,0.5097
1778859008.666,0.1206,0.4875,0.00,250.0,16.05,-9.18,4.04,0.0968,0.5105
1778859008.701,0.1211,0.4886,0.00,250.0,15.84,-9.28,4.07,0.0964,0.5084
1778859008.769,0.1207,0.4906,0.00,250.0,16.04,-9.06,3.99,0.0963,0.5104
1778859008.838,0.1191,0.4927,0.00,250.0,15.87,-9.07,4.04,0.0971,0.5087
1778859008.902,0.1181,0.4948,0.00,250.0,16.10,-8.90,4.04,0.0980,0.5110
1778859008.972,0.1219,0.4969,0.00,250.0,15.95,-9.04,4.10,0.0977,0.5095
1778859009.034,0.1216,0.4990,0.00,250.0,15.83,-9.09,4.11,0.0972,0.5083
1778859009.104,0.1218,0.5010,0.00,250.0,15.87,-9.12,4.08,0.0977,0.5087
1778859009.168,0.1223,0.5031,0.00,250.0,15.69,-9.18,4.07,0.0967,0.5069
1778859009.239,0.1231,0.5052,0.00,250.0,15.69,-9.14,4.04,0.0965,0.5069
1778859009.305,0.1240,0.5073,0.00,250.0,15.69,-9.06,4.03,0.0960,0.5069
1778859009.372,0.1232,0.5094,0.00,250.0,15.82,-8.91,4.01,0.0954,0.5082
1778859009.437,0.1230,0.5114,0.00,250.0,15.66,-8.82,3.95,0.0963,0.5066
1778859009.506,0.1273,0.5135,0.00,250.0,15.82,-8.67,3.92,0.0990,0.5082
1778859009.573,0.1267,0.5156,0.00,250.0,15.48,-8.74,3.96,0.0988,0.5048
1778859009.640,0.1187,0.5177,0.00,250.0,15.70,-8.78,3.94,0.0989,0.5070
1778859009.702,0.1179,0.5198,0.00,250.0,15.65,-8.74,3.95,0.0990,0.5065
1778859009.774,0.1194,0.5218,0.00,250.0,15.63,-8.70,3.94,0.0985,0.5063
1778859009.873,0.1190,0.5250,0.00,250.0,15.74,-8.60,3.94,0.0980,0.5074
1778859009.938,0.1196,0.5271,0.00,250.0,15.50,-8.67,3.93,0.0992,0.5050
1778859010.002,0.1198,0.5292,0.00,250.0,15.56,-8.61,3.92,0.1000,0.5056
1778859010.071,0.1182,0.5312,0.00,250.0,15.51,-8.60,3.94,0.0998,0.5051
1778859010.140,0.1176,0.5333,0.00,250.0,15.56,-8.74,3.94,0.0994,0.5056
1778859010.202,0.1169,0.5354,0.00,250.0,15.49,-8.83,3.96,0.1001,0.5049
1778859010.270,0.1147,0.5375,0.00,250.0,15.59,-8.84,3.94,0.1003,0.5059
1778859010.339,0.1148,0.5396,0.00,250.0,15.72,-8.71,3.89,0.1002,0.5072
1778859010.405,0.1155,0.5417,0.00,250.0,15.70,-8.71,3.86,0.1008,0.5070
1778859010.470,0.1164,0.5437,0.00,250.0,15.70,-8.75,3.86,0.1019,0.5070
1778859010.533,0.1174,0.5458,0.00,250.0,15.51,-8.85,3.88,0.1026,0.5051
1778859010.567,0.1187,0.5468,0.00,250.0,15.42,-8.89,3.87,0.1023,0.5042
1778859010.602,0.1206,0.5489,0.00,250.0,15.31,-9.01,3.87,0.1025,0.5031
1778859010.670,0.1205,0.5509,0.00,250.0,15.30,-9.04,3.86,0.1025,0.5030
1778859010.737,0.1204,0.5530,0.00,250.0,15.36,-8.97,3.82,0.1007,0.5036
1778859010.805,0.1192,0.5551,0.00,250.0,15.51,-8.89,3.79,0.0995,0.5051
1778859010.872,0.1177,0.5572,0.00,250.0,15.36,-9.00,3.80,0.1000,0.5036
1778859010.941,0.1198,0.5593,0.00,250.0,15.51,-9.22,3.82,0.1008,0.5051
1778859011.003,0.1179,0.5613,0.00,250.0,15.08,-9.73,3.93,0.1026,0.5008
1778859011.074,0.1183,0.5634,0.00,250.0,15.00,-9.83,3.95,0.1021,0.5000
1778859011.139,0.1198,0.5655,0.00,250.0,15.02,-9.68,3.95,0.1028,0.5002
1778859011.208,0.1198,0.5676,0.00,250.0,15.10,-9.46,3.94,0.1023,0.5010
1778859011.272,0.1202,0.5696,0.00,250.0,15.13,-9.35,3.92,0.1034,0.5013
1778859011.342,0.1325,0.5717,0.00,250.0,14.93,-9.20,3.96,0.1053,0.5000
1778859011.406,0.1296,0.5738,0.00,250.0,15.25,-9.04,3.99,0.1063,0.5025
1778859011.475,0.1045,0.5759,0.00,250.0,36.33,-8.21,-179.38,0.1034,0.7133
1778859011.533,0.1115,0.5780,0.00,250.0,36.23,-8.18,-179.59,0.0984,0.7123
1778859011.567,0.1187,0.5800,0.00,250.0,36.12,-8.20,-179.60,0.0968,0.7112
1778859011.601,0.1244,0.5809,0.00,250.0,36.21,-8.31,-179.72,0.0954,0.7121
1778859011.666,0.1210,0.5830,0.00,250.0,36.34,-8.13,-179.72,0.0953,0.7134
1778859011.704,0.1169,0.5851,0.00,250.0,36.70,-8.10,-179.68,0.0941,0.7170
1778859011.769,0.1169,0.5871,0.00,250.0,36.87,-7.89,-179.65,0.0930,0.7187
1778859011.838,0.1202,0.5892,0.00,250.0,37.22,-8.02,-179.67,0.0919,0.7222
1778859011.908,0.1241,0.5925,0.00,250.0,37.14,-8.30,-179.69,0.0911,0.7214
1778859011.970,0.1270,0.5946,0.00,250.0,36.87,-8.71,-179.89,0.0935,0.7187
1778859012.038,0.1361,0.5967,0.00,250.0,36.53,-8.14,-179.62,0.0949,0.7153
1778859012.105,0.1229,0.5988,0.00,250.0,36.66,-7.07,-179.42,0.0948,0.7166
1778859012.172,0.1222,0.6008,0.00,250.0,36.82,-7.42,-179.45,0.0968,0.7182
1778859012.237,0.1248,0.6029,0.00,250.0,37.61,-7.29,-179.38,0.0951,0.7261
1778859012.306,0.1259,0.6050,0.00,250.0,38.81,-6.87,-179.36,0.0913,0.7381
1778859012.375,0.1291,0.6071,0.00,250.0,38.85,-6.43,-179.39,0.0916,0.7385
1778859012.441,0.1325,0.6091,0.00,250.0,38.33,-7.27,-179.73,0.0932,0.7333
1778859012.504,0.1308,0.6112,0.00,250.0,34.81,-10.74,179.47,0.1013,0.6981
1778859012.572,0.1340,0.6133,0.00,250.0,32.82,-12.95,179.07,0.1002,0.6782
1778859012.637,0.1319,0.6154,0.00,250.0,33.93,-11.57,179.44,0.0985,0.6893
1778859012.706,0.1348,0.6175,0.00,250.0,36.00,-9.55,-179.86,0.1008,0.7100
1778859012.775,0.1286,0.6195,0.00,250.0,35.38,-8.94,179.97,0.0997,0.7038
1778859012.838,0.1317,0.6216,0.00,250.0,33.50,-9.46,179.99,0.1030,0.6850
1778859012.904,0.1456,0.6237,0.00,250.0,34.10,-9.18,-179.92,0.1044,0.6910
1778859012.975,0.1444,0.6258,0.00,250.0,35.82,-5.59,-179.29,0.1011,0.7082
1778859013.039,0.1395,0.6279,0.00,250.0,35.91,-5.51,-179.32,0.1004,0.7091
1778859013.105,0.1498,0.6299,0.00,250.0,36.26,-5.33,-179.12,0.0980,0.7126
1778859013.174,0.1417,0.6320,0.00,250.0,36.76,-5.13,-178.96,0.0956,0.7176
1778859013.240,0.1302,0.6341,0.00,250.0,37.73,-5.70,-179.00,0.0927,0.7273
1778859013.305,0.1292,0.6362,0.00,250.0,38.41,-6.09,-179.02,0.0913,0.7341
1778859013.374,0.1199,0.6383,0.00,250.0,39.10,-6.28,-179.08,0.0901,0.7410
1778859013.441,0.1154,0.6403,0.00,250.0,38.85,-6.43,-179.25,0.0886,0.7385
1778859013.508,0.1258,0.6424,0.00,250.0,39.15,-6.88,-179.39,0.0915,0.7415
1778859013.570,0.1459,0.6445,0.00,250.0,38.12,-6.82,-179.56,0.0922,0.7312
1778859013.641,0.1158,0.6466,0.00,250.0,37.08,-6.54,-179.67,0.0963,0.7208
1778859013.709,0.1166,0.6486,0.00,250.0,36.80,-6.77,-179.90,0.0973,0.7180
1778859013.772,0.1240,0.6507,0.00,250.0,36.65,-6.78,-179.95,0.0960,0.7165
1778859013.841,0.1263,0.6528,0.00,250.0,36.70,-6.95,-179.98,0.0945,0.7170
1778859013.907,0.1276,0.6549,0.00,250.0,37.76,-6.96,-179.74,0.0904,0.7276
1778859013.976,0.1148,0.6570,0.00,250.0,38.65,-6.66,-179.45,0.0896,0.7365
1778859014.041,0.1179,0.6590,0.00,250.0,38.87,-6.33,-179.24,0.0935,0.7387
1778859014.105,0.1176,0.6611,0.00,250.0,39.24,-5.72,-179.00,0.0931,0.7424
1778859014.171,0.1207,0.6632,0.00,250.0,39.24,-5.96,-179.05,0.0926,0.7424
1778859014.243,0.1216,0.6653,0.00,250.0,39.34,-5.89,-179.06,0.0923,0.7434
1778859014.308,0.1214,0.6674,0.00,250.0,39.37,-5.73,-179.03,0.0925,0.7437
1778859014.373,0.1240,0.6694,0.00,250.0,39.83,-5.55,-178.98,0.0911,0.7483
1778859014.443,0.1226,0.6715,0.00,250.0,39.84,-5.74,-179.02,0.0913,0.7484
1778859014.506,0.1218,0.6736,0.00,250.0,40.01,-5.78,-179.06,0.0926,0.7500
1778859014.573,0.1239,0.6757,0.00,250.0,40.08,-6.07,-179.18,0.0934,0.7500
1778859014.640,0.1237,0.6778,0.00,250.0,40.16,-5.86,-179.19,0.0913,0.7500
1778859014.707,0.1253,0.6798,0.00,250.0,40.07,-5.69,-179.23,0.0910,0.7500
1778859014.776,0.1238,0.6819,0.00,250.0,40.57,-5.01,-179.15,0.0912,0.7500
1778859014.840,0.1184,0.6840,0.00,250.0,40.88,-4.61,-179.11,0.0927,0.7500
1778859014.908,0.1117,0.6861,0.00,250.0,41.70,-4.63,-179.23,0.0922,0.7500
1778859014.975,0.1030,0.6881,0.00,250.0,42.27,-5.08,-179.40,0.0911,0.7500
1778859015.042,0.0980,0.6902,0.00,250.0,42.27,-5.33,-179.52,0.0922,0.7500
1778859015.109,0.0953,0.6923,0.00,250.0,41.99,-5.60,-179.62,0.0906,0.7500
1778859015.175,0.0923,0.6944,0.00,250.0,42.51,-5.47,-179.55,0.0911,0.7500
1778859015.239,0.0923,0.6965,0.00,250.0,43.34,-4.04,-178.83,0.0940,0.7500
1778859015.305,0.1034,0.6985,0.00,250.0,43.50,-2.98,-178.37,0.0899,0.7500
1778859015.373,0.0961,0.7006,0.00,250.0,43.22,-2.56,-178.29,0.0955,0.7500
1778859015.442,0.0955,0.7027,0.00,250.0,43.68,-2.20,-178.25,0.0953,0.7500
1778859015.508,0.0957,0.7048,0.00,250.0,44.04,-2.67,-178.38,0.0954,0.7500
1778859015.573,0.1002,0.7069,0.00,250.0,43.98,-2.30,-178.38,0.0949,0.7500
1778859015.641,0.0997,0.7089,0.00,250.0,44.11,-1.38,-178.30,0.0943,0.7500
1778859015.705,0.0912,0.7110,0.00,250.0,43.40,-1.92,-178.52,0.0949,0.7500
1778859015.776,0.0967,0.7131,0.00,250.0,44.06,-1.38,-178.19,0.0958,0.7500
1778859015.839,0.0975,0.7152,0.00,250.0,44.08,-1.54,-178.23,0.0966,0.7500
1778859015.907,0.0959,0.7173,0.00,250.0,44.63,-1.54,-178.20,0.0978,0.7500
1778859015.974,0.0934,0.7193,0.00,250.0,44.61,-1.55,-178.41,0.0982,0.7500
1778859016.039,0.0862,0.7214,0.00,250.0,44.37,-1.62,-178.51,0.0988,0.7500
1778859016.108,0.0831,0.7235,0.00,250.0,43.69,-1.41,-178.43,0.0956,0.7500
1778859016.173,0.1036,0.7256,0.00,250.0,43.69,-1.54,-178.34,0.0945,0.7500
1778859016.240,0.1048,0.7277,0.00,250.0,43.50,-1.92,-178.47,0.0950,0.7500
1778859016.309,0.1056,0.7297,0.00,250.0,43.35,-1.86,-178.35,0.0963,0.7500
1778859016.377,0.1037,0.7318,0.00,250.0,43.47,-1.75,-178.43,0.0967,0.7500
1778859016.444,0.1014,0.7339,0.00,250.0,43.71,-1.76,-178.43,0.0976,0.7500
1778859016.511,0.0944,0.7360,0.00,250.0,43.77,-1.85,-178.43,0.0967,0.7500
1778859016.573,0.0906,0.7380,0.00,250.0,43.99,-1.35,-178.31,0.0979,0.7500
1778859016.640,0.0942,0.7401,0.00,250.0,43.75,-1.52,-178.33,0.0978,0.7500
1778859016.707,0.0953,0.7422,0.00,250.0,43.43,-1.78,-178.33,0.0979,0.7500
1778859016.776,0.0957,0.7443,0.00,250.0,43.16,-2.19,-178.36,0.0984,0.7500
1778859016.843,0.1033,0.7464,0.00,250.0,42.97,-2.55,-178.44,0.0981,0.7500
1778859016.907,0.1024,0.7484,0.00,250.0,42.95,-2.45,-178.43,0.0975,0.7500
1778859016.979,0.1042,0.7505,0.00,250.0,43.04,-2.44,-178.44,0.0960,0.7500
1778859017.041,0.1042,0.7526,0.00,250.0,43.01,-2.28,-178.41,0.0963,0.7500
1778859017.107,0.1065,0.7547,0.00,250.0,43.24,-2.17,-178.35,0.0965,0.7500
1778859017.174,0.1107,0.7568,0.00,250.0,43.34,-2.10,-178.35,0.0966,0.7500
1778859017.240,0.1129,0.7588,0.00,250.0,43.36,-2.09,-178.33,0.0966,0.7500
1778859017.309,0.1105,0.7609,0.00,250.0,43.78,-2.00,-178.35,0.0958,0.7500
1778859017.374,0.1104,0.7630,0.00,250.0,43.93,-1.96,-178.37,0.0953,0.7500
1778859017.443,0.1119,0.7651,0.00,250.0,43.82,-2.09,-178.40,0.0956,0.7500
1778859017.507,0.1122,0.7672,0.00,250.0,43.79,-2.13,-178.41,0.0949,0.7500
1778859017.572,0.1108,0.7692,0.00,250.0,43.83,-2.35,-178.42,0.0953,0.7500
1778859017.605,0.1108,0.7713,0.00,250.0,43.81,-2.35,-178.42,0.0956,0.7500
1778859017.673,0.1055,0.7734,0.00,250.0,43.47,-2.44,-178.54,0.0961,0.7500
1778859017.742,0.1047,0.7755,0.00,250.0,43.48,-2.47,-178.57,0.0970,0.7500
1778859017.808,0.1036,0.7775,0.00,250.0,43.34,-2.70,-178.61,0.0977,0.7500
1778859017.872,0.1038,0.7796,0.00,250.0,43.39,-2.68,-178.58,0.0975,0.7500
1778859017.943,0.1046,0.7817,0.00,250.0,43.50,-2.76,-178.59,0.0973,0.7500
1778859018.009,0.1033,0.7838,0.00,250.0,43.46,-2.72,-178.50,0.0972,0.7500
1778859018.075,0.0940,0.7859,0.00,250.0,44.17,-2.40,-178.50,0.0933,0.7500
1778859018.142,0.0985,0.7879,0.00,250.0,44.59,-2.47,-178.75,0.0916,0.7500
1778859018.209,0.1003,0.7900,0.00,250.0,44.64,-2.23,-178.72,0.0915,0.7500
1778859018.275,0.1006,0.7921,0.00,250.0,44.61,-1.80,-178.66,0.0942,0.7500
1778859018.343,0.1182,0.7942,0.00,250.0,44.60,-1.76,-178.20,0.0914,0.7500
1778859018.409,0.1135,0.7963,0.00,250.0,44.01,-1.66,-178.06,0.0910,0.7500
1778859018.472,0.1102,0.7983,0.00,250.0,44.10,-2.43,-178.32,0.0895,0.7500
1778859018.537,0.1181,0.8004,0.00,250.0,44.27,-2.96,-178.44,0.0901,0.7500
1778859018.572,0.1290,0.8008,0.00,250.0,44.68,-3.24,-178.52,0.0917,0.7500
1778859018.604,0.1317,0.8029,0.00,250.0,44.70,-3.33,-178.56,0.0919,0.7500
1778859018.641,0.1246,0.8033,0.00,250.0,44.19,-3.12,-178.56,0.0920,0.7500
1778859018.707,0.0826,0.8054,0.00,250.0,43.89,-2.70,-178.36,0.0944,0.7500
1778859018.776,0.0669,0.8075,0.00,250.0,44.17,-2.24,-178.30,0.0965,0.7500
1778859018.844,0.0640,0.8095,0.00,250.0,44.37,-1.85,-178.28,0.0968,0.7500
1778859018.907,0.0640,0.8116,0.00,250.0,44.42,-1.73,-178.28,0.0983,0.7500
1778859018.978,0.0644,0.8137,0.00,250.0,44.36,-1.73,-178.26,0.0973,0.7500
1778859019.042,0.0657,0.8157,0.00,250.0,44.07,-1.58,-178.18,0.0995,0.7500
1778859019.110,0.0668,0.8178,0.00,250.0,43.69,-1.64,-178.15,0.0983,0.7500
1778859019.176,0.0670,0.8199,0.00,250.0,43.53,-1.73,-178.18,0.0975,0.7500
1778859019.244,0.0670,0.8219,0.00,250.0,43.57,-1.73,-178.26,0.0972,0.7500
1778859019.311,0.0662,0.8240,0.00,250.0,43.73,-1.65,-178.23,0.0970,0.7500
1778859019.378,0.0663,0.8261,0.00,250.0,43.72,-1.57,-178.17,0.0986,0.7500
1778859019.444,0.0658,0.8282,0.00,250.0,43.70,-1.60,-178.20,0.0990,0.7500
1778859019.508,0.0652,0.8302,0.00,250.0,43.71,-1.61,-178.21,0.0988,0.7500
1778859019.575,0.0659,0.8323,0.00,250.0,43.70,-1.57,-178.19,0.0988,0.7500
1778859019.643,0.0666,0.8344,0.00,250.0,43.55,-1.46,-178.11,0.0990,0.7500
1778859019.708,0.0668,0.8364,0.00,250.0,43.40,-1.45,-178.08,0.0997,0.7500
1778859019.777,0.0665,0.8385,0.00,250.0,43.32,-1.52,-178.05,0.0999,0.7500
1778859019.844,0.0667,0.8406,0.00,250.0,43.08,-1.54,-178.00,0.1006,0.7500
1778859019.911,0.0666,0.8427,0.00,250.0,43.07,-1.47,-177.96,0.1007,0.7500
1778859019.976,0.0677,0.8447,0.00,250.0,42.54,-1.71,-178.00,0.1008,0.7500
1778859020.045,0.0683,0.8468,0.00,250.0,42.14,-1.70,-178.02,0.1010,0.7500
1778859020.110,0.0686,0.8489,0.00,250.0,42.05,-1.60,-178.02,0.1009,0.7500
1778859020.178,0.0697,0.8509,0.00,250.0,41.82,-1.53,-177.96,0.0996,0.7500
1778859020.241,0.0690,0.8530,0.00,250.0,41.82,-1.13,-177.73,0.0958,0.7500
1778859020.310,0.0648,0.8551,0.00,250.0,42.55,-1.03,-177.70,0.0949,0.7500
1778859020.377,0.0643,0.8571,0.00,250.0,42.71,-0.98,-177.67,0.0958,0.7500
1778859020.444,0.0638,0.8592,0.00,250.0,42.53,-0.97,-177.54,0.0919,0.7500
1778859020.510,0.0626,0.8613,0.00,250.0,42.90,-1.44,-177.68,0.0917,0.7500
1778859020.577,0.0621,0.8634,0.00,250.0,42.91,-1.50,-177.83,0.0917,0.7500
1778859020.644,0.0635,0.8654,0.00,250.0,43.16,-1.56,-177.80,0.0886,0.7500
1778859020.710,0.0649,0.8675,0.00,250.0,42.89,-1.52,-177.76,0.0894,0.7500
1778859020.776,0.0655,0.8696,0.00,250.0,42.55,-1.59,-177.76,0.0899,0.7500
1778859020.845,0.0661,0.8716,0.00,250.0,42.44,-1.51,-177.75,0.0900,0.7500
1778859020.912,0.0666,0.8737,0.00,250.0,42.32,-1.69,-177.77,0.0901,0.7500
1778859020.977,0.0677,0.8758,0.00,250.0,42.20,-1.76,-177.84,0.0900,0.7500
1778859021.041,0.0687,0.8778,0.00,250.0,42.04,-1.90,-177.97,0.0901,0.7500
1778859021.110,0.0728,0.8799,0.00,250.0,41.72,-1.82,-178.06,0.0902,0.7500
1778859021.178,0.0725,0.8820,0.00,250.0,41.53,-1.76,-178.08,0.0912,0.7500
1778859021.243,0.0710,0.8841,0.00,250.0,41.48,-1.67,-178.05,0.0914,0.7500
1778859021.311,0.0718,0.8861,0.00,250.0,41.40,-1.72,-178.05,0.0918,0.7500
1778859021.378,0.0688,0.8882,0.00,250.0,41.49,-1.26,-177.72,0.0913,0.7500
1778859021.446,0.0629,0.8903,0.00,250.0,16.88,-4.43,2.99,0.0890,0.5188
1778859021.509,0.0564,0.8923,0.00,250.0,15.73,-5.09,3.10,0.0883,0.5073
1778859021.575,0.0516,0.8944,0.00,250.0,17.33,-5.30,3.10,0.0910,0.5233
1778859021.645,0.0563,0.8965,0.00,250.0,17.54,-7.02,4.32,0.1233,0.5254
1778859024.678,0.3389,0.9977,0.00,250.0,16.55,-0.59,2.40,0.1275,0.5155
1778859024.742,0.3496,0.9954,0.00,250.0,17.59,0.64,2.44,0.1207,0.5259
1778859024.811,0.3708,0.9931,0.00,250.0,36.68,3.28,-176.91,0.1182,0.7168
1778859024.876,0.3611,0.9908,0.00,250.0,35.02,3.05,-176.92,0.1046,0.7002
1778859024.945,0.3638,0.9885,0.00,250.0,36.87,3.42,-176.56,0.0975,0.7187
1778859025.010,0.3474,0.9861,0.00,250.0,33.25,3.84,-176.49,0.1212,0.6825
1778859025.078,0.3331,0.9838,0.00,250.0,29.98,1.84,-176.99,0.1320,0.6498
1778859025.144,0.3224,0.9815,0.00,250.0,9.88,0.97,2.48,0.1262,0.5000
1778859025.213,0.3093,0.9792,0.00,250.0,7.41,0.37,2.62,0.1361,0.5000
1778859025.277,0.2949,0.9769,0.00,250.0,6.37,1.09,2.40,0.1314,0.5000
1778859025.345,0.2868,0.9746,0.00,250.0,5.14,1.13,2.15,0.1375,0.5000
1778859025.411,0.2842,0.9723,0.00,250.0,4.37,1.61,2.20,0.1396,0.5000
1778859025.479,0.1188,0.9723,0.00,250.0,3.95,0.53,2.52,0.1355,0.5000
1778859025.545,0.2270,0.9723,0.00,250.0,2.94,1.34,2.36,0.1443,0.5000
1778859025.611,0.2671,0.9700,1.00,131.4,3.35,1.64,2.13,0.1343,0.5000
1778859025.678,0.2711,0.9677,1.00,131.4,3.09,2.08,2.33,0.1438,0.5000
1778859025.744,0.2741,0.9654,1.00,131.4,3.10,2.36,2.39,0.1406,0.5000
1778859025.810,0.2709,0.9630,1.00,131.4,2.98,1.70,2.53,0.1418,0.5000
1778859025.876,0.2630,0.9607,1.00,131.4,2.92,0.97,2.45,0.1391,0.5000
1778859025.946,0.2751,0.9584,1.00,131.4,3.20,-0.29,2.50,0.1452,0.5000
1778859026.011,0.2759,0.9561,1.00,131.4,2.90,-0.54,2.45,0.1447,0.5000
1778859026.078,0.2812,0.9538,1.00,131.4,3.02,0.38,2.35,0.1470,0.5000
1778859026.146,0.2846,0.9515,1.00,131.4,2.83,0.87,2.23,0.1424,0.5000
1778859026.211,0.2741,0.9492,1.00,131.4,1.97,0.56,2.05,0.1395,0.5000
1778859026.279,0.2666,0.9469,1.00,131.4,1.77,1.01,1.88,0.1401,0.5000
1778859026.346,0.2633,0.9446,1.00,131.4,1.43,1.18,1.83,0.1432,0.5000
1778859026.412,0.2641,0.9423,1.00,131.4,1.06,1.08,1.81,0.1454,0.5000
1778859026.478,0.2582,0.9400,1.00,131.4,1.01,0.75,1.75,0.1422,0.5000
1778859026.545,0.2650,0.9376,1.00,131.4,1.00,0.33,1.75,0.1489,0.5000
1778859026.612,0.2595,0.9353,1.00,131.4,1.25,0.33,1.67,0.1433,0.5000
1778859026.680,0.2587,0.9330,1.00,131.4,1.01,-0.11,1.81,0.1478,0.5000
1778859026.744,0.2583,0.9307,1.00,131.4,0.76,-0.63,1.92,0.1479,0.5000
1778859026.813,0.2630,0.9284,1.00,131.4,1.00,-1.28,1.92,0.1466,0.5000
1778859026.878,0.2617,0.9261,1.00,131.4,0.67,-1.96,1.88,0.1467,0.5000
1778859026.947,0.2626,0.9238,1.00,131.4,0.29,-4.07,2.09,0.1476,0.5000
1778859027.010,0.2559,0.9215,1.00,131.4,0.22,-3.63,2.03,0.1543,0.5000
1778859027.080,0.2632,0.9192,1.00,131.4,-0.60,-5.01,2.54,0.1578,0.5000
1778859027.147,0.2580,0.9169,1.00,131.4,-0.74,-4.10,2.36,0.1552,0.5000
1778859027.213,0.2538,0.9145,1.00,131.4,-1.51,-3.49,2.48,0.1626,0.5000
1778859027.278,0.2539,0.9122,1.00,131.4,-1.69,-3.09,2.39,0.1660,0.5000
1778859027.346,0.2528,0.9099,1.00,131.4,-2.39,-6.11,2.74,0.1681,0.5000
1778859027.414,0.2563,0.9076,1.00,131.4,-2.40,-7.01,2.50,0.1700,0.5000
1778859027.480,0.2517,0.9053,1.00,131.4,-2.93,-8.36,3.01,0.1702,0.5000
1778859027.541,0.2484,0.9053,1.00,131.4,-3.05,-9.30,3.69,0.1740,0.5000
1778859027.614,0.2288,0.9053,1.00,131.4,-3.21,-7.81,3.35,0.1693,0.5000
1778859027.679,0.2296,0.9053,1.00,131.4,-3.07,-6.13,3.12,0.1648,0.5000
1778859027.745,0.2324,0.9053,1.00,131.4,-2.40,-3.57,2.71,0.1626,0.5000
1778859027.812,0.2387,0.9053,1.00,131.4,-1.97,-2.29,2.71,0.1633,0.5000
1778859027.878,0.2453,0.9053,1.00,131.4,-2.04,-2.39,2.79,0.1697,0.5000
1778859027.945,0.2437,0.9053,1.00,131.4,-2.01,-3.80,2.98,0.1878,0.5000
1778859028.011,0.2448,0.9053,1.00,131.4,-2.21,-2.87,3.14,0.2406,0.5000
1778859028.082,0.2465,0.9053,1.00,131.4,-2.35,-4.45,3.75,0.2731,0.5000
1778859028.147,0.2544,0.9030,1.00,131.4,-2.72,-5.42,3.96,0.2891,0.5000
1778859028.212,0.2540,0.9007,1.00,131.4,-2.92,-7.43,3.97,0.2963,0.5000
1778859028.280,0.2545,0.8984,1.00,131.4,-3.00,-8.55,3.87,0.2934,0.5000
1778859028.350,0.2542,0.8961,1.00,131.4,-3.23,-7.59,3.71,0.2545,0.5000
1778859028.413,0.2499,0.8961,1.00,131.4,-3.38,-8.62,3.80,0.2014,0.5000
1778859028.480,0.2368,0.8961,1.00,131.4,-3.55,-9.57,3.57,0.1659,0.5000
1778859028.543,0.2384,0.8961,1.00,131.4,-3.36,-8.09,3.09,0.1496,0.5000
1778859028.612,0.2395,0.8961,1.00,131.4,-3.08,-7.65,3.00,0.1408,0.5000
1778859028.680,0.2405,0.8961,1.00,131.4,-2.76,-6.44,2.84,0.1370,0.5000
1778859028.746,0.2376,0.8961,1.00,131.4,-2.38,-6.18,2.83,0.1322,0.5000
1778859028.814,0.2372,0.8961,1.00,131.4,-2.19,-6.17,2.83,0.1304,0.5000
1778859028.878,0.2342,0.8961,1.00,131.4,-1.97,-5.80,2.78,0.1261,0.5000
1778859028.946,0.2374,0.8961,1.00,131.4,-1.89,-5.63,2.83,0.1263,0.5000
1778859029.014,0.2404,0.8961,1.00,131.4,-1.68,-5.61,2.81,0.1261,0.5000
1778859029.079,0.2470,0.8961,1.00,131.4,-1.66,-5.36,2.73,0.1261,0.5000
1778859029.150,0.2482,0.8961,1.00,131.4,-1.55,-4.55,2.62,0.1255,0.5000
1778859029.212,0.2510,0.8938,1.00,131.4,-1.25,-3.88,2.55,0.1244,0.5000
1778859029.279,0.2546,0.8915,1.00,131.4,-1.22,-4.72,2.60,0.1249,0.5000
1778859029.346,0.2587,0.8891,1.00,131.4,-1.17,-4.87,2.57,0.1252,0.5000
1778859029.414,0.2622,0.8868,1.00,131.4,-1.17,-4.43,2.52,0.1257,0.5000
1778859029.480,0.2634,0.8845,1.00,131.4,-1.02,-4.48,2.57,0.1257,0.5000
1778859029.544,0.2651,0.8822,1.00,131.4,-1.07,-4.52,2.63,0.1261,0.5000
1778859029.613,0.2652,0.8799,1.00,131.4,-0.91,-4.91,2.66,0.1277,0.5000
1778859029.679,0.2653,0.8776,1.00,131.4,-0.57,-4.97,2.61,0.1304,0.5000
1778859029.746,0.2637,0.8753,1.00,131.4,-0.59,-4.97,2.59,0.1310,0.5000
1778859029.812,0.2652,0.8730,1.00,131.4,-0.39,-5.82,2.61,0.1331,0.5000
1778859029.880,0.2637,0.8707,1.00,131.4,-0.39,-5.30,2.47,0.1330,0.5000
1778859029.948,0.2614,0.8684,1.00,131.4,-0.18,-5.25,2.46,0.1345,0.5000
1778859030.012,0.2593,0.8661,1.00,131.4,-0.21,-4.45,2.35,0.1356,0.5000
1778859030.081,0.2581,0.8637,1.00,131.4,-0.32,-4.09,2.42,0.1349,0.5000
1778859030.147,0.2617,0.8614,1.00,131.4,-0.11,-3.89,2.51,0.1375,0.5000
1778859030.213,0.2625,0.8588,1.00,131.4,0.30,-4.05,2.78,0.1330,0.5000
1778859030.279,0.2579,0.8561,1.00,131.4,0.56,-4.22,3.20,0.1400,0.5000
1778859030.346,0.2513,0.8535,1.00,131.4,0.52,-3.35,3.44,0.1418,0.5000
1778859030.414,0.2554,0.8508,1.00,131.4,0.61,-2.60,3.51,0.1422,0.5000
1778859030.480,0.2526,0.8481,1.00,131.4,0.82,-1.94,3.38,0.1419,0.5000
1778859030.545,0.2479,0.8478,1.00,131.4,0.96,-1.68,3.41,0.1408,0.5000
1778859030.612,0.2557,0.8451,2.00,99.7,1.05,-1.43,3.39,0.1436,0.5000
1778859030.680,0.2545,0.8424,2.00,99.7,1.17,-0.64,3.37,0.1419,0.5000
1778859030.747,0.2582,0.8396,2.00,99.7,1.40,1.86,3.14,0.1462,0.5000
1778859030.812,0.2580,0.8369,2.00,99.7,1.88,1.42,3.15,0.1424,0.5000
1778859030.880,0.2540,0.8341,2.00,99.7,1.79,0.92,3.06,0.1416,0.5000
1778859030.949,0.2562,0.8314,2.00,99.7,2.10,1.94,2.76,0.1414,0.5000
1778859031.013,0.2583,0.8286,2.00,99.7,2.25,2.40,2.62,0.1423,0.5000
1778859031.079,0.2597,0.8262,2.00,99.7,2.18,3.23,2.48,0.1446,0.5000
1778859031.148,0.2585,0.8234,2.00,99.7,2.17,3.47,2.46,0.1460,0.5000
1778859031.217,0.2564,0.8210,2.00,99.7,2.12,2.99,2.53,0.1456,0.5000
1778859031.280,0.2562,0.8182,2.00,99.7,2.19,3.42,2.48,0.1450,0.5000
1778859031.347,0.0965,0.8177,2.00,99.7,1.90,1.84,2.80,0.1463,0.5000
1778859031.414,0.1259,0.8173,2.00,99.7,1.95,2.35,2.69,0.1453,0.5000
1778859031.482,0.1796,0.8173,2.00,99.7,2.01,2.48,2.64,0.1456,0.5000
1778859031.547,0.2098,0.8173,2.00,99.7,2.04,2.16,2.63,0.1456,0.5000
1778859031.614,0.2261,0.8173,2.00,99.7,2.06,2.04,2.62,0.1453,0.5000
1778859031.680,0.2341,0.8173,2.00,99.7,2.06,2.21,2.60,0.1450,0.5000
1778859031.747,0.2410,0.8173,2.00,99.7,2.05,2.56,2.55,0.1454,0.5000
1778859031.814,0.2443,0.8173,2.00,99.7,2.04,2.65,2.50,0.1454,0.5000
1778859031.880,0.2488,0.8173,2.00,99.7,2.07,2.64,2.47,0.1455,0.5000
1778859031.949,0.2502,0.8149,2.00,99.7,1.95,2.67,2.44,0.1449,0.5000
1778859032.014,0.2497,0.8149,2.00,99.7,1.85,2.53,2.42,0.1446,0.5000
1778859032.081,0.2487,0.8149,2.00,99.7,1.80,2.51,2.40,0.1443,0.5000
1778859032.147,0.2483,0.8149,2.00,99.7,1.67,2.30,2.39,0.1446,0.5000
1778859032.214,0.2473,0.8149,2.00,99.7,1.55,2.22,2.25,0.1439,0.5000
1778859032.281,0.2449,0.8149,2.00,99.7,1.39,1.64,2.29,0.1452,0.5000
1778859032.349,0.2442,0.8149,2.00,99.7,1.28,1.34,2.36,0.1449,0.5000
1778859032.414,0.2435,0.8149,2.00,99.7,1.25,1.19,2.40,0.1457,0.5000
1778859032.482,0.2396,0.8149,2.00,99.7,1.08,2.22,2.52,0.1460,0.5000
1778859032.547,0.2371,0.8149,2.00,99.7,0.99,2.31,2.60,0.1461,0.5000
1778859032.613,0.2364,0.8145,2.00,99.7,0.93,2.25,2.66,0.1461,0.5000
1778859032.682,0.2362,0.8140,2.00,99.7,0.89,2.13,2.68,0.1464,0.5000
1778859032.748,0.2366,0.8136,2.00,99.7,0.91,2.11,2.68,0.1464,0.5000
1778859032.815,0.2371,0.8136,2.00,99.7,0.94,2.09,2.68,0.1462,0.5000
1778859032.881,0.2376,0.8136,2.00,99.7,0.94,2.04,2.69,0.1458,0.5000
1778859032.948,0.2377,0.8136,2.00,99.7,0.94,2.03,2.69,0.1459,0.5000
1778859033.015,0.2375,0.8136,2.00,99.7,0.94,1.98,2.70,0.1457,0.5000
1778859033.083,0.2364,0.8136,2.00,99.7,0.95,1.87,2.73,0.1457,0.5000
1778859033.147,0.2357,0.8136,2.00,99.7,0.95,1.82,2.74,0.1456,0.5000
1778859033.216,0.2355,0.8136,2.00,99.7,0.95,1.78,2.75,0.1457,0.5000
1778859033.280,0.2358,0.8131,2.00,99.7,0.94,1.82,2.77,0.1457,0.5000
1778859033.349,0.2358,0.8127,2.00,99.7,0.94,1.81,2.78,0.1456,0.5000
1778859033.414,0.2357,0.8127,2.00,99.7,0.94,1.77,2.79,0.1455,0.5000
1778859033.483,0.2357,0.8127,2.00,99.7,0.94,1.68,2.80,0.1459,0.5000
1778859033.547,0.2358,0.8127,2.00,99.7,0.93,1.61,2.81,0.1462,0.5000
1778859033.609,0.2357,0.8127,2.00,99.7,0.93,1.64,2.83,0.1458,0.5000
1778859033.645,0.2354,0.8127,2.00,99.7,0.89,1.56,2.88,0.1464,0.5000
1778859033.679,0.2349,0.8131,2.00,99.7,0.89,1.51,2.91,0.1467,0.5000
1778859033.712,0.2348,0.8131,2.00,99.7,0.95,1.55,2.92,0.1468,0.5000
1778859033.747,0.2351,0.8136,2.00,99.7,0.96,1.56,2.91,0.1472,0.5000
1778859033.778,0.2348,0.8136,2.00,99.7,0.95,1.60,2.91,0.1478,0.5000
1778859033.814,0.2349,0.8140,2.00,99.7,0.93,1.63,2.90,0.1481,0.5000
1778859033.844,0.2353,0.8140,2.00,99.7,0.92,1.63,2.90,0.1479,0.5000
1778859033.879,0.2350,0.8145,2.00,99.7,0.91,1.66,2.90,0.1476,0.5000
1778859033.911,0.2350,0.8145,2.00,99.7,0.92,1.64,2.91,0.1468,0.5000
1778859033.947,0.2356,0.8149,2.00,99.7,0.95,1.72,2.91,0.1464,0.5000
1778859034.013,0.2356,0.8149,2.00,99.7,1.01,1.73,2.93,0.1467,0.5000
1778859034.045,0.2346,0.8149,2.00,99.7,0.99,1.83,2.91,0.1465,0.5000
1778859034.078,0.2353,0.8153,2.00,99.7,0.97,1.92,2.89,0.1464,0.5000
1778859034.113,0.2366,0.8153,2.00,99.7,1.03,1.58,2.84,0.1459,0.5000
1778859034.144,0.2390,0.8158,2.00,99.7,1.07,1.50,2.80,0.1457,0.5000
1778859034.181,0.2410,0.8158,2.00,99.7,1.10,1.38,2.76,0.1457,0.5000
1778859034.248,0.2435,0.8158,2.00,99.7,1.15,1.38,2.72,0.1458,0.5000
1778859034.314,0.2445,0.8158,2.00,99.7,1.18,1.43,2.70,0.1461,0.5000
1778859034.383,0.2449,0.8158,2.00,99.7,1.20,1.46,2.69,0.1460,0.5000
1778859034.447,0.2452,0.8158,2.00,99.7,1.18,1.57,2.69,0.1459,0.5000
1778859034.518,0.2455,0.8158,2.00,99.7,1.18,1.54,2.72,0.1460,0.5000
1778859034.581,0.2468,0.8158,2.00,99.7,1.19,1.61,2.71,0.1456,0.5000
1778859034.650,0.1429,0.8158,2.00,99.7,1.00,1.16,2.80,0.1460,0.5000
1778859034.715,0.1697,0.8158,2.00,99.7,0.96,0.98,2.66,0.1489,0.5000
1778859034.785,0.2110,0.8158,2.00,99.7,1.06,1.41,2.46,0.1465,0.5000
1778859034.849,0.2326,0.8158,2.00,99.7,1.11,1.63,2.36,0.1465,0.5000
1778859034.918,0.2439,0.8158,2.00,99.7,1.12,1.89,2.31,0.1468,0.5000
1778859034.982,0.2438,0.8158,2.00,99.7,0.98,2.34,2.34,0.1471,0.5000
1778859035.052,0.2427,0.8158,2.00,99.7,0.93,2.49,2.42,0.1467,0.5000
1778859035.118,0.2419,0.8158,2.00,99.7,0.91,2.59,2.48,0.1466,0.5000
1778859035.184,0.2420,0.8158,2.00,99.7,0.89,2.63,2.51,0.1470,0.5000
1778859035.252,0.2413,0.8158,2.00,99.7,0.88,2.56,2.54,0.1474,0.5000
1778859035.316,0.2410,0.8158,2.00,99.7,0.85,2.45,2.59,0.1471,0.5000
1778859035.384,0.2412,0.8158,2.00,99.7,0.84,2.37,2.60,0.1466,0.5000
1778859035.450,0.2410,0.8158,2.00,99.7,0.84,2.37,2.62,0.1466,0.5000
1778859035.515,0.2406,0.8158,2.00,99.7,0.83,2.32,2.64,0.1466,0.5000
1778859035.580,0.2403,0.8158,2.00,99.7,0.82,2.25,2.66,0.1463,0.5000
1778859035.650,0.2402,0.8158,2.00,99.7,0.94,1.42,2.53,0.1464,0.5000
1778859035.717,0.2405,0.8158,2.00,99.7,0.91,1.16,2.50,0.1466,0.5000
1778859035.782,0.2407,0.8158,2.00,99.7,0.90,1.08,2.50,0.1466,0.5000
1778859035.850,0.2406,0.8158,2.00,99.7,0.92,1.09,2.51,0.1465,0.5000
1778859035.916,0.2405,0.8158,2.00,99.7,0.89,0.97,2.53,0.1463,0.5000
1778859035.983,0.2410,0.8158,2.00,99.7,0.92,0.83,2.54,0.1460,0.5000
1778859036.050,0.2415,0.8158,2.00,99.7,1.02,0.85,2.54,0.1461,0.5000
1778859036.117,0.2419,0.8158,2.00,99.7,1.02,0.90,2.53,0.1463,0.5000
1778859036.184,0.2419,0.8158,2.00,99.7,1.02,1.01,2.51,0.1474,0.5000
1778859036.251,0.2416,0.8158,2.00,99.7,1.05,1.15,2.50,0.1477,0.5000
1778859036.314,0.2422,0.8158,2.00,99.7,1.08,1.16,2.49,0.1478,0.5000
1778859036.385,0.2425,0.8158,2.00,99.7,1.09,1.34,2.51,0.1474,0.5000
1778859036.453,0.2385,0.8158,2.00,99.7,1.01,2.40,2.62,0.1479,0.5000
1778859036.516,0.2367,0.8158,2.00,99.7,0.94,2.59,2.69,0.1484,0.5000
1778859036.582,0.2352,0.8158,2.00,99.7,0.90,2.60,2.73,0.1484,0.5000
1778859036.649,0.2350,0.8158,2.00,99.7,0.88,2.56,2.74,0.1478,0.5000
1778859036.718,0.2352,0.8158,2.00,99.7,0.88,2.44,2.74,0.1474,0.5000
1778859036.782,0.2351,0.8158,2.00,99.7,0.87,2.48,2.73,0.1472,0.5000
1778859036.848,0.2351,0.8158,2.00,99.7,0.86,2.46,2.72,0.1466,0.5000
1778859036.918,0.2354,0.8158,2.00,99.7,0.86,2.45,2.72,0.1465,0.5000
1778859036.983,0.2354,0.8158,2.00,99.7,0.84,2.36,2.72,0.1464,0.5000
1778859037.048,0.2355,0.8158,2.00,99.7,0.83,2.38,2.72,0.1464,0.5000
1778859037.117,0.2355,0.8158,2.00,99.7,0.81,2.34,2.73,0.1463,0.5000
1778859037.182,0.2354,0.8158,2.00,99.7,0.81,2.28,2.73,0.1461,0.5000
1778859037.252,0.2348,0.8158,2.00,99.7,0.80,2.29,2.73,0.1462,0.5000
1778859037.315,0.2347,0.8158,2.00,99.7,0.81,2.14,2.74,0.1462,0.5000
1778859037.383,0.2346,0.8158,2.00,99.7,0.81,2.12,2.73,0.1461,0.5000
1778859037.453,0.2349,0.8158,2.00,99.7,0.82,2.12,2.72,0.1462,0.5000
1778859037.518,0.2349,0.8158,2.00,99.7,0.81,2.09,2.72,0.1463,0.5000
1778859037.582,0.2366,0.8158,2.00,99.7,0.85,2.17,2.68,0.1465,0.5000
1778859037.651,0.2358,0.8158,2.00,99.7,0.84,2.14,2.68,0.1466,0.5000
1778859037.721,0.2361,0.8158,2.00,99.7,0.83,2.13,2.69,0.1465,0.5000
1778859037.784,0.2372,0.8158,2.00,99.7,0.83,1.89,2.72,0.1465,0.5000
1778859037.850,0.2375,0.8158,2.00,99.7,0.83,1.75,2.74,0.1462,0.5000
1778859037.917,0.2382,0.8158,2.00,99.7,0.81,1.70,2.74,0.1463,0.5000
1778859037.985,0.2404,0.8158,2.00,99.7,0.82,1.33,2.73,0.1464,0.5000
1778859038.050,0.2439,0.8158,2.00,99.7,0.88,1.14,2.71,0.1467,0.5000
1778859038.116,0.2459,0.8158,2.00,99.7,0.89,1.06,2.69,0.1467,0.5000
1778859038.187,0.2468,0.8158,2.00,99.7,0.90,1.12,2.68,0.1470,0.5000
1778859038.252,0.2478,0.8158,2.00,99.7,0.92,0.52,2.76,0.1466,0.5000
1778859038.319,0.2480,0.8158,2.00,99.7,0.89,0.47,2.80,0.1467,0.5000
1778859038.383,0.2481,0.8158,2.00,99.7,0.92,0.04,2.82,0.1460,0.5000
1778859038.452,0.2477,0.8158,2.00,99.7,0.95,0.20,2.79,0.1454,0.5000
1778859038.518,0.2477,0.8158,2.00,99.7,1.00,0.28,2.76,0.1456,0.5000
1778859038.584,0.2492,0.8158,2.00,99.7,1.03,0.47,2.72,0.1460,0.5000
1778859038.649,0.2495,0.8158,2.00,99.7,1.03,0.50,2.71,0.1462,0.5000
1778859038.716,0.2496,0.8153,2.00,99.7,0.99,0.47,2.70,0.1465,0.5000
1778859038.784,0.2499,0.8153,2.00,99.7,0.98,0.45,2.70,0.1466,0.5000
1778859038.850,0.2503,0.8129,2.00,99.7,0.95,0.48,2.69,0.1466,0.5000
1778859038.922,0.1075,0.8129,2.00,99.7,0.47,-0.01,2.87,0.1472,0.5000
1778859038.988,0.1024,0.8129,2.00,99.7,0.64,-0.03,2.96,0.1474,0.5000
1778859039.051,0.1320,0.8129,2.00,99.7,0.61,0.14,2.93,0.1472,0.5000
1778859039.118,0.1791,0.8129,2.00,99.7,0.65,0.27,2.86,0.1469,0.5000
1778859039.187,0.2055,0.8129,2.00,99.7,0.73,0.31,2.84,0.1467,0.5000
1778859039.253,0.2192,0.8129,2.00,99.7,0.76,0.30,2.83,0.1473,0.5000
1778859039.318,0.2291,0.8129,2.00,99.7,0.78,0.23,2.84,0.1474,0.5000
1778859039.388,0.2346,0.8129,2.00,99.7,0.80,0.17,2.82,0.1477,0.5000
1778859039.450,0.2366,0.8129,2.00,99.7,0.83,0.19,2.81,0.1484,0.5000
1778859039.518,0.2384,0.8129,2.00,99.7,0.86,0.11,2.81,0.1480,0.5000
1778859039.585,0.2396,0.8129,2.00,99.7,0.86,0.09,2.81,0.1480,0.5000
1778859039.651,0.2409,0.8129,2.00,99.7,0.85,0.11,2.75,0.1466,0.5000
1778859039.717,0.2427,0.8129,2.00,99.7,0.88,0.24,2.67,0.1452,0.5000
1778859039.786,0.2439,0.8129,2.00,99.7,0.93,0.24,2.66,0.1448,0.5000
1778859039.850,0.2449,0.8134,2.00,99.7,0.92,0.26,2.65,0.1445,0.5000
1778859039.917,0.2458,0.8134,2.00,99.7,0.90,0.24,2.65,0.1447,0.5000
1778859039.988,0.2467,0.8134,2.00,99.7,0.87,0.25,2.65,0.1447,0.5000
1778859040.051,0.2478,0.8134,2.00,99.7,0.88,0.22,2.66,0.1453,0.5000
1778859040.117,0.2482,0.8134,2.00,99.7,0.91,0.21,2.66,0.1460,0.5000
1778859040.186,0.2494,0.8134,2.00,99.7,0.91,0.18,2.67,0.1460,0.5000
1778859040.250,0.2486,0.8134,2.00,99.7,0.87,-0.11,2.63,0.1464,0.5000
1778859040.319,0.2466,0.8134,2.00,99.7,0.86,-0.27,2.62,0.1464,0.5000
1778859040.389,0.2457,0.8134,2.00,99.7,0.84,-0.41,2.60,0.1463,0.5000
1778859040.451,0.2452,0.8134,2.00,99.7,0.83,-0.52,2.59,0.1459,0.5000
1778859040.521,0.2445,0.8134,2.00,99.7,0.81,-0.61,2.59,0.1456,0.5000
1778859040.585,0.2444,0.8129,2.00,99.7,0.79,-0.67,2.59,0.1452,0.5000
1778859040.652,0.2447,0.8129,2.00,99.7,0.78,-0.71,2.60,0.1453,0.5000
1778859040.721,0.2449,0.8129,2.00,99.7,0.80,-0.54,2.57,0.1450,0.5000
1778859040.784,0.2435,0.8129,2.00,99.7,0.82,-0.34,2.57,0.1448,0.5000
1778859040.850,0.2422,0.8129,2.00,99.7,0.76,0.51,2.66,0.1448,0.5000
1778859040.920,0.2432,0.8129,2.00,99.7,0.72,1.02,2.71,0.1453,0.5000
1778859040.989,0.2452,0.8129,2.00,99.7,0.70,1.14,2.75,0.1456,0.5000
1778859041.053,0.2477,0.8129,2.00,99.7,0.73,1.16,2.78,0.1458,0.5000
1778859041.121,0.2530,0.8106,2.00,99.7,0.77,1.21,2.80,0.1463,0.5000
1778859041.185,0.2716,0.8082,2.00,99.7,0.99,1.09,2.80,0.1468,0.5000
1778859041.252,0.3070,0.8058,2.00,99.7,1.45,0.56,2.81,0.1481,0.5000
1778859041.318,0.3241,0.8034,2.00,99.7,1.74,0.34,2.83,0.1482,0.5000
1778859041.389,0.3299,0.8010,2.00,99.7,1.87,0.37,2.84,0.1481,0.5000
1778859041.453,0.3318,0.7986,2.00,99.7,2.06,0.46,2.84,0.1488,0.5000
1778859041.521,0.3336,0.7962,2.00,99.7,2.17,0.59,2.85,0.1492,0.5000
1778859041.585,0.3345,0.7933,2.00,99.7,2.27,0.65,2.86,0.1493,0.5000
1778859041.654,0.3369,0.7909,2.00,99.7,2.34,0.62,2.86,0.1492,0.5000
1778859041.716,0.3401,0.7880,2.00,99.7,2.43,0.50,2.86,0.1496,0.5000
1778859041.789,0.3417,0.7855,2.00,99.7,2.55,0.30,2.87,0.1500,0.5000
1778859041.853,0.3432,0.7831,2.00,99.7,2.65,0.11,2.91,0.1493,0.5000
1778859041.922,0.3476,0.7807,2.00,99.7,3.01,-0.06,2.98,0.1508,0.5000
1778859041.984,0.3496,0.7783,2.00,99.7,3.46,-0.17,3.01,0.1507,0.5000
1778859042.056,0.3505,0.7759,2.00,99.7,3.80,-0.26,3.06,0.1486,0.5000
1778859042.119,0.3440,0.7735,2.00,99.7,3.85,-0.52,3.11,0.1478,0.5000
1778859042.188,0.3413,0.7711,2.00,99.7,3.79,-0.66,3.12,0.1488,0.5000
1778859042.252,0.3411,0.7687,2.00,99.7,3.72,-1.42,3.16,0.1488,0.5000
1778859042.320,0.3388,0.7663,2.00,99.7,3.70,-1.89,3.22,0.1493,0.5000
1778859042.385,0.3353,0.7639,2.00,99.7,3.71,-1.86,3.20,0.1500,0.5000
1778859042.454,0.3325,0.7614,2.00,99.7,3.59,-1.62,3.19,0.1497,0.5000
1778859042.522,0.3289,0.7590,2.00,99.7,3.51,-0.88,3.08,0.1499,0.5000
1778859042.589,0.3269,0.7566,2.00,99.7,3.31,-1.71,3.11,0.1491,0.5000
1778859042.656,0.3246,0.7542,2.00,99.7,3.43,-1.34,3.01,0.1500,0.5000
1778859042.717,0.3201,0.7518,2.00,99.7,3.60,-0.45,2.91,0.1497,0.5000
1778859042.786,0.3038,0.7494,2.00,99.7,2.95,-0.43,2.94,0.1465,0.5000
1778859042.851,0.1910,0.7494,2.00,99.7,1.57,-1.61,3.05,0.1480,0.5000
1778859042.921,0.2318,0.7494,2.00,99.7,1.00,-0.93,3.04,0.1445,0.5000
1778859042.986,0.2673,0.7470,3.00,111.7,1.51,-2.03,3.11,0.1403,0.5000
1778859043.057,0.2806,0.7446,3.00,111.7,1.58,-3.63,3.14,0.1444,0.5000
1778859043.123,0.2890,0.7422,3.00,111.7,1.38,-4.63,3.27,0.1524,0.5000
1778859043.189,0.2882,0.7398,3.00,111.7,1.44,-2.01,3.07,0.1500,0.5000
1778859043.252,0.2852,0.7373,3.00,111.7,0.88,-2.17,3.03,0.1504,0.5000
1778859043.321,0.2827,0.7349,3.00,111.7,1.01,-1.57,2.91,0.1521,0.5000
1778859043.389,0.2844,0.7325,3.00,111.7,0.62,-1.41,2.91,0.1527,0.5000
1778859043.458,0.2867,0.7301,3.00,111.7,0.13,-1.04,2.99,0.1538,0.5000
1778859043.518,0.2831,0.7277,3.00,111.7,-0.01,-1.71,3.45,0.1571,0.5000
1778859043.583,0.2804,0.7253,3.00,111.7,-0.65,-3.71,3.76,0.1556,0.5000
1778859043.655,0.2803,0.7229,3.00,111.7,-0.66,-5.61,4.11,0.1606,0.5000
1778859043.719,0.2753,0.7205,3.00,111.7,-0.70,-6.83,4.20,0.1580,0.5000
1778859043.786,0.2695,0.7181,3.00,111.7,-0.68,-6.66,4.29,0.1559,0.5000
1778859043.855,0.2671,0.7157,3.00,111.7,-0.49,-6.01,4.29,0.1544,0.5000
1778859043.924,0.2677,0.7133,3.00,111.7,-0.42,-5.46,4.23,0.1528,0.5000
1778859043.985,0.2678,0.7108,3.00,111.7,-0.18,-5.65,4.24,0.1481,0.5000
1778859044.058,0.2695,0.7084,3.00,111.7,0.16,-5.42,4.21,0.1453,0.5000
1778859044.120,0.2697,0.7060,3.00,111.7,0.31,-5.27,4.28,0.1448,0.5000
1778859044.191,0.2710,0.7036,3.00,111.7,0.56,-5.56,4.35,0.1461,0.5000
1778859044.257,0.2708,0.7012,3.00,111.7,0.75,-5.05,4.39,0.1455,0.5000
1778859044.322,0.2726,0.6988,3.00,111.7,0.95,-5.24,4.42,0.1482,0.5000
1778859044.387,0.2759,0.6964,3.00,111.7,1.02,-5.24,4.36,0.1474,0.5000
1778859044.456,0.2741,0.6940,3.00,111.7,0.92,-5.39,4.35,0.1463,0.5000
1778859044.524,0.2751,0.6916,3.00,111.7,0.93,-5.28,4.30,0.1455,0.5000
1778859044.583,0.2745,0.6892,3.00,111.7,0.98,-5.17,4.28,0.1452,0.5000
1778859044.618,0.2731,0.6875,3.00,111.7,0.98,-5.06,4.27,0.1452,0.5000
1778859044.687,0.2758,0.6851,3.00,111.7,0.91,-5.09,4.28,0.1466,0.5000
1778859044.750,0.2778,0.6827,3.00,111.7,0.86,-5.15,4.28,0.1475,0.5000
1778859044.784,0.2781,0.6803,3.00,111.7,0.86,-4.99,4.26,0.1476,0.5000
1778859044.818,0.2780,0.6787,3.00,111.7,0.86,-4.91,4.24,0.1471,0.5000
1778859044.851,0.2775,0.6763,3.00,111.7,0.87,-4.86,4.22,0.1471,0.5000
1778859044.884,0.2772,0.6746,3.00,111.7,0.86,-4.84,4.21,0.1472,0.5000
1778859044.920,0.2766,0.6722,3.00,111.7,0.83,-4.91,4.20,0.1475,0.5000
1778859044.989,0.2758,0.6699,3.00,111.7,0.78,-4.94,4.16,0.1472,0.5000
1778859045.053,0.2755,0.6675,3.00,111.7,0.75,-5.23,4.15,0.1465,0.5000
1778859045.120,0.2745,0.6651,3.00,111.7,0.70,-5.22,4.13,0.1450,0.5000
1778859045.191,0.2729,0.6627,3.00,111.7,0.68,-5.26,4.14,0.1454,0.5000
1778859045.255,0.2719,0.6603,3.00,111.7,0.72,-5.33,4.15,0.1452,0.5000
1778859045.323,0.2718,0.6579,3.00,111.7,0.74,-5.41,4.15,0.1457,0.5000
1778859045.391,0.2719,0.6555,3.00,111.7,0.72,-5.52,4.15,0.1462,0.5000
1778859045.458,0.2720,0.6531,3.00,111.7,0.71,-5.55,4.14,0.1462,0.5000
1778859045.523,0.2719,0.6507,3.00,111.7,0.71,-5.48,4.14,0.1464,0.5000
1778859045.585,0.2719,0.6483,3.00,111.7,0.69,-5.80,4.15,0.1463,0.5000
1778859045.618,0.2718,0.6468,3.00,111.7,0.67,-5.77,4.15,0.1462,0.5000
1778859045.653,0.2719,0.6444,3.00,111.7,0.67,-5.76,4.15,0.1461,0.5000
1778859045.719,0.2719,0.6420,3.00,111.7,0.66,-5.71,4.16,0.1458,0.5000
1778859045.789,0.2714,0.6396,3.00,111.7,0.65,-5.62,4.15,0.1456,0.5000
1778859045.855,0.2712,0.6372,3.00,111.7,0.66,-5.56,4.14,0.1457,0.5000
1778859045.925,0.2710,0.6348,3.00,111.7,0.66,-5.53,4.13,0.1457,0.5000
1778859045.990,0.2709,0.6325,3.00,111.7,0.66,-5.40,4.12,0.1457,0.5000
1778859046.058,0.2710,0.6301,3.00,111.7,0.66,-5.31,4.09,0.1457,0.5000
1778859046.125,0.2707,0.6277,3.00,111.7,0.64,-4.87,4.03,0.1453,0.5000
1778859046.192,0.2702,0.6253,3.00,111.7,0.62,-4.83,4.01,0.1452,0.5000
1778859046.256,0.2703,0.6229,3.00,111.7,0.61,-4.87,4.00,0.1453,0.5000
1778859046.321,0.2703,0.6205,3.00,111.7,0.59,-4.82,3.99,0.1456,0.5000
1778859046.392,0.2702,0.6181,3.00,111.7,0.60,-4.81,3.98,0.1461,0.5000
1778859046.455,0.2703,0.6158,3.00,111.7,0.61,-4.85,3.97,0.1465,0.5000
1778859046.525,0.2708,0.6134,3.00,111.7,0.65,-4.58,3.90,0.1462,0.5000
1778859046.584,0.2714,0.6110,3.00,111.7,0.71,-4.38,3.87,0.1462,0.5000
1778859046.618,0.2711,0.6095,3.00,111.7,0.73,-4.32,3.84,0.1458,0.5000
1778859046.653,0.2709,0.6071,3.00,111.7,0.73,-4.31,3.83,0.1452,0.5000
1778859046.684,0.2710,0.6057,3.00,111.7,0.73,-4.36,3.83,0.1445,0.5000
1778859046.722,0.2712,0.6033,3.00,111.7,0.74,-4.26,3.80,0.1445,0.5000
1778859046.788,0.2715,0.6010,3.00,111.7,0.73,-4.35,3.78,0.1446,0.5000
1778859046.850,0.2714,0.5986,3.00,111.7,0.71,-4.56,3.80,0.1449,0.5000
1778859046.885,0.2712,0.5972,3.00,111.7,0.72,-4.59,3.81,0.1451,0.5000
1778859046.920,0.2712,0.5948,3.00,111.7,0.75,-4.53,3.81,0.1455,0.5000
1778859046.954,0.2715,0.5934,3.00,111.7,0.78,-4.49,3.80,0.1456,0.5000
1778859046.984,0.2721,0.5910,3.00,111.7,0.81,-4.41,3.80,0.1453,0.5000
1778859047.019,0.2724,0.5896,3.00,111.7,0.87,-4.35,3.80,0.1449,0.5000
1778859047.051,0.2723,0.5873,3.00,111.7,0.88,-4.31,3.80,0.1460,0.5000
1778859047.086,0.2725,0.5859,3.00,111.7,0.90,-4.28,3.80,0.1457,0.5000
1778859047.117,0.2731,0.5835,3.00,111.7,0.93,-4.34,3.80,0.1458,0.5000
1778859047.154,0.2740,0.5822,3.00,111.7,1.00,-4.42,3.81,0.1466,0.5000
1778859047.184,0.2745,0.5798,3.00,111.7,1.04,-4.52,3.82,0.1467,0.5000
1778859047.221,0.2737,0.5785,3.00,111.7,1.04,-4.46,3.80,0.1467,0.5000
1778859047.289,0.2737,0.5761,3.00,111.7,1.06,-4.20,3.78,0.1466,0.5000
1778859047.355,0.2741,0.5738,3.00,111.7,1.09,-4.15,3.77,0.1465,0.5000
1778859047.423,0.2743,0.5714,3.00,111.7,1.06,-4.30,3.78,0.1461,0.5000
1778859047.489,0.2737,0.5691,3.00,111.7,1.04,-4.42,3.83,0.1461,0.5000
1778859047.557,0.2742,0.5667,3.00,111.7,1.02,-4.26,3.83,0.1464,0.5000
1778859047.621,0.2751,0.5634,3.00,111.7,1.02,-4.23,3.84,0.1468,0.5000
1778859047.691,0.2756,0.5610,3.00,111.7,1.01,-4.14,3.83,0.1463,0.5000
1778859047.759,0.2758,0.5587,3.00,111.7,0.97,-4.12,3.83,0.1461,0.5000
1778859047.826,0.2751,0.5563,3.00,111.7,0.96,-3.74,3.79,0.1464,0.5000
1778859047.888,0.2746,0.5540,3.00,111.7,0.89,-3.82,3.81,0.1471,0.5000
1778859047.960,0.2740,0.5516,3.00,111.7,0.83,-4.10,3.89,0.1479,0.5000
1778859048.026,0.2743,0.5493,3.00,111.7,0.82,-4.49,3.94,0.1490,0.5000
1778859048.088,0.2744,0.5469,3.00,111.7,0.83,-4.56,3.94,0.1494,0.5000
1778859048.157,0.2749,0.5446,3.00,111.7,0.83,-4.68,3.95,0.1495,0.5000
1778859048.224,0.2754,0.5423,3.00,111.7,0.87,-4.60,3.93,0.1492,0.5000
1778859048.293,0.2761,0.5399,3.00,111.7,0.91,-4.48,3.91,0.1490,0.5000
1778859048.356,0.2764,0.5376,3.00,111.7,0.94,-4.49,3.90,0.1488,0.5000
1778859048.424,0.2762,0.5352,3.00,111.7,0.92,-4.28,3.87,0.1485,0.5000
1778859048.492,0.2763,0.5329,3.00,111.7,0.91,-4.49,3.93,0.1487,0.5000
1778859048.558,0.2764,0.5305,3.00,111.7,0.90,-4.80,3.96,0.1490,0.5000
1778859048.623,0.2768,0.5271,3.00,111.7,0.88,-5.44,4.01,0.1491,0.5000
1778859048.688,0.2768,0.5247,3.00,111.7,0.88,-5.69,4.03,0.1492,0.5000
1778859048.756,0.2769,0.5224,3.00,111.7,0.86,-5.75,4.01,0.1494,0.5000
1778859048.826,0.2768,0.5200,3.00,111.7,0.86,-5.65,4.00,0.1493,0.5000
1778859048.891,0.2771,0.5176,3.00,111.7,0.88,-5.64,4.02,0.1494,0.5000
1778859048.956,0.2768,0.5153,3.00,111.7,0.88,-5.44,4.00,0.1492,0.5000
1778859049.025,0.2771,0.5129,3.00,111.7,0.87,-5.26,3.97,0.1491,0.5000
1778859049.091,0.2783,0.5106,3.00,111.7,0.87,-5.24,3.96,0.1490,0.5000
1778859049.155,0.2782,0.5082,3.00,111.7,0.93,-4.28,3.87,0.1488,0.5000
1778859049.223,0.2777,0.5059,3.00,111.7,0.92,-3.88,3.84,0.1485,0.5000
1778859049.293,0.2778,0.5035,3.00,111.7,0.92,-3.76,3.82,0.1479,0.5000
1778859049.359,0.2771,0.5012,3.00,111.7,0.89,-3.73,3.82,0.1478,0.5000
1778859049.424,0.2776,0.4988,3.00,111.7,0.88,-3.77,3.83,0.1475,0.5000
1778859049.492,0.2775,0.4965,3.00,111.7,0.78,-4.52,3.95,0.1474,0.5000
1778859049.560,0.2767,0.4941,3.00,111.7,0.73,-4.65,3.99,0.1475,0.5000
1778859049.623,0.2767,0.4918,3.00,111.7,0.72,-4.73,4.00,0.1473,0.5000
1778859049.690,0.2766,0.4894,3.00,111.7,0.72,-4.98,4.00,0.1477,0.5000
1778859049.757,0.2766,0.4871,3.00,111.7,0.70,-5.08,3.98,0.1482,0.5000
1778859049.827,0.2769,0.4847,3.00,111.7,0.68,-5.32,3.94,0.1475,0.5000
1778859049.890,0.2785,0.4824,3.00,111.7,0.48,-5.15,3.89,0.1468,0.5000
1778859049.959,0.2781,0.4800,3.00,111.7,0.47,-4.60,3.82,0.1461,0.5000
1778859050.023,0.2790,0.4776,3.00,111.7,0.44,-5.55,3.89,0.1474,0.5000
1778859050.093,0.2821,0.4753,3.00,111.7,0.39,-6.21,3.92,0.1482,0.5000
1778859050.159,0.2821,0.4729,3.00,111.7,0.37,-6.38,3.95,0.1485,0.5000
1778859050.225,0.2818,0.4706,3.00,111.7,0.42,-6.27,3.96,0.1492,0.5000
1778859050.292,0.2806,0.4682,3.00,111.7,0.48,-6.25,3.93,0.1486,0.5000
1778859050.357,0.2793,0.4659,3.00,111.7,0.51,-6.05,3.85,0.1480,0.5000
1778859050.423,0.2786,0.4635,3.00,111.7,0.46,-6.04,3.84,0.1482,0.5000
1778859050.491,0.2784,0.4612,3.00,111.7,0.46,-6.00,3.84,0.1488,0.5000
1778859050.559,0.2783,0.4588,3.00,111.7,0.43,-5.99,3.85,0.1490,0.5000
1778859050.625,0.2788,0.4565,3.00,111.7,0.43,-6.20,3.89,0.1488,0.5000
1778859050.693,0.2782,0.4541,3.00,111.7,0.40,-6.41,3.92,0.1485,0.5000
1778859050.756,0.2778,0.4518,3.00,111.7,0.38,-6.60,3.94,0.1481,0.5000
1778859050.827,0.2778,0.4494,3.00,111.7,0.35,-6.74,3.94,0.1479,0.4992
1778859050.891,0.2774,0.4471,3.00,111.7,0.35,-6.85,3.96,0.1480,0.4961
1778859050.958,0.2769,0.4447,3.00,111.7,0.36,-6.84,4.00,0.1489,0.4929
1778859051.024,0.2767,0.4424,3.00,111.7,0.54,-6.46,3.96,0.1501,0.4898
1778859051.090,0.2782,0.4400,3.00,111.7,0.77,-5.65,3.77,0.1487,0.4867
1778859051.158,0.2787,0.4376,3.00,111.7,0.74,-5.20,3.69,0.1483,0.4835
1778859051.224,0.2787,0.4353,3.00,111.7,0.73,-4.93,3.69,0.1482,0.4804
1778859051.291,0.2784,0.4329,3.00,111.7,0.71,-4.95,3.71,0.1486,0.4773
1778859051.357,0.2785,0.4306,3.00,111.7,0.74,-4.81,3.71,0.1484,0.4741
1778859051.423,0.2776,0.4282,3.00,111.7,0.71,-4.81,3.71,0.1484,0.4710
1778859051.490,0.2769,0.4259,3.00,111.7,0.69,-4.64,3.69,0.1478,0.4678
1778859051.559,0.2772,0.4235,3.00,111.7,0.67,-4.63,3.68,0.1478,0.4647
1778859051.626,0.2771,0.4212,3.00,111.7,0.65,-4.71,3.70,0.1484,0.4616
1778859051.690,0.2771,0.4188,3.00,111.7,0.67,-4.56,3.68,0.1486,0.4584
1778859051.755,0.2770,0.4178,3.00,111.7,0.65,-4.37,3.67,0.1490,0.4571
1778859051.825,0.2770,0.4169,3.00,111.7,0.60,-4.49,3.71,0.1490,0.4558
1778859051.891,0.2771,0.4159,3.00,111.7,0.63,-4.59,3.72,0.1489,0.4545
1778859051.957,0.2781,0.4149,3.00,111.7,0.70,-4.25,3.68,0.1487,0.4532
1778859052.025,0.2772,0.4140,3.00,111.7,0.72,-3.95,3.64,0.1486,0.4519
1778859052.090,0.2781,0.4130,3.00,111.7,0.81,-3.75,3.62,0.1483,0.4507
1778859052.160,0.2777,0.4120,3.00,111.7,0.84,-3.74,3.63,0.1482,0.4494
1778859052.226,0.2782,0.4111,3.00,111.7,0.84,-3.44,3.62,0.1476,0.4481
1778859052.294,0.2777,0.4101,3.00,111.7,0.85,-3.31,3.60,0.1473,0.4469
1778859052.357,0.2777,0.4092,3.00,111.7,0.83,-3.23,3.59,0.1472,0.4456
1778859052.426,0.2775,0.4083,3.00,111.7,0.83,-3.26,3.61,0.1477,0.4443
1778859052.493,0.2776,0.4073,3.00,111.7,0.83,-3.43,3.64,0.1480,0.4431
1778859052.560,0.2780,0.4064,3.00,111.7,0.83,-3.40,3.62,0.1482,0.4419
1778859052.624,0.2780,0.4055,3.00,111.7,0.83,-3.46,3.64,0.1484,0.4406
1778859052.695,0.2781,0.4045,3.00,111.7,0.85,-3.50,3.64,0.1487,0.4394
1778859052.759,0.2782,0.4036,3.00,111.7,0.86,-3.45,3.64,0.1489,0.4382
1778859052.825,0.2784,0.4027,3.00,111.7,0.86,-3.49,3.65,0.1497,0.4370
1778859052.895,0.2787,0.4018,3.00,111.7,0.85,-3.46,3.65,0.1501,0.4357
1778859052.960,0.2786,0.4009,3.00,111.7,0.84,-3.47,3.65,0.1501,0.4345
1778859053.028,0.2788,0.4000,3.00,111.7,0.82,-3.43,3.65,0.1502,0.4333
1778859053.091,0.2788,0.3991,3.00,111.7,0.81,-3.51,3.65,0.1503,0.4321
1778859053.162,0.2788,0.3982,3.00,111.7,0.78,-3.46,3.65,0.1504,0.4309
1778859053.228,0.2780,0.3973,3.00,111.7,0.68,-3.48,3.61,0.1490,0.4298
1778859053.295,0.2785,0.3964,3.00,111.7,0.63,-3.59,3.60,0.1483,0.4286
1778859053.362,0.2779,0.3956,3.00,111.7,0.62,-3.54,3.59,0.1476,0.4274
1778859053.427,0.1783,0.3969,3.00,111.7,-0.00,-3.70,3.87,0.1478,0.4292
1778859053.494,0.1962,0.3982,3.00,111.7,-0.12,-3.93,3.90,0.1476,0.4310
1778859053.561,0.2248,0.3996,3.00,111.7,0.06,-3.75,3.79,0.1472,0.4327
1778859053.628,0.2447,0.4009,3.00,111.7,0.18,-3.68,3.73,0.1472,0.4345
1778859053.695,0.2556,0.4000,4.00,150.6,0.27,-3.78,3.71,0.1472,0.4333
1778859053.758,0.2602,0.3991,4.00,150.6,0.32,-3.95,3.69,0.1477,0.4322
1778859053.825,0.2625,0.3982,4.00,150.6,0.37,-4.12,3.68,0.1476,0.4310
1778859053.894,0.2632,0.3974,4.00,150.6,0.40,-4.22,3.70,0.1470,0.4298
1778859053.961,0.2656,0.3965,4.00,150.6,0.45,-4.19,3.66,0.1469,0.4287
1778859054.027,0.2657,0.3957,4.00,150.6,0.49,-3.62,3.59,0.1470,0.4275
1778859054.091,0.2663,0.3948,4.00,150.6,0.56,-3.37,3.60,0.1475,0.4264
1778859054.159,0.2693,0.3939,4.00,150.6,0.82,-3.46,3.64,0.1480,0.4253
1778859054.227,0.2702,0.3931,4.00,150.6,0.82,-3.52,3.66,0.1494,0.4241
1778859054.293,0.2705,0.3922,4.00,150.6,0.83,-3.57,3.67,0.1496,0.4230
1778859054.360,0.2700,0.3914,4.00,150.6,0.83,-3.46,3.65,0.1495,0.4219
1778859054.426,0.2696,0.3906,4.00,150.6,0.96,-3.51,3.67,0.1496,0.4207
1778859054.493,0.2708,0.3897,4.00,150.6,0.90,-3.54,3.71,0.1510,0.4196
1778859054.562,0.2729,0.3889,4.00,150.6,0.84,-3.53,3.75,0.1511,0.4185
1778859054.625,0.2726,0.3881,4.00,150.6,0.79,-3.43,3.77,0.1505,0.4174
1778859054.694,0.2726,0.3881,4.00,150.6,0.81,-3.44,3.79,0.1503,0.4174
1778859054.762,0.2724,0.3881,4.00,150.6,0.85,-3.38,3.77,0.1500,0.4174
1778859054.829,0.2719,0.3881,4.00,150.6,0.85,-3.38,3.76,0.1497,0.4174
1778859054.892,0.2724,0.3881,4.00,150.6,0.87,-3.40,3.76,0.1497,0.4174
1778859054.960,0.2727,0.3881,4.00,150.6,0.85,-3.27,3.74,0.1502,0.4174
1778859055.028,0.2725,0.3881,4.00,150.6,0.85,-3.28,3.75,0.1502,0.4174
1778859055.094,0.2726,0.3881,4.00,150.6,0.85,-3.36,3.76,0.1500,0.4174
1778859055.160,0.2726,0.3881,4.00,150.6,0.84,-3.43,3.79,0.1500,0.4174
1778859055.228,0.2726,0.3881,4.00,150.6,0.84,-3.44,3.79,0.1500,0.4174
1778859055.292,0.2730,0.3881,4.00,150.6,0.81,-3.28,3.79,0.1502,0.4174
1778859055.396,0.2773,0.3881,4.00,150.6,0.92,-4.21,3.70,0.1501,0.4174
1778859055.460,0.2786,0.3881,4.00,150.6,0.92,-4.96,3.68,0.1504,0.4174
1778859055.528,0.2821,0.3859,4.00,150.6,0.97,-5.67,3.66,0.1505,0.4146
1778859055.592,0.2854,0.3838,4.00,150.6,0.99,-6.18,3.65,0.1507,0.4117
1778859055.660,0.2876,0.3838,4.00,150.6,1.03,-6.24,3.63,0.1508,0.4117
1778859055.726,0.2886,0.3838,4.00,150.6,1.03,-6.30,3.64,0.1511,0.4117
1778859055.795,0.2892,0.3838,4.00,150.6,1.01,-6.33,3.65,0.1510,0.4117
1778859055.860,0.2893,0.3838,4.00,150.6,1.01,-6.33,3.65,0.1509,0.4117
1778859055.925,0.2900,0.3838,4.00,150.6,1.02,-6.37,3.66,0.1508,0.4117
1778859055.994,0.2908,0.3838,4.00,150.6,1.03,-6.42,3.66,0.1510,0.4117
1778859056.062,0.2921,0.3838,4.00,150.6,1.06,-6.37,3.64,0.1511,0.4117
1778859056.127,0.2921,0.3838,4.00,150.6,1.06,-6.37,3.64,0.1510,0.4117
1778859056.195,0.2701,0.3838,4.00,150.6,0.76,-6.22,3.60,0.1510,0.4117
1778859056.262,0.2653,0.3838,4.00,150.6,0.56,-5.92,3.56,0.1507,0.4117
1778859056.328,0.2637,0.3838,4.00,150.6,0.42,-5.78,3.55,0.1505,0.4117
1778859056.394,0.2648,0.3838,4.00,150.6,0.45,-5.76,3.53,0.1496,0.4117
1778859056.462,0.2655,0.3838,4.00,150.6,0.41,-5.69,3.52,0.1489,0.4117
1778859056.529,0.2659,0.3838,4.00,150.6,0.38,-5.54,3.49,0.1484,0.4117
1778859056.594,0.2659,0.3838,4.00,150.6,0.31,-5.49,3.49,0.1486,0.4117
1778859056.660,0.2650,0.3838,4.00,150.6,0.32,-5.43,3.47,0.1466,0.4117
1778859056.729,0.2653,0.3838,4.00,150.6,0.33,-5.43,3.45,0.1465,0.4117
1778859056.795,0.2648,0.3838,4.00,150.6,0.05,-5.78,3.29,0.1484,0.4117
1778859056.858,0.2651,0.3838,4.00,150.6,-0.83,-5.87,3.17,0.1498,0.4117
1778859056.928,0.2670,0.3838,4.00,150.6,-1.69,-5.99,3.10,0.1511,0.4117
1778859056.995,0.2709,0.3838,4.00,150.6,-1.97,-7.61,3.16,0.1532,0.4117
1778859057.061,0.2731,0.3838,4.00,150.6,-1.87,-8.33,3.12,0.1570,0.4117
1778859057.126,0.2736,0.3838,4.00,150.6,-1.74,-8.91,3.14,0.1596,0.4117
1778859057.196,0.2733,0.3838,4.00,150.6,-1.45,-8.98,3.16,0.1625,0.4117
1778859057.262,0.2732,0.3838,4.00,150.6,-1.38,-9.08,3.22,0.1642,0.4117
1778859057.330,0.2724,0.3838,4.00,150.6,-1.30,-8.60,3.18,0.1648,0.4117
1778859057.394,0.2722,0.3838,4.00,150.6,-1.09,-7.90,3.15,0.1656,0.4117
1778859057.461,0.2718,0.3838,4.00,150.6,-0.64,-6.41,3.12,0.1623,0.4117
1778859057.531,0.2707,0.3838,4.00,150.6,-0.11,-5.25,3.07,0.1574,0.4117
1778859057.591,0.2697,0.3817,4.00,150.6,0.10,-5.23,3.12,0.1583,0.4089
1778859057.623,0.2666,0.3795,4.00,150.6,0.23,-4.81,3.13,0.1682,0.4060
1778859057.658,0.2666,0.3787,4.00,150.6,0.25,-3.96,3.04,0.2312,0.4050
1778859057.689,0.2664,0.3766,4.00,150.6,0.22,-5.65,3.26,0.2747,0.4021
1778859057.724,0.2662,0.3758,4.00,150.6,0.11,-7.44,3.46,0.3023,0.4011
1778859057.758,0.2660,0.3737,4.00,150.6,0.02,-7.97,3.49,0.3106,0.3982
1778859057.789,0.2661,0.3729,4.00,150.6,-0.01,-8.21,3.50,0.3119,0.3972
1778859057.826,0.2660,0.3708,4.00,150.6,-0.04,-8.30,3.49,0.3072,0.3944
1778859057.893,0.2661,0.3686,4.00,150.6,-0.11,-8.50,3.50,0.2931,0.3915
1778859057.960,0.2666,0.3665,4.00,150.6,-0.21,-6.59,3.26,0.2277,0.3887
1778859058.027,0.2674,0.3644,4.00,150.6,0.07,-4.10,2.95,0.1776,0.3859
1778859058.094,0.2676,0.3623,4.00,150.6,0.51,-3.73,2.80,0.1400,0.3831
1778859058.162,0.2664,0.3623,4.00,150.6,0.86,-3.13,2.70,0.1303,0.3831
1778859058.227,0.2663,0.3623,4.00,150.6,1.05,-3.78,2.75,0.1270,0.3831
1778859058.296,0.2660,0.3623,4.00,150.6,1.14,-3.82,2.74,0.1209,0.3831
1778859058.362,0.2662,0.3623,4.00,150.6,1.43,-3.76,2.85,0.1124,0.3831
1778859058.428,0.2665,0.3602,4.00,150.6,1.76,-3.69,3.00,0.1081,0.3802
1778859058.495,0.2659,0.3581,4.00,150.6,1.94,-3.84,3.11,0.1075,0.3774
1778859058.562,0.1935,0.3581,4.00,150.6,1.50,-3.77,3.30,0.1078,0.3774
1778859058.626,0.1993,0.3581,4.00,150.6,1.61,-3.82,3.26,0.1104,0.3774
1778859058.696,0.2047,0.3581,4.00,150.6,1.64,-3.88,3.28,0.1148,0.3774
1778859058.760,0.2166,0.3581,4.00,150.6,1.61,-3.93,3.28,0.1186,0.3774
1778859058.829,0.2241,0.3581,4.00,150.6,1.58,-3.61,3.23,0.1237,0.3774
1778859058.897,0.2302,0.3581,4.00,150.6,1.59,-3.22,3.16,0.1278,0.3774
1778859058.961,0.2342,0.3581,4.00,150.6,1.68,-2.88,3.13,0.1335,0.3774
1778859059.027,0.2392,0.3581,4.00,150.6,1.59,-2.54,3.03,0.1395,0.3774
1778859059.096,0.2438,0.3581,4.00,150.6,1.43,-2.93,3.05,0.1408,0.3774
1778859059.163,0.2450,0.3581,4.00,150.6,1.04,-2.82,3.05,0.1444,0.3774
1778859059.227,0.2480,0.3602,4.00,150.6,0.90,-2.97,3.07,0.1472,0.3802
1778859059.295,0.2510,0.3602,4.00,150.6,0.54,-3.30,3.14,0.1502,0.3802
1778859059.361,0.2521,0.3602,4.00,150.6,0.43,-3.97,3.25,0.1498,0.3802
1778859059.429,0.2517,0.3602,4.00,150.6,0.35,-4.52,3.29,0.1511,0.3802
1778859059.496,0.2515,0.3602,4.00,150.6,0.32,-4.63,3.23,0.1514,0.3802
1778859059.564,0.2510,0.3602,4.00,150.6,0.29,-4.77,3.24,0.1515,0.3802
1778859059.627,0.2507,0.3602,4.00,150.6,0.26,-4.63,3.22,0.1513,0.3802
1778859059.695,0.2508,0.3602,4.00,150.6,0.24,-4.84,3.22,0.1520,0.3802
1778859059.760,0.2508,0.3602,4.00,150.6,0.25,-4.74,3.20,0.1522,0.3802
1778859059.828,0.2508,0.3602,4.00,150.6,0.25,-4.73,3.20,0.1521,0.3802
1778859059.896,0.2509,0.3602,4.00,150.6,0.27,-4.66,3.18,0.1519,0.3802
1778859059.964,0.2506,0.3602,4.00,150.6,0.27,-4.70,3.18,0.1521,0.3802
1778859060.031,0.2507,0.3602,4.00,150.6,0.27,-4.60,3.15,0.1512,0.3802
1778859060.092,0.2504,0.3602,4.00,150.6,0.24,-4.52,3.14,0.1507,0.3802
1778859060.156,0.2501,0.3602,4.00,150.6,0.28,-4.47,3.11,0.1510,0.3802
1778859060.189,0.2500,0.3615,4.00,150.6,0.31,-4.41,3.10,0.1510,0.3820
1778859060.222,0.2501,0.3615,4.00,150.6,0.32,-4.28,3.08,0.1512,0.3820
1778859060.259,0.2496,0.3629,4.00,150.6,0.34,-4.06,3.07,0.1513,0.3838
1778859060.291,0.2489,0.3650,4.00,150.6,0.36,-3.79,3.04,0.1510,0.3866
1778859060.325,0.2484,0.3663,4.00,150.6,0.38,-3.83,3.06,0.1509,0.3884
1778859060.360,0.2482,0.3684,4.00,150.6,0.39,-3.85,3.07,0.1509,0.3912
1778859060.427,0.2478,0.3705,4.00,150.6,0.35,-3.96,3.07,0.1508,0.3940
1778859060.495,0.2475,0.3726,4.00,150.6,0.37,-3.93,3.07,0.1507,0.3968
1778859060.562,0.2474,0.3726,4.00,150.6,0.42,-3.94,3.05,0.1515,0.3968
1778859060.627,0.2477,0.3747,4.00,150.6,0.38,-4.02,3.04,0.1517,0.3996
1778859060.698,0.2485,0.3768,4.00,150.6,0.31,-3.99,3.03,0.1522,0.4025
1778859060.762,0.2488,0.3789,4.00,150.6,0.27,-4.02,3.01,0.1528,0.4053
1778859060.830,0.2491,0.3811,4.00,150.6,0.26,-3.88,2.98,0.1534,0.4081
1778859060.894,0.2497,0.3832,4.00,150.6,0.35,-3.97,2.98,0.1545,0.4109
1778859060.963,0.2499,0.3853,4.00,150.6,0.26,-4.25,3.05,0.1550,0.4137
1778859061.030,0.2500,0.3853,4.00,150.6,0.23,-4.42,3.10,0.1553,0.4137
1778859061.097,0.2578,0.3853,4.00,150.6,0.42,-4.94,3.13,0.1559,0.4137
1778859061.162,0.2658,0.3853,4.00,150.6,0.64,-5.03,3.11,0.1561,0.4137
1778859061.231,0.2706,0.3853,4.00,150.6,0.82,-4.56,3.04,0.1568,0.4137
1778859061.299,0.2720,0.3853,4.00,150.6,0.92,-4.24,2.99,0.1569,0.4137
1778859061.362,0.2731,0.3832,4.00,150.6,0.95,-4.14,2.98,0.1570,0.4109
1778859061.430,0.2726,0.3811,4.00,150.6,0.96,-3.82,2.98,0.1571,0.4081
1778859061.498,0.2725,0.3789,4.00,150.6,0.95,-3.60,3.00,0.1572,0.4053
1778859061.563,0.2729,0.3768,4.00,150.6,0.94,-3.53,3.01,0.1574,0.4025
1778859061.627,0.2723,0.3747,4.00,150.6,0.93,-3.54,3.04,0.1575,0.3996
1778859061.697,0.1158,0.3747,4.00,150.6,0.39,-3.13,3.35,0.1576,0.3996
1778859061.763,0.1494,0.3747,4.00,150.6,0.36,-2.93,3.30,0.1565,0.3996
1778859061.831,0.1938,0.3747,4.00,150.6,0.30,-2.69,3.29,0.1562,0.3996
1778859061.894,0.2215,0.3747,4.00,150.6,0.34,-2.74,3.26,0.1556,0.3996
1778859061.965,0.2342,0.3768,4.00,150.6,0.38,-2.68,3.24,0.1553,0.4025
1778859062.030,0.2428,0.3768,4.00,150.6,0.40,-2.76,3.24,0.1550,0.4025
1778859062.096,0.2484,0.3768,4.00,150.6,0.42,-2.63,3.23,0.1548,0.4025
1778859062.162,0.2523,0.3747,5.00,213.5,0.44,-2.58,3.21,0.1551,0.3996
1778859062.231,0.2558,0.3726,5.00,213.5,0.41,-2.77,3.20,0.1556,0.3968
1778859062.298,0.2591,0.3705,5.00,213.5,0.41,-2.86,3.19,0.1557,0.3940
1778859062.362,0.2594,0.3684,5.00,213.5,0.40,-2.95,3.16,0.1558,0.3912
1778859062.431,0.2594,0.3663,5.00,213.5,0.38,-2.93,3.15,0.1557,0.3884
1778859062.497,0.2599,0.3642,5.00,213.5,0.38,-2.97,3.13,0.1560,0.3856
1778859062.563,0.2541,0.3621,5.00,213.5,0.28,-2.50,3.26,0.1562,0.3828
1778859062.628,0.2532,0.3600,5.00,213.5,0.24,-2.41,3.30,0.1558,0.3800
1778859062.697,0.2525,0.3579,5.00,213.5,0.19,-2.54,3.35,0.1552,0.3772
1778859062.762,0.2525,0.3558,5.00,213.5,0.15,-2.29,3.37,0.1548,0.3744
1778859062.830,0.2530,0.3537,5.00,213.5,0.05,-2.36,3.41,0.1549,0.3716
1778859062.896,0.2551,0.3516,5.00,213.5,0.00,-1.92,3.37,0.1554,0.3688
1778859062.963,0.2556,0.3495,5.00,213.5,-0.18,-1.99,3.42,0.1546,0.3660
1778859063.031,0.2561,0.3474,5.00,213.5,-0.17,-2.44,3.47,0.1550,0.3632
1778859063.097,0.2563,0.3453,5.00,213.5,-0.15,-2.78,3.51,0.1535,0.3604
1778859063.163,0.2553,0.3432,5.00,213.5,-0.12,-2.86,3.53,0.1524,0.3575
1778859063.229,0.2522,0.3411,5.00,213.5,-0.09,-2.85,3.54,0.1516,0.3547
1778859063.298,0.2560,0.3389,5.00,213.5,0.19,-2.95,3.49,0.1519,0.3519
1778859063.363,0.2623,0.3368,5.00,213.5,0.40,-3.32,3.51,0.1525,0.3491
1778859063.430,0.2686,0.3347,5.00,213.5,0.56,-3.35,3.47,0.1524,0.3463
1778859063.498,0.2681,0.3326,5.00,213.5,0.65,-3.83,3.52,0.1534,0.3435
1778859063.563,0.2677,0.3305,5.00,213.5,0.75,-3.64,3.46,0.1544,0.3407
1778859063.629,0.2677,0.3284,5.00,213.5,0.77,-3.84,3.48,0.1558,0.3379
1778859063.696,0.2675,0.3249,5.00,213.5,0.75,-3.95,3.49,0.1558,0.3332
1778859063.766,0.2673,0.3214,5.00,213.5,0.77,-4.08,3.50,0.1555,0.3285
1778859063.832,0.2666,0.3178,5.00,213.5,0.74,-4.19,3.53,0.1560,0.3237
1778859063.897,0.2665,0.3142,5.00,213.5,0.78,-4.17,3.53,0.1560,0.3190
1778859063.963,0.2686,0.3106,5.00,213.5,0.75,-3.81,3.50,0.1564,0.3142
1778859064.033,0.2701,0.3085,5.00,213.5,0.71,-3.59,3.52,0.1569,0.3113
1778859064.097,0.2703,0.3049,5.00,213.5,0.70,-3.21,3.49,0.1569,0.3065
1778859064.164,0.2710,0.3013,5.00,213.5,0.68,-3.19,3.49,0.1572,0.3017
1778859064.230,0.2695,0.2991,5.00,213.5,0.72,-3.03,3.48,0.1566,0.2989
1778859064.295,0.2708,0.2970,5.00,213.5,0.83,-2.93,3.49,0.1575,0.2960
1778859064.364,0.2719,0.2949,5.00,213.5,1.00,-2.78,3.50,0.1577,0.2932
1778859064.429,0.2727,0.2927,5.00,213.5,1.02,-2.60,3.48,0.1584,0.2903
1778859064.498,0.2718,0.2906,5.00,213.5,0.99,-2.60,3.46,0.1582,0.2875
1778859064.564,0.2709,0.2885,5.00,213.5,0.94,-2.46,3.42,0.1583,0.2846
1778859064.630,0.2702,0.2863,5.00,213.5,0.91,-2.40,3.42,0.1583,0.2818
1778859064.698,0.2696,0.2842,5.00,213.5,0.92,-2.26,3.44,0.1582,0.2789
1778859064.763,0.2696,0.2821,5.00,213.5,0.92,-2.25,3.44,0.1581,0.2761
1778859064.833,0.2697,0.2799,5.00,213.5,0.94,-2.19,3.45,0.1583,0.2732
1778859064.898,0.2702,0.2778,5.00,213.5,0.96,-2.18,3.45,0.1581,0.2704
1778859064.968,0.2701,0.2756,5.00,213.5,0.95,-2.18,3.46,0.1582,0.2675
1778859065.031,0.2705,0.2735,5.00,213.5,0.94,-2.33,3.48,0.1584,0.2647
1778859065.098,0.2708,0.2714,5.00,213.5,0.95,-2.71,3.53,0.1588,0.2618
1778859065.167,0.2713,0.2692,5.00,213.5,0.95,-2.84,3.54,0.1590,0.2590
1778859065.234,0.2712,0.2671,5.00,213.5,0.93,-2.88,3.54,0.1592,0.2561
1778859065.298,0.2712,0.2650,5.00,213.5,0.92,-2.88,3.55,0.1593,0.2533
1778859065.364,0.2713,0.2628,5.00,213.5,0.92,-2.91,3.56,0.1593,0.2504
1778859065.433,0.2712,0.2607,5.00,213.5,0.94,-2.93,3.55,0.1592,0.2476
1778859065.497,0.2715,0.2585,5.00,213.5,0.98,-2.90,3.54,0.1595,0.2447
1778859065.567,0.2721,0.2564,5.00,213.5,0.98,-2.87,3.53,0.1596,0.2419
1778859065.629,0.2727,0.2543,5.00,213.5,0.98,-2.73,3.51,0.1597,0.2390
1778859065.698,0.2733,0.2521,5.00,213.5,0.99,-2.57,3.50,0.1598,0.2362
1778859065.764,0.2733,0.2500,5.00,213.5,0.99,-2.59,3.51,0.1600,0.2333
1778859065.831,0.2738,0.2479,5.00,213.5,1.03,-2.80,3.52,0.1602,0.2305
1778859065.896,0.2740,0.2457,5.00,213.5,1.06,-2.90,3.52,0.1602,0.2276
1778859065.965,0.2732,0.2436,5.00,213.5,1.17,-2.86,3.53,0.1599,0.2248
1778859066.033,0.2733,0.2415,5.00,213.5,1.19,-2.72,3.53,0.1598,0.2219
1778859066.099,0.2744,0.2393,5.00,213.5,1.19,-2.91,3.54,0.1606,0.2191
1778859066.163,0.2745,0.2372,5.00,213.5,1.17,-2.97,3.54,0.1608,0.2162
1778859066.232,0.2749,0.2350,5.00,213.5,1.16,-3.22,3.56,0.1611,0.2134
1778859066.298,0.2759,0.2329,5.00,213.5,1.16,-3.24,3.56,0.1610,0.2105
1778859066.365,0.2781,0.2308,5.00,213.5,1.04,-3.64,3.51,0.1609,0.2077
1778859066.432,0.2815,0.2286,5.00,213.5,0.83,-4.16,3.42,0.1598,0.2048
1778859066.498,0.2837,0.2265,5.00,213.5,0.82,-4.31,3.37,0.1590,0.2020
1778859066.565,0.2843,0.2244,5.00,213.5,0.77,-4.45,3.35,0.1588,0.1991
1778859066.629,0.2848,0.2222,5.00,213.5,0.62,-4.40,3.32,0.1593,0.1963
1778859066.697,0.2854,0.2201,5.00,213.5,0.63,-4.34,3.29,0.1592,0.1934
1778859066.767,0.2769,0.2179,5.00,213.5,0.50,-3.05,3.30,0.1593,0.1906
1778859066.831,0.2730,0.2158,5.00,213.5,0.44,-2.49,3.33,0.1591,0.1877
1778859066.899,0.2709,0.2137,5.00,213.5,0.43,-2.04,3.32,0.1588,0.1849
1778859066.964,0.2696,0.2115,5.00,213.5,0.34,-1.61,3.32,0.1586,0.1821
1778859067.032,0.2686,0.2094,5.00,213.5,0.28,-1.53,3.32,0.1583,0.1792
1778859067.098,0.2681,0.2073,5.00,213.5,0.25,-1.34,3.33,0.1580,0.1764
1778859067.164,0.2673,0.2051,5.00,213.5,0.28,-1.17,3.31,0.1576,0.1735
1778859067.232,0.2653,0.2030,5.00,213.5,0.27,-1.17,3.33,0.1576,0.1707
1778859067.297,0.2630,0.2009,5.00,213.5,0.24,-1.33,3.35,0.1579,0.1678
1778859067.364,0.2617,0.1987,5.00,213.5,0.28,-1.46,3.38,0.1588,0.1650
1778859067.433,0.2608,0.1966,5.00,213.5,0.33,-1.61,3.43,0.1597,0.1621
1778859067.499,0.2594,0.1944,5.00,213.5,0.41,-1.57,3.42,0.1594,0.1593
1778859067.565,0.2594,0.1923,5.00,213.5,0.39,-1.72,3.45,0.1600,0.1564
1778859067.630,0.2578,0.1902,5.00,213.5,0.38,-1.77,3.45,0.1588,0.1536
1778859067.700,0.2583,0.1880,5.00,213.5,0.34,-2.01,3.49,0.1594,0.1507
1778859067.766,0.2652,0.1859,5.00,213.5,0.46,-3.48,3.41,0.1597,0.1479
1778859067.833,0.2736,0.1838,5.00,213.5,0.54,-4.01,3.36,0.1599,0.1450
1778859067.899,0.2745,0.1816,5.00,213.5,0.57,-4.18,3.34,0.1598,0.1422
1778859067.968,0.2765,0.1795,5.00,213.5,0.61,-4.30,3.32,0.1596,0.1393
1778859068.034,0.2771,0.1774,5.00,213.5,0.64,-4.32,3.31,0.1594,0.1365
1778859068.100,0.2782,0.1752,5.00,213.5,0.66,-4.32,3.28,0.1594,0.1336
1778859068.164,0.2785,0.1731,5.00,213.5,0.69,-4.09,3.25,0.1592,0.1308
1778859068.234,0.2790,0.1709,5.00,213.5,0.72,-3.82,3.22,0.1593,0.1279
1778859068.299,0.2802,0.1688,5.00,213.5,0.74,-3.79,3.23,0.1596,0.1251
1778859068.365,0.2805,0.1667,5.00,213.5,0.74,-3.93,3.24,0.1597,0.1222
1778859068.431,0.2811,0.1645,5.00,213.5,0.74,-3.96,3.25,0.1598,0.1194
1778859068.500,0.2810,0.1624,5.00,213.5,0.73,-3.94,3.25,0.1599,0.1165
1778859068.569,0.2812,0.1603,5.00,213.5,0.73,-3.99,3.26,0.1599,0.1137
1778859068.633,0.2814,0.1581,5.00,213.5,0.73,-3.97,3.26,0.1596,0.1108
1778859068.699,0.2813,0.1560,5.00,213.5,0.75,-3.96,3.27,0.1595,0.1080
1778859068.765,0.2809,0.1538,5.00,213.5,0.78,-3.94,3.27,0.1595,0.1051
1778859068.834,0.2795,0.1517,5.00,213.5,0.81,-2.07,3.32,0.1597,0.1023
1778859068.899,0.2825,0.1517,5.00,213.5,0.89,-2.00,3.40,0.1597,0.1023
1778859068.965,0.2833,0.1496,5.00,213.5,0.94,-1.96,3.45,0.1599,0.1000
1778859069.033,0.2838,0.1474,5.00,213.5,0.97,-1.87,3.48,0.1603,0.1000
1778859069.101,0.2851,0.1453,5.00,213.5,0.84,-1.57,3.46,0.1616,0.1000
1778859069.166,0.2860,0.1432,5.00,213.5,0.58,-1.74,3.51,0.1527,0.1000
1778859069.231,0.2888,0.1410,5.00,213.5,0.57,-1.82,3.59,0.1444,0.1000
1778859069.300,0.2922,0.1389,5.00,213.5,0.56,-1.80,3.61,0.1327,0.1000
1778859069.367,0.2941,0.1368,5.00,213.5,0.11,-1.68,3.68,0.1366,0.1000
1778859069.434,0.2973,0.1346,5.00,213.5,0.52,-0.70,3.60,0.1398,0.1000
1778859069.499,0.2998,0.1325,5.00,213.5,0.52,-1.89,3.70,0.1299,0.1000
1778859069.566,0.3004,0.1303,5.00,213.5,0.53,-2.89,3.80,0.1235,0.1000
1778859069.632,0.3022,0.1282,5.00,213.5,0.92,-2.32,3.73,0.1193,0.1000
1778859069.700,0.3025,0.1261,5.00,213.5,1.82,-1.32,3.57,0.1109,0.1000
1778859069.764,0.3024,0.1239,5.00,213.5,2.51,-1.05,3.50,0.0982,0.1000
1778859069.833,0.3021,0.1218,5.00,213.5,3.11,-0.51,3.48,0.0908,0.1000
1778859069.901,0.3011,0.1197,5.00,213.5,3.20,-0.18,3.42,0.0867,0.1000
1778859069.966,0.2985,0.1175,5.00,213.5,3.03,-0.44,3.37,0.0756,0.1000
1778859070.033,0.2975,0.1154,5.00,213.5,3.06,0.54,3.15,0.0692,0.1000
1778859070.104,0.2979,0.1132,5.00,213.5,3.05,1.16,3.10,0.0703,0.1000
1778859070.167,0.2976,0.1111,5.00,213.5,3.04,1.10,3.11,0.0706,0.1000
1778859070.234,0.2972,0.1090,5.00,213.5,3.03,1.93,3.03,0.0706,0.1000
1778859070.299,0.2981,0.1068,5.00,213.5,3.19,2.91,2.90,0.0697,0.1000
1778859070.369,0.2981,0.1047,5.00,213.5,3.27,2.84,2.88,0.0688,0.1000
1778859070.434,0.2975,0.1026,5.00,213.5,3.35,2.35,2.87,0.0673,0.1000
1778859070.500,0.2968,0.1004,5.00,213.5,3.39,2.16,2.88,0.0672,0.1000
1778859070.566,0.2984,0.0983,5.00,213.5,3.44,1.74,2.90,0.0671,0.1000
1778859070.632,0.2980,0.0962,5.00,213.5,3.27,1.18,2.96,0.0693,0.1000
1778859070.699,0.2977,0.0940,5.00,213.5,3.28,-0.07,3.01,0.0714,0.1000
1778859070.766,0.2976,0.0919,5.00,213.5,3.31,-0.68,3.08,0.0728,0.1000
1778859070.834,0.2975,0.0897,5.00,213.5,3.32,-0.90,3.13,0.0746,0.1000
1778859070.901,0.2971,0.0876,5.00,213.5,3.29,-0.96,3.13,0.0768,0.1000
1778859070.966,0.2963,0.0855,5.00,213.5,3.20,-1.66,3.20,0.0785,0.1000
1778859071.032,0.2956,0.0833,5.00,213.5,3.09,-2.16,3.27,0.0786,0.1000
1778859071.099,0.2947,0.0812,5.00,213.5,2.97,-2.29,3.29,0.0782,0.1000
1778859071.170,0.2944,0.0812,5.00,213.5,2.88,-2.56,3.32,0.0779,0.1000
1778859071.232,0.2942,0.0812,5.00,213.5,2.73,-3.83,3.50,0.0781,0.1000
1778859071.300,0.2938,0.0812,5.00,213.5,2.64,-4.89,3.72,0.0792,0.1000
1778859071.367,0.2932,0.0812,5.00,213.5,2.33,-5.60,3.81,0.0991,0.1000
1778859071.436,0.2931,0.0812,5.00,213.5,2.06,-6.42,3.97,0.1067,0.1000
1778859071.496,0.2863,0.0812,5.00,213.5,1.91,-6.22,3.90,0.1114,0.1000
1778859071.531,0.2860,0.0812,5.00,213.5,1.83,-6.07,3.86,0.1124,0.1000
1778859071.596,0.2823,0.0812,5.00,213.5,1.80,-5.62,3.79,0.1182,0.1000
1778859071.631,0.2804,0.0810,5.00,213.5,1.76,-5.01,3.67,0.1216,0.1000
1778859071.665,0.2769,0.0810,5.00,213.5,1.67,-4.81,3.59,0.1237,0.1000
1778859071.698,0.2768,0.0809,5.00,213.5,1.68,-4.22,3.44,0.1250,0.1000
1778859071.730,0.2758,0.0809,5.00,213.5,1.66,-3.97,3.38,0.1252,0.1000
1778859071.764,0.2743,0.0807,5.00,213.5,1.60,-4.44,3.42,0.1254,0.1000
1778859071.799,0.2731,0.0807,5.00,213.5,1.50,-4.58,3.43,0.1276,0.1000
1778859071.864,0.2721,0.0807,5.00,213.5,1.36,-5.00,3.48,0.1350,0.1000
1778859071.898,0.2712,0.0805,5.00,213.5,1.37,-5.25,3.49,0.1343,0.1000
1778859071.933,0.2711,0.0805,5.00,213.5,1.27,-5.91,3.56,0.1334,0.1000
1778859071.964,0.2711,0.0803,5.00,213.5,1.28,-5.96,3.56,0.1325,0.1000
1778859071.999,0.2705,0.0803,5.00,213.5,1.24,-6.78,3.56,0.1347,0.1000
1778859072.031,0.2708,0.0802,5.00,213.5,1.25,-6.98,3.50,0.1353,0.1000
1778859072.063,0.2709,0.0802,5.00,213.5,1.25,-7.10,3.46,0.1362,0.1000
1778859072.096,0.2711,0.0800,5.00,213.5,1.26,-7.34,3.44,0.1356,0.1000
1778859072.131,0.2713,0.0800,5.00,213.5,1.27,-7.46,3.42,0.1349,0.1000
1778859072.165,0.2711,0.0798,5.00,213.5,1.31,-7.51,3.38,0.1338,0.1000
1778859072.199,0.2709,0.0798,5.00,213.5,1.36,-7.45,3.35,0.1331,0.1000
1778859072.266,0.2703,0.0798,5.00,213.5,1.45,-7.47,3.37,0.1320,0.1000
1778859072.331,0.2702,0.0798,5.00,213.5,1.55,-7.52,3.39,0.1308,0.1000
1778859072.400,0.2707,0.0798,5.00,213.5,1.60,-7.09,3.39,0.1300,0.1000
1778859072.470,0.2711,0.0798,5.00,213.5,1.57,-6.67,3.39,0.1303,0.1000
1778859072.534,0.2713,0.0798,5.00,213.5,1.12,-6.68,3.89,0.1406,0.1000
1778859072.596,0.2720,0.0798,5.00,213.5,0.46,-9.98,4.41,0.2565,0.1000
1778859072.631,0.2732,0.0797,5.00,213.5,-0.03,-9.11,4.32,0.2862,0.1000
1778859072.699,0.2762,0.0797,5.00,213.5,-0.56,-8.35,4.10,0.2435,0.1000
1778859072.769,0.2867,0.0797,5.00,213.5,-1.17,-5.61,3.65,0.2768,0.1000
1778859072.833,0.2918,0.0797,5.00,213.5,-1.65,0.02,2.82,0.3080,0.1000
1778859072.903,0.2946,0.0776,5.00,213.5,-0.71,7.62,2.18,0.3003,0.1000
1778859072.970,0.2999,0.0755,5.00,213.5,-0.72,10.56,1.93,0.3064,0.1000
1778859073.037,0.2983,0.0755,5.00,213.5,-0.58,11.46,1.93,0.3063,0.1000
1778859073.100,0.2922,0.0755,5.00,213.5,-0.36,12.77,1.88,0.3062,0.1000
1778859073.171,0.2876,0.0755,5.00,213.5,-0.47,10.62,2.21,0.2980,0.1000
1778859073.237,0.2873,0.0755,5.00,213.5,-0.22,9.84,2.22,0.3045,0.1000
1778859073.303,0.2871,0.0755,5.00,213.5,0.03,8.94,2.30,0.2982,0.1000
1778859073.369,0.2869,0.0755,5.00,213.5,0.33,8.34,2.37,0.2774,0.1000
1778859073.437,0.2868,0.0755,5.00,213.5,0.33,8.20,2.33,0.2791,0.1000
1778859073.505,0.2864,0.0755,5.00,213.5,0.42,8.34,2.34,0.2757,0.1000
1778859073.568,0.2859,0.0755,5.00,213.5,0.47,8.29,2.33,0.2722,0.1000
1778859073.633,0.2841,0.0755,5.00,213.5,0.54,8.32,2.34,0.2624,0.1000
1778859073.701,0.3115,0.0755,5.00,213.5,0.87,7.93,2.48,0.2603,0.1000
1778859073.772,0.3356,0.0755,5.00,213.5,1.08,7.61,2.42,0.2622,0.1000
1778859073.835,0.3385,0.0755,5.00,213.5,1.12,7.64,2.40,0.2682,0.1000
1778859073.901,0.3398,0.0755,5.00,213.5,1.13,7.34,2.43,0.2709,0.1000
1778859073.968,0.3405,0.0755,5.00,213.5,1.15,7.27,2.43,0.2733,0.1000
1778859074.039,0.3403,0.0755,5.00,213.5,1.17,6.94,2.47,0.2730,0.1000
1778859074.102,0.3401,0.0755,5.00,213.5,1.20,6.79,2.47,0.2748,0.1000
1778859074.166,0.3379,0.0755,5.00,213.5,1.16,6.45,2.48,0.2762,0.1000
1778859074.234,0.3665,0.0755,5.00,213.5,1.22,6.57,2.58,0.2807,0.1000
1778859074.301,0.3875,0.0755,5.00,213.5,1.25,7.20,2.60,0.2843,0.1000
1778859074.370,0.3928,0.0755,5.00,213.5,1.24,7.29,2.60,0.2855,0.1000
1778859074.437,0.3950,0.0755,5.00,213.5,1.27,7.02,2.65,0.2867,0.1000
1778859074.500,0.3956,0.0755,5.00,213.5,1.38,7.44,2.56,0.2858,0.1000
1778859074.570,0.3538,0.0755,5.00,213.5,1.10,7.54,2.33,0.2823,0.1000
1778859074.636,0.3138,0.0756,5.00,213.5,0.73,7.87,2.24,0.2786,0.1000
1778859074.700,0.2987,0.0756,5.00,213.5,0.64,8.01,2.21,0.2741,0.1000
1778859074.735,0.2937,0.0755,5.00,213.5,0.54,7.68,2.25,0.2716,0.1000
1778859074.800,0.2896,0.0756,5.00,213.5,0.46,7.53,2.14,0.2741,0.1000
1778859074.868,0.2873,0.0758,5.00,213.5,0.36,6.98,2.21,0.2721,0.1000
1778859074.934,0.2865,0.0759,5.00,213.5,0.37,7.40,2.17,0.2727,0.1000
1778859075.003,0.2856,0.0759,5.00,213.5,0.44,8.12,2.05,0.2677,0.1000
1778859075.068,0.2843,0.0759,5.00,213.5,0.43,8.24,2.03,0.2655,0.1000
1778859075.138,0.2826,0.0759,5.00,213.5,0.49,8.30,2.07,0.2604,0.1000
1778859075.203,0.2810,0.0759,5.00,213.5,0.39,9.04,2.29,0.2588,0.1000
1778859075.269,0.2798,0.0759,5.00,213.5,0.40,7.88,2.60,0.2529,0.1000
1778859075.334,0.2798,0.0759,5.00,213.5,0.37,7.22,2.76,0.2351,0.1000
1778859075.405,0.2800,0.0759,5.00,213.5,0.50,7.23,2.83,0.2218,0.1000
1778859075.471,0.2802,0.0759,5.00,213.5,0.57,7.03,2.90,0.2061,0.1000
1778859075.539,0.2809,0.0759,5.00,213.5,0.72,7.02,2.93,0.1943,0.1000
1778859075.598,0.2807,0.0759,5.00,213.5,0.83,7.09,2.96,0.1886,0.1000
1778859075.634,0.2803,0.0759,5.00,213.5,0.88,7.05,2.99,0.1864,0.1000
1778859075.700,0.2802,0.0759,5.00,213.5,0.90,6.79,3.07,0.1831,0.1000
1778859075.765,0.2788,0.0759,5.00,213.5,0.92,6.67,3.12,0.1813,0.1000
1778859075.799,0.2781,0.0759,5.00,213.5,0.93,6.43,3.17,0.1804,0.1000
1778859075.867,0.2750,0.0759,5.00,213.5,0.99,6.01,3.09,0.1804,0.1000
1778859075.938,0.2718,0.0759,5.00,213.5,1.30,5.54,2.97,0.1886,0.1000
1778859076.002,0.2716,0.0759,5.00,213.5,1.19,4.73,2.78,0.2586,0.1000
1778859076.068,0.2710,0.0759,5.00,213.5,1.16,5.47,2.53,0.3196,0.1000
1778859076.139,0.2680,0.0759,5.00,213.5,0.98,7.00,2.28,0.3533,0.1000
1778859076.202,0.2675,0.0759,5.00,213.5,0.88,12.55,2.21,0.3431,0.1000
1778859076.268,0.2679,0.0759,5.00,213.5,-0.16,17.77,3.09,0.3627,0.1000
1778859076.338,0.2696,0.0759,5.00,213.5,-0.38,21.06,3.28,0.3897,0.1000
1778859076.405,0.2675,0.0759,5.00,213.5,-0.04,21.31,3.35,0.3947,0.1000
1778859076.470,0.2643,0.0759,5.00,213.5,0.72,20.52,3.68,0.3361,0.1000
1778859076.538,0.2641,0.0759,5.00,213.5,1.08,20.64,3.97,0.1997,0.1000
1778859076.599,0.2689,0.0759,5.00,213.5,1.09,20.23,3.77,0.2477,0.1000
1778859076.669,0.2697,0.0761,5.00,213.5,1.03,19.95,3.76,0.3137,0.1000
1778859076.734,0.2692,0.0763,5.00,213.5,1.30,19.30,3.59,0.3448,0.1000
1778859076.803,0.2685,0.0763,5.00,213.5,1.78,17.49,3.83,0.3544,0.1000
1778859076.869,0.2657,0.0763,5.00,213.5,2.48,16.51,3.96,0.3486,0.1000
1778859076.941,0.2840,0.0764,5.00,213.5,2.97,15.75,3.94,0.3393,0.1000
1778859077.004,0.2941,0.0766,5.00,213.5,2.87,14.66,4.04,0.3179,0.1000
1778859077.074,0.2918,0.0768,5.00,213.5,2.66,14.76,3.91,0.3200,0.1000
1778859077.140,0.2905,0.0769,5.00,213.5,2.52,14.56,3.87,0.3209,0.1000
1778859077.206,0.2870,0.0771,5.00,213.5,2.41,14.61,3.85,0.3207,0.1000
1778859077.271,0.2864,0.0771,5.00,213.5,2.37,14.55,3.83,0.3197,0.1000
1778859077.341,0.2855,0.0771,5.00,213.5,2.38,14.46,3.79,0.3195,0.1000
1778859077.407,0.2880,0.0771,5.00,213.5,2.51,13.31,3.67,0.3222,0.1000
1778859077.470,0.2869,0.0771,5.00,213.5,2.35,11.67,3.47,0.3227,0.1000
1778859077.536,0.2875,0.0771,5.00,213.5,2.20,10.61,3.25,0.3235,0.1000
1778859077.600,0.2896,0.0771,5.00,213.5,1.74,8.02,2.94,0.3236,0.1000
1778859077.672,0.2883,0.0771,5.00,213.5,1.31,1.11,2.65,0.2820,0.1000
1778859077.738,0.2921,0.0771,5.00,213.5,1.07,-5.17,2.91,0.1764,0.1000
1778859077.803,0.2953,0.0771,5.00,213.5,1.39,-6.24,3.00,0.1336,0.1000
1778859077.871,0.2952,0.0771,5.00,213.5,1.72,-4.41,3.02,0.1170,0.1000
1778859077.940,0.2952,0.0771,5.00,213.5,1.71,-1.33,2.84,0.1191,0.1000
1778859078.003,0.2953,0.0771,5.00,213.5,1.80,-0.35,2.80,0.1217,0.1000
1778859078.070,0.2956,0.0771,5.00,213.5,1.76,-0.75,2.83,0.1245,0.1000
1778859078.141,0.2954,0.0771,5.00,213.5,1.74,-2.07,2.98,0.1255,0.1000
1778859078.206,0.2955,0.0771,5.00,213.5,1.91,-2.41,3.03,0.1231,0.1000
1778859078.267,0.2962,0.0771,5.00,213.5,2.03,-2.84,3.16,0.1204,0.1000
1778859078.334,0.2977,0.0771,5.00,213.5,2.35,-3.17,3.25,0.1181,0.1000
1778859078.367,0.2972,0.0771,5.00,213.5,2.38,-3.40,3.28,0.1173,0.1000
1778859078.400,0.2963,0.0769,5.00,213.5,2.48,-3.12,3.25,0.1176,0.1000
1778859078.434,0.2949,0.0769,5.00,213.5,2.56,-1.66,3.15,0.1192,0.1000
1778859078.468,0.2936,0.0768,5.00,213.5,2.62,1.53,3.04,0.1220,0.1000
1778859078.502,0.2925,0.0768,5.00,213.5,2.70,8.52,2.55,0.1231,0.1000
1778859078.567,0.2164,0.0789,5.00,213.5,2.30,21.63,3.19,0.1334,0.1000
1778859078.639,0.2541,0.0789,6.00,189.8,0.93,35.11,4.47,0.1678,0.1000
1778859078.706,0.3115,0.0789,6.00,189.8,-0.67,43.69,6.01,0.2387,0.1000
1778859078.772,0.4555,0.0789,6.00,189.8,20.74,65.45,-153.16,0.2920,0.1574
1778859078.835,0.5993,0.0789,6.00,189.8,-15.89,-0.48,1.37,0.4587,0.1089
1778859078.905,0.6294,0.0789,6.00,189.8,-15.17,-58.88,28.28,0.4834,0.1017
1778859078.972,0.6593,0.0789,6.00,189.8,1.17,59.72,8.79,0.5005,0.1000
1778859079.042,0.5822,0.0789,6.00,189.8,2.03,59.32,9.65,0.5015,0.1000
1778859079.102,0.5802,0.0789,6.00,189.8,-37.98,-73.15,6.90,0.4717,0.3298
1778859079.175,0.5771,0.0789,6.00,189.8,-25.92,52.28,-153.07,0.4993,0.2092
1778859079.240,0.5926,0.0789,6.00,189.8,3.25,59.50,10.40,0.5037,0.1000
1778859079.304,0.5907,0.0789,6.00,189.8,-33.93,-73.48,-21.00,0.4982,0.2893
1778859079.373,0.5814,0.0789,6.00,189.8,-38.65,-72.74,23.44,0.5005,0.3365
1778859079.441,0.5949,0.0789,6.00,189.8,-31.01,-73.09,-40.71,0.5214,0.2601
1778859079.507,0.5872,0.0789,6.00,189.8,-16.11,-0.45,13.12,0.5090,0.1111
1778859079.569,0.6039,0.0789,6.00,189.8,-37.83,-73.07,13.85,0.4863,0.3283
1778859079.639,0.6146,0.0789,6.00,189.8,-15.70,-0.61,-9.53,0.4736,0.1070
1778859079.706,0.6190,0.0789,6.00,189.8,-16.19,-0.40,13.24,0.4711,0.1119
1778859079.773,0.6262,0.0789,6.00,189.8,2.01,58.34,10.08,0.4665,0.1000
1778859079.835,0.6252,0.0789,6.00,189.8,1.85,58.23,9.89,0.4586,0.1000
1778859079.908,0.6351,0.0789,6.00,189.8,-16.26,-0.39,14.14,0.4447,0.1126
1778859079.973,0.6459,0.0789,6.00,189.8,1.61,58.49,9.48,0.4478,0.1000
1778859080.039,0.6424,0.0789,6.00,189.8,1.29,58.75,9.27,0.4522,0.1000
1778859080.105,0.6693,0.0789,6.00,189.8,-14.38,-57.02,28.11,0.4727,0.1000
1778859080.173,0.6684,0.0789,6.00,189.8,-16.62,-59.44,29.47,0.5259,0.1162
1778859080.238,0.7732,0.0789,6.00,189.8,1.89,60.40,8.47,0.6909,0.1000
1778859080.306,0.6702,0.0789,6.00,189.8,1.31,60.26,8.17,0.6869,0.1000
1778859080.373,0.5183,0.0789,6.00,189.8,-14.60,-57.19,26.94,0.5610,0.1000
1778859080.440,0.5041,0.0789,6.00,189.8,1.29,58.74,8.48,0.5367,0.1000
1778859080.509,0.5016,0.0789,6.00,189.8,0.60,59.05,8.17,0.5821,0.1000
1778859080.575,0.5112,0.0789,6.00,189.8,0.47,58.93,7.87,0.6589,0.1000
1778859080.637,0.5052,0.0789,6.00,189.8,-0.48,59.50,6.29,0.7961,0.1000
1778859080.707,0.3069,0.0789,6.00,189.8,29.34,72.88,-144.74,0.4562,0.2434
1778859080.775,0.2340,0.0810,6.00,189.8,21.33,66.34,-153.42,0.4182,0.1633
1778859080.838,0.2576,0.0810,7.00,171.7,16.45,52.83,-161.55,0.2589,0.1145
1778859080.904,0.2839,0.0810,7.00,171.7,5.74,30.96,5.80,0.2068,0.1000
1778859080.973,0.2739,0.0810,7.00,171.7,5.04,25.63,3.97,0.2207,0.1000
1778859081.042,0.2635,0.0810,7.00,171.7,3.19,21.01,3.30,0.3171,0.1000
1778859081.104,0.2701,0.0810,7.00,171.7,3.46,12.08,3.92,0.3187,0.1000
1778859081.169,0.2756,0.0810,7.00,171.7,2.93,-6.43,4.87,0.3290,0.1000
1778859081.203,0.2764,0.0809,7.00,171.7,2.38,-16.91,5.40,0.3373,0.1000
1778859081.275,0.3394,0.0809,7.00,171.7,2.84,-27.89,4.51,0.2358,0.1000
1778859081.338,0.4055,0.0809,7.00,171.7,0.93,-36.95,4.54,0.2011,0.1000
1778859081.406,0.4391,0.0809,7.00,171.7,-0.70,-42.93,4.74,0.2170,0.1000
1778859081.476,0.4834,0.0809,7.00,171.7,-1.08,-47.42,4.71,0.2583,0.1000
1778859081.542,0.5329,0.0809,7.00,171.7,-0.59,-51.57,4.94,0.2903,0.1000
1778859081.603,0.6157,0.0809,7.00,171.7,-37.57,71.80,-19.20,0.3806,0.3257
1778859081.673,0.6779,0.0809,7.00,171.7,13.80,-41.36,176.08,0.3363,0.1000
1778859081.740,0.7327,0.0809,7.00,171.7,11.69,-55.79,173.58,0.3644,0.1000
1778859081.808,0.7737,0.0809,7.00,171.7,4.68,-62.73,3.15,0.5240,0.1000
1778859081.873,0.6341,0.0809,7.00,171.7,10.75,0.04,5.04,0.4492,0.1000
1778859081.939,0.5906,0.0809,7.00,171.7,-39.79,72.27,-16.04,0.4010,0.3479
1778859082.007,0.5864,0.0809,7.00,171.7,-40.47,70.58,-53.64,0.4111,0.3500
1778859082.072,0.6241,0.0809,7.00,171.7,-40.13,71.03,-49.79,0.4123,0.3500
1778859082.141,0.7110,0.0809,7.00,171.7,-39.82,70.89,-53.49,0.5434,0.3482
1778859082.207,0.8786,0.0809,7.00,171.7,-37.54,-83.85,-139.32,0.4685,0.3254
1778859082.270,0.9892,0.0809,7.00,171.7,68.08,-78.88,125.74,0.5764,0.3500
1778859082.340,0.5506,0.0809,7.00,171.7,-40.43,71.09,-46.80,0.6549,0.3500
1778859082.407,0.6879,0.0809,7.00,171.7,-39.93,72.27,-20.37,0.4980,0.3493
1778859082.471,0.5711,0.0809,7.00,171.7,-40.53,72.12,-23.35,0.4469,0.3500
1778859082.543,0.3104,0.0809,7.00,171.7,3.50,-46.40,6.77,0.2149,0.1000
1778859082.603,0.2504,0.0809,7.00,171.7,8.41,-32.17,5.77,0.1416,0.1000
1778859082.674,0.2530,0.0809,7.00,171.7,12.48,-19.65,6.23,0.1259,0.1000
1778859082.738,0.2534,0.0809,7.00,171.7,13.51,-8.21,7.07,0.1075,0.1000
1778859082.808,0.2763,0.0809,7.00,171.7,15.30,-1.25,7.11,0.1003,0.1030
1778859082.874,0.2793,0.0809,7.00,171.7,15.90,1.06,7.12,0.1089,0.1090
1778859082.938,0.2773,0.0809,7.00,171.7,16.80,2.19,7.30,0.1052,0.1180
1778859083.006,0.2758,0.0809,7.00,171.7,17.86,3.73,6.85,0.0898,0.1286
1778859083.074,0.2683,0.0809,7.00,171.7,19.66,1.93,7.01,0.0706,0.1466
1778859083.140,0.2629,0.0809,7.00,171.7,22.01,0.67,6.68,0.0605,0.1701
1778859083.207,0.2673,0.0809,7.00,171.7,41.13,-1.75,-173.67,0.0544,0.3500
1778859083.276,0.2724,0.0809,7.00,171.7,22.27,-0.98,6.57,0.0545,0.1727
1778859083.343,0.2743,0.0809,7.00,171.7,23.53,-0.54,6.62,0.0552,0.1853
1778859083.408,0.2704,0.0809,7.00,171.7,23.59,-1.44,5.89,0.0613,0.1859
1778859083.475,0.2580,0.0787,7.00,171.7,24.03,-2.49,5.61,0.0622,0.1903
1778859083.542,0.2537,0.0766,7.00,171.7,22.85,-2.29,5.17,0.0630,0.1785
1778859083.604,0.2523,0.0745,7.00,171.7,24.00,-2.08,5.27,0.0659,0.1900
1778859083.674,0.2529,0.0723,7.00,171.7,23.61,-2.13,5.33,0.0680,0.1861
1778859083.739,0.2495,0.0745,7.00,171.7,24.09,-2.32,5.22,0.0739,0.1909
1778859083.806,0.2518,0.0745,8.00,158.7,24.06,-2.20,5.18,0.0735,0.1906
1778859083.870,0.2516,0.0745,8.00,158.7,23.84,-2.30,5.11,0.0769,0.1884
1778859083.904,0.2516,0.0745,8.00,158.7,23.78,-2.18,5.00,0.0771,0.1878
1778859083.937,0.2535,0.0743,8.00,158.7,23.59,-2.18,4.88,0.0776,0.1859
1778859083.969,0.2603,0.0743,8.00,158.7,23.37,-2.15,4.81,0.0804,0.1837
1778859084.003,0.2647,0.0742,8.00,158.7,23.15,-2.37,4.84,0.0820,0.1815
1778859084.037,0.2686,0.0742,8.00,158.7,23.06,-2.27,4.80,0.0842,0.1806
1778859084.105,0.2774,0.0742,8.00,158.7,22.85,-2.14,4.85,0.0846,0.1785
1778859084.172,0.2873,0.0742,8.00,158.7,22.10,-2.58,4.93,0.0869,0.1710
1778859084.239,0.2925,0.0742,8.00,158.7,21.55,-2.64,4.90,0.0880,0.1655
1778859084.309,0.3054,0.0742,8.00,158.7,18.28,-2.64,5.44,0.0940,0.1328
1778859084.375,0.3197,0.0742,8.00,158.7,14.28,-1.87,6.04,0.1419,0.1000
1778859084.442,0.3421,0.0742,8.00,158.7,11.08,-0.49,5.19,0.2691,0.1000
1778859084.508,0.3468,0.0742,8.00,158.7,8.32,1.93,4.73,0.3156,0.1000
1778859084.574,0.3471,0.0742,8.00,158.7,6.51,3.63,3.76,0.3661,0.1000
1778859084.641,0.3473,0.0742,8.00,158.7,6.71,5.71,2.76,0.2099,0.1000
1778859084.707,0.3772,0.0742,8.00,158.7,7.88,4.71,2.69,0.1339,0.1000
1778859084.776,0.3749,0.0742,8.00,158.7,8.11,7.75,2.07,0.1247,0.1000
1778859084.840,0.3605,0.0742,8.00,158.7,7.99,9.92,1.50,0.1257,0.1000
1778859084.909,0.3572,0.0742,8.00,158.7,7.49,10.91,1.40,0.1361,0.1000
1778859084.976,0.3421,0.0742,8.00,158.7,6.62,9.76,1.07,0.1352,0.1000
1778859085.043,0.3351,0.0742,8.00,158.7,6.32,11.54,0.30,0.1363,0.1000
1778859085.108,0.3226,0.0742,8.00,158.7,6.53,13.17,-0.40,0.1356,0.1000
1778859085.175,0.2932,0.0742,8.00,158.7,5.71,12.71,-1.01,0.1367,0.1000
1778859085.241,0.2802,0.0742,8.00,158.7,4.90,12.00,-1.29,0.1368,0.1000
1778859085.307,0.2730,0.0742,8.00,158.7,4.70,12.32,-1.19,0.1387,0.1000
1778859085.375,0.2668,0.0740,8.00,158.7,4.15,12.23,-1.14,0.1389,0.1000
1778859085.444,0.2548,0.0740,8.00,158.7,4.03,11.86,-0.97,0.1329,0.1000
1778859085.508,0.2583,0.0740,8.00,158.7,3.66,12.44,-0.86,0.1388,0.1000
1778859085.576,0.2501,0.0740,8.00,158.7,3.09,13.15,-0.46,0.1410,0.1000
1778859085.640,0.2573,0.0740,7.00,158.7,2.66,12.83,-0.48,0.1401,0.1000
1778859085.709,0.2590,0.0740,7.00,158.7,2.87,10.28,-0.71,0.1415,0.1000
1778859085.775,0.2636,0.0740,7.00,158.7,2.61,9.85,-0.77,0.1361,0.1000
1778859085.843,0.2655,0.0740,7.00,158.7,2.32,9.01,-0.26,0.1354,0.1000
1778859085.908,0.2608,0.0740,7.00,158.7,1.91,7.98,0.03,0.1339,0.1000
1778859085.975,0.2597,0.0740,7.00,158.7,1.89,6.90,0.39,0.1309,0.1000
1778859086.044,0.2587,0.0740,7.00,158.7,1.60,5.88,0.58,0.1320,0.1000
1778859086.110,0.2647,0.0740,7.00,158.7,1.67,6.30,0.66,0.1369,0.1000
1778859086.174,0.2697,0.0740,7.00,158.7,1.49,4.74,0.70,0.1334,0.1000
1778859086.244,0.2766,0.0740,7.00,158.7,1.42,4.44,0.55,0.1303,0.1000
1778859086.307,0.2724,0.0740,7.00,158.7,1.13,4.28,0.56,0.1303,0.1000
1778859086.374,0.2694,0.0740,7.00,158.7,1.03,4.44,0.59,0.1299,0.1000
1778859086.443,0.2685,0.0740,7.00,158.7,1.05,4.74,0.59,0.1291,0.1000
1778859086.510,0.2689,0.0740,7.00,158.7,1.06,4.78,0.60,0.1290,0.1000
1778859086.574,0.2735,0.0740,7.00,158.7,1.04,4.83,0.62,0.1322,0.1000
1778859086.642,0.2774,0.0740,7.00,158.7,1.00,4.57,0.64,0.1351,0.1000
1778859086.710,0.2794,0.0740,7.00,158.7,1.02,4.47,0.58,0.1349,0.1000
1778859086.775,0.2794,0.0740,7.00,158.7,0.99,4.92,0.47,0.1357,0.1000
1778859086.841,0.2811,0.0740,7.00,158.7,0.95,4.75,0.43,0.1360,0.1000
1778859086.908,0.2805,0.0740,7.00,158.7,0.95,4.85,0.27,0.1364,0.1000
1778859086.975,0.2799,0.0740,7.00,158.7,1.08,5.47,0.01,0.1368,0.1000
1778859087.044,0.2808,0.0740,7.00,158.7,1.31,6.17,-0.15,0.1354,0.1000
1778859087.107,0.2808,0.0740,7.00,158.7,1.64,6.43,-0.08,0.1316,0.1000
1778859087.173,0.2805,0.0740,7.00,158.7,1.77,6.98,0.02,0.1303,0.1000
1778859087.243,0.2801,0.0740,7.00,158.7,1.84,7.73,0.01,0.1309,0.1000
1778859087.310,0.2805,0.0740,7.00,158.7,1.88,7.76,0.06,0.1314,0.1000
1778859087.376,0.2809,0.0740,7.00,158.7,1.86,7.74,0.13,0.1321,0.1000
1778859087.440,0.2872,0.0740,7.00,158.7,2.14,8.24,0.06,0.1327,0.1000
1778859087.509,0.2920,0.0740,7.00,158.7,2.30,8.56,0.07,0.1347,0.1000
1778859087.576,0.2940,0.0740,7.00,158.7,2.56,9.08,0.05,0.1366,0.1000
1778859087.640,0.2989,0.0742,7.00,158.7,2.92,9.49,0.02,0.1373,0.1000
1778859087.709,0.3034,0.0743,7.00,158.7,3.06,9.58,0.04,0.1364,0.1000
1778859087.776,0.3077,0.0745,7.00,158.7,3.00,9.54,0.02,0.1338,0.1000
1778859087.844,0.3084,0.0746,7.00,158.7,2.94,9.72,0.00,0.1332,0.1000
1778859087.910,0.3088,0.0746,7.00,158.7,2.92,9.91,-0.04,0.1333,0.1000
1778859087.975,0.3102,0.0746,7.00,158.7,2.86,10.19,-0.08,0.1328,0.1000
1778859088.044,0.3105,0.0746,7.00,158.7,2.81,10.32,-0.05,0.1328,0.1000
1778859088.111,0.3105,0.0746,7.00,158.7,2.90,10.35,-0.07,0.1326,0.1000
1778859088.175,0.3102,0.0746,7.00,158.7,2.92,10.54,-0.04,0.1331,0.1000
1778859088.243,0.3107,0.0746,7.00,158.7,2.99,10.85,-0.03,0.1323,0.1000
1778859088.310,0.3075,0.0746,7.00,158.7,2.94,11.46,-0.03,0.1328,0.1000
1778859088.375,0.3067,0.0746,7.00,158.7,2.94,11.81,-0.01,0.1322,0.1000
1778859088.442,0.3062,0.0746,7.00,158.7,2.91,11.89,0.01,0.1321,0.1000
1778859088.508,0.3067,0.0746,7.00,158.7,2.85,11.95,0.06,0.1329,0.1000
1778859088.577,0.3084,0.0725,7.00,158.7,2.91,11.93,0.10,0.1345,0.1000
1778859088.636,0.3096,0.0704,7.00,158.7,2.87,11.95,0.14,0.1359,0.1000
1778859088.674,0.3098,0.0702,7.00,158.7,2.85,12.02,0.15,0.1365,0.1000
1778859088.744,0.3113,0.0681,7.00,158.7,2.84,12.28,0.18,0.1377,0.1000
1778859088.808,0.3109,0.0660,7.00,158.7,2.98,13.14,0.20,0.1369,0.1000
1778859088.874,0.3018,0.0638,7.00,158.7,1.52,14.52,-0.21,0.1578,0.1000
1778859088.944,0.2979,0.0617,7.00,158.7,-0.56,18.73,-0.91,0.3530,0.1000
1778859089.007,0.2890,0.0596,7.00,158.7,-0.83,18.96,-1.14,0.3801,0.1000
1778859089.079,0.2816,0.0574,7.00,158.7,-1.19,18.98,-1.25,0.3863,0.1000
1778859089.146,0.2816,0.0553,7.00,158.7,-1.34,19.51,-1.19,0.3854,0.1000
1778859089.212,0.2804,0.0532,7.00,158.7,-1.70,19.83,-1.13,0.3675,0.1000
1778859089.277,0.2821,0.0511,7.00,158.7,-1.96,23.69,-0.70,0.3414,0.1000
1778859089.346,0.2759,0.0511,7.00,158.7,-2.20,25.30,0.48,0.2429,0.1000
1778859089.412,0.2690,0.0511,7.00,158.7,-1.26,25.06,0.99,0.2187,0.1000
1778859089.477,0.2561,0.0511,7.00,158.7,-0.03,23.58,1.20,0.1996,0.1000
1778859089.546,0.2615,0.0511,7.00,158.7,-0.11,24.20,1.15,0.2006,0.1000
1778859089.613,0.2678,0.0511,7.00,158.7,-0.36,25.76,0.75,0.2679,0.1000
1778859089.680,0.2696,0.0511,7.00,158.7,-0.12,25.86,0.31,0.3451,0.1000
1778859089.747,0.2662,0.0511,7.00,158.7,0.33,25.84,0.16,0.2756,0.1000
1778859089.814,0.2681,0.0511,7.00,158.7,0.19,26.11,0.27,0.2897,0.1000
1778859089.876,0.2723,0.0511,7.00,158.7,-0.30,27.31,0.13,0.3433,0.1000
1778859089.945,0.2731,0.0511,7.00,158.7,-0.31,27.93,-0.17,0.3984,0.1000
1778859090.009,0.2750,0.0511,7.00,158.7,-0.76,28.80,-0.63,0.4338,0.1000
1778859090.077,0.2756,0.0511,7.00,158.7,-0.77,28.74,-0.80,0.4366,0.1000
1778859090.144,0.2737,0.0511,7.00,158.7,-0.85,28.41,-0.88,0.4431,0.1000
1778859090.213,0.2721,0.0490,7.00,158.7,-0.66,28.93,-1.15,0.4491,0.1000
1778859090.277,0.2715,0.0470,7.00,158.7,-0.55,28.93,-1.22,0.4469,0.1000
1778859090.347,0.2740,0.0428,7.00,158.7,-0.65,29.39,-1.40,0.4710,0.1000
1778859090.413,0.2708,0.0407,7.00,158.7,-1.04,29.63,-1.63,0.4903,0.1000
1778859090.480,0.2704,0.0385,7.00,158.7,-0.92,29.70,-1.71,0.4710,0.1000
1778859090.545,0.2712,0.0364,7.00,158.7,0.17,28.74,-1.48,0.4007,0.1000
1778859090.610,0.2750,0.0343,7.00,158.7,0.25,29.22,-1.79,0.4174,0.1000
1778859090.680,0.2509,0.0321,6.00,158.7,0.35,30.16,-1.80,0.4015,0.1000
1778859090.745,0.1073,0.0321,6.00,158.7,-1.15,35.64,-0.85,0.4350,0.1000
1778859090.811,0.3244,0.0300,7.00,148.4,13.52,64.42,-163.42,0.5398,0.1000
1778859090.877,0.3931,0.0278,7.00,148.4,-3.94,61.43,2.64,1.1111,0.1000
1778859090.943,0.6144,0.0257,7.00,148.4,0.78,63.66,5.18,1.2921,0.1000
1778859091.008,0.5363,0.0236,7.00,148.4,47.48,77.00,-129.75,1.2078,0.3500
1778859091.079,0.6378,0.0236,7.00,148.4,-41.46,-72.57,35.31,1.0283,0.3500
1778859091.143,0.6197,0.0236,7.00,148.4,-40.12,-72.66,32.00,1.2641,0.3500
1778859091.214,0.4906,0.0236,7.00,148.4,10.69,-0.05,10.69,0.9012,0.1000
1778859091.279,0.5221,0.0236,7.00,148.4,-41.05,-72.57,35.09,0.9741,0.3500
1778859091.348,0.5858,0.0236,7.00,148.4,-41.64,-72.71,32.79,1.3641,0.3500
1778859091.411,0.5970,0.0236,7.00,148.4,-41.22,-72.61,33.52,1.3228,0.3500
1778859091.481,0.6759,0.0236,7.00,148.4,-40.83,-72.53,36.87,1.3439,0.3500
1778859091.682,0.8987,0.0237,7.00,148.4,-46.22,-79.01,59.24,1.6636,0.3500
1778859091.744,0.9204,0.0215,7.00,148.4,10.72,-0.02,27.01,0.9001,0.1000
1778859091.815,0.5715,0.0194,7.00,148.4,70.12,78.76,-111.10,1.0384,0.3500
1778859091.876,0.5048,0.0172,7.00,148.4,2.27,-56.15,-175.06,1.0564,0.1000
1778859091.945,0.5691,0.0151,7.00,148.4,75.97,79.17,-108.22,1.0676,0.3500
1778859092.549,1.0577,0.0088,7.00,148.4,0.74,67.04,3.87,1.2908,0.1000
1778859092.613,0.5877,0.0088,7.00,148.4,22.99,32.01,-159.16,1.2385,0.1799
1778859093.349,0.7386,0.0089,7.00,148.4,22.43,-56.63,173.86,2.6454,0.1743
1778859093.417,0.3001,0.0089,7.00,148.4,-29.71,-72.95,-55.23,0.4968,0.2846
1778859093.482,0.2409,0.0112,7.00,148.4,16.25,53.43,-168.56,0.2857,0.1500
1778859093.547,0.2531,0.0112,8.00,140.0,14.92,43.93,-173.93,0.2347,0.1375
1778859093.613,0.2631,0.0112,8.00,140.0,3.83,25.07,-2.97,0.2192,0.1375
1778859093.682,0.2694,0.0112,8.00,140.0,2.45,23.16,-3.66,0.2336,0.1375
1778859093.747,0.2710,0.0112,8.00,140.0,1.72,23.44,-3.50,0.2377,0.1375
1778859093.815,0.2783,0.0112,8.00,140.0,1.85,25.17,-3.56,0.2424,0.1375
1778859093.878,0.2742,0.0112,8.00,140.0,1.87,24.88,-3.40,0.2387,0.1375
1778859093.949,0.2734,0.0112,8.00,140.0,1.83,24.57,-3.26,0.2325,0.1375
1778859094.012,0.2723,0.0112,8.00,140.0,2.06,25.08,-3.33,0.2300,0.1375
1778859094.081,0.2754,0.0112,8.00,140.0,2.09,26.18,-3.39,0.2501,0.1375
1778859094.148,0.2744,0.0112,8.00,140.0,1.99,26.58,-3.34,0.2595,0.1375
1778859094.211,0.2728,0.0112,8.00,140.0,2.20,26.86,-3.25,0.2644,0.1375
1778859094.280,0.2743,0.0112,8.00,140.0,2.08,27.13,-3.31,0.3010,0.1375
1778859094.349,0.2750,0.0112,8.00,140.0,1.83,28.33,-3.50,0.3857,0.1375
1778859094.415,0.2735,0.0112,8.00,140.0,2.13,29.01,-3.43,0.3927,0.1375
1778859094.484,0.2739,0.0112,8.00,140.0,2.07,29.08,-3.31,0.3837,0.1375
1778859094.549,0.2736,0.0112,8.00,140.0,2.14,28.95,-3.26,0.3798,0.1375
1778859094.615,0.2736,0.0112,8.00,140.0,2.22,28.89,-3.24,0.3776,0.1375
1778859094.680,0.2741,0.0112,8.00,140.0,2.26,28.61,-3.16,0.3592,0.1375
1778859094.748,0.2747,0.0112,8.00,140.0,2.47,28.45,-3.05,0.3400,0.1375
1778859094.806,0.2747,0.0112,8.00,140.0,2.53,28.35,-3.00,0.3316,0.1375
1778859094.842,0.2745,0.0112,8.00,140.0,2.57,28.26,-2.95,0.3255,0.1375
1778859094.878,0.2745,0.0112,8.00,140.0,2.57,28.24,-2.93,0.3241,0.1375
1778859094.908,0.2746,0.0112,8.00,140.0,2.56,28.14,-2.91,0.3211,0.1375
1778859094.944,0.2746,0.0111,8.00,140.0,2.53,28.03,-2.87,0.3090,0.1375
1778859094.975,0.2742,0.0111,8.00,140.0,2.43,27.88,-2.81,0.2886,0.1375
1778859095.008,0.2746,0.0111,8.00,140.0,2.41,27.72,-2.77,0.2670,0.1375
1778859095.044,0.2747,0.0111,8.00,140.0,2.34,27.54,-2.71,0.2477,0.1375
1778859095.073,0.2742,0.0111,8.00,140.0,2.23,27.35,-2.61,0.2368,0.1375
1778859095.111,0.2725,0.0111,8.00,140.0,2.25,27.17,-2.56,0.2291,0.1375
1778859095.142,0.2720,0.0111,8.00,140.0,2.27,27.10,-2.54,0.2268,0.1375
1778859095.177,0.2722,0.0111,8.00,140.0,2.29,27.25,-2.58,0.2257,0.1375
1778859095.207,0.2735,0.0110,8.00,140.0,2.24,27.63,-2.64,0.2306,0.1375
1778859095.243,0.2752,0.0110,8.00,140.0,2.20,27.79,-2.65,0.2300,0.1375
1778859095.275,0.2753,0.0110,8.00,140.0,2.27,28.21,-2.63,0.2309,0.1375
1778859095.309,0.2754,0.0110,8.00,140.0,2.35,28.49,-2.62,0.2308,0.1375
1778859095.344,0.2761,0.0110,8.00,140.0,2.42,28.64,-2.63,0.2295,0.1375
1778859095.372,0.2772,0.0110,8.00,140.0,2.60,29.02,-2.74,0.2299,0.1375
1778859095.412,0.2778,0.0110,8.00,140.0,2.69,29.32,-2.91,0.2926,0.1375
1778859095.441,0.2810,0.0110,8.00,140.0,2.32,30.29,-3.32,0.3543,0.1375
1778859095.480,0.2843,0.0109,8.00,140.0,1.81,31.42,-3.85,0.4314,0.1375
1778859095.545,0.2871,0.0109,8.00,140.0,1.06,30.88,-4.18,0.4411,0.1375
1778859095.613,0.2948,0.0109,8.00,140.0,0.98,30.14,-4.27,0.4229,0.1375
1778859095.681,0.2875,0.0109,8.00,140.0,1.03,29.70,-4.28,0.3866,0.1375
1778859095.748,0.2809,0.0109,8.00,140.0,1.05,29.37,-4.17,0.3482,0.1375
1778859095.816,0.2804,0.0109,8.00,140.0,1.00,30.46,-4.46,0.4075,0.1375
1778859095.879,0.2822,0.0109,8.00,140.0,1.04,30.80,-4.45,0.4384,0.1375
1778859095.949,0.2838,0.0109,8.00,140.0,1.41,31.25,-4.19,0.4337,0.1375
1778859096.012,0.2861,0.0109,8.00,140.0,1.19,31.80,-4.30,0.4349,0.1375
1778859096.082,0.2843,0.0109,8.00,140.0,1.69,31.21,-3.86,0.1999,0.1375
1778859096.145,0.2749,0.0109,8.00,140.0,1.60,30.66,-3.61,0.2492,0.1375
1778859096.216,0.2313,0.0131,8.00,140.0,0.12,36.02,-3.60,0.3806,0.1375
1778859096.281,0.2587,0.0131,9.00,133.4,12.84,61.19,-168.22,0.5432,0.1375
1778859096.348,0.3234,0.0131,9.00,133.4,11.83,45.02,-167.35,0.4160,0.1375
1778859096.416,0.4378,0.0131,9.00,133.4,47.89,77.39,-130.33,1.0631,0.3875
1778859097.887,0.9201,0.0138,9.00,133.4,0.60,66.58,1.06,1.5940,0.1375
1778859097.948,0.8046,0.0138,9.00,133.4,15.25,30.06,-162.55,1.3914,0.1400
1778859098.014,0.6395,0.0138,9.00,133.4,-42.96,-72.70,36.41,1.3317,0.3875
1778859098.082,0.5461,0.0138,9.00,133.4,-42.79,-72.66,36.47,1.2825,0.3875
1778859098.217,0.8972,0.0138,9.00,133.4,-41.15,-71.54,58.40,1.5392,0.3875
1778859098.280,0.6718,0.0138,9.00,133.4,-41.65,-72.60,41.58,1.3792,0.3875
1778859098.349,0.6291,0.0138,9.00,133.4,-41.71,-72.59,37.25,1.3552,0.3875
1778859098.617,0.8714,0.0139,9.00,133.4,61.42,72.70,-111.20,1.3244,0.3875
1778859098.684,0.5930,0.0139,9.00,133.4,-42.57,-72.17,45.35,1.4465,0.3875
1778859098.748,0.5847,0.0139,9.00,133.4,-41.48,-73.07,31.55,1.4929,0.3875
1778859102.156,0.8679,0.0160,9.00,133.4,-30.79,-73.56,-39.94,1.2571,0.2954
1778859102.218,0.4507,0.0161,9.00,133.4,-5.68,61.90,-2.53,1.2904,0.1375
1778859102.281,0.2453,0.0188,9.00,133.4,25.08,66.97,-156.61,0.6198,0.2383
1778859102.351,0.2258,0.0214,9.00,133.4,19.50,51.73,-167.86,0.4230,0.2200
1778859102.418,0.2446,0.0241,9.00,133.4,5.68,28.12,-1.70,0.3927,0.1750
1778859102.484,0.2735,0.0241,10.00,146.8,3.28,25.83,-2.83,0.4521,0.1750
1778859102.549,0.2863,0.0241,10.00,146.8,3.44,26.06,-2.59,0.2602,0.1750
1778859102.616,0.2995,0.0241,10.00,146.8,2.34,26.00,-2.55,0.2297,0.1750
1778859102.684,0.2948,0.0241,10.00,146.8,1.45,26.90,-2.85,0.3669,0.1750
1778859102.750,0.2936,0.0241,10.00,146.8,0.89,26.03,-3.78,0.4182,0.1750
1778859102.819,0.2827,0.0241,10.00,146.8,2.60,22.61,-3.75,0.2494,0.1750
1778859102.884,0.2852,0.0241,10.00,146.8,0.65,22.75,-4.26,0.3227,0.1750
1778859102.953,0.2855,0.0241,10.00,146.8,-0.40,24.04,-4.65,0.2725,0.1750
1778859103.018,0.2736,0.0241,9.00,146.8,0.55,27.48,-4.80,0.3131,0.1750
1778859103.082,0.1315,0.0268,9.00,146.8,-1.58,35.51,-3.76,0.3832,0.1750
1778859103.152,0.1843,0.0295,9.00,146.8,14.61,66.93,-164.29,0.5468,0.1750
1778859103.216,0.2906,0.0295,10.00,146.7,30.78,77.03,-147.21,0.8206,0.3328
1778859103.284,0.5573,0.0295,10.00,146.7,-25.93,-72.28,37.61,1.3972,0.2843
1778859103.554,0.7307,0.0297,10.00,146.7,10.71,-0.06,12.80,1.7255,0.1750
1778859103.620,0.9377,0.0297,10.00,146.7,-0.70,64.19,3.65,1.1653,0.1750
1778859103.684,0.7515,0.0297,10.00,146.7,-41.15,-72.73,35.94,0.8282,0.4250
1778859104.019,0.9919,0.0301,10.00,146.7,10.70,-0.05,6.67,1.4503,0.1750
1778859104.083,0.8806,0.0301,10.00,146.7,-7.45,65.89,-0.56,1.0757,0.1750
1778859104.153,0.6732,0.0301,10.00,146.7,10.72,-0.04,7.45,0.8066,0.1750
1778859104.355,0.8057,0.0302,10.00,146.7,0.49,64.41,5.65,0.8929,0.1750
1778859104.421,0.5502,0.0302,10.00,146.7,-41.52,-72.55,38.86,0.9499,0.4250
1778859104.623,0.9596,0.0304,10.00,146.7,-38.80,-75.97,53.23,1.6521,0.4130
1778859104.687,0.6255,0.0304,10.00,146.7,-42.31,-72.19,46.31,1.4328,0.4250
1778859105.290,0.8062,0.0312,10.00,146.7,-36.49,-68.28,105.16,2.3457,0.3899
1778859105.354,0.2967,0.0312,10.00,146.7,-6.64,58.13,-1.22,0.8615,0.1750
1778859105.421,0.3106,0.0312,10.00,146.7,18.71,62.43,-161.91,0.4854,0.2496
1778859105.485,0.3306,0.0312,10.00,146.7,14.21,50.47,-171.03,0.3271,0.2125
1778859105.554,0.3657,0.0312,10.00,146.7,3.57,28.24,-1.79,0.3107,0.2125
1778859105.617,0.3832,0.0312,10.00,146.7,3.46,24.19,-2.45,0.3077,0.2125
1778859105.720,0.3884,0.0312,10.00,146.7,3.20,21.27,-2.66,0.3136,0.2125
1778859105.784,0.3977,0.0312,10.00,146.7,2.59,16.63,-2.31,0.2949,0.2125
1778859105.849,0.3978,0.0312,10.00,146.7,2.65,14.94,-2.36,0.2753,0.2125
1778859105.921,0.3766,0.0312,10.00,146.7,2.75,15.11,-2.57,0.2574,0.2125
1778859105.987,0.3285,0.0312,10.00,146.7,2.48,15.13,-2.81,0.2343,0.2125
1778859106.053,0.3114,0.0312,10.00,146.7,2.20,14.42,-2.85,0.2192,0.2125
1778859106.117,0.3034,0.0312,10.00,146.7,2.07,13.78,-2.81,0.2065,0.2125
1778859106.183,0.2993,0.0312,10.00,146.7,2.23,13.56,-2.81,0.1902,0.2125
1778859106.254,0.2993,0.0312,10.00,146.7,2.53,13.58,-2.87,0.1785,0.2125
1778859106.319,0.2945,0.0312,10.00,146.7,2.60,12.67,-2.76,0.1727,0.2125
1778859106.385,0.2896,0.0312,10.00,146.7,2.87,11.39,-2.65,0.1668,0.2125
1778859106.451,0.2913,0.0312,10.00,146.7,3.24,11.18,-2.68,0.1601,0.2125
1778859106.521,0.2922,0.0312,10.00,146.7,3.50,10.76,-2.47,0.1540,0.2125
1778859106.588,0.2859,0.0312,10.00,146.7,3.43,10.77,-2.45,0.1523,0.2125
1778859106.653,0.2805,0.0312,10.00,146.7,3.54,10.83,-2.46,0.1498,0.2125
1778859106.717,0.2788,0.0312,10.00,146.7,3.56,10.89,-2.43,0.1494,0.2125
1778859106.788,0.2789,0.0312,10.00,146.7,3.64,10.91,-2.41,0.1491,0.2125
1778859106.856,0.2786,0.0312,10.00,146.7,3.67,10.71,-2.38,0.1492,0.2125
1778859106.917,0.2783,0.0312,10.00,146.7,3.70,10.68,-2.36,0.1509,0.2125
1778859106.985,0.2778,0.0312,10.00,146.7,3.68,11.19,-2.31,0.1541,0.2125
1778859107.053,0.2717,0.0312,10.00,146.7,2.92,13.83,-2.28,0.1771,0.2125
1778859107.119,0.0962,0.0341,10.00,146.7,-0.37,24.97,-0.51,0.2820,0.2125
1778859107.188,0.1085,0.0369,10.00,146.7,11.62,56.39,-165.27,0.4060,0.2125
1778859107.255,0.2795,0.0369,11.00,133.6,-40.61,-71.63,46.86,0.6790,0.4425
1778859107.320,0.5182,0.0369,11.00,133.6,-41.34,-72.67,31.00,1.3830,0.4425
1778859107.386,0.4631,0.0369,11.00,133.6,73.17,78.03,-112.50,1.3202,0.4425
1778859109.750,0.9793,0.0381,11.00,133.6,2.72,66.97,4.91,1.4123,0.1925
1778859109.854,0.8293,0.0382,11.00,133.6,75.84,-68.06,-48.06,2.8071,0.4425
1778859109.922,0.2973,0.0382,11.00,133.6,-1.52,57.05,2.05,0.7804,0.1925
1778859109.987,0.2028,0.0414,11.00,133.6,24.77,57.93,-160.23,0.3661,0.3277
1778859110.056,0.2377,0.0446,11.00,133.6,7.85,33.09,2.10,0.3265,0.2300
1778859110.122,0.2683,0.0446,12.00,100.5,7.83,25.91,2.03,0.2628,0.2100
1778859110.190,0.2795,0.0446,12.00,100.5,6.19,22.53,2.06,0.2815,0.2100
1778859110.256,0.2819,0.0446,12.00,100.5,5.45,19.63,1.72,0.2774,0.2100
1778859110.320,0.2812,0.0446,12.00,100.5,5.24,17.25,1.23,0.2780,0.2100
1778859110.386,0.2789,0.0446,12.00,100.5,6.01,16.01,1.12,0.2851,0.2100
1778859110.455,0.2767,0.0446,12.00,100.5,6.27,15.18,0.97,0.3142,0.2100
1778859110.521,0.2759,0.0446,12.00,100.5,6.38,15.78,1.47,0.3233,0.2100
1778859110.589,0.2912,0.0446,12.00,100.5,6.89,15.07,2.05,0.3411,0.2100
1778859110.656,0.2924,0.0446,12.00,100.5,5.89,10.39,1.81,0.3479,0.2100
1778859110.723,0.2958,0.0446,12.00,100.5,5.31,4.92,1.33,0.3454,0.2100
1778859110.790,0.2942,0.0414,12.00,100.5,4.72,0.67,1.22,0.3484,0.2100
1778859110.857,0.2920,0.0414,12.00,100.5,5.00,-0.78,1.07,0.3210,0.2100
1778859110.922,0.2911,0.0414,12.00,100.5,4.78,0.45,1.22,0.2495,0.2100
1778859110.987,0.2919,0.0414,12.00,100.5,4.13,0.08,1.66,0.1754,0.2100
1778859111.054,0.2903,0.0414,12.00,100.5,4.23,-0.19,1.61,0.1276,0.2100
1778859111.124,0.2993,0.0414,12.00,100.5,4.45,-0.69,1.47,0.1128,0.2100
1778859111.190,0.3057,0.0414,12.00,100.5,4.87,-1.87,1.45,0.1046,0.2100
1778859111.257,0.3103,0.0414,12.00,100.5,5.08,-2.28,1.13,0.1024,0.2100
1778859111.325,0.3124,0.0414,12.00,100.5,5.17,-2.48,1.07,0.1010,0.2100
1778859111.390,0.3101,0.0414,12.00,100.5,5.01,-2.10,0.96,0.0945,0.2100
1778859111.458,0.3128,0.0414,12.00,100.5,4.90,-2.18,0.97,0.0961,0.2100
1778859111.523,0.3124,0.0414,12.00,100.5,4.68,-2.72,1.04,0.0985,0.2100
1778859111.591,0.3136,0.0414,12.00,100.5,4.44,-4.11,1.18,0.1002,0.2100
1778859111.657,0.3156,0.0414,12.00,100.5,4.24,-5.08,1.31,0.1014,0.2100
1778859111.725,0.3079,0.0414,12.00,100.5,3.88,-5.08,1.32,0.1019,0.2100
1778859111.791,0.2988,0.0414,12.00,100.5,3.60,-5.13,1.34,0.1067,0.2100
1778859111.857,0.2952,0.0414,12.00,100.5,3.33,-4.75,1.40,0.1078,0.2100
1778859111.920,0.2969,0.0414,12.00,100.5,3.03,-5.00,1.48,0.1090,0.2100
1778859111.987,0.2992,0.0414,12.00,100.5,3.16,0.72,1.35,0.1165,0.2100
1778859112.057,0.2994,0.0414,12.00,100.5,3.27,2.90,1.33,0.1281,0.2100
1778859112.124,0.2979,0.0414,12.00,100.5,3.32,6.09,1.06,0.1383,0.2100
1778859112.189,0.2973,0.0414,12.00,100.5,3.17,6.40,0.99,0.1493,0.2100
1778859112.256,0.2958,0.0414,12.00,100.5,3.11,6.58,0.96,0.1506,0.2100
1778859112.325,0.2935,0.0414,12.00,100.5,3.07,7.25,1.06,0.1569,0.2100
1778859112.392,0.2916,0.0414,12.00,100.5,3.33,5.68,1.59,0.1976,0.2100
1778859112.458,0.2896,0.0414,12.00,100.5,3.76,5.00,1.80,0.2281,0.2100
1778859112.524,0.2879,0.0414,12.00,100.5,3.55,3.76,1.94,0.2606,0.2100
1778859112.590,0.2872,0.0414,12.00,100.5,3.38,2.88,2.04,0.2639,0.2100
1778859112.658,0.2872,0.0414,12.00,100.5,3.24,1.81,2.15,0.2545,0.2100
1778859112.722,0.2885,0.0414,12.00,100.5,3.36,3.30,1.97,0.2058,0.2100
1778859112.787,0.2887,0.0414,12.00,100.5,3.76,3.35,1.91,0.1749,0.2100
1778859112.855,0.2890,0.0414,12.00,100.5,4.12,2.14,1.99,0.1556,0.2100
1778859112.924,0.2896,0.0414,12.00,100.5,4.74,1.97,2.04,0.1389,0.2100
1778859112.989,0.2908,0.0414,12.00,100.5,4.98,1.60,2.08,0.1334,0.2100
1778859113.054,0.2913,0.0414,12.00,100.5,5.11,1.08,2.11,0.1306,0.2100
1778859113.124,0.3316,0.0414,12.00,100.5,5.63,0.63,2.19,0.1317,0.2100
1778859113.189,0.3807,0.0414,12.00,100.5,6.23,1.06,2.12,0.1314,0.2100
1778859113.258,0.3963,0.0414,12.00,100.5,6.58,1.82,2.06,0.1302,0.2100
1778859113.325,0.3985,0.0414,12.00,100.5,6.67,1.14,2.00,0.1300,0.2100
1778859113.390,0.4024,0.0414,12.00,100.5,6.62,0.77,1.91,0.1302,0.2100
1778859113.458,0.3238,0.0414,12.00,100.5,6.22,0.92,1.68,0.1308,0.2100
1778859113.523,0.3010,0.0414,12.00,100.5,5.92,1.10,1.58,0.1324,0.2100
1778859113.592,0.2938,0.0414,12.00,100.5,5.70,0.86,1.58,0.1344,0.2100
1778859113.655,0.2879,0.0414,12.00,100.5,5.51,0.50,1.54,0.1356,0.2100
1778859113.721,0.2866,0.0414,11.00,100.5,5.44,0.36,1.52,0.1370,0.2300
1778859113.790,0.2865,0.0382,11.00,100.5,5.34,0.33,1.51,0.1367,0.2300
1778859113.858,0.2882,0.0382,11.00,100.5,5.47,0.50,1.48,0.1364,0.2300
1778859113.927,0.2856,0.0383,11.00,100.5,5.31,-0.16,1.52,0.1360,0.2300
1778859113.988,0.2834,0.0385,11.00,100.5,5.38,-0.29,1.43,0.1337,0.2300
1778859114.056,0.2801,0.0386,11.00,100.5,5.47,-0.06,1.37,0.1348,0.2300
1778859114.120,0.2807,0.0386,11.00,100.5,5.40,-0.08,1.37,0.1360,0.2300
1778859114.190,0.2822,0.0386,11.00,100.5,5.34,-0.25,1.37,0.1371,0.2300
1778859114.254,0.2819,0.0386,11.00,100.5,5.29,-0.42,1.43,0.1364,0.2300
1778859114.322,0.2833,0.0386,11.00,100.5,5.28,-0.37,1.46,0.1361,0.2300
1778859114.391,0.2844,0.0386,11.00,100.5,5.34,-0.04,1.52,0.1353,0.2300
1778859114.457,0.2851,0.0386,11.00,100.5,5.34,0.03,1.61,0.1362,0.2300
1778859114.526,0.2860,0.0386,11.00,100.5,5.37,0.04,1.63,0.1367,0.2300
1778859114.592,0.2862,0.0386,11.00,100.5,5.34,-0.11,1.66,0.1378,0.2300
1778859114.656,0.2862,0.0386,11.00,100.5,5.28,-0.20,1.72,0.1386,0.2300
1778859114.726,0.2865,0.0386,11.00,100.5,5.11,-0.77,1.83,0.1391,0.2300
1778859114.792,0.2893,0.0386,11.00,100.5,5.60,0.26,1.80,0.1374,0.2300
1778859114.858,0.2927,0.0386,11.00,100.5,5.59,0.92,1.79,0.1367,0.2300
1778859114.924,0.2935,0.0386,11.00,100.5,5.49,0.99,1.76,0.1371,0.2300
1778859114.991,0.2942,0.0386,11.00,100.5,5.43,0.97,1.86,0.1373,0.2300
1778859115.054,0.2979,0.0386,11.00,100.5,5.41,1.01,1.94,0.1378,0.2300
1778859115.122,0.3008,0.0386,11.00,100.5,5.42,1.34,1.96,0.1385,0.2300
1778859115.191,0.3021,0.0386,11.00,100.5,5.42,1.54,1.98,0.1394,0.2300
1778859115.259,0.3047,0.0386,11.00,100.5,5.50,1.34,2.04,0.1420,0.2300
1778859115.326,0.3054,0.0386,11.00,100.5,5.58,1.66,2.07,0.1435,0.2300
1778859115.394,0.3065,0.0386,11.00,100.5,5.50,1.67,2.05,0.1922,0.2300
1778859115.458,0.3066,0.0386,11.00,100.5,5.28,1.35,2.07,0.2312,0.2300
1778859115.528,0.3065,0.0386,11.00,100.5,5.02,1.10,2.08,0.2579,0.2300
1778859115.591,0.3066,0.0386,11.00,100.5,4.86,1.05,2.08,0.2711,0.2300
1778859115.657,0.3088,0.0386,11.00,100.5,4.39,0.85,2.04,0.3002,0.2300
1778859115.726,0.3099,0.0386,11.00,100.5,3.86,1.14,2.12,0.3531,0.2300
1778859115.786,0.3121,0.0386,11.00,100.5,3.14,8.85,1.89,0.3882,0.2300
1778859115.853,0.1736,0.0418,11.00,100.5,1.59,19.93,2.15,0.4093,0.2300
1778859115.923,0.1074,0.0450,11.00,100.5,5.30,33.39,3.36,0.4524,0.2300
1778859115.990,0.2473,0.0482,11.00,100.5,9.61,46.02,7.51,0.4775,0.2300
1778859116.326,0.7457,0.0489,12.00,140.7,10.69,-0.05,14.73,0.9165,0.2100
1778859116.392,0.3732,0.0489,12.00,140.7,-43.04,-72.51,38.16,0.8163,0.4600
1778859117.229,0.7233,0.0507,12.00,140.7,64.52,76.11,-120.23,0.5442,0.4600
1778859117.293,0.4792,0.0507,12.00,140.7,-42.36,-72.39,37.86,0.8602,0.4600
1778859117.429,0.9164,0.0508,12.00,140.7,-4.27,66.35,-3.32,1.4200,0.2100
1778859117.490,0.6710,0.0508,12.00,140.7,62.58,76.92,-118.74,0.5863,0.4600
1778859117.625,1.0236,0.0510,12.00,140.7,-41.76,-71.39,56.56,2.0036,0.4600
1778859117.689,0.5936,0.0510,12.00,140.7,-42.97,-72.33,37.57,1.6107,0.4600
1778859117.760,0.4399,0.0510,12.00,140.7,-42.07,-72.46,37.67,0.9085,0.4600
1778859117.894,0.7613,0.0512,12.00,140.7,10.70,-0.05,7.32,0.4374,0.2100
1778859117.960,0.6506,0.0512,12.00,140.7,-42.36,-73.01,26.64,0.5279,0.4600
1778859118.095,0.7678,0.0514,12.00,140.7,-5.05,64.19,-2.31,0.7773,0.2100
1778859118.163,0.6641,0.0514,12.00,140.7,-42.70,-72.41,40.44,0.5020,0.4600
1778859118.223,0.4574,0.0514,12.00,140.7,-40.90,-72.71,34.78,0.5989,0.4600
1778859118.295,0.4490,0.0514,12.00,140.7,62.97,74.13,-120.04,0.4903,0.4600
1778859118.428,0.7787,0.0515,12.00,140.7,-15.97,-0.66,-10.34,0.5761,0.2197
1778859118.489,0.6528,0.0515,12.00,140.7,-42.45,-72.25,43.66,0.4270,0.4600
1778859118.558,0.4644,0.0515,12.00,140.7,-41.54,-73.05,29.54,0.5897,0.4600
1778859118.623,0.4024,0.0515,12.00,140.7,-42.92,-72.52,42.55,0.6138,0.4600
1778859118.763,0.8725,0.0519,12.00,140.7,10.68,-0.05,10.52,0.8126,0.2100
1778859118.828,0.7495,0.0519,12.00,140.7,-42.41,-72.75,39.37,0.8064,0.4600
1778859118.891,0.6204,0.0519,12.00,140.7,63.49,76.84,-117.45,0.8444,0.4600
1778859120.286,0.2844,0.0558,12.00,140.7,-39.16,73.00,110.06,0.4464,0.4516
1778859120.489,0.2840,0.0562,12.00,140.7,5.92,-20.27,136.51,0.4383,0.2100
1778859120.857,0.3535,0.0532,12.00,140.7,34.82,-24.72,134.19,0.3401,0.4082
1778859121.131,0.2993,0.0538,12.00,140.7,23.16,-46.91,-63.05,0.4786,0.2916
1778859123.464,0.8752,0.0569,11.00,140.7,-20.22,-77.50,33.99,1.5069,0.2822
1778859123.732,0.9470,0.0535,11.00,140.7,-42.26,-73.09,29.00,1.5288,0.4800
1778859123.798,0.5898,0.0535,11.00,140.7,-40.08,-73.57,22.24,1.1725,0.4800
1778859123.863,0.6000,0.0535,11.00,140.7,-42.61,-72.94,37.99,1.0481,0.4800
1778859123.930,0.6518,0.0535,11.00,140.7,-42.69,-72.63,41.49,1.1672,0.4800
1778859123.995,0.5475,0.0535,11.00,140.7,71.26,79.15,-110.26,1.1014,0.4800
1778859126.061,0.6921,0.0640,11.00,140.7,-5.91,62.87,-2.38,1.0966,0.2300
1778859126.126,0.2037,0.0690,11.00,140.7,23.39,55.93,-159.79,0.2735,0.3139
1778859126.197,0.2293,0.0739,11.00,140.7,7.11,26.50,3.03,0.1578,0.2300
1778859126.263,0.2513,0.0690,12.00,148.0,9.25,15.85,2.35,0.1525,0.2100
1778859126.328,0.2638,0.0690,12.00,148.0,10.36,6.92,2.16,0.1415,0.2100
1778859126.395,0.2634,0.0690,12.00,148.0,9.61,1.81,2.91,0.1432,0.2100
1778859126.462,0.2613,0.0690,12.00,148.0,9.14,-0.18,3.05,0.1441,0.2100
1778859126.527,0.2707,0.0686,12.00,148.0,9.18,-4.66,3.35,0.1427,0.2100
1778859126.597,0.2743,0.0683,12.00,148.0,8.88,-11.16,3.81,0.1417,0.2100
1778859126.660,0.2752,0.0680,12.00,148.0,7.75,-14.21,4.55,0.1358,0.2100
1778859126.731,0.2783,0.0676,12.00,148.0,7.18,-15.51,5.27,0.1359,0.2100
1778859126.797,0.2843,0.0673,12.00,148.0,6.48,-16.46,6.08,0.1403,0.2100
1778859126.863,0.2770,0.0670,12.00,148.0,6.17,-18.28,6.56,0.1517,0.2100
1778859126.932,0.2811,0.0667,12.00,148.0,5.99,-19.70,6.73,0.2223,0.2100
1778859126.998,0.2917,0.0664,12.00,148.0,5.43,-19.62,6.78,0.2725,0.2100
1778859127.060,0.2958,0.0660,12.00,148.0,4.55,-21.83,7.26,0.3189,0.2100
1778859127.129,0.3492,0.0657,12.00,148.0,3.68,-22.66,7.60,0.3465,0.2100
1778859127.194,0.3687,0.0654,12.00,148.0,4.77,-20.66,7.48,0.3249,0.2100
1778859127.265,0.3418,0.0651,12.00,148.0,5.63,-18.33,7.27,0.3088,0.2100
1778859127.331,0.3227,0.0648,12.00,148.0,4.53,-15.68,6.38,0.3518,0.2100
1778859127.396,0.2895,0.0645,12.00,148.0,3.21,13.17,4.99,0.1880,0.2100
1778859127.465,0.2579,0.0642,12.00,148.0,3.55,21.95,5.47,0.2469,0.2100
1778859127.531,0.2653,0.0639,12.00,148.0,4.24,27.44,5.31,0.3407,0.2100
1778859127.598,0.2672,0.0636,12.00,148.0,4.91,29.88,5.43,0.3573,0.2100
1778859127.662,0.2689,0.0633,12.00,148.0,4.92,31.84,5.13,0.3675,0.2100
1778859127.732,0.2577,0.0631,12.00,148.0,1.79,39.86,4.69,0.4380,0.2100
1778859127.798,0.2646,0.0628,12.00,148.0,0.33,48.70,5.87,0.5273,0.2100
1778859127.864,0.3370,0.0625,12.00,148.0,39.41,73.46,-137.24,0.7056,0.4541
1778859127.930,0.4888,0.0625,12.00,148.0,-0.48,62.18,6.83,0.9752,0.2100
1778859127.999,0.6593,0.0625,12.00,148.0,62.17,77.29,-114.55,1.1459,0.4600
1778859128.065,0.4833,0.0625,12.00,148.0,-37.97,-73.55,4.41,1.0958,0.4397
1778859128.131,0.4900,0.0625,12.00,148.0,-41.51,-72.80,31.27,0.9860,0.4600
1778859129.066,0.8675,0.0639,12.00,148.0,-13.70,64.92,-8.62,1.4865,0.2100
1778859129.132,0.7425,0.0636,12.00,148.0,-3.67,64.04,-0.73,1.0674,0.2100
1778859129.269,0.2477,0.0679,12.00,148.0,1.02,53.00,2.66,0.5853,0.2100
1778859129.332,0.1714,0.0721,12.00,148.0,9.25,35.43,6.38,0.3546,0.2100
1778859129.399,0.2133,0.0762,12.00,148.0,12.40,24.93,5.97,0.2598,0.2100
1778859129.464,0.2286,0.0804,12.00,148.0,14.34,19.26,5.62,0.2530,0.2100
1778859129.530,0.2575,0.0800,13.00,167.3,15.17,13.98,5.14,0.2420,0.1917
1778859129.598,0.2693,0.0796,13.00,167.3,14.17,9.62,4.10,0.2351,0.1900
1778859129.666,0.2651,0.0793,13.00,167.3,14.53,6.82,3.80,0.2145,0.1900
1778859129.733,0.2672,0.0789,13.00,167.3,12.45,-0.11,3.96,0.1515,0.1900
1778859129.800,0.2758,0.0786,13.00,167.3,10.30,-6.59,4.18,0.1200,0.1900
1778859129.866,0.2846,0.0783,13.00,167.3,8.79,-12.30,4.39,0.1095,0.1900
1778859129.933,0.2809,0.0779,13.00,167.3,8.17,-14.95,5.18,0.1062,0.1900
1778859129.997,0.2803,0.0776,13.00,167.3,7.69,-15.20,5.50,0.1074,0.1900
1778859130.066,0.2806,0.0773,13.00,167.3,7.13,-15.52,5.74,0.1052,0.1900
1778859130.129,0.2837,0.0769,13.00,167.3,6.72,-15.12,5.89,0.1145,0.1900
1778859130.196,0.2815,0.0766,13.00,167.3,6.35,-15.94,5.85,0.1119,0.1900
1778859130.266,0.2816,0.0763,13.00,167.3,6.32,-15.59,5.85,0.1187,0.1900
1778859130.331,0.2808,0.0759,13.00,167.3,6.28,-15.57,5.89,0.1157,0.1900
1778859130.400,0.2816,0.0756,13.00,167.3,6.47,-15.90,5.97,0.1135,0.1900
1778859130.467,0.2816,0.0753,13.00,167.3,6.42,-15.82,6.02,0.1113,0.1900
1778859130.534,0.2815,0.0750,13.00,167.3,6.47,-15.84,6.06,0.1111,0.1900
1778859130.597,0.2816,0.0747,13.00,167.3,6.38,-16.40,6.21,0.1085,0.1900
1778859130.665,0.2872,0.0744,13.00,167.3,6.30,-16.96,6.34,0.1056,0.1900
1778859130.733,0.2920,0.0741,13.00,167.3,6.26,-17.46,6.44,0.1063,0.1900
1778859130.799,0.2960,0.0738,13.00,167.3,6.36,-17.45,6.57,0.1086,0.1900
1778859130.864,0.3012,0.0735,13.00,167.3,6.23,-17.40,6.73,0.1085,0.1900
1778859130.932,0.3054,0.0732,13.00,167.3,6.53,-16.73,7.13,0.1045,0.1900
1778859130.999,0.3074,0.0729,13.00,167.3,6.91,-16.75,7.50,0.0990,0.1900
1778859131.067,0.3108,0.0726,13.00,167.3,6.69,-17.10,7.74,0.1008,0.1900
1778859131.133,0.3070,0.0723,13.00,167.3,6.73,-17.28,8.06,0.0985,0.1900
1778859131.198,0.2962,0.0720,13.00,167.3,6.96,-17.40,8.43,0.1008,0.1900
1778859131.267,0.3001,0.0717,13.00,167.3,6.99,-17.27,9.01,0.1059,0.1900
1778859131.331,0.2983,0.0714,13.00,167.3,7.05,-17.65,9.51,0.1060,0.1900
1778859131.400,0.3090,0.0711,13.00,167.3,7.63,-17.78,10.02,0.1072,0.1900
1778859131.467,0.3384,0.0709,13.00,167.3,7.97,-19.17,10.32,0.1081,0.1900
1778859131.534,0.3559,0.0706,13.00,167.3,7.91,-19.54,10.70,0.1120,0.1900
1778859131.600,0.3603,0.0703,13.00,167.3,7.75,-19.84,10.95,0.1188,0.1900
1778859131.667,0.3609,0.0700,13.00,167.3,7.82,-20.17,10.99,0.1208,0.1900
1778859131.733,0.3583,0.0698,13.00,167.3,7.44,-20.68,11.05,0.1214,0.1900
1778859131.801,0.3400,0.0695,13.00,167.3,7.25,-20.71,11.01,0.1218,0.1900
1778859131.869,0.3309,0.0692,13.00,167.3,7.14,-20.94,11.00,0.1221,0.1900
1778859131.934,0.3214,0.0690,13.00,167.3,7.02,-20.82,11.02,0.1223,0.1900
1778859131.997,0.3124,0.0687,13.00,167.3,6.63,-20.72,10.95,0.1265,0.1900
1778859132.067,0.3068,0.0684,13.00,167.3,6.34,-20.91,10.99,0.1278,0.1900
1778859132.134,0.3038,0.0682,13.00,167.3,6.18,-21.06,10.97,0.1273,0.1900
1778859132.200,0.3027,0.0682,13.00,167.3,5.92,-21.36,11.02,0.1301,0.1900
1778859132.266,0.3025,0.0682,13.00,167.3,5.68,-21.58,11.03,0.1324,0.1900
1778859132.334,0.3016,0.0644,13.00,167.3,5.63,-21.95,10.99,0.1346,0.1900
1778859132.401,0.3027,0.0606,13.00,167.3,5.29,-22.02,10.91,0.1411,0.1900
1778859132.467,0.3029,0.0568,13.00,167.3,5.30,-23.39,10.65,0.2119,0.1900
1778859132.532,0.3004,0.0568,13.00,167.3,4.91,-24.15,10.00,0.2956,0.1900
1778859132.600,0.2978,0.0568,13.00,167.3,4.72,-24.08,9.34,0.3275,0.1900
1778859132.664,0.2946,0.0568,13.00,167.3,4.22,-24.02,8.90,0.3651,0.1900
1778859132.731,0.2990,0.0568,13.00,167.3,3.29,-25.63,8.70,0.3787,0.1900
1778859132.800,0.2990,0.0568,13.00,167.3,2.23,-25.72,8.46,0.3785,0.1900
1778859132.866,0.2899,0.0568,13.00,167.3,1.53,-26.71,8.97,0.3886,0.1900
1778859132.934,0.2969,0.0568,13.00,167.3,2.24,-26.47,8.92,0.3485,0.1900
1778859132.998,0.2940,0.0568,13.00,167.3,2.01,-26.93,8.06,0.3123,0.1900
1778859133.064,0.2831,0.0568,13.00,167.3,2.43,-27.23,6.81,0.2980,0.1900
1778859133.132,0.2764,0.0530,13.00,167.3,0.79,-28.36,6.71,0.3790,0.1900
1778859133.200,0.2811,0.0492,13.00,167.3,0.65,-31.08,6.37,0.2551,0.1900
1778859133.267,0.2778,0.0492,13.00,167.3,0.18,-31.21,6.06,0.1906,0.1900
1778859133.332,0.2746,0.0492,13.00,167.3,-0.45,-29.53,5.10,0.3044,0.1900
1778859133.401,0.2781,0.0491,13.00,167.3,-1.07,-28.16,5.18,0.3248,0.1900
1778859133.467,0.2713,0.0489,13.00,167.3,-1.29,-28.76,5.79,0.3479,0.1900
1778859133.530,0.2697,0.0487,13.00,167.3,-1.60,-27.91,5.71,0.1968,0.1900
1778859133.600,0.2698,0.0487,13.00,167.3,-1.87,-28.58,5.75,0.2842,0.1900
1778859133.666,0.2700,0.0487,13.00,167.3,-2.82,-28.88,6.24,0.3311,0.1900
1778859133.735,0.2781,0.0487,13.00,167.3,-2.81,-29.83,6.17,0.3597,0.1900
1778859133.799,0.2782,0.0485,13.00,167.3,-2.68,-29.35,5.89,0.3724,0.1900
1778859133.864,0.2797,0.0483,13.00,167.3,-2.28,-27.79,6.05,0.3907,0.1900
1778859133.934,0.2747,0.0481,13.00,167.3,-2.20,-26.88,6.22,0.3873,0.1900
1778859133.999,0.2746,0.0480,13.00,167.3,-1.84,-26.73,6.15,0.3924,0.1900
1778859134.068,0.2742,0.0480,13.00,167.3,-1.51,-25.88,5.95,0.3807,0.1900
1778859134.131,0.2710,0.0480,13.00,167.3,-0.68,-24.37,5.47,0.3444,0.1900
1778859134.200,0.2719,0.0480,13.00,167.3,0.16,-23.71,4.82,0.3191,0.1900
1778859134.266,0.2665,0.0478,13.00,167.3,0.58,-23.90,4.72,0.3112,0.1900
1778859134.336,0.2700,0.0476,13.00,167.3,0.32,-23.90,4.61,0.3064,0.1900
1778859134.399,0.2690,0.0476,13.00,167.3,0.12,-24.22,4.57,0.2965,0.1900
1778859134.468,0.2697,0.0476,13.00,167.3,-0.09,-24.09,4.61,0.2816,0.1900
1778859134.531,0.2693,0.0474,13.00,167.3,-0.11,-24.00,4.64,0.2717,0.1900
1778859134.597,0.2726,0.0473,13.00,167.3,-0.05,-24.26,4.71,0.2634,0.1900
1778859134.668,0.2670,0.0473,13.00,167.3,0.54,-24.15,4.93,0.2539,0.1900
1778859134.733,0.2660,0.0473,13.00,167.3,0.75,-23.93,5.17,0.2537,0.1900
1778859134.798,0.2684,0.0471,13.00,167.3,0.60,-23.34,5.09,0.2507,0.1900
1778859134.866,0.2687,0.0469,13.00,167.3,0.61,-22.49,4.82,0.2462,0.1900
1778859134.935,0.2685,0.0468,13.00,167.3,0.51,-20.41,4.14,0.2229,0.1900
1778859135.002,0.2595,0.0466,13.00,167.3,0.78,-20.71,4.09,0.2241,0.1900
1778859135.069,0.2658,0.0464,13.00,167.3,1.27,-17.33,3.80,0.2507,0.1900
1778859135.135,0.2599,0.0463,13.00,167.3,0.61,-15.18,3.77,0.2711,0.1900
1778859135.199,0.2579,0.0461,13.00,167.3,-0.03,-9.94,2.97,0.3024,0.1900
1778859135.267,0.2538,0.0459,13.00,167.3,-1.29,-4.35,2.71,0.3387,0.1900
1778859135.335,0.2524,0.0459,13.00,167.3,-1.64,-0.01,2.71,0.3431,0.1900
1778859135.400,0.2571,0.0459,13.00,167.3,-1.68,6.33,2.90,0.3542,0.1900
1778859135.466,0.2644,0.0459,13.00,167.3,-2.59,5.43,4.09,0.3528,0.1900
1778859135.533,0.2693,0.0459,13.00,167.3,-3.32,12.38,3.68,0.3822,0.1900
1778859135.602,0.2794,0.0459,13.00,167.3,-2.60,18.94,3.92,0.3344,0.1900
1778859135.665,0.2804,0.0459,13.00,167.3,-2.68,-15.11,7.44,0.3666,0.1900
1778859135.731,0.2755,0.0459,13.00,167.3,-5.15,-9.08,6.26,0.3765,0.1900
1778859135.803,0.2715,0.0459,13.00,167.3,-4.94,-5.25,5.25,0.3721,0.1900
1778859135.869,0.2772,0.0459,13.00,167.3,-4.37,-6.22,4.83,0.3746,0.1900
1778859135.935,0.2779,0.0459,13.00,167.3,-3.93,-11.02,4.70,0.3561,0.1900
1778859136.000,0.2630,0.0459,13.00,167.3,-4.08,-14.63,5.05,0.3834,0.1900
1778859136.070,0.2745,0.0459,13.00,167.3,-3.63,-15.62,5.32,0.3666,0.1900
1778859136.131,0.2776,0.0459,13.00,167.3,-3.25,-13.80,5.19,0.3666,0.1900
1778859136.198,0.2684,0.0459,13.00,167.3,-2.17,-6.27,4.25,0.3383,0.1900
1778859136.269,0.2652,0.0459,13.00,167.3,-2.15,-4.86,4.21,0.3492,0.1900
1778859136.333,0.2725,0.0459,13.00,167.3,-2.01,-7.50,4.77,0.2992,0.1900
1778859136.400,0.2721,0.0459,13.00,167.3,-0.88,-7.22,4.17,0.3407,0.1900
1778859136.467,0.2817,0.0459,13.00,167.3,-0.40,-7.28,3.45,0.3390,0.1900
1778859136.534,0.2823,0.0459,13.00,167.3,0.77,-1.58,2.59,0.1896,0.1900
1778859136.602,0.2747,0.0459,13.00,167.3,0.06,5.17,1.93,0.3283,0.1900
1778859136.668,0.2747,0.0459,13.00,167.3,0.31,-1.11,2.35,0.3517,0.1900
1778859136.733,0.2734,0.0459,13.00,167.3,0.62,-1.52,2.42,0.3371,0.1900
1778859136.803,0.2749,0.0459,13.00,167.3,2.93,-1.24,2.59,0.3510,0.1900
1778859136.867,0.2695,0.0459,13.00,167.3,4.54,-1.80,2.97,0.3314,0.1900
1778859136.937,0.2607,0.0459,13.00,167.3,4.29,-1.89,2.85,0.3227,0.1900
1778859137.001,0.2586,0.0459,13.00,167.3,4.32,-2.28,2.74,0.3130,0.1900
1778859137.068,0.2532,0.0459,13.00,167.3,4.58,-2.21,2.49,0.3128,0.1900
1778859137.134,0.2476,0.0459,13.00,167.3,4.65,-1.44,2.31,0.3127,0.1900
1778859137.202,0.2482,0.0459,13.00,167.3,4.65,-0.37,2.18,0.3142,0.1900
1778859137.267,0.2531,0.0459,14.00,174.1,4.63,0.35,2.30,0.3161,0.1700
1778859137.337,0.2535,0.0459,14.00,174.1,4.26,-0.55,2.40,0.3181,0.1700
1778859137.403,0.2540,0.0459,14.00,174.1,4.12,-2.00,2.37,0.3004,0.1700
1778859137.470,0.2538,0.0458,14.00,174.1,3.84,-2.21,2.35,0.2911,0.1700
1778859137.536,0.2540,0.0456,14.00,174.1,3.42,-2.40,2.29,0.2872,0.1700
1778859137.604,0.2546,0.0455,14.00,174.1,3.22,-2.52,2.24,0.2787,0.1700
1778859137.670,0.2545,0.0453,14.00,174.1,2.98,-2.74,2.26,0.2728,0.1700
1778859137.735,0.2551,0.0451,14.00,174.1,2.87,-3.05,2.28,0.2684,0.1700
1778859137.799,0.2554,0.0450,14.00,174.1,2.73,-3.35,2.28,0.2644,0.1700
1778859137.870,0.2536,0.0448,14.00,174.1,2.49,-3.60,2.39,0.2617,0.1700
1778859137.937,0.2493,0.0481,14.00,174.1,2.40,-3.44,2.45,0.2594,0.1700
1778859137.999,0.2512,0.0479,15.00,173.8,2.46,-3.72,2.46,0.2564,0.1500
1778859138.068,0.2536,0.0478,15.00,173.8,2.38,-3.71,2.41,0.2528,0.1500
1778859138.134,0.2546,0.0476,15.00,173.8,2.36,-3.87,2.41,0.2514,0.1500
1778859138.202,0.2543,0.0475,15.00,173.8,2.23,-3.96,2.43,0.2516,0.1500
1778859138.270,0.2545,0.0473,15.00,173.8,2.22,-4.73,2.15,0.2560,0.1500
1778859138.335,0.2603,0.0471,15.00,173.8,2.42,-4.48,1.80,0.2562,0.1500
1778859138.403,0.2669,0.0470,15.00,173.8,2.34,-3.30,1.61,0.2572,0.1500
1778859138.469,0.2671,0.0468,15.00,173.8,2.54,-2.64,1.55,0.2563,0.1500
1778859138.537,0.2686,0.0467,15.00,173.8,2.48,-2.68,1.54,0.2541,0.1500
1778859138.601,0.2685,0.0465,15.00,173.8,2.46,-2.69,1.54,0.2506,0.1500
1778859138.670,0.2682,0.0464,14.00,173.8,2.39,-2.99,1.59,0.2476,0.1700
1778859138.735,0.2676,0.0462,14.00,173.8,2.32,-2.99,1.64,0.2457,0.1700
1778859138.800,0.2672,0.0461,14.00,173.8,2.26,-2.99,1.71,0.2459,0.1700
1778859138.870,0.2598,0.0459,14.00,173.8,2.07,-2.43,1.90,0.2463,0.1700
1778859138.938,0.2597,0.0458,14.00,173.8,2.02,-2.26,2.10,0.2452,0.1700
1778859139.002,0.2583,0.0456,14.00,173.8,2.00,-2.37,2.24,0.2451,0.1700
1778859139.066,0.2588,0.0455,14.00,173.8,2.06,-3.22,2.46,0.2445,0.1700
1778859139.131,0.2581,0.0453,14.00,173.8,2.11,-3.76,2.64,0.2456,0.1700
1778859139.201,0.2597,0.0452,14.00,173.8,2.01,-2.85,2.16,0.2628,0.1700
1778859139.269,0.2609,0.0450,14.00,173.8,1.91,-3.40,2.12,0.2711,0.1700
1778859139.334,0.2616,0.0449,14.00,173.8,1.82,-3.79,2.24,0.2799,0.1700
1778859139.405,0.2649,0.0447,14.00,173.8,1.88,-6.92,2.51,0.3108,0.1700
1778859139.470,0.2723,0.0446,14.00,173.8,1.60,-13.93,3.19,0.3583,0.1700
1778859139.535,0.2680,0.0444,14.00,173.8,1.58,-17.48,3.66,0.3748,0.1700
1778859139.604,0.2632,0.0443,14.00,173.8,2.04,-17.44,3.27,0.3350,0.1700
1778859139.666,0.2604,0.0442,14.00,173.8,0.84,-18.86,3.46,0.3593,0.1700
1778859139.734,0.2612,0.0440,14.00,173.8,0.17,-20.88,3.51,0.3663,0.1700
1778859139.802,0.2690,0.0440,14.00,173.8,-0.75,-22.05,4.52,0.4247,0.1700
1778859139.870,0.2643,0.0440,14.00,173.8,0.20,-22.38,5.01,0.3470,0.1700
1778859139.936,0.2681,0.0440,14.00,173.8,0.54,-21.79,5.16,0.3386,0.1700
1778859140.002,0.2687,0.0409,14.00,173.8,0.44,-22.30,5.28,0.2870,0.1700
1778859140.072,0.2663,0.0377,14.00,173.8,-0.39,-22.70,5.85,0.3194,0.1700
1778859140.136,0.2758,0.0377,14.00,173.8,-0.31,-21.14,5.28,0.3646,0.1700
1778859140.204,0.2818,0.0377,14.00,173.8,0.27,-18.10,4.50,0.3736,0.1700
1778859140.271,0.2769,0.0377,14.00,173.8,0.98,-15.18,4.40,0.3556,0.1700
1778859140.339,0.2781,0.0377,14.00,173.8,1.92,-13.90,4.32,0.3548,0.1700
1778859140.404,0.2784,0.0377,14.00,173.8,3.52,-12.37,4.15,0.3539,0.1700
1778859140.466,0.2781,0.0377,14.00,173.8,4.87,-9.86,4.20,0.3452,0.1700
1778859140.540,0.2655,0.0377,14.00,173.8,4.96,-9.14,4.21,0.3262,0.1700
1778859140.605,0.2619,0.0377,14.00,173.8,6.54,-6.13,4.27,0.3016,0.1700
1778859140.671,0.2586,0.0377,14.00,173.8,7.71,-3.34,3.91,0.3008,0.1700
1778859140.731,0.2571,0.0377,14.00,173.8,8.05,-1.33,3.79,0.2995,0.1700
1778859140.765,0.2546,0.0376,14.00,173.8,8.22,-1.06,3.68,0.3011,0.1700
1778859140.798,0.2519,0.0376,14.00,173.8,8.40,-1.40,3.68,0.3022,0.1700
1778859140.831,0.2465,0.0406,14.00,173.8,8.58,-1.68,3.67,0.3061,0.1700
1778859140.867,0.2421,0.0437,13.00,173.8,9.23,-1.38,3.55,0.3086,0.1900
1778859140.937,0.2417,0.0469,13.00,173.8,9.49,-1.77,3.50,0.3067,0.1900
1778859141.000,0.2388,0.0500,13.00,173.8,9.41,-1.75,3.40,0.3083,0.1900
1778859141.070,0.2382,0.0531,13.00,173.8,9.04,-1.29,3.38,0.3133,0.1900
1778859141.137,0.2405,0.0563,13.00,173.8,8.29,-0.71,3.14,0.3198,0.1900
1778859141.200,0.2445,0.0594,13.00,173.8,7.73,-0.19,2.77,0.3162,0.1900
1778859141.272,0.2486,0.0625,13.00,173.8,8.15,0.91,2.28,0.3010,0.1900
1778859141.338,0.2519,0.0625,13.00,173.8,8.20,1.52,2.18,0.2890,0.1900
1778859141.405,0.2542,0.0625,13.00,173.8,7.69,0.66,2.33,0.2771,0.1900
1778859141.469,0.2644,0.0625,13.00,173.8,6.20,1.33,1.75,0.2632,0.1900
1778859141.537,0.2801,0.0625,13.00,173.8,4.46,0.48,1.26,0.2281,0.1900
1778859141.603,0.2820,0.0625,13.00,173.8,3.16,-0.97,1.14,0.1588,0.1900
1778859141.667,0.2812,0.0625,13.00,173.8,3.32,0.12,1.10,0.1269,0.1900
1778859141.738,0.2800,0.0625,13.00,173.8,3.31,1.34,0.94,0.1223,0.1900
1778859141.805,0.2773,0.0625,13.00,173.8,1.36,0.71,0.97,0.1303,0.1900
1778859141.870,0.2738,0.0625,13.00,173.8,0.78,0.75,1.24,0.1346,0.1900
1778859141.936,0.2717,0.0625,13.00,173.8,2.93,0.39,1.71,0.1400,0.1900
1778859142.001,0.2720,0.0625,13.00,173.8,3.89,3.88,1.58,0.1398,0.1900
1778859142.071,0.2755,0.0625,13.00,173.8,6.02,4.31,1.48,0.1393,0.1900
1778859142.137,0.2833,0.0625,13.00,173.8,6.76,3.53,1.69,0.1307,0.1900
1778859142.205,0.2914,0.0625,13.00,173.8,6.53,3.71,1.80,0.1262,0.1900
1778859142.266,0.2932,0.0625,13.00,173.8,5.70,5.31,1.74,0.1299,0.1900
1778859142.333,0.2938,0.0625,13.00,173.8,4.02,6.81,1.30,0.1493,0.1900
1778859142.403,0.2998,0.0625,13.00,173.8,3.23,8.66,0.53,0.2708,0.1900
1778859142.471,0.2973,0.0625,13.00,173.8,2.15,11.48,-0.31,0.3241,0.1900
1778859142.539,0.2825,0.0625,13.00,173.8,0.76,12.23,-1.06,0.3279,0.1900
1778859142.603,0.2685,0.0625,13.00,173.8,-0.99,12.00,-2.15,0.3709,0.1900
1778859142.666,0.2635,0.0625,13.00,173.8,-1.33,9.55,-2.12,0.3575,0.1900
1778859142.699,0.2626,0.0623,13.00,173.8,-0.97,6.08,-1.64,0.3332,0.1900
1778859142.731,0.2517,0.0623,13.00,173.8,-0.63,2.68,-1.05,0.3107,0.1900
1778859142.766,0.2469,0.0652,13.00,173.8,0.01,2.55,-1.05,0.3093,0.1900
1778859142.797,0.2443,0.0683,13.00,173.8,0.61,4.36,-1.50,0.3017,0.1900
1778859142.836,0.2449,0.0712,13.00,173.8,1.38,4.06,-1.46,0.2595,0.1900
1778859142.903,0.2477,0.0743,13.00,173.8,3.02,5.69,-1.39,0.1609,0.1900
1778859142.971,0.2468,0.0774,13.00,173.8,4.39,7.69,-1.56,0.1248,0.1900
1778859143.036,0.2434,0.0805,13.00,173.8,5.56,10.26,-1.93,0.1095,0.1900
1778859143.105,0.2447,0.0836,13.00,173.8,5.40,9.50,-1.67,0.1112,0.1900
1778859143.170,0.2383,0.0867,13.00,173.8,3.79,8.74,-1.36,0.1205,0.1900
1778859143.240,0.2482,0.0898,13.00,173.8,4.25,9.52,-1.47,0.1088,0.1900
1778859143.303,0.2363,0.0929,13.00,173.8,3.60,11.63,-1.66,0.1063,0.1900
1778859143.373,0.2270,0.0960,13.00,173.8,3.47,12.65,-2.05,0.1120,0.1900
1778859143.439,0.2337,0.0991,13.00,173.8,3.34,12.33,-2.42,0.1110,0.1900
